"Titre","Démarrage"
"1:54","21 207"
"2 doigts sur la gâchette","67 951"
"2 garçons une fille trois possibilités","94 598"
"2 Days In New York","144 635"
"2 Days in Paris","56 415"
"Les 2 Alfred","118 883"
"East Side Story","-"
"Gansta cop","-"
"I Am Because We Are","4 358"
"Gangsters, sexe et karaoké","3 990"
"M","13 015"
"R.I.F.","126 589"
"U","42 904"
"Wallace et Gromit: Le Mystère du lapin-garou","452 343"
"Y a-t-il enfin un pilote dans l'avion ?","-"
"You People","N/A"
"Zorro","-"
"Zorro et les Trois Mousquetaires","-"
"Zorba le grec","-"
"Zora la rousse","N/A"
"13m2","10 168"
"Le 13ème guerrier","496 127"
"Les Damnés","-"
"Gary & Linda","61 218"
"Gawin","-"
"Jalouse","315 948"
"Les Gauloises bleues","-"
"Lamiel","-"
"Ma super ex","214 804"
"Palmetto","N/A"
"Ravage","N/A"
"Un conte peut en cacher un autre","16 402"
"Whisper : Libres comme le vent","N/A"
"Yves","38 552"
"Yves Saint Laurent","554 846"
"Zulu (2013)","137 545"
"Zoulou","-"
"Les Zozos","-"
"Zorro le vengeur masqué","-"
"Zorro le Vengeur","-"
"38 témoins","104 634"
"37 : l'ombre et la proie","22 704"
"37°2 le matin","-"
"David et Bethsabée","-"
"Gentille","47 008"
"Gente de Bien","20 140"
"Les gens qui s'aiment","-"
"Je pleure mon amour","-"
"Je pense à vous","40 152"
"Madame Bovary","-"
"Maestro","60 516"
"Red Rock West","22 878"
"Red Notice","N/A"
"Red Corner","118 441"
"Un cœur gros comme ça","-"
"White Bird","26 905"
"Un été en Louisiane","-"
"Wish - Asha et la bonne étoile","628 897"
"Wise Girls","N/A"
"Winx Club: Le Secret du royaume perdu","136 298"
"Winx Club, l'aventure magique 3D","24 036"
"Winter's Bone","35 752"
"Winter Sleep","80 567"
"Winter People","N/A"
"747 en péril","-"
"666 La Malédiction","181 888"
"600Kg d'or pur","104 153"
"Gimme Shelter","48"
"Gimme Danger","24 130"
"Gilbert Grape","23 856"
"Gigolo malgré lui","890"
"Jean de Florette","-"
"Je voyage seule","10 295"
"Maigret","260 011"
"Le Magot de Josefa","-"
"Le Mahabharata","-"
"Les Mains en l'air","49 111"
"Les Mains dans les poches","-"
"Un été fou fou fou","N/A"
"Mains armées","184 765"
"Un homme est passé","-"
"Un homme est mort","-"
"Wonder Boys","73 817"
"Wyatt Earp","148 131"
"Wùlu","6 512"
"WW Dixie","-"
"Wu Ji, la légende des cavaliers du vent","139 913"
"Wrong Cops","24 849"
"Wrong","20 594"
"1001 pattes","654 270"
"Woyzeck","-"
"7500","N/A"
"2046","149 026"
"2019, après la chute de New York","-"
"Le Décameron","-"
"Déesses indiennes en colère","13 491"
"Deepwater","174 284"
"Deep Sea - Dansons sous la mer","3 286"
"Jean de La Fontaine","83 188"
"Le Jeu de la vérité","39 743"
"Le Jeu de la reine","106 872"
"Le Jeu de la mort","-"
"Jeu de cons","2 116"
"Jeu dangereux","-"
"Le Maître de forges","-"
"Le Maître de Don Juan","-"
"Le Maître d'école","-"
"Le Maître d'armes","97 616"
"Un mariage de princesse","29 219"
"Un mari, c'est un mari","-"
"Un mariage","-"
"Un mari idéal","66 094"
"Un mari de trop","128 326"
"Un long week-end","N/A"
"Un lit pour quatre","N/A"
"Un long dimanche de fiançailles","1 618 337"
"Un lion en hiver","-"
"Un linceul n'a pas de poches","-"
"Un justicier dans la ville 2","-"
"Un justicier dans la ville","-"
"Un jour, peut-être","50 836"
"Un jour, la fête","-"
"Defending Your Life","N/A"
"Les Démerdards","-"
"Le Déménagement","123 769"
"Demande à la poussière","2 396"
"Demandez la permission aux enfants!","164 631"
"Demain tout commence","626 789"
"Joe (2014)","92 741"
"Jobs","141 241"
"Jo la Romance","-"
"Jo","-"
"Maléfique (2014)","627 607"
"Maléfique","49 182"
"La Malédiction IV","-"
"La Malédiction des pharaons","-"
"La Malédiction finale","N/A"
"Un petit air de famille","4 909"
"Un père en cavale","N/A"
"Un pays qui se tient sage","41 487"
"Un parfum de meurtre","N/A"
"Un Parfait Inconnu","308 895"
"Un parcours de légende","N/A"
"Un Paradis d'enfer","N/A"
"Un papillon sur l'épaule","-"
"Un papa hors pair","N/A"
"Un Paese di Calabria","3 007"
"Un oursin dans la poche","-"
"Un ours dans le Jura","452 342"
"Un nuage entre les dents","-"
"Un nouveau russe","31 131"
"Le Dernier des Juifs","64 165"
"Le Dernier de la liste","-"
"Le Dernier des géants","-"
"Joe contre le volcan","-"
"Le Dernier coup de marteau","50 952"
"Jouer avec le feu","175 667"
"Le Jouet","-"
"Mama","169 236"
"Mam'zelle Nitouche","-"
"Manderlay","18 691"
"Mandela : Un long chemin vers la liberté","109 441"
"La Mandarine","-"
"Manchester by the Sea","108 185"
"Man Trouble","-"
"Un taxi mauve","-"
"Un talent en or massif","57 763"
"Un stupéfiant Noël","N/A"
"Un soupçon de vison","-"
"Un singe en hiver","-"
"Un soir un train","-"
"Un silence","90 037"
"Un silencieux au bout du canon","-"
"Un si joli village","-"
"Un shériff à New York","-"
"Un seul deviendra invincible","75 669"
"Un secret","458 730"
"Un seul amour","-"
"Un sacré bordel !","-"
"Le Dernier des Mohicans","-"
"Le dernier voyage de Tanya","17 127"
"Le Dernier voyage","56 887"
"Le Dernier vol de l'Arche de Noé","N/A"
"Le Dernier vol","147 699"
"Le Dernier Vice-Roi des Indes","56 685"
"Journal intime","-"
"Journal d’une femme de chambre (1964)","-"
"Journal d’une femme de chambre","140 593"
"Le Journal du séducteur","-"
"Marcel, le Coquillage (avec ses chaussures)","7 514"
"Marcel le Père Noël et le petit livreur de pizzas","3 072"
"Les Maraudeurs attaquent","-"
"Marathon Man","-"
"Marathon","1 125"
"Une affaire de détails","N/A"
"Une affaire de cœur","51 870"
"Une affaire d'honneur","104 853"
"Une affaire d'Etat","103 515"
"Une affaire d'hommes","-"
"Underworld: Blood Wars","169 417"
"Underworld 3 : le soulèvement des Lycans","218 290"
"Underworld : nouvelle ère","270 145"
"Underworld 2: Evolution","288 752"
"Underworld","311 831"
"Underwater","169 125"
"Underground","110 060"
"Undercover - Une histoire vraie","59 772"
"Under the Silver Lake","78 781"
"Under the Skin","48 368"
"Les Derniers jours du monde","71 726"
"Des filles encore des filles","-"
"Des femmes disparaissent","-"
"Des étoiles plein les yeux","2 140"
"Des ennuis à la pelle","-"
"Des enfants gâtés","-"
"Julie (en 12 chapitres)","67 515"
"Julia et Julia","N/A"
"Julia (2008)","52 505"
"Le Mariage de minuit","-"
"Le Mariage de Maria Braun","-"
"Le Mariage de Mademoiselle Beulemans","-"
"Le Mariage de Betsy","N/A"
"Mariage chez les Bodin's","17 923"
"L'Une et l'autre","-"
"Une Estonienne à Paris","20 502"
"Une équipe hors du commun","-"
"Une équipe de rêve","17 490"
"Une équipe aux anges","N/A"
"Une équipe aux anges (1951)","N/A"
"Une époque formidable","-"
"Une employée modèle","23 050"
"Une Enfance","12 916"
"Une défense canon","-"
"Une éducation","58 393"
"L'Une chante, l'autre pas","-"
"Une comédie romantique","10 352"
"Désobéissance","49 119"
"Désirs humains","-"
"Une chanson pour ma mère","91 129"
"Desirée","-"
"Une Corde, un colt","-"
"Désiré","-"
"Julie et Julia","129 467"
"La Désintégration","20 956"
"Une créature de rêve","-"
"Just a gigolo","133 641"
"Jusqu'ici tout va bien","280 808"
"Les Marmottes","233 971"
"Marmaille","11 789"
"Marmaduke","83 696"
"Marlowe","54 242"
"Marley & Moi","357 977"
"Marley","26 270"
"Une heure de tranquillité","538 215"
"Une guitare à la mer","22 070"
"Une Grande fille","30 666"
"Une folle envie","54 270"
"Une grande année","116 038"
"Une fille unique","-"
"Une fille qui a du chien","N/A"
"Une Fille pour l'été","-"
"Une fille nommée Lolly Madonna","-"
"Une fille facile","45 097"
"Une fille et des fusils","-"
"Une fille de la province","-"
"Une fille cousue de fil blanc","-"
"Une fiancée pour deux","N/A"
"Une Fiancée Pas Comme Les Autres","6 158"
"Désordre","-"
"Une Femme très, très, très amoureuse","35 127"
"Une femme sous influence","-"
"Detroit","106 423"
"Détour mortel","64 797"
"Le Détonateur","61 008"
"J’y crois encore","N/A"
"J’irai mourir dans les Carpates","50 838"
"Justinien ou le Bâtard de Dieu","122 882"
"Juwanna Mann","-"
"Massacre à la tronçonneuse (2004)","139 536"
"Le Massacre à la tronçonneuse","-"
"Masques","-"
"Masquerade","N/A"
"Le Masque de Zorro","844 801"
"Une petite zone de turbulences","256 377"
"Une pause… quatre soupirs","-"
"Une partie de plaisir","-"
"Une part manquante","35 817"
"Une part d'ombre","12 048"
"Une parisienne","-"
"Une ode américaine","N/A"
"Une nuit en enfer","368 172"
"Une nuit au Roxbury","-"
"Une nuit au zoo","80 024"
"Une nuit au Louvre: Léonard de Vinci","26 367"
"Une nuit à New York","27 883"
"Une nuit à l'assemblée nationale","-"
"Une nuit (2023)","58 679"
"Une nuit","137 982"
"Une nouvelle vie","-"
"Une nouvelle chance","134 985"
"Détrompez-vous","138 309"
"Une nouvelle amie","274 414"
"Le Deuxième souffle (1966)","-"
"Le Deuxième souffle","260 479"
"La Deuxième étoile","161 366"
"Deuxième chance à Brooklyn","N/A"
"Le Deuxième acte","242 657"
"Deux yeux maléfiques","-"
"Maverick","375 899"
"Les Mauvaises rencontres","-"
"Les Mauvaises herbes","12 055"
"Mauvaises herbes","201 117"
"Une seconde femme","18 407"
"Une sale affaire","-"
"Une saison en France","15 380"
"Une vie secrète","-"
"Une vie rêvée","20 452"
"Une vie moins ordinaire","100 271"
"Une vie meilleure","249 464"
"Une vie inachevée","168 939"
"Une vie entre deux Océans","49 226"
"Une vie de chat","100 469"
"Une vie cachée","63 422"
"Une vie ailleurs","20 654"
"Une vie à t'attendre","439 255"
"Une vie à deux","161 639"
"Une vie (2024)","456 390"
"Une vie","-"
"Une vie (2016)","47 558"
"Une Veuve en or","-"
"Une vérité qui dérange","106 349"
"Une Valse dans les allées","17 820"
"Le Dictateur","-"
"Dickie Roberts: Ex-enfant star","-"
"Dick Tracy","-"
"Días contados","-"
"Dick - Les coulisses de la présidence","158"
"Max","10 648"
"Diary of the Dead - Chronique des morts vivants","82 767"
"Le Médecin imaginaire","72 100"
"Le Médecin de Stalingrad","-"
"Médecin de nuit","41 933"
"Le Médecin de famille","17 185"
"Le Médaillon","80 685"
"Médecin de campagne","521 744"
"Uzak","33 742"
"Utopia","1 396"
"Utama : La Terre Oubliée","8 948"
"Usurpation","N/A"
"Usurpateur","N/A"
"Usual suspects","132 068"
"USS Greyhound - La bataille de l'Atlantique","N/A"
"USS Alabama","268 231"
"Us","285 741"
"Ursus gladiateur rebelle","-"
"Ursule et Grelu","-"
"Uri: The Surgical Strike","N/A"
"Urgence","-"
"Urga","-"
"Urban Legend 2:coup de grâce","237 707"
"Urban Cowboy","-"
"Urban Legend","240 150"
"Didier","617 354"
"Uranus","-"
"Dirty papy","126 264"
"Dirty Dancing 2","8 989"
"Dirty Dancing","-"
"Le Direktor","25 492"
"Les Diplômés du dernier rang","-"
"Diplomatie","134 113"
"La Mémoire courte","-"
"Memento","73 805"
"Même les souris vont au paradis","22 867"
"Même les mômes ont du vague à l'âme","-"
"Même la pluie","49 237"
"Même heure l'année prochaine","-"
"Melvin et Howard","N/A"
"Mélodie pour un tueur","-"
"Mélodie pour un meurtre","-"
"Mélodie en sous-sol","-"
"Mélodie du sud","-"
"La Mélodie du bonheur (1946)","N/A"
"La Mélodie du bonheur","-"
"La Mélodie","55 571"
"Mélo","-"
"Melissa P.","10 467"
"Melinda et Melinda","168 675"
"Melinda","-"
"Méli-mélo","N/A"
"La Mélancolie","21 158"
"Melancholia","116 437"
"Mekong Stories","11 231"
"Mektoub My Love : Canto Uno","55 792"
"Les Meilleurs amis du monde","218 206"
"Dix hivers à Venise","8 818"
"Divorces","100 651"
"Les Dix Commandements","-"
"Djam","30 200"
"Le Divorcement","-"
"Divorce Club","242 669"
"Mercato","142 675"
"La Mer à boire (1964)","-"
"La Mer au loin","12 484"
"La Mer à boire","81 783"
"Méprise multiple","-"
"Le Mépris","-"
"Mephisto","-"
"Le Menu","124 279"
"Les Menteurs","-"
"Menteur, menteur","845 332"
"Menteur (2022)","242 165"
"La Mentale","194 738"
"Mensonges d'Etat","453 376"
"Mensonges et trahisons et plus si affinités","251 378"
"Le Mensonge d'une mère","-"
"Mensonge","37 043"
"Mensch","41 253"
"Le Mendiant de minuit","-"
"La Ménagerie de verre","-"
"Menace toxique","N/A"
"Menace II Society","60 298"
"La Menace fantôme","2 257 203"
"Menace d'état","N/A"
"La Menace","-"
"La Menace (1961)","-"
"Men, Women & Children","21 894"
"Men's club","-"
"Men in Black: International","336 892"
"Domaine","2 657"
"Dom Hemingway","149"
"Mesrine : L'Ennemi public n°1","740 223"
"Mesrine","-"
"Mes voisins les Yamada","15 771"
"Mes vies de chien","40 700"
"Mes trésors","99 200"
"Mes stars et moi","192 057"
"Mes très chers enfants","198 247"
"Mes séances de lutte","5 068"
"Mes rendez-vous avec Leo","23 381"
"Mes quarante premières années","-"
"Mes provinciales","11 365"
"Mes petites amoureuses","-"
"Mes nuits sont plus belles que vos jours","-"
"Mes meilleurs copains","-"
"Mes meilleures amies","222 753"
"Mes jours de gloire","31 894"
"Mes funérailles à Berlin","-"
"Mes Héros","203 694"
"Mes frères et moi","45 784"
"Mes enfants ne sont pas comme les autres","31 283"
"Mes doubles, ma femme et moi","129 718"
"Mes deux hommes","N/A"
"Mes copines et moi","N/A"
"Mes copines","90 774"
"Mes chers voisins","29 062"
"Mes chers amis n°2","-"
"Mes chers amis","-"
"Mes autres vies de chien","256"
"Mes amis, mes amours","277 136"
"Le Domaine perdu","4 872"
"Double dragon","68 388"
"Le Mexicain","374 470"
"Les Meutes","15 089"
"La Meute","21 898"
"Le Meurtrier","-"
"Meurtrie","N/A"
"Meurtres en direct","-"
"Meurtres sans ordonnance","N/A"
"Meurtres en cascade","N/A"
"Meurtres à la St Valentin 3D","67 859"
"Meurtres à la saint Valentin","N/A"
"Meurtres à domicile","-"
"Meurtres ?","-"
"Meurtre pour un homme seul","N/A"
"Meurtre parfait","302 701"
"Meurtre mystérieux à Manhattan","213 674"
"Meurtre en suspens","261 958"
"Meurtre d'un bookmaker chinois","-"
"Meurtre au soleil","N/A"
"Meurtre à la Maison-Blanche","146 447"
"Meurtre à Hollywood","-"
"Meurte à Alcatraz","-"
"Meurs un autre jour","1 447 434"
"Mettons les voiles !","N/A"
"Métropolis","45 164"
"Metroland","-"
"Metro Manila","12 043"
"Métisse","20 493"
"Métier de fous","-"
"La Méthode zéro","7 584"
"La Méthode Williams","90 468"
"Dragon Ball  Super: Broly","400 105"
"Milagro","-"
"Mikado","N/A"
"Mika & Sebastian : l’aventure de la Poire Géante","38 632"
"Migrations","N/A"
"Migration","266 863"
"Mignonnes","36 415"
"Mighty Pups, La Super Patrouille","N/A"
"Les Miens","98 004"
"Miele","11 416"
"Miel","11 870"
"Midway (2019)","238 069"
"Midsommar","61 418"
"Midnight Sun","49 648"
"Midnight Special","132 693"
"Midnight Run","-"
"Midnight Meat Train","21 096"
"Midnight Express","-"
"Midi gare centrale","-"
"Microcosmos, le peuple de l'herbe","396 786"
"Microbe et Gasoil","42 712"
"Micmacs à tire-larigot","619 550"
"Micky + Maude","-"
"Mickey, les yeux bleus","174 734"
"Mickey, Donald, Pluto et Dingo en vacances","-"
"Mickey One","-"
"Mickey 17","413 052"
"Michou d'Auber","328 476"
"Michel-Ange","56 045"
"Michel Vaillant","460 777"
"Michel Strogoff (1956)","-"
"Milan noir","-"
"Mini Héros","1 305"
"Mineurs 27","6 612"
"Les Mines du roi Salomon","-"
"Minecraft, Le Film","-"
"Mine de rien","84 133"
"Mince alors!","365 886"
"Mince alors 2 !","45 542"
"Minari","22 413"
"Minamata","N/A"
"Mina Tannenbaum","88 804"
"Mimzy le messager du futur","54 107"
"Mimosas, la voie de l'Atlas","9 532"
"Mimic","152 877"
"Mimi métallo blessé dans son honneur","N/A"
"Mimi & Lisa, les lumières de Noël","5 897"
"Mimi & Lisa","5 178"
"Mima","-"
"Milwaukee, Minnesota","105"
"Milou en mai","-"
"Milo sur Mars","N/A"
"Millions","6 199"
"Millionnaires d'un jour","-"
"Million Dollar Baby","774 989"
"Millie","N/A"
"Milliardaire malgré lui","-"
"Le Milliardaire","-"
"Milli Vanilli","N/A"
"Les Miller, une famille en herbe","189 452"
"Les Milles","67 944"
"Miller's Girl","N/A"
"Miller's Crossing","-"
"Les Minions","2 180 461"
"Dumb and Dumberer:Quand Harry rencontra Llyod","80 386"
"Mishima","-"
"Misery","-"
"Miséricorde","80 068"
"Les Misérables du XXème siècle","243 164"
"Les Misérables (2019)","559 378"
"Les Misérables (2013)","127 909"
"Les Misérables (1982)","-"
"Les Misérables (1958)","-"
"Les Misérables","-"
"Mise à mort du cerf sacré","30 756"
"Mise à l'épreuve 2","30 388"
"Mise à l'épreuve","4 370"
"Mischka","47 481"
"Misanthrope","100 146"
"Mirrors","270 459"
"Le Miroir se brisa","-"
"Le Miroir aux espions","-"
"Le Miroir a deux faces","-"
"Miroir","-"
"Le Miroir","-"
"Mirka","256"
"Miral","22 348"
"Miraï, ma petite soeur","88 044"
"Mirage de la vie","-"
"Mirage","N/A"
"Miraculous - le film","660 421"
"Le Miraculé","-"
"Miracle sur la 8ème rue","N/A"
"Miracle sur la 34e rue","-"
"La Dynastie des Forsyte","-"
"Dynamite Jack","-"
"Les Durs à cuire","-"
"Missouri Breaks","-"
"Mississippi Express","-"
"Mississippi Masala","-"
"Mississippi Burning","-"
"Mississippi Blues","-"
"Le Missionnaire","130 285"
"Mission: Impossible – Dead Reckoning Partie 1","930 141"
"Mission: Impossible III","996 860"
"Mission: Impossible 2","1 610 166"
"Mission: Impossible - Protocole fantôme","827 046"
"Mission: Impossible","1 713 919"
"Mission: Impossible - Fallout","1 169 669"
"Mission Yéti","32 103"
"Mission to Mars","201 158"
"Mission spéciale","-"
"La Mission secrète du sous-marin X16","-"
"Mission régénération","2 642"
"Mission Pays Basque","74 976"
"Mission Mangal","599"
"Mission Impossible 5","1 233 768"
"Mission Impossible : Dead Reckoning, partie 2","N/A"
"Mission G","329 768"
"Mission évasion","84 139"
"La Mission du commandant Lex","-"
"Mission Alcatraz","74 810"
"Mission à Tanger","-"
"Mission : Noël Les aventures de la famille Noël","192 853"
"Mission 633","-"
"Mission 3D: Spy Kids 3","242 396"
"La Mission","N/A"
"Mission","-"
"Missing : Disparition inquiétante","53 919"
"Le Moine et le fusil","26 115"
"Le Moine et la sorcière","-"
"Le Moine","101 021"
"Moi, Van Gogh","3 459"
"Moi, toi et tous les autres","50 218"
"Moi, Tonya","71 074"
"Moi, Peter Sellers","17 424"
"Moi, Moche et Méchant 4","1 408 998"
"Moi, Moche et Méchant 3","1 756 100"
"Moi, moche et méchant 2","1 418 855"
"Moi, moche et méchant","620 662"
"Moi, fleur bleue","-"
"Moi, Michel G, Milliardaire, Maître du monde","53 138"
"Moi, député","67 259"
"Moi, capitaine","65 137"
"Moi, Daniel Blake","273 309"
"Moi y'en a vouloir des sous","-"
"Moi vouloir toi","-"
"Moi quand je me réincarne en Slime - Le film : Scarlet Bond","26 855"
"Moi Nathalie","N/A"
"Moi et les hommes de 40 ans","-"
"Moi Christiane F. 13 ans, droguée, prostituée","-"
"Moi César 10 ans 1/2 1m39","272 361"
"Moi & Toi","5 746"
"Le Mohican","52 070"
"Mohamed Dubois","185 004"
"Mogambo","-"
"Modigliani (1990)","-"
"Modigliani","24 674"
"Les Modernes","-"
"Modern Love","157 280"
"Moderato Cantabile","-"
"Mon Cousin","205 217"
"Mon cousin Vinny","-"
"Mon copain Buddy","1 384"
"Mon chien, ce héros!","871"
"Mon colonel","26 436"
"Mon chien Stupide","290 256"
"Mon cher petit village","-"
"Mon chien Skip","26 526"
"Mon chat et moi, la grande aventure de Rroû","45 873"
"Mon boss, sa fille et moi","-"
"Mon Bébé","361 898"
"Mon beau-père, mes parents et moi","751 304"
"Mon beau-père et nous","471 220"
"Mon beau-père et moi","618 811"
"Mon beau-frère a tué ma sœur","-"
"Mon beau légionnaire","-"
"Mon Babysitter","54 949"
"Mon année à New York","N/A"
"Mon ange","124 515"
"Mon Amie Victoria","23 428"
"Mon ami Sainfoin","-"
"Mon ami robot","22 624"
"Mon ami Machuca","23 772"
"Mon ami le petit manchot","17 604"
"Mon ami le traître","-"
"Mon ami Joe","180 954"
"Mon ami Joselito","-"
"Mon ami Dodger","-"
"Mon âme par toi guérie","45 678"
"Momo","328 156"
"Mommy","340 171"
"La Momie 3 : La Malédiction du dragon","695 628"
"Mon pote le gitan","-"
"Mon pote","103 987"
"Mon pire cauchemar","377 935"
"Mon petit Halloween","3 264"
"Mon petit doigt m'a dit…","375 878"
"Mon père, ma mère, mes frères et mes sœurs","136 966"
"Mon père et mon fils","N/A"
"Mon père et moi","25 767"
"Mon père est ingénieur","67 665"
"Mon père est femme de ménage","140 666"
"Mon père cet étranger","N/A"
"Mon père c'est moi","N/A"
"Mon père ce héros","-"
"Mon père (1990)","-"
"Mon père","34 869"
"Mon oncle d'Amérique","-"
"Mon Oncle Benjamin","-"
"Mon oncle","-"
"Mon nom est Tsotsi","125 972"
"Mon nom est personne","-"
"Mon ninja et moi","58 314"
"Mon nom est bulldozer","-"
"Mon meilleur ennemi","10 966"
"Mon Martien bien aimé","N/A"
"Mon meilleur ami","230 325"
"Mon mari est merveilleux","-"
"Mon maître d'école","42 367"
"Mon légionnaire","19 278"
"Mon Ket","139 186"
"Mon inconnue","209 564"
"Mon Inséparable","-"
"Mon idole","190 404"
"Monsieur Albert","-"
"Monsieur Aznavour","615 416"
"Monsieur (2018)","50 910"
"Monsieur","-"
"Le Monocle rit jaune","-"
"Le Monocle noir","-"
"Monnaie de singe","-"
"La Monnaie de leur pièce","44 578"
"Monkey Man","55 054"
"Monkeybone","N/A"
"Monique","206 031"
"Les Mongols","-"
"Mongol","128 802"
"Money Train","195 841"
"Money Monster","305 385"
"Money (2017)","20 862"
"Mondovino","51 408"
"Mondo Cane","-"
"Mondo Lux","N/A"
"Les Mondes de Ralph","318 656"
"Le Monde selon Garp","-"
"Le Monde secret des Emojis","258 815"
"Le Monde sans soleil","-"
"Le Monde perdu","1 992 899"
"Le Monde ne suffit pas","1 260 169"
"Le Monde lui appartient","-"
"Le Monde fantastique d’Oz","788 437"
"Le Monde est à toi","155 104"
"Le Monde du silence","-"
"Le Monde de Suzi Wong","-"
"Le Monde de Nemo","2 056 621"
"Monthy Python - Le Sens de la vie","-"
"Monte Walsh","-"
"Monte là-d'ssus","-"
"Montdragon","-"
"Montana","-"
"Montagne rouge","-"
"La Montagne entre nous","129 306"
"La Montagne ensorcelée (2009)","N/A"
"La Montagne ensorcelée","-"
"La Montagne de Baya","-"
"La Montagne","39 384"
"La Montage sacrée","-"
"Les Monstres de la mer","-"
"Monstres contre Aliens","314 696"
"Monstres Academy","587 446"
"Monstres & Cie","777 943"
"Le Monstre du train","-"
"Le Monstre du placard","N/A"
"Le Monstre","80 733"
"Monsters (2010)","45 565"
"Monster House","212 679"
"Monster Family","21 493"
"Monster Cars","59 952"
"Monster","148 510"
"Monsieur, le Maire","70 827"
"Monsieur Woodcock","1 775"
"Monsieur Vincent","-"
"Monsieur Verdoux","-"
"Monsieur Taxi","-"
"Monsieur St. Yves","-"
"Monthy Python - Sacré Graal!","-"
"Monsieur Schmidt","162 803"
"Mort sur le Nil","-"
"Mort sur le grill","-"
"Mort subite","175 545"
"Mort ou vif (1987)","N/A"
"Mort ou vif","388 852"
"La Mort n'était pas au rendez-vous","-"
"La Mort en ligne","63 990"
"La Mort en direct","-"
"La Mort en ce jardin","-"
"La Mort du chinois","39 470"
"La Mort de Staline","61 495"
"La Mort de Louis XIV","18 407"
"La Mort de Belle","-"
"La Mort dans la peau","479 680"
"Mort d'un pourri","-"
"Mort d'un commis voyageur","-"
"La Mort aux trousses","-"
"La Mort aux enchères","-"
"Mort à Venise","-"
"Les Morsures de l'aube","296 678"
"La Morsure du lézard","6 506"
"Morsures","N/A"
"Morse","12 455"
"Le Mors aux dents","-"
"Morning Glory","121 428"
"Morgane","57 059"
"Les Morfalous","-"
"More","-"
"Les Mordus","-"
"Mords-moi sans hésitation","124 317"
"Morceaux choisis","32 179"
"Morbius","403 848"
"La Moutarde me monte au nez","-"
"Le Moustachu","-"
"La Moustache","99 266"
"La Mousson","-"
"Mourir peut attendre","1 384 858"
"Mourir d'aimer","-"
"Mourir à trente ans","-"
"Moulin Rouge (1953)","-"
"Mourir à Madrid","-"
"Moulin Rouge","446 712"
"Le Mouchoir blanc","N/A"
"La Mouette et le chat","40 536"
"La Mouche noire","-"
"La Mouche 2","-"
"La Mouche","-"
"Les Mots retrouvés","13 470"
"Les Mots pour lui dire","N/A"
"Les Mots pour le dire","-"
"Mots d'amour","20 351"
"Les Mots bleus","57 534"
"Les Motos de la violence","N/A"
"Motorama","N/A"
"La Motocyclette","-"
"Mother/Android","N/A"
"Mother!","190 141"
"Mother Land","56 176"
"Mother (1997)","-"
"Mother & Child","46 080"
"Mother","23 745"
"Motel","53 122"
"Les Motards","-"
"Le Mot de la fin","-"
"Muriel","72 455"
"Murder Party","41 645"
"Murder Mystery 2","N/A"
"Murder Mystery","N/A"
"Le Mur qui nous sépare","-"
"Le Mur Invisible","4 469"
"Le Mur de l'Atlantique","-"
"Les Muppets, ça c'est du cinéma","-"
"Les Muppets dans l'espace","-"
"Les Muppets à Manhattan","N/A"
"Les Muppets à Londres","N/A"
"Les Municipaux, trop c'est trop !","119 328"
"Les Municipaux, ces héros","319 011"
"Munich","425 873"
"Mune Le gardien de la lune","128 279"
"Mumu","24 559"
"Mulholland Drive","185 438"
"La Mule","659 999"
"Mulan (2020)","N/A"
"Mulan","863 262"
"Mufasa: Le Roi Lion","1 215 616"
"Mud - Sur les rives du Mississippi","193 623"
"Much Loved","77 921"
"Mrs. Tingle","146 588"
"Mrs. Soffel","N/A"
"Mrs. Parker et le cercle vicieux","11 321"
"Mrs Winterbourne","-"
"Mr. Turner","106 655"
"Mr. Saturday Night","N/A"
"Mr. Quigley l'Australien","-"
"Mr. Peabody et Sherman: Les Voyages dans le temps","285 232"
"Mr. Ove","4 801"
"My One and Only","N/A"
"My Old Lady","47 718"
"My New Gun","-"
"My Name is Khan","16 556"
"My Name is Joe","106 068"
"My Name is Hallam Foe","20 788"
"My Movie Project","39 743"
"My Little Princess","36 621"
"My Little Pony : le film","104 809"
"My Little Girl","N/A"
"My Left Foot","-"
"My Lady","123 492"
"My Hero Academia: You’re Next","52 315"
"My Hero Academia: Two Heroes","N/A"
"My Hero Academia - World Heroes' Mission","129 395"
"My Hero Academia: Heroes Rising","N/A"
"My Girl","-"
"My dear f***ing prince","N/A"
"My Fellow Americans","N/A"
"My Father ce héros","109 075"
"My Family","N/A"
"My Fair Lady","-"
"My Cousin Rachel","37 943"
"My crazy life","-"
"My Blueberry Nights","150 199"
"My Blue Heaven","N/A"
"My Best Men","60 783"
"My Beautiful Laundrette","-"
"My Beautiful Boy","45 083"
"La Mutinerie","-"
"La Mutante 2","115 234"
"La Mutante","223 019"
"Möbius","506 674"
"Les Mythos","70 427"
"Le Mytho","126 302"
"Mystic River","310 512"
"Mystic Pizza","-"
"Mystery Train","-"
"Mystery Men","-"
"Mysterious Skin","13 722"
"Les Mystères de Paris","-"
"Mystères de Lisbonne","8 154"
"Les Mystères de l'Egypte","-"
"Les Mystères d'Angkor","-"
"Le Mystère Von Bülow","-"
"Le Mystère Silkwood","-"
"Le Mystère Saint-Val","-"
"Le Mystère Julian Po","N/A"
"Le Mystère Jérôme Bosch","17 497"
"Le Mystère Henri Pick","362 932"
"Le Mystère du triangle des Bermudes","N/A"
"Le Mystère du temple hindou","-"
"Le Mystère des pingouins","16 051"
"Le Mystère des fées: Une histoire vraie","7 268"
"Le Mystère de Tarzan","-"
"Le Mystère de la jonque rouge","-"
"Le Mystère de la chambre jaune","158 505"
"Le Mystère Andromède","-"
"Mystère à Venise","250 148"
"Mystère à Saint-Tropez","116 540"
"Myrtille et la lettre au Père Noël","10 926"
"My Week With Marilyn","102 244"
"Mystère","158 396"
"Mylène Farmer : Nevermore","201 982"
"My Sunshine","32 894"
"My Wonder Women","670"
"My Summer of Love","53 400"
"My Sweet Pepper Land","41 745"
"My Soul to Take","867"
"My Son","34 698"
"My Own Private Idaho","-"
"My Own Love Song","37 383"
"Mutafukaz","20 345"
"Mustang","81 059"
"Musique en tête","-"
"Musica cubana, la nouvelle génération","21 543"
"La Musique de mon coeur","-"
"Music Lovers","-"
"Music Box","-"
"Music of my life","34 517"
"Music","N/A"
"Mush-Mush et le petit monde de la forêt","2 525"
"Musée haut, musée bas","230 913"
"Le Musée des merveilles","57 606"
"La Muse","-"
"Musclor et She-Ra","N/A"
"Les Murs porteurs","7 389"
"Les Murs ont des oreilles","-"
"Murina","23 677"
"Muriel ou le temps d'un retour","-"
"Mr. Nobody","81 237"
"Mr. Mom","N/A"
"Mr. Magoo","N/A"
"Mr. Mike's Mondo Video","N/A"
"Mr. Jones","234 190"
"Mr. Holmes","30 242"
"Mr. Hobbs prend des vacances","-"
"Mr. Brooks","169 740"
"Mr. & Mrs. Smith","1 132 991"
"Mr. and Mrs. Bridge","-"
"MR-73","448 334"
"Mr Wolff 2","N/A"
"Mr Wolff","180 488"
"Mr Gaga, sur les pas d’Ohad Naharin","20 123"
"Mowgli: la légende de la jungle","N/A"
"Le Mouton enragé","-"
"Le Mouton à cinq pattes","-"
"Le Mouton","-"
"Mosquito Coast","-"
"Moscou à New York","-"
"Mortuary (2006)","42 109"
"Morts suspectes","-"
"Mortelle Saint-Valentin","312 115"
"Mortelle randonnée","-"
"Mortel Transfert","121 070"
"Mortal Kombat 2","145 512"
"Mortal Kombat","434 879"
"Mortal Engines","258 165"
"Mortadella","-"
"Mortadel et Filémon","N/A"
"Mort, où est ta victoire?","-"
"La Mort vous va si bien","-"
"Mort un dimanche de pluie","-"
"La Mort tragique de Leland Drum","-"
"Mort sur le Nil (2022)","336 133"
"La Mort suspendue","43 209"
"Moonlight et Valentino","28 293"
"Moonwalkers","13 439"
"Moon le panda","N/A"
"Moonrise Kingdom","212 003"
"Moonwalker","-"
"Moon 44","-"
"Moonage Daydream","26 837"
"Moonraker","-"
"Moonlight (2016)","111 341"
"Moonfall","207 212"
"Les Moomins sur la Riviera","4 402"
"Les Moomins attendent Noël","2 196"
"Moolaade","5 300"
"Mookie","163 208"
"La Montre, la croix et la manière","-"
"Montparnasse Pondichéry","109 830"
"Montparnasse 19","-"
"Monsieur Ripois","-"
"Monsieur Papa (2011)","225 420"
"Monsieur Papa","-"
"Monsieur Nounou","-"
"Monsieur Naphtali","40 172"
"Monsieur N.","116 340"
"Monsieur Link","39 446"
"Monsieur Leguignon lampiste","-"
"Monsieur le député","348 205"
"Monsieur Lazhar","61 180"
"Monsieur Klein","-"
"Monsieur Joe","-"
"Monsieur Je-sais-tout","186 907"
"Monsieur Ibrahim et les fleurs du Coran","103 438"
"Monsieur Hire","-"
"Monsieur Flynn","2 654"
"Monsieur Destinée","N/A"
"Monsieur Bout-de-Bois","11 089"
"Monsieur Batignole","422 335"
"Le Monde de Nathan","28 333"
"Le Monde de Narnia : Le lion, la sorcière blanche et l'armoire magique","1 813 554"
"Le Monde de Narnia : Chapitre 3 - L'Odyssée du Passeur d'aurore","706 165"
"Le Monde de Narnia : chapitre 2 - Prince Caspian","994 686"
"Le Monde de Marty","-"
"Le Monde de Charlie","33 137"
"Le Monde de Dory","1 003 479"
"Le Monde de Barney","12 134"
"Le Monde d'hier","43 740"
"Le Monde après nous","N/A"
"Le Monde (presque) perdu","14 456"
"Mona Lisa","-"
"Mon voisin Totoro","31 533"
"Mon voisin le tueur 2","31 580"
"Mon voisin le tueur","277 149"
"Mon Vieux","344"
"Mon roi","315 397"
"Mon premier amour","-"
"Mon poussin","186 948"
"Mon homme","176 298"
"Mon héroïne","59 453"
"Mon grand-père et moi","50 862"
"Mon gâteau préféré","46 165"
"Mon Garçon","150 450"
"Mon Führer","7 384"
"Mon futur moi","N/A"
"Mon frère est fils unique","44 271"
"Mon frère","52 865"
"Mon frangin du Sénégal","-"
"Mon fils à moi","21 790"
"Mon étoile solaire","N/A"
"Mon espion préféré","18 363"
"Mon dieu, comment je suis tombée si bas?","-"
"Mon fils","30 125"
"Mon curé chez les riches","-"
"Mon curé chez les nudistes","-"
"La Momie (2017)","474 305"
"Le Moment de vérité","-"
"La Momie","1 013 707"
"La Môme vert de gris","-"
"Mon Crime","427 391"
"La môme aux boutons","-"
"Le Môme","-"
"La Môme","1 573 648"
"Molly","250"
"Moll Flanders ou les mémoires d'une courtisane","7 065"
"Le Molière imaginaire","31 266"
"Molière (1978)","-"
"Molière","341 820"
"Moitié-Moitié","N/A"
"Moka","85 331"
"Les Moissons du printemps","-"
"Les Moissons du ciel","-"
"Les Moissons d'Irlande","N/A"
"Moineaux de Paris","-"
"Mod Squad","-"
"Moby Dick","-"
"Mobile Suit Gundam Seed Freedom","-"
"Mo'Money","50 871"
"Mo' Better Blues","-"
"Mobile Suit Gundam GQuuuuuuX -Beginning-","-"
"Mme Mills, une voisine si parfaite","138 575"
"Mistress America","18 595"
"Mister Showman","437"
"Mister Patman","N/A"
"Mister Majestyk","-"
"Mister Johnson","-"
"Mister G","145 538"
"Mister Frost","-"
"Mister Freedom","-"
"Mister Cool","98 490"
"Mister Cash","N/A"
"Mister Babadook","79 257"
"Missing (porté disparu)","-"
"Miss Sloane","60 650"
"Miss Shumway jette un sort","-"
"Miss Potter","49 104"
"Miss Révolution","N/A"
"Miss Pettigrew","20 474"
"Miss Peregrine et les enfants particuliers","754 984"
"Miss Mona","-"
"Miss Marx","-"
"Miss Missouri","-"
"Miss Mars","1 161"
"Miss Karate Kid","49 133"
"Miss Hokusai","19 196"
"Miss FBI: Divinement armée","61 867"
"Miss Détective","150 916"
"Miss Daisy et son chauffeur","-"
"Miss Bala","20 531"
"Miss","113 727"
"Les Durs","-"
"Dupont Lajoie","-"
"Duos sur canapé","-"
"Duplicity","309 753"
"Duos d'un jour","7 576"
"Duo à trois (2011)","N/A"
"Duo d'escrocs","114 482"
"Duo pour une soliste","-"
"Dunkerque (1958)","-"
"Dune : Deuxième Partie","1 383 999"
"Dunki","N/A"
"Dunston, panique au palace","65 689"
"Duo à trois","-"
"La Dune","8 847"
"Dune (2021)","1 030 687"
"Dunkerque","925 204"
"Dune","-"
"Dumplin'","N/A"
"Dumbo (2019)","550 574"
"Dumbo","-"
"Dumb Money","24 125"
"Miracle en Alaska","4 730"
"Miracle en Alabama","-"
"Le Miracle du Saint Inconnu","17 005"
"Le Miracle des loups","-"
"Le Miracle de Berne","N/A"
"Miracle à Santa Anna","265"
"Miquette et sa mère","-"
"Mio min Moi","N/A"
"Minute papillon","-"
"La Minute de vérité","-"
"Minuscule: Les Mandibules du Bout du Monde","257 867"
"Minuscule - La vallée des fourmis perdues","392 852"
"Minuit dans le jardin du bien et du mal","158 693"
"Minuit quai de Bercy","-"
"Minuit dans l'univers","N/A"
"Minuit à Paris","545 601"
"Le Ministère de la Sale Guerre","N/A"
"Minority Report","1 100 206"
"Les Minipouss, leur véritable histoire","N/A"
"Minions 2 : Il était une fois Gru","1 360 765"
"Dumb & Dumber De","147 054"
"Dumb & Dumber","164 756"
"Duellistes","-"
"Duelist","17 682"
"Duel dans le Pacifique","N/A"
"Duel dans la boue","-"
"Duel au soleil","-"
"Ducobu Président !","295 230"
"Duel","-"
"Ducobu passe au vert","231 183"
"Ducobu 3","399 199"
"Dubaï Flamingo","2 225"
"Du Vent dans mes mollets","196 686"
"Du venin dans les veines","27 428"
"Du vent dans les voiles","N/A"
"Du silence et des ombres","-"
"Du Sang et des larmes","127 476"
"Du sang dans le désert","-"
"Du rouge pour un truand","N/A"
"Du rififi chez les hommes","-"
"Du rififi chez les femmes","-"
"Du rififi à Paname","-"
"Du plomb dans la tête","98 210"
"Du mouron pour les petits oiseaux","-"
"Du mou dans la gâchette","-"
"Du miel plein la tête","13 224"
"Du Mali au Mississippi Collection The Blues","20 224"
"Du jour au lendemain","308 489"
"Du haut de la terrasse","-"
"Du Guesclin","-"
"Du grisbi pour Hong Kong","-"
"Du goudron et des plumes","28 358"
"Du grabuge chez les veuves","-"
"Drugstore Cowboy","N/A"
"Du bleu jusqu'en Amérique","-"
"Drunk","114 935"
"La Drôlesse","-"
"Les Drôles de poissons-chats","20 778"
"Drôles de petites bêtes","48 816"
"Drôles de papous","N/A"
"Drop Zone","83 742"
"Drôles de zébres","N/A"
"Drôles d'oiseaux!","-"
"Drôles d'oiseaux (2013)","106 754"
"Drôles de fantômes","N/A"
"Drôles d'oiseaux","5 603"
"Drôles d'espions","-"
"Drôle de séducteur","N/A"
"Drôle de samedi","-"
"Millennium Mambo","39 475"
"Millenium Les hommes qui n’aimaient pas les femmes","477 509"
"Millenium, le film","444 618"
"Millenium : Ce qui ne me tue pas","96 163"
"Millenium 3 - La Reine dans le palais des courants d'air","68 261"
"Millenium 2 - La Fille qui rêvait d'un bidon d'essence et d'une allumette","115 493"
"Le Mille pattes fait des claquettes","-"
"Mille Mots","2 300"
"Mille millièmes, fantaisie immobilière","62 086"
"Mille milliards de dollars","-"
"Mille et une perversions de Felicia","-"
"Les mille et une nuits - L'Inquiet","14 199"
"Les Mille et une nuits (1946)","-"
"Mille bornes","-"
"Les Mille et une nuits","-"
"Milla","12 867"
"MILF","72 330"
"Milena","N/A"
"Drôle de pères","N/A"
"Le Drôle de Noël de Scrooge","499 094"
"Drôle de grenier !","4 001"
"Drôle de frimousse","-"
"Drôle de Félix","34 068"
"Drôle de dimanche","-"
"Drôle de couple","N/A"
"Drôle d'endroit pour une rencontre","-"
"Drôle d'embrouille","-"
"Le Droit du plus fort","-"
"Le Droit de tuer","-"
"Le Droit de tuer?","116 014"
"Droit de passage","61 279"
"Droit dans le mur","-"
"Le Droit de l'enfant","-"
"Le Droit d'aimer","-"
"Driver","-"
"Droit au cœur","12 514"
"Driven","197 779"
"Drive-Away Dolls","36 478"
"Drive my car","48 971"
"Drive","467 609"
"Dressé pour tuer","-"
"Drillbit Taylor : garde du corps","451"
"Dreamscape","N/A"
"Dreams of Glass","N/A"
"Dreams","54 087"
"Dreaming of Julia (Cuba Libre)","N/A"
"Dreamcatcher, l'attrape-rêves","270 171"
"Dreamgirls","216 381"
"La Dream Team","137 639"
"Dream Scenario","39 227"
"Dream House","152 900"
"Dream Horse","7 368"
"Le Drapeau noir flotte sur la marmite","-"
"Dragons 3D: Mythes ou réalité","2 302"
"Les Dragueurs","-"
"Dragons 3 : Le monde caché","1 224 811"
"Dragons 2","1 340 940"
"Dragons","N/A"
"Drame de la jalousie","-"
"Dragons 3D","674 114"
"Dragonball Evolution","176 764"
"Dragon, l'histoire de Bruce Lee","255 810"
"Dragon rouge","590 869"
"Le Dragon du lac de feu","N/A"
"Le Dragon des mers - la dernière légende","161 685"
"Dragon Ball Z II","57 885"
"Dragon Ball Z","213 700"
"Dragon Ball Super: Super Hero","218 070"
"Michel Strogoff","-"
"Michel Petrucciani","11 494"
"Michel Sardou - Le concert au cinéma","68 498"
"Michael Kohlhaas","55 160"
"Michael Kael contre la World News Company","146 097"
"Michael Haneke : Profession réalisateur","1 451"
"Michael Collins","-"
"Michael Clayton","254 575"
"Michaël","103 348"
"Miami vice - Deux flics à Miami","730 466"
"Miami Rhapsodie","N/A"
"Miami Blues","-"
"Mia Madre","158 994"
"Mia et moi, L’Héroïne de Centopia","42 006"
"Mia et le Migou","127 474"
"Mia et le lion blanc","573 356"
"Mi-temps au mitard","2 095"
"Mi$e à prix","60 246"
"Mexico 86","N/A"
"Mi fugue mi raisin","-"
"Dragnet","-"
"Dragées au poivre","-"
"Dracula, mort et heureux de l'être","148 554"
"Dracula Untold","313 301"
"Dracula père et fils","-"
"Dracula et les femmes","-"
"Dracula 2001","105 868"
"Dracula (1979)","-"
"Dracula","942 988"
"Dr. Kinsey","57 718"
"Dr. Rictus","-"
"Dr. Dolittle 2","220 499"
"Dr. Dolittle","345 146"
"Downton Abbey II : Une nouvelle ère","181 353"
"Downsizing","273 979"
"Downton Abbey","273 446"
"Down in the Valley","6 861"
"Down by Law","-"
"Les Douze salopards","-"
"Douze travaux d'Astérix","-"
"Douze hommes en colère","-"
"Doux, dur, dingue","-"
"Doux Oiseau de jeunesse","-"
"Le Doux amour des hommes","2 649"
"Doute","73 265"
"Dounia et la princesse d’Alep","15 477"
"Douma et ses amis","N/A"
"Le Doulos","-"
"Douleur de la mer","N/A"
"La Douleur","109 144"
"Douleur et gloire","237 771"
"Douches froides","55 485"
"Doug, le film","-"
"Le Doudou","138 907"
"Douce France","-"
"Doucement les basses","-"
"Dough","13 532"
"La Doublure","1 164 333"
"Doubles Vies","82 730"
"La Douceur de vivre","-"
"Double zéro","657 839"
"Double vue","-"
"La Double vie de Véronique","-"
"Double Trahison","N/A"
"Double Team","185 190"
"Double messieurs","-"
"Double jeu","311 398"
"Double Impact","-"
"Double foyer","3 551"
"Météore","-"
"Métamorphoses","17 819"
"Metallica Through the Never","23 085"
"La Métamorphose des cloportes","-"
"Métal hurlant","-"
"Mesures exceptionnelles","52 376"
"Mesures d'urgence","-"
"Messieurs les ronds de cuir","-"
"Messieurs les enfants","-"
"Le Messie sauvage","-"
"Le Messie","-"
"La Messe est finie","-"
"Messaline impératrice et putain","-"
"Messaline","-"
"Les Messagers","53 396"
"Messagères de guerre","N/A"
"Le Messager de la mort","-"
"Le Messager","-"
"Message from the King","29 046"
"Mesrine : L'Instinct de mort","769 242"
"Double détente","-"
"Le Double de ma moitié","-"
"Les Dossiers secrets du Vatican","75 080"
"Le Dossier Mona Lina","13 120"
"Le Dossier Maldoror","43 691"
"Le Dossier 51","-"
"Le Dos au mur","-"
"Dos au mur","156 939"
"Dortoir des grandes","-"
"Dorothy","66 070"
"Dormez, je le veux","-"
"Dora et la Cité perdue","245 156"
"Dope","24 466"
"Les Doors","-"
"Doomsday","89 421"
"Doom","114 289"
"Doo Wop","1 311"
"Don’t Worry, He Won’t Get Far On Foot","19 329"
"Don’t Look Up: Déni cosmique","N/A"
"Donnie Darko","43 889"
"Donnie Brasco","269 267"
"Donne-moi ta main","9 321"
"Donne-moi des ailes","313 479"
"Donjons et dragons","321 418"
"Donnant, Donnant","225 847"
"Donjons & dragons: la puissance suprême","61 213"
"Donjons & Dragons : L'Honneur des voleurs","420 168"
"Dona Flor et ses deux maris","-"
"Don't Worry Darling","151 272"
"Don't Come Knocking","61 255"
"Don't Breathe 2","58 266"
"Don't Breathe - La Maison des ténèbres","124 734"
"Don Juan (1973)","-"
"Don Juan","62 249"
"Don Juan (1956)","-"
"Don Jon","165 325"
"Don Giovanni","-"
"Le Don du roi","-"
"Don Juan DeMarco","92 364"
"Don Juan (2022)","8 500"
"Le Don d'Adèle","-"
"Don Camillo Monseigneur","-"
"Don Camillo et les contestataires","-"
"Don Camillo en Russie","-"
"Don Camillo","-"
"Dommage collatéral","166 874"
"Domino","119 522"
"Domicile conjugal","-"
"Mes amis","-"
"Le Merveilleux magasin de Mr Magorium","50 355"
"Le Merveilleux Jardin Secret de Bella Brown","N/A"
"Les Merveilleux contes de la neige","3 970"
"La Merveilleuse odyssée de l'idiot toboggan","-"
"Merveilleuse Angélique","-"
"Merveilles à Montfermeil","6 460"
"Les Merveilles","55 667"
"Merlin l'enchanteur","-"
"Mères et filles","94 075"
"Mère incontrôlable à la fac","N/A"
"Mère et fils","17 303"
"La Mère Christain","-"
"La Merditude des choses","35 906"
"Mercredi folle journée!","140 216"
"Merci pour le chocolat","275 423"
"Merci la vie","-"
"Merci patron!","48 391"
"Merci d'avoir été ma femme","-"
"Le Mercenaire de minuit","-"
"Mercenaire","15 229"
"Dolores Claiborne","45 293"
"Dolls","52 487"
"Dollars","-"
"Dolemite Is My Name","N/A"
"Les Doigts dans la tête","-"
"Dolce farniente","-"
"Les Doigts croisés","-"
"Dogville","122 090"
"Dogora - Ouvrons les yeux","22 832"
"DogMan (2023)","139 989"
"Dogman","50 241"
"Dogma","96 736"
"Doggy bag","-"
"Dog soldiers","39 827"
"Dog Pound","82 872"
"Dog Man","N/A"
"Dog","N/A"
"Dofus - Livre 1: Julith","39 367"
"Dodgeball, même pas mal!","171 577"
"Doctor Strange in the Multiverse of Madness","1 438 287"
"Doctor Strange","1 001 793"
"Doctor Sleep","147 991"
"Doctor Detroit","N/A"
"Docteurs in love","-"
"Docteur Popaul","-"
"Docteur Petiot","-"
"Docteur T. & les femmes","180 321"
"Docteur Laennec","-"
"Docteur Justice","-"
"Docteur Patch","233 396"
"Docteur Norman Bethune","-"
"Docteur Jivago","-"
"Docteur M","-"
"Docteur Jerry et Mister Love","-"
"Docteur Frankenstein","106 131"
"Docteur Jekyll et Mister Hyde","-"
"Docteur Françoise Gailland","-"
"Docteur Folamour","-"
"Docteur ?","222 382"
"Le Docteur","N/A"
"Doc Hollywood","-"
"Dobermann","233 192"
"DOA Mort à l'arrivée","-"
"Do the Right Thing","-"
"Do Not Disturb","76 708"
"Django Unchained","1 128 810"
"Django (1966)","-"
"Django","185 696"
"Men in Black II","2 141 755"
"Men in Black 3","802 879"
"Men In Black","1 629 217"
"Men","37 421"
"Men at Work","-"
"Memphis Belle","-"
"Memory","58 633"
"Memories of Murder","29 065"
"Memories","-"
"Memoria","15 085"
"Mémoires suspectes","-"
"Mémoires d’un escargot","37 477"
"Mémoires de nos pères","272 149"
"Mémoires du Texas","N/A"
"Mémoires de jeunesse","29 139"
"Mémoires de Brighton Beach","N/A"
"Mémoires d'une geisha","266 385"
"Mémoires d'un jeune con","-"
"Les Mémoires d'un assassin international","N/A"
"Mémoire effacée","144 152"
"La Mémoire du tueur","32 629"
"La Mémoire dans la peau","391 761"
"Divorce à l'italienne","-"
"Divorce à Hollywood","-"
"Le Divorce","31 079"
"Les Divins secrets","17 530"
"Divines","106 156"
"La Divine poursuite","-"
"Divine mais dangereuse","92 944"
"Divertimento","80 541"
"Divin enfant","36 969"
"Diversion","371 490"
"Divergente 3 : au-delà du mur","787 050"
"Divergente 2 : l’insurrection","1 172 398"
"Divergente","475 291"
"Le Divan de Staline","23 154"
"Diva","-"
"Dites... 33","-"
"Dites-lui que je l'aime","-"
"Disturbing the Peace","N/A"
"District 9","473 873"
"Le Distrait","-"
"Les Distractions","-"
"Distant Voices Still Lives","-"
"Disparue en hiver","29 265"
"La Disparue de Deauville","104 753"
"Disparue","31 901"
"Disparitions","10 917"
"La Disparition d'Alice Creed","24 564"
"La Disparue","28 406"
"Disons, un soir à dîner","-"
"Les Disparues","71 975"
"Disjoncté","120 866"
"Dishoom","N/A"
"Disgrace","14 872"
"La Discrète","-"
"Le Discours d'un roi","494 161"
"Le Discours","121 740"
"Discount","100 896"
"Disco Boy","15 437"
"Disco","1 150 993"
"Dis-moi que tu m'aimes","-"
"Dis-moi oui","162 869"
"Dis-moi juste que tu m'aimes","211 957"
"Dis bonjour à la dame","-"
"Dirty Pretty Things - Loin de chez eux","104 553"
"Les Meilleurs amis","-"
"Les Meilleures intentions","-"
"Meilleures ennemies","144 059"
"La Meilleure façon de marcher","-"
"Le Meilleur reste à venir","316 885"
"Meilleur Espoir féminin","310 468"
"Le meilleur des mondes possibles !","-"
"Le Meilleur de la vie","N/A"
"Le Meilleur","-"
"La Mégère apprivoisée","-"
"Megamind 3D","375 221"
"Megalopolis","136 309"
"Megaforce","N/A"
"Méfiez-vous des blondes","-"
"Méfiez-vous mesdames...","-"
"Méfiez vous fillettes","-"
"Les Méduses","-"
"Le Médium","804"
"Mediterraneo","-"
"Medieval pie - Territoires vierges","22 406"
"Medicine Man","-"
"Medianeras","14 163"
"Media Crash - qui a tué le débat public ?","7 534"
"Medellin","N/A"
"Médée Miracle","1 053"
"Médée","-"
"Dior et moi","2 437"
"Dinosaure","1 250 646"
"Dinosaures 3D","1 957"
"Dingo et Max","190 760"
"Dingo et Donald aux jeux olympiques","-"
"Le Dîner de cons","1 157 996"
"Dingo et Donald au Far West","-"
"Dîner à l'anglaise","25 340"
"Diner","-"
"Le Dîner","-"
"Le Dindon (2019)","151 796"
"Le Dindon","-"
"Dina","18 146"
"Les Dimanches de Ville d'Avray","-"
"Le Dimanche de préférence","-"
"Le Dimanche de la vie","-"
"Dillinger est mort","-"
"Dillinger","-"
"Dilili à Paris","134 356"
"La Dilletante","62 855"
"Le Dilemne","6 450"
"Dikkenek","100 169"
"Digimon","35 335"
"Difret","20 169"
"La Différence, c'est que c'est pas pareil","5 973"
"La Différence","-"
"Les Dieux sont tombés sur la tête II","-"
"Les Dieux sont tombés sur la tête","-"
"Dieu vomit les tièdes","-"
"Dieumerci","74 650"
"Dieu seul me voit","39 122"
"Dieu seul le sait","-"
"Dieu pardonne... moi pas!","-"
"Dieu n’est pas Mort","7 101"
"Dieu merci, c'est Vendredi","N/A"
"Dieu existe, son nom est Petrunya","12 806"
"Dieu est grand, je suis toute petite","163 282"
"Dieu a besoin des hommes","-"
"Dieu a choisi Paris","N/A"
"Diên Biên Phû","-"
"Die Hard : Belle journée pour mourir","830 130"
"Die Hard 4 - retour en enfer","1 011 566"
"Didine","38 516"
"Upside Down","140 000"
"Upgrade","58 943"
"Un… deux… trois dansez","10 906"
"Unstoppable (2010)","349 758"
"Untel père et fils","-"
"Les Uns et les autres","-"
"Universal Soldier: le combat absolu","89 377"
"Universal Soldier - Le Jour du jugement","N/A"
"Universal soldier","-"
"L'Unique","-"
"L'Union sacrée","-"
"Uniformes et grandes manoeuvres","-"
"L'Uniforme de la honte","N/A"
"Unicorn Store","N/A"
"Unfriended: Dark Web","103 423"
"Unfriended","141 546"
"Une zone à défendre","N/A"
"Une vraie blonde","35 817"
"Une virée en enfer","118 471"
"Une vierge sur canapé","-"
"Une vie volée","57 980"
"Une vieille maitresse","50 343"
"Une vie violente","41 298"
"Une vie tranquille","15 750"
"Une vie toute neuve","16 820"
"Une vie simple","12 263"
"Mèche Blanche, les aventures du petit castor","25 284"
"Les Méchants","77 098"
"Méchant menteur","N/A"
"Mécaniques célestes","12 020"
"Mechanic: Resurrection","198 401"
"La Mécanique de l'ombre","124 675"
"Méandre","35 961"
"Mean Streets","-"
"Mean Girls, lolita malgré moi","53 830"
"Mea Culpa","226 968"
"Me Time : Enfin Seul ?","N/A"
"Me myself I","37 080"
"McVicar","N/A"
"Mazinger Z","12 415"
"Mazeppa","-"
"Mazel Tov ou le mariage","-"
"Mayrig","-"
"Mayerling (1958)","-"
"Mayerling","-"
"MayDay","160 006"
"Maybe Baby ou comment les Anglais se reproduisent","34 649"
"Maya, donne-moi un titre","-"
"Maya l'abeille 3 : l'œuf d'or","N/A"
"Maya l'abeille 2 - Les jeux du miel","98 096"
"Maya","20 775"
"May In The Summer","12 950"
"May December","118 770"
"MaXXXine","62 180"
"Maximum Overdrive","N/A"
"Maxime","-"
"Maxie","-"
"Maxi papa","65 028"
"Max, le meilleur ami de l'homme","-"
"Max Payne","247 578"
"Max mon amour","-"
"Max la menace","220 612"
"Max et les maximonstres","99 567"
"Max et les ferrailleurs","-"
"Max et Jérémie","-"
"Max et Emmy : Mission Pâques","49 805"
"Max Dugan Returns","N/A"
"Max (2013)","222 339"
"Max & Co","35 634"
"Diane de Poitiers","-"
"Diane a les épaules","20 367"
"Diana","152 968"
"Diamond Island","15 028"
"Diamants sur canapé","-"
"Les Diamants sont éternels","-"
"Diamantino","13 145"
"Diamant noir","30 773"
"Le Diamant du Nil","-"
"Diamant brut","34 687"
"Diamant 13","76 735"
"Le Dialogue des carmélites","-"
"Dialogue de feu","N/A"
"Dialogue avec mon jardinier","321 480"
"La Diagonale du fou","-"
"Diabolo menthe","-"
"Les Diaboliques","-"
"Diabolique","276 992"
"Diaboliquement vôtre","-"
"Diablesse","22 938"
"Les Diables de Guadalcanal","-"
"Diables au soleil","-"
"Les Diables","-"
"Le Diable, tout le temps","N/A"
"Le Diable s'habille en Prada","650 335"
"Le Diable probablement","-"
"Le Diable n'existe pas","26 645"
"Le Diable par la queue","-"
"Le Diable et les dix commandements","-"
"Le Diable en robe bleue","-"
"Le Diable dans la boîte","-"
"Le Diable boiteux","-"
"Le Diable au corps (1947)","-"
"Le Diable au corps","-"
"Le Diable à 4 heures","-"
"Dhoom 3","4 244"
"Dheepan","212 472"
"Devine qui vient dîner ce soir","-"
"Devil Inside","224 167"
"Devil","10 803"
"Devdas","24 551"
"Devara Partie 1","-"
"Devant lui tremblait tout Rome","-"
"Deuxième vie","165 684"
"Une Surprise pour Noël","3 980"
"Une suite qui dérange : le temps de l'action","15 014"
"Une soirée parfaite","N/A"
"Une soirée d'enfer","1 667"
"Une Sirène à Paris","22 565"
"Une si belle famille","N/A"
"Une Séparation","151 217"
"Une semaine sur deux (et la moitié des vacances scolaires)","196 897"
"Une semaine et un jour","11 133"
"Une semaine de vacances","-"
"Une seconde mère","50 521"
"Une saison blanche et sèche","-"
"Une robe noire pour un tueur","-"
"Une robe pour Mrs Harris","38 711"
"Une Rencontre","236 994"
"Une ravissante idiote","-"
"Une reine est couronnée","-"
"Une pure formalité","-"
"Une pure coïncidence","15 275"
"Une pure affaire","90 002"
"Une Promesse","54 391"
"Une prière avant l'aube","9 080"
"Une pour toutes","139 087"
"Une Poule, un train et quelques monstres","-"
"Une poignée de plomb","-"
"Une poignée de cendre","-"
"Une Pluie sans fin","47 477"
"Une place à prendre","N/A"
"Une place sur la terre","61 737"
"Une pierre dans la bouche","-"
"Mauvaises fréquentations","141 941"
"La Mauvaise réputation","14 799"
"Mauvaise passe","117 930"
"Mauvaise Graine","3 043"
"Mauvaise foi","268 690"
"Mauvaise fille (2012)","42 660"
"Mauvaise fille","-"
"La Mauvaise éducation","314 808"
"Mauvais piège","58 549"
"Mauvais sang","-"
"Les Mauvais joueurs","28 042"
"Mauvais genres","40 206"
"Mauvais genre","-"
"Mauvais esprit","489 107"
"Maurice le chat fabuleux","56 867"
"Maurice","-"
"Les Maudits","-"
"Maudie","N/A"
"Maudite Aphrodite","300 657"
"Maud","-"
"Matthias & Maxime","87 310"
"Matt Helm, agent très spécial","-"
"Matrix Revolutions","2 121 172"
"Matrix Resurrections","513 133"
"Matrix Reloaded","2 112 676"
"Matrix","1 778 279"
"Matrimoni","-"
"Matilda","-"
"La Matiouette ou l'arrière-pays","-"
"Mathieu l'astucieux","-"
"Mathias Sandorf","-"
"La Maternelle","-"
"Material Girls","2 263"
"Match retour","98 045"
"Match Point","523 285"
"Matador","-"
"Master Gardener","20 443"
"Mata Hari agent H 21","-"
"La Masseuse perverse","-"
"Master and Commander: De l'autre côté du monde","391 951"
"Les Massacreurs de Brooklyn","N/A"
"Massacre pour un fauve","-"
"Massacre en dentelles","-"
"Le Massacre de Fort Apache","-"
"Massacre à la tronçonneuse : le commencement","52 189"
"Massacre à la tronconneuse 2","-"
"Deux vies plus une","57 400"
"Deux sœurs","-"
"Deux supers flics","-"
"Deux soeurs pour un roi","162 306"
"Les Deux sirènes","-"
"Les deux Papes","N/A"
"Deux ou trois choses que je sais d'elle","-"
"Les Deux Orphelines","-"
"Deux nigauds démobilisés","-"
"Les Deux mondes","231 637"
"Deux moi","238 161"
"Les Deux missionnaires","-"
"Deux loustics en bordée","-"
"Deux jours, une nuit","218 520"
"Deux jours à tuer","302 315"
"Deux jours à Los Angeles","-"
"Deux hommes dans Manhattan","-"
"Deux hommes dans la ville","-"
"Deux heures moins le quart avant J.C.","-"
"Les Deux Gosses","-"
"Les Deux gamins","-"
"Les Deux Gamines","-"
"Deux frères","1 083 231"
"Deux flics à Downtown","-"
"Deux flics à Chicago","-"
"Deux filles d'aujourd'hui","59 496"
"Deux fils","51 580"
"Deux filles au tapis","-"
"Deux Farfelus à New York","N/A"
"Deux enfants qui s'aiment","-"
"Deux en un","87 082"
"Deux drôles d'oiseau","N/A"
"Deux de l'escadrille","-"
"Deux cow-boys à New York","-"
"Les Deux cavaliers","-"
"Deux Copines, un séducteur","N/A"
"Deux bonnes pâtes","-"
"Les Deux Anglaises et le continent","-"
"Deux Amours","-"
"Les Deux amis","45 992"
"Deux (2002)","7 564"
"Deux (2020)","26 695"
"Deux","-"
"Une merveilleuse histoire du temps","97 907"
"Une minute de silence","-"
"Une mère (2022)","9 062"
"Une mère","18 300"
"Une Manche et la belle","-"
"Une lueur dans la nuit","-"
"Une liaison pornographique","21 541"
"Une journée particulière","-"
"Une journée en enfer","919 184"
"Une journée de merde","94 477"
"Une journée de fous","N/A"
"Une journée chez ma mère","-"
"Une journée à New-York","25 057"
"Une Journée à Rome","10 301"
"Une jeunesse dorée","-"
"Une jeunesse Allemande","8 510"
"Une jeune fille savait","-"
"Une jeune fille qui va bien","68 056"
"Une intime conviction","130 195"
"Une île au soleil","-"
"Une histoire vraie","119 427"
"Une histoire simple","-"
"Une histoire italienne","20 013"
"Une Histoire de fou","45 383"
"Une histoire de famille","3 732"
"Une histoire d'amour et de ténèbres","N/A"
"Une histoire d'amour et de désir","16 502"
"Une histoire d'amour à la con","-"
"Une histoire d'amour (2023)","36 528"
"Une Histoire d'amour","26 209"
"Une Histoire Américaine","5 408"
"Une hirondelle a fait le printemps","436 861"
"Le Masque de fer","-"
"Le Masque de l'araignée","140 736"
"Mask","-"
"MASH","-"
"Masculin féminin","-"
"Mascarades","19 877"
"Mascarade","91 498"
"Masaan","12 660"
"Maryline","87 066"
"Le Mas des Alouettes","4 631"
"Maryland","46 756"
"Mary Shelley","38 287"
"Mary Reilly","-"
"Mary Poppins","-"
"Mary et Max","51 399"
"Mary et la fleur de la sorcière","109 791"
"Mary à tout prix","619 731"
"Mary (2019)","N/A"
"Mary (2017)","55 647"
"Mary","24 534"
"Marvin ou la belle éducation","62 088"
"Marvel's The Avengers","2 041 362"
"Martin Roumagnac","-"
"Martyrs","38 236"
"Martin et Léa","-"
"Martin","-"
"Martin Eden","36 268"
"Marthe","72 625"
"Martha Marcy May Marlene","27 571"
"Marseille Contrat","-"
"Marseille","322 914"
"Mars Express","55 429"
"Mars Attacks!","719 593"
"Marry Me","64 399"
"Married Life","11 362"
"Marriage Story","N/A"
"Marrakech Express","-"
"La Marraine de Charley","-"
"La Marquise d'O","-"
"Marquise","180 530"
"Le Marquis","270 222"
"Marqué par la haine","-"
"Marqué au fer","-"
"La Marque des anges","113 494"
"Marock","63 290"
"Justine","-"
"Justine de Sade","-"
"Justin et la Légende des chevaliers","N/A"
"Justin Bieber: Never Say Never","35 582"
"Le Justicier solitaire (1958)","-"
"Le Justicier solitaire","N/A"
"Le Justicier de New York","-"
"Le Justicier de minuit","-"
"Le Justicier braque les dealers","-"
"Justice sauvage (1974)","N/A"
"Justice sauvage","N/A"
"Justice pour tous","-"
"Justice League","834 493"
"Justice est faite","-"
"Justice de flic","N/A"
"Juste un baiser","110 315"
"Juste La Fin Du Monde","405 031"
"Juste ciel !","61 457"
"Juste cause","152 153"
"Juste avant la nuit","-"
"Juste avant l'orage","-"
"Just the Way You Are","N/A"
"Just married (ou presque)","569 132"
"Just a Kiss","91 676"
"Just Friends","-"
"Détention secrète","85 678"
"Détective privé","-"
"Détective Dee : La légende des Rois Célestes","39 376"
"Detective dee 2","40 254"
"Detective Dee","113 967"
"Détective Conan: l'étoile à 1 million de dollars","10 967"
"Détective Conan: le sous-marin noir","18 183"
"Détective Conan : Stratégie en profondeur","N/A"
"Détective Conan : Le Requiem des détectives","N/A"
"Détective Conan : Le magicien du ciel argenté","N/A"
"Détective Conan : Le fantôme de Baker Street","N/A"
"Détective Conan : Le Chasseur noir de jais","N/A"
"Détective Conan : La Mélodie de la peur","N/A"
"Detective Conan : La Fiancée de Shibuya","18 200"
"Détective Conan : Jolly Roger et le Cercueil Bleu Azur","N/A"
"Détective Conan : Croisement dans l'ancienne capitale","N/A"
"Detective Conan - The Scarlet Bullet","13 102"
"Detective Chinatown 1900","-"
"Le Détective","-"
"Détective","-"
"Detachment","58 554"
"Destroyer","27 571"
"Destiny in Space","-"
"Destins de femmes","N/A"
"Destins","-"
"Les Destinées sentimentales","152 443"
"Destination: Graceland","24 968"
"Destinées","-"
"Destination Tokyo","-"
"Destination Pékin!","123 038"
"Destination Love","1 994"
"Destination Gobi","-"
"Destination Finale Bloodlines","N/A"
"Destination finale 5","497 796"
"Destination Finale 4 - 3D","508 830"
"Destination finale 3","405 218"
"Destination finale","234 658"
"Destination finale 2","333 830"
"Destinataire inconnu","-"
"Le Destin d'un homme","-"
"Le Destin","88 099"
"Después de Lucia","20 945"
"Les Desperados","-"
"Desperado","170 237"
"Despair","-"
"Le Désordre et la nuit","-"
"Une femme ou deux","-"
"Une Femme mariée","-"
"Une femme libre","-"
"Une Femme Iranienne","14 181"
"Une femme heureuse","13 364"
"Une femme française","289 923"
"Une femme fantastique","31 393"
"Une femme est une femme","-"
"Une femme en péril","N/A"
"Une femme en blanc se révolte","-"
"Une femme du monde","21 018"
"Une femme douce","17 512"
"Une femme de notre temps","13 090"
"Une femme de ménage","277 359"
"Une femme dangereuse","-"
"Une femme d'extérieur","44 036"
"Une femme d'exception","43 874"
"Une femme d'affaires","-"
"Une femme à sa fenêtre","-"
"Une famille très moderne","98 680"
"Une famille syrienne","17 832"
"Une famille sur le ring","N/A"
"Une famille respectable","22 090"
"Une famille italienne","19 198"
"Une famille heureuse","22 062"
"Une famille brésilienne","32 771"
"Une famille à louer","303 670"
"Une famille 2 en 1","4 620"
"Une famille","31 632"
"Une exécution ordinaire","94 551"
"Une étrangère parmi nous","39 948"
"Une étrange affaire","-"
"Une étoile est née","-"
"Marked Men: Rule & Shaw","N/A"
"Marlène","-"
"Marius","125 081"
"Marius et Jeannette","267 686"
"Maris et femmes","-"
"Les Maris, les femmes, les amants","-"
"Marion","30 587"
"Les Marins perdus","13 534"
"Marinette","26 273"
"Les Marines attaquent","-"
"Les Mariés de l'an II","-"
"Mariées mais pas trop","42 390"
"La Mariée était en noir","-"
"La Mariée est trop belle","-"
"La Mariée d'Humpty Sharma","N/A"
"Marie-poupée","-"
"Marie-Octobre","-"
"Marie-Louise ou la permission","-"
"Marie-Louise","-"
"Marie-Line et son juge","127 499"
"Marie-Line","66 253"
"Marie-Jo et ses deux amours","127 150"
"Marie-Francine","370 214"
"Marie-Chantal contre le Dr Kha","-"
"Marie-Antoinette (1956)","-"
"Marie-Antoinette","403 555"
"Marie Stuart, Reine d'Ecosse","97 175"
"Marie Madeleine","50 726"
"Marie Heurtin","83 670"
"La Marie du port","-"
"Marie des isles","-"
"Marie Curie","13 320"
"Marie (2024)","N/A"
"Marie","N/A"
"Marianne de ma jeunesse","-"
"Mariage tardif","24 488"
"Mariages!","533 360"
"Mariage mixte","120 617"
"Le Mariage du siècle","-"
"Le Mariage des moussons","28 366"
"Le Mariage de Tuya","25 841"
"Le Mariage de Rosa","N/A"
"Le Mariage de Ramuntcho","-"
"Le Mariage de mon meilleur ami","558 871"
"Jusqu'en enfer","209 248"
"Jusqu'au cou","603"
"Jusqu'au bout du rêve","-"
"Jusqu'au bout du monde (2024)","78 777"
"Jusqu'au bout du monde","-"
"Jusqu'au bout","N/A"
"Jusqu'à toi","48 859"
"Jusqu'à mon dernier Souffle","5 387"
"Jusqu'à la mort","N/A"
"Jusqu'à la garde","122 946"
"Jusqu'à ce que la fin du monde nous sépare","69 082"
"La Jurée","132 429"
"Juré n°2","453 813"
"Jurassic World: Le Monde d'après","1 299 065"
"Jurassic World: Fallen Kingdom","1 396 911"
"Jurassic World","2 087 959"
"Jurassic Park III","900 178"
"Jurassic Park","2 256 688"
"Jupiter : Le destin de l'Univers","363 580"
"Juno","182 134"
"Juniper","N/A"
"Juniors","6 943"
"Junior le terrible 2","N/A"
"Junior le terrible","-"
"Junior Bonner, le dernier bagarreur","-"
"Junior","289 358"
"Jungle Fever","-"
"Jungle Cruise","284 681"
"La Jungle","54 164"
"Jung Kook: I Am Still","-"
"Jumpin' Jack Flash","-"
"Jumper","626 887"
"La Jument verte","-"
"Jumeaux mais pas trop","210 444"
"Jumeaux","-"
"Le Jumeau","-"
"Jumanji: next level","785 636"
"Jumanji : Bienvenue dans la jungle","623 931"
"Jumanji","461 307"
"Julius et le Père Noël","4 010"
"Juliette et Juliette","-"
"Juliette au printemps","69 183"
"Juliette","8 400"
"Julietta","-"
"Julieta","234 345"
"Julie pot de colle","-"
"Julie la rousse","-"
"Désigné pour mourir","-"
"Désigné coupable","148 446"
"Desierto","54 033"
"Desiderio","N/A"
"Le Déshonneur d'Elizabeth Campbell","200 935"
"Le Déserteur (2024)","17 055"
"Le Déserteur","-"
"Le Désert vivant","-"
"Le Désert des Tartares","-"
"Le Désert de Pigalle","-"
"Le Désert de la peur","-"
"Desert Blue","N/A"
"Désengagement","25 794"
"La Descente infernale","-"
"Descente aux enfers (1982)","N/A"
"Descente aux enfers","-"
"Descente à Paradise","-"
"Les Désaxés","-"
"Les Désastreuses aventures des orphelins Beaudelaire","261 743"
"Désaccord parfait","191 986"
"Des vents contraires","140 094"
"Des trésors plein ma poche","3 611"
"Des souris et des hommes","-"
"Des serpents dans l'avion","166 144"
"Des saumons dans le désert","38 438"
"Des poupées et des anges","11 093"
"Des Plans sur la comète","3 402"
"Des pissenlits par la racine","-"
"Des nouvelles du bon Dieu","-"
"Des nouvelles de la planète Mars","40 312"
"Des Morceaux de Moi","3 745"
"Des mains en or","109 081"
"Des lendemains qui chantent","54 446"
"Des jours meilleurs","N/A"
"Des hommes sans loi","195 628"
"Des hommes d'influence","221 946"
"Des hommes et des Dieux","467 950"
"Des hommes d'honneur","223 748"
"Des hommes","75 111"
"Des gens sans importance","-"
"Des gens qui s'embrassent","108 173"
"Des gens impitoyables","N/A"
"Des gens comme nous","N/A"
"Des gens comme les autres","-"
"Des frissons partout","-"
"Une chance pour tous","N/A"
"Une chance pas croyable","N/A"
"Une chambre en ville","-"
"Une certaine rencontre","-"
"Une carte du monde","31 301"
"Une bringue d'enfer","-"
"Une brève histoire du temps","14 901"
"Une bouteille à la mer (2012)","46 615"
"Une bouteille à la mer","235 258"
"Une blonde en cavale","79 075"
"Une belle tigresse","-"
"Une Belle garce","-"
"Une belle fin","40 291"
"Une Belle équipe","157 831"
"Une belle fille comme moi","-"
"Une belle course","180 034"
"Une bataille après l'autre","N/A"
"Une baraque à tout casser","-"
"Une balle dans le canon","-"
"Une balle dans la tête","-"
"Une aventure","45 536"
"Une autre vie","40 454"
"Une autre femme","-"
"Une arnaque presque parfaite","21 727"
"Une année difficile","424 007"
"Une année polaire","27 186"
"Une Anglaise romantique","-"
"Une amie qui vous veut du bien","N/A"
"Une affaire qui roule","12 057"
"Une affaire privée","44 002"
"Une affaire de principe","54 678"
"Une affaire de goût","126 786"
"Une affaire de femmes","-"
"Une affaire de famille","178 544"
"Mariage à Mendoza","32 115"
"Le Mariage à trois","18 080"
"Le Mariage à la mode","-"
"Mariage à Long Island","N/A"
"Mariage à la grecque 3","N/A"
"Mariage à la grecque","198 892"
"Mariage à la grecque 2","23 626"
"Mariage à l'italienne","-"
"Mariage à l'anglaise","178 208"
"Mariage","-"
"Maria's Lovers","-"
"Maria pleine de grâce","72 091"
"Maria rêve","71 211"
"Maria by Callas","28 247"
"Maria (2024)","33 856"
"Maria","153 339"
"Mari Iyagi","10 051"
"Le Mari de la coiffeuse","-"
"Marguerite de la nuit","-"
"Marguerite & Julien","18 024"
"Marguerite","264 495"
"La Marginale","27 833"
"Le Marginal","-"
"Margin Call","130 532"
"La Marge (Emmanuelle '77)","-"
"Margaret","503"
"Marco, l’énigme d’une vie","N/A"
"Marching Band","6 165"
"Les Marches du Pouvoir","282 054"
"La Marche triomphale","-"
"Marche ou crève","-"
"Marche pas sur mes lacets","-"
"La Marche de l'empereur","447 512"
"Marche avec les loups","47 030"
"La Marche à la mort","N/A"
"Marche à l'ombre","-"
"La Marche","120 139"
"Les Marchands de sable","-"
"Marchands de Douleur","N/A"
"Le Marchand de Venise","N/A"
"Le Marchand de sable (2023)","10 913"
"Le Marchand de sable","14 669"
"Le Marchand de fanfares","N/A"
"Marcello Mio","86 641"
"Marcelin, pain et vin","-"
"Julia","-"
"Jules et Jim","-"
"Jules César","-"
"Jujutsu Kaisen Movie 0","347 583"
"Juillet Août","34 716"
"Jugez-moi coupable","66 767"
"Le Jugement dernier (1962)","-"
"Le Jugement dernier","-"
"Jugement à Nuremberg","-"
"Le Juge Fayard dit le shériff","511 089"
"Juge et hors-la-loi","-"
"Le Juge et l'assassin","-"
"Jugé coupable","307 535"
"Le Juge","82 344"
"Jugastu","-"
"Judwaa 2","N/A"
"Judy","86 387"
"Judith Therpauve","-"
"Judith","-"
"Jude","32 658"
"Judge Dredd","580 763"
"Judas Kiss","52 201"
"Ju dou","-"
"Joyland","32 996"
"Joyeux Noël, bonne année","-"
"Joyeux Noël (USA)","N/A"
"Joyeux Noël","606 009"
"Joyeux lurons","-"
"Les Joyeux débuts de Butch Cassidy et le Kid","-"
"Joyeux bordel !","102 897"
"Joyeuses Pâques","-"
"Joyeuses funérailles","41 049"
"La Joyeuse revenante","N/A"
"Joyeuse retraite 2","155 491"
"Joyeuse retraite !","477 116"
"Joyeuse Fête des Mères","133 690"
"Joy Ride (2023)","9 258"
"Joy (2015)","236 272"
"Joy","-"
"Les Jours venus","15 413"
"Jours tranquilles à Clichy","-"
"Les Jours et les nuits de China Blue","N/A"
"Jours de tonnerre","-"
"Jours de pêche en Patagonie","21 726"
"Jours de foot","N/A"
"La Journée de la jupe","38 047"
"Journal intime d'une future star","N/A"
"Des anges et des insectes","-"
"Des Abeilles et des Hommes","23 880"
"Dersou Ouzala","-"
"Derrière la porte verte","N/A"
"Le Derrière","280 460"
"Les Derniers Parisiens","17 179"
"La Dérobade","-"
"Les Derniers jours du disco","-"
"Les Derniers Jours de Pompei (1950)","-"
"Les Derniers Jours de Pompei","-"
"Les Derniers jours dans le désert","274"
"Dernières nouvelles du cosmos","8 803"
"Dernières heures à Denver","-"
"La Dernière vague","-"
"La Dernière séance","-"
"La Dernière tentation du Christ","-"
"La Dernière Route","N/A"
"La Dernière reine","21 049"
"La Dernière preuve","-"
"La Dernière piste","15 699"
"La Dernière nuit de Lise Broholm","4 306"
"Dernière nuit à Milan","40 869"
"La Dernière marche","72 073"
"La Dernière maison sur la gauche (2009)","54 070"
"La Dernière maison sur la gauche","N/A"
"Dernière limite","-"
"La Dernière licorne","-"
"La Dernière légion","113 278"
"La Dernière leçon","105 324"
"La Dernière folie de Mel Brooks","-"
"La Dernière folie de Claire Darling","41 424"
"La Dernière Flèche","-"
"La Dernière femme","-"
"La Dernière étape","-"
"Dernière danse","97 199"
"La Dernière corvée","-"
"La Dernière cible","-"
"La Dernière chevalerie","N/A"
"La Dernière Charge","-"
"La Dernière Chance","-"
"La Dernière bourrée à Paris","-"
"La Dernière bagarre","-"
"Le Dernier Voyage du Demeter","82 375"
"Le Dernier voyage du juge Feng","-"
"Under the Sea 3D","3 452"
"Under the Cherry Moon","N/A"
"Under Fire","-"
"Uncharted","955 650"
"Unborn","53 698"
"Una Questione Privata","18 274"
"Un week-end sur deux","-"
"Un week-end en famille","88 778"
"Un week-end à Paris","31 950"
"Un vrai schnock","-"
"Un vrai crime d'amour","-"
"Un vrai cinglé de cinéma","-"
"Un vrai bonhomme","21 774"
"Un vrai bonheur, le film","37 434"
"Un violon sur le toit","-"
"Un vent de liberté","10 190"
"Un Vampire à Brooklyn","122 675"
"Un vendredi dingue, dingue, dingue","-"
"Un tueur pour cible","72 867"
"Un voisin trop parfait","31 827"
"Un Village presque parfait","233 221"
"Un truand","-"
"Un trésor appelé Amour","N/A"
"Un Triomphe","143 968"
"Un tramway nommé désir","-"
"Un traître idéal","62 493"
"Un Tramway à Jérusalem","12 934"
"Un tour de manège","-"
"Un tour chez ma fille","146 389"
"Un ticket pour l'espace","236 928"
"Un ticket pour deux","-"
"Un thé avec Mussolini","-"
"Un thé au Sahara","-"
"Un Temoin dans la ville","-"
"Un taxi pour Tobrouk","-"
"Maradona","25 236"
"Mar Adentro","69 322"
"Maps To The Stars","102 629"
"Many Saints Of Newark - Une histoire des Soprano","12 136"
"Manuel de survie à l'apocalypse zombie","N/A"
"Le Mans 66","402 917"
"Le Mans","-"
"Manou à l'école des goélands","32 890"
"Manos Sucias","6 806"
"Manon des sources","-"
"Manon des Sources (1953)","-"
"Manon 70","-"
"Manon","-"
"Manolete","25 788"
"Le Manoir magique","398 389"
"Le Manoir hanté et ses 999 fantômes","381 442"
"Le Manoir hanté","288 762"
"Le Manoir","104 758"
"Mannequins de Paris","-"
"Mannequin","N/A"
"Mank","N/A"
"Manipulations (2016)","N/A"
"Manipulations","62 009"
"Manipulation (1996)","N/A"
"Manipulation","79 737"
"Manina la fille sans voile","-"
"Manifesto","2 418"
"La Manière forte","-"
"Maniac (1982)","N/A"
"Maniac","74 224"
"Manhattan stories","9 526"
"Manhattan Loto","N/A"
"Manhattan Lockdown","103 460"
"Manhattan","-"
"Mango","2 396"
"Manglehorn","15 328"
"Le Mangeur d’âmes","18 019"
"Mangeclous","-"
"Mange, prie, aime","288 645"
"Mange, ceci est mon corps","1 684"
"Mange tes morts","18 775"
"Mandrin (1962)","-"
"Mandrin","-"
"Mandingo","-"
"Mandibules","130 505"
"Journal de France","20 661"
"Le Journal de Bridget Jones","1 034 706"
"Le Journal d'une fille perdue","-"
"Journal d'une femme en blanc","-"
"Le Journal d'une baby-sitter","33 297"
"Journal d'un dégonflé : un looong voyage","N/A"
"Le Journal d'un dégonflé : Rodrick fait sa loi","227"
"Journal d'un dégonflé","1 235"
"Journal d'un Dégonflé : ça fait suer !","191"
"Le Journal d'Anne Frank (1959)","-"
"Le Journal d'Anne Franck","-"
"Le Journal","-"
"Le Jour où la Terre s'arrêta (2008)","484 204"
"Le Jour où la Terre s'arrêta","-"
"Le Jour où l'on dévalisa la banque d'Angleterre","N/A"
"Le Jour où je l'ai rencontrée","252"
"Le Jour le plus long","-"
"Le Jour le plus court","N/A"
"Jour J","190 886"
"Le Jour et la nuit","-"
"Le Jour et l'heure","-"
"Le Jour du vin et des roses","N/A"
"Le Jour du fléau","N/A"
"Le Jour du dauphin","-"
"Le Jour des morts-vivants","-"
"Le Jour du chien","-"
"Le Jour des Corneilles","68 775"
"Le Jour de mon retour","30 909"
"Le Jour de la fin du monde","-"
"Le Jour de gloire","-"
"Jour de fête","-"
"Le Jour d'avant l'examen","N/A"
"Le Jour d'après (2017)","17 256"
"Le Jour d'après","1 009 004"
"Le Jour d'après (1984)","-"
"Jour blanc","2 566"
"Le Jour attendra","65 250"
"Le Joujou","N/A"
"Les Jouisseuses","-"
"Joueuse","80 114"
"Joueurs","20 073"
"Les Joueurs","90 742"
"Le Joueur de violon","-"
"Le Joueur de Go","60 081"
"Le Joueur d'échecs","N/A"
"Le Joueur","-"
"Le Dernier Vermeer","N/A"
"Le Dernier trappeur","443 243"
"Dernier train pour Busan","112 016"
"Le Dernier Train du Katanga","-"
"Le Dernier train de Gun Hill","-"
"Le Dernier testament","-"
"Le Dernier tango à Paris","-"
"Dernier stade","-"
"Le Dernier souffle","54 084"
"Le Dernier signe","98 674"
"Le Dernier secret du Poséïdon","-"
"Le Dernier samouraï","729 476"
"Le Dernier Samaritain","-"
"Le Dernier roi d'Ecosse","92 000"
"Le Dernier Rivage","-"
"Le Dernier rempart","156 206"
"Dernier refuge","-"
"Dernier recours","171 956"
"Le Dernier pub avant la fin du monde","58 161"
"Le Dernier pour la route","119 355"
"Le Dernier nabab","-"
"Le Dernier métro","-"
"Dernier Métro","-"
"Le Dernier Mercenaire","N/A"
"Le Dernier majeur","N/A"
"Le Dernier maître de l'air","526 009"
"Le Dernier loup","483 683"
"Le Dernier jour de la colère","-"
"Le dernier jour d'Yitzhak Rabin","16 938"
"Le Dernier jour","9 042"
"Le Dernier Jaguar","222 380"
"Le Dernier héros","-"
"Le Dernier harem","-"
"Le Dernier gang","183 532"
"Le Dernier exorcisme : Part II","115 453"
"Le Dernier exorcisme","150 181"
"Le Dernier été de la Boyita","7 648"
"Dernier été à Tanger","-"
"Le Dernier empereur","-"
"Le Dernier duel","147 221"
"Le Dernier dragon","N/A"
"Dernier domicile connu","-"
"Le Dernier Diamant","85 545"
"Le Dernier des Templiers","368 501"
"Belle","945"
"La Belle & La Bête (2014)","658 553"
"Bellamy","178 864"
"Belladone","1 594"
"La Bella gente - Les Gens bien","10 872"
"Bella ciao","41 635"
"Believe","N/A"
"Béliers","25 903"
"Belgica","28 447"
"Bel Ordure","-"
"Belfast","80 551"
"Le Bel été 1914","54 600"
"Le Bel Eté","2 174"
"Bel Amour","-"
"Bel Ami (1957)","-"
"Bel Ami","63 977"
"Le Bel âge","22 130"
"Being the Ricardos","N/A"
"Being Light","7 606"
"Beignets de tomates vertes","-"
"Beijing bicycle","26 331"
"Before Sunset","11 391"
"Beginners","51 334"
"Before Sunrise","-"
"Before Midnight","41 776"
"Before I Disappear","259"
"Before and After","-"
"Beetlejuice Beetlejuice","637 788"
"Beetlejuice","-"
"Beethoven II","196 831"
"Beethoven","-"
"Bee movie - drole d'abeille","399 704"
"Belle-fille","141 458"
"La Belle verte","211 204"
"La Belle saison","120 168"
"La Belle romaine","-"
"La Belle que voilà","-"
"La Belle Promise","8 256"
"La Belle personne","30 604"
"La Belle Otero","-"
"La Belle noiseuse","-"
"La Belle meunière","-"
"La Belle mentalité","-"
"Belle maman","409 540"
"La Belle imprudente","-"
"La Belle histoire","-"
"Belle et Sébastien : Nouvelle génération","179 709"
"Belle et Sébastien : l'aventure continue","301 180"
"Belle et Sébastien 3 : le dernier chapitre","556 836"
"Belle et Sébastien","683 604"
"La Belle et le Tzigane","-"
"La Belle et le corsaire","-"
"La Belle et le clochard","-"
"La Belle et la Meute","24 058"
"La Belle et la Bête (2017)","1 281 588"
"La Belle et la bête (1946)","-"
"La Belle et la bête","637 124"
"La Belle et la Belle","56 538"
"La Belle et l'empereur","-"
"La Belle espionne","-"
"La Belle époque","565 429"
"Belle Epoque","14 637"
"Belle Epine","13 160"
"La Belle ensorceleuse","-"
"La Bête à l'affût","-"
"La Bête (2024)","40 476"
"La Bête","-"
"Best of the Best 2","-"
"Best Men","-"
"Besoin d'amour","-"
"Béru et ces dames","-"
"Bertrand cœur de lion","-"
"Bernie (2025)","1 136"
"Bernie","189 800"
"Bernadette a disparu","N/A"
"Bernard et Bianca au pays des kangourous","-"
"Bernadette (2023)","267 041"
"Bernadette","-"
"Berlin-Niagara","-"
"Berlin, été 42","16 190"
"Berlin, 'Opération Laser'","-"
"Berlin Alexanderplatz","2 908"
"Berlin","1 868"
"Les Berkman se séparent","23 831"
"Bergman Island","31 781"
"Bergen","N/A"
"La Bergère et le Ramoneur","-"
"Les Bérets verts","-"
"Beowulf","143 158"
"Les Bérets rouges","-"
"Benvenuti al Sud","21 667"
"Benvenuta","N/A"
"Benoît Brisefer : les Taxis Rouges","72 128"
"Benny & Joon","43 279"
"Benni","-"
"Benji la malice","-"
"Bienvenue à Monte-Carlo","2 151"
"Bienvenue à Marwen","81 779"
"Bienvenue à Marly-Gomont","174 046"
"Bienvenue à Collinwood","32 938"
"Bienvenue à Gattaca","97 569"
"Bienvenue à Cedar Rapids","124"
"Bienvenue à bord!","-"
"Bienvenue à bord (2011)","549 947"
"Les Bienheureux","8 954"
"Les Bienfaits de la colère","55 096"
"Les Bien-aimés","109 235"
"Bien joué mesdames","-"
"Bien joué Matt Helm","-"
"Bien faire et la séduire","-"
"Les Bidasses s'en vont en guerre","-"
"Les Bidochon","-"
"Les Bidasses en Folie","-"
"Les Bidasses aux grandes manœuvres","-"
"Les Bidasses au pensionnat","-"
"La Bidasse","N/A"
"Bichon","-"
"Bichette la terreur","N/A"
"Les Biches","-"
"La Bible ne fait pas le moine","N/A"
"La Bible de Néon","16 642"
"La Bible","-"
"Bibi Fricotin","-"
"Bibi blocksberg et le secret des chouettes bleues","N/A"
"Bibi Blocksberg : L'apprentie sorcière","N/A"
"Bianca","-"
"Bharat","3 146"
"Beyond Therapy","-"
"Bienvenue à Mooseport","98"
"Beyond Lies","N/A"
"Biker Boyz","2 863"
"Les Bijoutiers du clair de lune","-"
"Bigil","23 120"
"La Bigorne, caporal de France","-"
"Bigger Than Us","78 406"
"Bigfoot Junior","143 026"
"Bigfoot Family","84 767"
"BigBug","N/A"
"Le Bigame","-"
"Big Top Pee-Wee","-"
"Big party","-"
"Big Night","-"
"Big movie","136 000"
"Big man","-"
"Big Mamma : De Père en Fils","167 945"
"Big Mamma 2","269 348"
"Big Jim McLain","N/A"
"Big Mamma","311 941"
"Big Jake","-"
"Big hit","45 451"
"Big Foot et les Henderson","-"
"Big Guns, les Grands Fusils","-"
"Big Fish","351 353"
"Big easy - Le Flic de mon cœur","-"
"Big Eyes","221 977"
"Big Daddy","141 577"
"Big City","102 860"
"Big Boy","-"
"Big boss","-"
"Big Bad Wolves","21 072"
"Big","-"
"Bifur 3","-"
"Black Panther","1 058 869"
"Black Nativity","469"
"Black mic mac","-"
"Black Jack (1951)","-"
"Black Jack","-"
"Black Gold (1947)","-"
"Black Flies","18 583"
"Black Emmanuelle en orient","-"
"Black Dog (2025)","62 059"
"Black Dog","74 528"
"Black Crab","N/A"
"Black Coal","66 297"
"Black Christmas (2019)","64 505"
"Black Box Diaries","15 968"
"Black Book","59 797"
"Black and White","5 421"
"Black / White","82 663"
"Black Adam","713 308"
"Biutiful","120 923"
"Les Bisounours: le Film","N/A"
"Les Bisounours 2","N/A"
"Les Bisounours au pays des merveilles","-"
"Le Bison blanc","-"
"Le Bison (et sa voisine Dorine)","203 090"
"Bis Repetita","54 009"
"Bis","602 462"
"Birth","84 065"
"Birdy","-"
"Birds of Prey et la fabuleuse histoire de Harley Quinn","412 178"
"Bird People","58 216"
"Birdman","263 105"
"Black Panther: Wakanda Forever","1 692 183"
"Bird Box","N/A"
"Bleu d'enfer","162 718"
"Bleu comme l'enfer","-"
"Blessures secrètes","-"
"Les Blessures assassines","120 261"
"Bled Number one","21 049"
"Bleak Moments","-"
"Le Blé en herbe","-"
"Blaze","-"
"Les Blancs ne savent pas sauter","-"
"Blanches colombes et vilains messieurs","-"
"Blanche-Neige et le chasseur","706 260"
"Blanche-Neige","544 377"
"Blanche Neige, les souliers rouges et les sept nains","41 044"
"Blanche Neige","310 673"
"Blanche Neige et les sept nains","-"
"Blanche et Marie","-"
"Blanche","339 377"
"Blanche comme Neige (2019)","35 275"
"Blancanieves","30 961"
"Blanc comme neige (1948)","-"
"Blanc comme neige","101 499"
"Blair Witch 2","250 494"
"Blair Witch","105 852"
"Les Blagues de Toto 2 - classe verte","361 350"
"Les Blagues de Toto","205 528"
"Blague dans le coin","-"
"Blade: Trinity","321 904"
"Blade Runner 2049","544 508"
"Blade Runner","-"
"Blade II","683 115"
"Blade","296 511"
"Blackthorn","23 777"
"Blue Lock le film - Épisode Nagi","54 674"
"Blue Jeans 1920","N/A"
"Blue Jean","12 376"
"Blue Jasmine","494 375"
"Blue Giant","10 174"
"Blue Crush","103 479"
"Blue Collar","-"
"Blue Chips","151 239"
"Blue Beetle","239 733"
"Blue Bayou","7 783"
"Blue & Compagnie","453 213"
"Blown Away","75 583"
"Blue","116 298"
"Blow Up","-"
"Blow Out","-"
"Blow","162 666"
"Bloody Sunday","39 840"
"Bloody Milkshake","10 853"
"Bloody Mama","-"
"Bloody Mallory","27 175"
"Blood: The Last Vampire","91 831"
"Blood Father","116 159"
"Blood Ties","165 884"
"Blood Diamond","419 722"
"Blood and Wine","-"
"Blondine","-"
"Blondes, brunes, rousses","-"
"Blonde sur ordonnance","N/A"
"La Blonde ou la rousse","-"
"La Blonde incendiaire","-"
"La Blonde de Pékin","-"
"La Blonde de mes rêves","-"
"Le Bol d'air","N/A"
"Boîte noire","292 081"
"La Boîte noire","235 194"
"Boîte de nuit","-"
"La Boîte à musique","-"
"La Boîte","68 927"
"Le Bois dont les rêves sont faits","9 647"
"Le Bois des amants","-"
"Le Bois de bouleaux","-"
"Boire et déboires","-"
"Bohemian Rhapsody","1 077 661"
"Bogus","85 495"
"La Bohème","-"
"Boesman et Lena","1 313"
"Boeing Boeing","-"
"Bodyguard","-"
"Bodybuilder","40 631"
"Body Snatchers","82 587"
"Body Double","-"
"Body","116 818"
"Les Bodin's en Thaïlande","580 181"
"Les Bodin’s partent en vrille","505 755"
"Bodies Bodies Bodies","N/A"
"Boccace 70","-"
"Boca a boca","-"
"Bobosse","-"
"Bobby Jones, naissance d'une légende","N/A"
"Bobby Deerfield","-"
"Bobby","84 527"
"Bob Roberts","-"
"Bob's Burgers : le film","N/A"
"Bob Marley: One Love","772 865"
"Bonne mère","13 256"
"La Bonne fortune","-"
"La Bonne épouse","171 000"
"Bonne conduite","71 102"
"Bonne chance Charlie","-"
"La Bonne année","-"
"Bonne à tout faire","-"
"Bonnard, Pierre et Marthe","146 114"
"Bonjour Tristesse","-"
"Bonjour toubib","-"
"Bonjour sourire !","-"
"Bonjour l’asile","15 205"
"Bonjour les vacances","-"
"Bonjour le Monde!","8 421"
"Bonjour l'angoisse","-"
"Bonjour jeunesse","-"
"Boniface somnambule","-"
"Le Bonhomme de neige","121 112"
"Bonhomme","29 768"
"Le Bonheur Est Pour Demain (2024)","12 916"
"Le Bonheur est pour demain","-"
"Bonheur en location","-"
"Le Bonheur est dans le pré","542 639"
"Le Bonheur des uns...","95 111"
"Le Bonheur de Pierre","10 924"
"Bones and All","38 761"
"Le Bonheur d'Emma","-"
"Bones","-"
"Bone Collector","191 343"
"Le Bon, la brute et le truand","-"
"Bon voyage","312 793"
"Le Bon, la brute et le cinglé","46 974"
"Le Bossu de Rome","-"
"Le Bossu de Notre Dame","1 085 065"
"Le Bossu (1960)","-"
"Le Bossu","473 011"
"Le Boss","33 198"
"Boruto : Naruto, le film","12 570"
"Borsalino and Co","-"
"Borsalino","-"
"Les Borsalini","-"
"Born to Be Wild","1 160"
"Born to be Blue","10 854"
"Borgo","94 265"
"Borg/McEnroe","23 400"
"Les Borgia","1 076"
"Borderlands","154 322"
"Border Line (2024)","44 476"
"Border Line","-"
"Border","33 434"
"Borat 2","N/A"
"Borat","353 997"
"Bootmen","2 317"
"Les Bootleggers","-"
"Boomerang (2015)","130 241"
"Boomerang","-"
"Boomerang (1947)","-"
"Booksmart","N/A"
"Le Book Club","70 496"
"Boogie Nights","73 788"
"Boogeyman - La Porte des cauchemars","13 002"
"Bonsoir Paris, bonjour l'amour","-"
"Bonsoir","-"
"Les Bons Vivants","-"
"Bowling","167 913"
"Bowfinger, roi d'Hollywood","152 111"
"Bovines ou la vraie vie des vaches","4 773"
"Le Bouton de nacre","18 565"
"Boutchou","76 259"
"Le Bout du monde","N/A"
"La Bourse et la Vie","-"
"Les Bourreaux meurent aussi","-"
"Le Bourreau du Nevada","-"
"Le Bourreau des coeurs","-"
"Le Bourreau de Venise","-"
"Le Bourgeois gentilhomme (1958)","-"
"Le Bourgeois gentilhomme","-"
"Le Bourgeois gentil mec","-"
"Bouquet final","196 142"
"Bouquet de joie","-"
"Le Bounty","-"
"Bound","53 162"
"Boum sur Paris","-"
"La Boum 2","-"
"La Boum","-"
"Boulevard du rhum","-"
"Boulevard du Crépuscule","-"
"Boulevard des assassins","-"
"Boulevard de la mort - un film Grind House","224 340"
"Boulevard (1960)","-"
"Boulevard","-"
"Le Boulet","1 423 290"
"Les Boules de Noël","77 034"
"Boule-de-Suif","-"
"Boule et Bill 2","196 715"
"Boule et Bill","871 475"
"Bread and Roses","60 902"
"Brazil","-"
"Braveheart","355 642"
"Le Brave et le téméraire","-"
"Le Brave et la belle","-"
"Bravados","-"
"Les Brasiers de la Colère","119 092"
"Le Brasier","-"
"Les Bras de la nuit","-"
"Bras de fer","-"
"Les Braqueuses","-"
"Braqueurs d'élite","34 416"
"Braqueurs amateurs","273 884"
"Braqueurs (2011)","N/A"
"Braquages","96 024"
"Braqueurs","176 071"
"Braquage en or","N/A"
"Braquage à New York","N/A"
"Braquage à Monte-Carlo","N/A"
"Braquage à l'italienne","264 813"
"Braquage à l'anglaise","183 237"
"Braquage à l'ancienne","175 604"
"Braquage à l'américaine","N/A"
"Branquignol","-"
"Brannigan","-"
"Branle-bas au Casino","-"
"Les Branchés du bahut","N/A"
"Les Branches de l'arbre","-"
"Les Branchés à Saint Tropez","-"
"Brancaleone s'en va-t-aux croisades","-"
"Brainstorm","-"
"Braindead","28 124"
"Bright","N/A"
"Brigands chapitre Vll","-"
"Le Brigand bien-aimé","-"
"Le Brigand au grand cœur","-"
"Les Brigades du tigre","407 863"
"Brigade volante","-"
"Brigade mondaine: vaudou aux Caraïbes","-"
"Brigade mondaine: secte de Marrakech","-"
"Brigade mondaine","-"
"La Brigade héroîque","-"
"La Brigade en folie","-"
"La Brigade du suicide","-"
"La Brigade du diable","-"
"La Brigade des stupéfiants","-"
"Brigade des mœurs","-"
"La Brigade des cow-boys","-"
"La Brigade des bérets noirs","-"
"La Brigade des 800","N/A"
"Brigade criminelle","-"
"Brigade anti-gangs","-"
"La Brigade","145 097"
"Bridget Jones: L'Âge de raison","829 686"
"Bridget Jones's Baby","632 202"
"Bridget Jones : folle de lui","365 043"
"La Bride sur le cou","-"
"Les Bricoleurs","-"
"Brick","15 759"
"Brick Mansions","200 301"
"Brice de Nice","1 346 829"
"Brice 3","1 100 295"
"Brèves amours","-"
"Brèves de comptoir","94 602"
"BTS World Tour: Love Yourself in Seoul","N/A"
"BTS Permission to dance on stage - Seoul: Live viewing","N/A"
"Brüno","133 801"
"Brutus Vs César","N/A"
"La Brune que voilà","-"
"La Brûlure","-"
"Le Bruit des glaçons","285 810"
"Bruiser","2 877"
"Brûle le sang","24 230"
"Bruegel, le moulin et la croix","22 606"
"Brothers","151 186"
"Brown Sugar","241"
"Brother","N/A"
"Bros","11 110"
"Brubaker","-"
"Brooklyn Yiddish","19 162"
"Brooklyn Village","39 318"
"Bruce tout-puissant","1 034 327"
"Brooklyn Boogie","98 695"
"Brooklyn Affairs","117 270"
"Brooklyn","56 305"
"Les Bronzés font du ski","-"
"Les Bronzés 3: Amis pour la vie","3 906 694"
"Les Bronzés","-"
"Bronx à Bel Air","68 464"
"Bronx","N/A"
"Bronson","54 302"
"Bronco Billy","-"
"Bronco Apache","-"
"Broken Flowers","366 013"
"Broken City","73 624"
"Broken Arrow","227 632"
"Bye Bye, Love","N/A"
"Bye Bye Tibériade","21 766"
"Bye bye love","84 439"
"Bye Bye Blondie","16 973"
"Bye Bye Birdie","N/A"
"Bye bye","-"
"Buzz l'éclair","482 715"
"Butcher Boy","-"
"Butch Cassidy et le Kid","-"
"Business oblige","-"
"Burt Munro","30 712"
"Bus Palladium","53 579"
"Burning Days","45 633"
"Burning","70 166"
"Burn the Stage: The Movie","N/A"
"Burn Out","82 758"
"Burn After Reading","444 259"
"Burlesque","65 513"
"Buried","139 252"
"Les Bureaux de Dieu","46 870"
"Buridan, héros de la tour de Nesle","-"
"Buongiorno notte","34 014"
"Bunker paradise","1 426"
"Bumblebee","575 550"
"Bulworth","-"
"Bullitt","-"
"Bullhead","25 138"
"Bullet Train","491 067"
"Bullet Head","N/A"
"La Bulle","N/A"
"Bugsy Malone","-"
"Bugsy","-"
"Bug","29 486"
"Buffet froid","-"
"Buffalo Bill et les Indiens","-"
"Buffalo Bill","-"
"Buffalo '66","38 867"
"Buena Vista Social Club","32 104"
"Budapest","126 231"
"Buck Rogers au XXVe siècle","-"
"Le Bûcher des vanités","-"
"La Bûche","360 447"
"Bubble","13 952"
"BTS: Yet To Come in Cinemas","44 670"
"Broken","35 178"
"Brodeuses","71 832"
"Brocéliande","88 698"
"Broadway Therapy","61 804"
"Broadway Danny Rose","-"
"Broadway 39ème rue","-"
"Broadcast News","-"
"Les Briseurs de barrages","-"
"Brisby et le secret de Nimh","-"
"Brisants humains","-"
"Le Brio","412 414"
"Bring the Soul: The Movie","N/A"
"Brimstone","20 654"
"Brillantissime","297 436"
"Brillantes","14 143"
"Brighton Rock","2 472"
"BrightBurn - L'enfant du mal","105 229"
"Bright Star","110 666"
"Brève rencontre à Paris","-"
"Brève Rencontre","-"
"Brève histoire d'amour","-"
"Brendan et le secret de Kells","28 646"
"Brelan d'as","-"
"Breezy","-"
"Breathe","N/A"
"Breaking Up","4 177"
"Breaking the Waves","113 464"
"Breaking In","285"
"Breakfast on Pluto","2 054"
"Breakfast of Champions","-"
"Breakfast Club","N/A"
"Breakdown - Point de rupture","162 520"
"Break the Silence: The Movie","N/A"
"Break out","N/A"
"Break Street 84","N/A"
"Break","85 247"
"Brain on Fire","N/A"
"Brahmastra Part 1: Shiva","N/A"
"Brahma, taureau sauvage","-"
"Braddock: Portés disparus III","-"
"Le Braconnier de Dieu","-"
"Boyz'n the Hood","-"
"Boys Don't Cry","36 296"
"Boys and Girls","-"
"Les Boys","-"
"Boyhood","70 138"
"Boy Meets Girl","-"
"Boy Erased","36 106"
"Boy A","35 101"
"Les Boxtrolls","142 863"
"Boxing Helena","45 000"
"Boxcar Bertha","-"
"Box of Moonlight","8 753"
"Bowling for Columbine","135 518"
"Boule de feu","-"
"Bouge!","260 755"
"Le Boulanger de Valorgue","-"
"Bouge pas, meurs et ressuscite","-"
"Le Bouffon du roi","-"
"Boudu sauvé des eaux","N/A"
"Boudu","501 196"
"Les Bouchetrous","71 419"
"Les Bouchers verts","24 055"
"Le Boucher","-"
"Bouche cousue","-"
"Les Boucaniers des Caraïbes","-"
"Les Boucaniers de la Jamaïque","-"
"Les Boucaniers","-"
"Le Boucanier des îles","-"
"Bouboule","42 703"
"Boston Streets","N/A"
"La Bostella","-"
"Les Bons meurent jeunes","-"
"Bons Baisers du Tueur","N/A"
"Bons baisers de Russie","-"
"Bons baisers de Hong Kong","-"
"Bons Baisers de Bruges","127 565"
"Bons baisers d'Hollywood","-"
"Bonobos","47 133"
"Bonnie et Clyde","-"
"Les Bonnes Manières","13 676"
"Les Bonnes intentions","61 702"
"Les Bonnes femmes","-"
"Les Bonnes étoiles","64 763"
"Les Bonnes Causes","-"
"Bonnes à tuer","-"
"La Bonne Tisane","-"
"La Bonne soupe","-"
"Bonne pomme","116 406"
"La Bonne occase","-"
"Le Bon Roi Dagobert","-"
"Bon roi Dagobert","-"
"Bon rétablissement !","212 122"
"Bon plan","32 568"
"Le Bon plaisir","-"
"Le Bon numéro","30 543"
"Le Bon gros géant","322 157"
"Le Bon fils","-"
"Le Bon et les méchants","-"
"Le Bon Dieu sans confession","-"
"Bombon el perro","40 135"
"Bombardier B 52","-"
"Bomba, enfant de la jungle","-"
"Bomba dans le volcan en feu","-"
"Bomba contre les chasseurs de lions","-"
"Les Boloss","54 701"
"Bolero (2024)","177 724"
"Bolero","N/A"
"Bob le flambeur","-"
"Bob l'éponge - Le film : Un héros sort de l'eau","582 073"
"Bob l'éponge - Le film : Éponge en eaux troubles","N/A"
"Bob l'éponge - le film","179 523"
"Bob Fleming, mission Casablanca","-"
"Bob et Carol et Ted et Alice","-"
"Boat Trip","N/A"
"Boarding Gate","37 679"
"Le Blues de Ma Rainey","N/A"
"Blues Brothers 2000","169 885"
"Blueberry, l'expérience interdite","413 940"
"Blue-Jean Cop","N/A"
"Blue Valentine","32 527"
"Blue Velvet","-"
"Blue Steel","-"
"Blue Sky","-"
"Blue Ruin","26 829"
"Blue Planet","-"
"La Blonde contre-attaque","39 677"
"Blonde","N/A"
"Block Party","8 194"
"Le Blob","-"
"Blitz","138 707"
"Bliss (2021)","N/A"
"Bliss","65 552"
"Blink Twice","102 387"
"Blink","-"
"Blindspotting","11 971"
"Blindness","25 808"
"Blindés","67 488"
"Les Bleus","-"
"Blind Horizon","N/A"
"Bleu Saphir","N/A"
"Bleu profond","-"
"Le Bleu des villes","28 733"
"Le Bleu de Caftan","54 381"
"Blackout total","66 708"
"Blackout","N/A"
"Blacklight","83 546"
"BlacKkKlansman - J'ai infiltré le Ku Klux Klan","407 099"
"Blackbird (2020)","47 384"
"Blackbird","N/A"
"Black Widow (2021)","909 000"
"Black Tea","36 556"
"Black Swan","714 315"
"Black Sunday","-"
"Black Storm","198 291"
"Black Snake Moan","10 402"
"Black Snake, la légende du serpent noir","108 449"
"Black Sheep","-"
"Black Rainbow","-"
"Black Rain","-"
"Black Phone","136 339"
"Bird (2025)","53 478"
"Bird","-"
"Bingo (1998)","-"
"Bingo","N/A"
"Bimboland","156 671"
"Biloxi Blues","N/A"
"Billy, le hamster cowboy","-"
"Billy Ze Kick","-"
"Billy Madison","N/A"
"Billy le cave","N/A"
"Billy Jack","N/A"
"Billy Elliot","257 958"
"Billy Elliot - The Musical Live","-"
"Billy Bathgate","-"
"Billie Holiday, une affaire d'état","39 905"
"Billie","7 812"
"Bill Hickok le sauvage","-"
"Bilitis","-"
"Bienvenus!","4 321"
"Bienvenue, Mister Chance","-"
"Bienvenue parmi nous","100 361"
"Bienvenue monsieur Marshall","-"
"Bienvenue en Suisse","82 623"
"Bienvenue en Sicile","3 040"
"Bienvenue dans la jungle","66 968"
"Bienvenue dans l'age ingrat","-"
"Bienvenue chez les Rozes","144 758"
"Bienvenue chez les Robinsons","116 057"
"Bienvenue chez les Ch'tis","4 378 720"
"Bienvenue au paradis","-"
"Bienvenue au Gondwana","48 447"
"Bienvenue au gîte","153 724"
"Bienvenue au club","N/A"
"Bienvenue à Suburbicon","102 006"
"Bienvenue à Zombieland","152 630"
"Beverly Hills Brats","N/A"
"Beur sur la ville","206 238"
"La Beuze","728 928"
"Beur blanc rouge","48 382"
"Between the Lines","N/A"
"Betty Fisher et autres histoires","88 209"
"Betty","-"
"Better Man (2025)","142 272"
"Les Bêtises","36 139"
"Bethsabée","-"
"Les Bêtes du sud sauvage","63 714"
"Bêtes de scène","-"
"Bethléem","13 737"
"Bête mais discipliné","-"
"La Bête humaine","N/A"
"La Bête dans le coeur","1 500"
"La Bête Dans La Jungle","9 056"
"Benji","N/A"
"Benjamin ou les mémoires d'un puceau","-"
"Benjamin Gates et le Livre des Secrets","826 848"
"Benjamin Gates et le trésor des templiers","558 487"
"Benedetta","111 255"
"Benda Bilili!","41 738"
"Benchwarmers","N/A"
"Ben-Hur (2016)","185 275"
"Ben Is Back","88 685"
"Ben Hur","-"
"Ben et Bénédict","-"
"Beloved","-"
"Belphégor - Le fantôme du Louvre","849 638"
"Bellflower","15 825"
"Belles familles","227 314"
"Les Belles de nuit","-"
"Belles de l'Ouest","30 093"
"Belles à mourir","34 607"
"La Belle endormie","13 690"
"Belle du seigneur","25 293"
"La Belle du Pacifique","-"
"Belle dormant","2 976"
"La Belle des belles","-"
"La Belle de Paris","-"
"Belle de jour","-"
"La Belle de Gaza","15 735"
"La Belle de Cadix","-"
"La Belle Corsetière","N/A"
"Belle comme la femme d'un autre","44 356"
"La Belle Aventurière","-"
"La Belle au bois dormant","-"
"La Belle Andalouse","-"
"La Belle américaine","-"
"La Belle affaire (2024)","17 545"
"La Belle affaire","-"
"Belle (2021)","54 238"
"Becoming Led Zeppelin","-"
"Becket","-"
"Bécassine, le trésor Viking","40 152"
"Bécassine","71 186"
"Bébés à gogo","-"
"Bébés","93 296"
"Bébert et l'omnibus","-"
"Bébé Tigre","9 692"
"Le Bébé Schtroumpf","-"
"Bébé part en vadrouille","87 286"
"Bébé mode d'emploi","146 971"
"Beavis and Butt-Head se font l'Amérique","-"
"Beaux-parents","166 736"
"Les Beaux Jours d'Aranjuez","5 876"
"Les Beaux Jours","200 245"
"Les Beaux gosses","278 279"
"Beauty Shop","264"
"Beautiful Thing","38 644"
"Un sac de billes (2017)","406 076"
"Un sac de billes","-"
"Un roi à New York","-"
"Un revenant","-"
"L'Un reste, l'autre part","344 396"
"Un raccourci dans le temps","198 760"
"Un p’tit truc en plus","1 131 341"
"Un Pyjama pour deux","-"
"Un pur moment de rock'n roll","33 469"
"Un Prophète","333 422"
"Un profil pour deux","70 305"
"Un prof pas comme les autres","25 470"
"Un printemps sous la neige","N/A"
"Un printemps à Paris","15 377"
"Un prince à New York 2","N/A"
"Un prince à New York","-"
"Un Prince (presque) charmant","123 711"
"Un prêtre à marier","-"
"Un pont trop loin","-"
"Un pont entre deux rives","92 021"
"Un poison violent","32 846"
"Un poisson nommé Wanda","-"
"Un plan simple","70 916"
"Un Plan Parfait","609 755"
"Un pistolet pour Ringo","-"
"Un pigeon perché sur une branche philosophait sur l’existence","18 563"
"Un Peuple et son roi","133 296"
"Un peu, beaucoup, aveuglement","165 065"
"Un peu de soleil dans l'eau froide","-"
"Un petit miracle","61 510"
"Un petit indien","-"
"Un petit jeu sans conséquence","153 559"
"Un petit frère","18 993"
"Un Petit coin de paradis","-"
"Un petit cercle d'amis","N/A"
"Un petit boulot","163 510"
"Man To Man","223 079"
"Man on the Moon","80 668"
"Man on Fire (1987)","-"
"Man on Fire","180 444"
"Man of Tai Chi","4 312"
"Man of Steel","1 054 552"
"Mammuth","200 405"
"Mamma Roma","-"
"Mamma Mia!","550 887"
"Mamma Mia 2: Here We Go Again!","305 753"
"Les Mamies","-"
"Mambo Kings","-"
"Mambo Italiano","56 842"
"Maman, je m'occupe des méchants","95 425"
"Maman, j'ai raté l'avion","-"
"Maman, j'ai encore raté l'avion","-"
"Maman très chère","-"
"Maman mode d'emploi","154"
"La Maman et la putain","-"
"Maman a cent ans","-"
"Maman a tort","38 729"
"Maman (2012)","116 694"
"Maman","-"
"Mama's Boy - Fils à maman","N/A"
"Mam'zelle Cricri","-"
"Malveillance","70 464"
"Maltida, la comédie musicale","N/A"
"Les Mals partis","-"
"Malone, un tueur en enfer","-"
"Mallrats","N/A"
"Malina","-"
"Le Malin","-"
"Malik le Maudit","-"
"Malignant","69 056"
"Malicia","-"
"Malice","-"
"Les Malheurs de Heidi","N/A"
"Les Malheurs de Sophie","191 612"
"Les Malheurs d'Alfred","-"
"Malevil","-"
"La Maleta","16 793"
"Malena","57 282"
"Maléfique : Le Pouvoir du Mal","786 485"
"Joue-la comme Beckham","131 447"
"Joshua","2 500"
"Josey Wales, Hors la loi","-"
"Joséphine s'arrondit","390 145"
"Joséphine","232 325"
"Josepha","-"
"Joseph et la fille","12 670"
"Josep","61 028"
"Joselito - l'enfant à la voix d'or","-"
"Jonathan Livingstone, le goëland","-"
"Jonas qui aura 25 ans en 2000","-"
"Jolt","N/A"
"Les Jolies choses","117 099"
"Le Joli Mai","-"
"Joli joli","34 681"
"Le Joli coeur","-"
"Joker: Folie à Deux","601 995"
"Joker (2015)","196 170"
"Joker","1 606 425"
"Jojo Rabbit","132 054"
"Jojo la frite","1 885"
"Johnny Suede","-"
"Johnny Stecchino","-"
"Johnny Mnemonic","-"
"Johnny English, le retour","184 368"
"Johnny English contre-attaque","121 585"
"Johnny English","428 078"
"Johnny belle gueule","-"
"Johnny Dangerously","N/A"
"John Wick: Chapitre 4","411 048"
"John Wick Parabellum","336 599"
"John Wick 2","201 953"
"John Wick","184 851"
"John Wayne et les cowboys","-"
"John Rambo","391 630"
"John Tucker doit mourir","2 037"
"John Rabe","15 090"
"John Q","122 897"
"John MacCabe","-"
"John et Mary","-"
"John Carter","475 960"
"Joey","N/A"
"Joe, c'est aussi l'Amérique","-"
"Joe Strummer : the Future is Unwritten","6 297"
"Joe la crasse","480"
"Joe Kidd","-"
"Joe Gould's Secret","306"
"Le Dernier combat","-"
"Le Dernier cheyenne","21 274"
"Le Dernier château","2 096"
"Le Dernier chasseur de sorcières","261 102"
"Le Dernier baiser","-"
"Dernier amour","47 478"
"Le Dernier amant romantique","-"
"Dérive mortelle","55 495"
"La Dérive des continents (au sud)","17 522"
"Dérapages incontrôlés","142 209"
"Dérapage contrôlé","-"
"Dérapage","154 731"
"Depuis qu'Otar est parti","30 208"
"Depuis ton départ","-"
"Dépression et des Potes","183 898"
"Departures","24 378"
"Les dents, pipi et au lit","214 219"
"Les Dents longues","-"
"Les Dents du diable","-"
"Les Dents de la nuit","54 229"
"Les Dents de la mer, la revanche","-"
"Les Dents de la mer 2","-"
"Les Dents de la mer 3","-"
"Les Dents de la mer","1 109 641"
"La Dentellière","-"
"Dent pour dent","-"
"Le Dénonciateur","-"
"Dennis la malice","169 424"
"Denise au téléphone","-"
"Denis","44 100"
"Les Démons de Jésus","86 731"
"Demonlover","44 410"
"Demonic","N/A"
"Demon Slayer: Kimetsu No Yaiba – En route vers l'entraînement des piliers","151 200"
"Demon Slayer : Kimetsu no Yaiba - En route pour le village des forgerons","109 154"
"Demon Slayer - Kimetsu no Yaiba - Le film : Le train de l'infini","350 000"
"Le Démon s'éveille la nuit","-"
"Le Démon de midi","44 728"
"Demolition Man","579 493"
"Demolition","52 851"
"Les Demoiselles de Wilko","-"
"Les Demoiselles de Rochefort","-"
"La Demoiselle d'honneur","206 729"
"Démineurs","87 533"
"Demi-sœurs","105 640"
"Demi-soeur","106 307"
"Beautiful","N/A"
"Beautés empoisonnées","138 001"
"Beauté volée","87 547"
"La Beauté du geste","18 599"
"La Beauté du diable","-"
"La Beauté d'Hippolyte","-"
"Beauté cachée","112 011"
"Beaumarchais l'insolent","397 741"
"Beaufort","6 901"
"Le Beaujolais nouveau est arrivé","-"
"Le Beauf","-"
"Beaucoup de bruit pour rien (2014)","10 460"
"Beaucoup de bruit pour rien","89 469"
"Le Beau-père (1988)","N/A"
"Le Beau-père","16 844"
"Le Beau Voyage","-"
"Beau travail","-"
"Beau père","-"
"Le Beau Serge","-"
"Le Beau monde","46 868"
"Le Beau mariage","-"
"Beau Is Afraid","35 019"
"Beau fixe","-"
"Le Beau Danube bleu","-"
"Le Beau Brummel","-"
"Beat Street","N/A"
"Beasts of No Nation","N/A"
"Beast (Inde)","N/A"
"Beast","116 929"
"Bean","1 342 183"
"Be natural, l’histoire cachée d’Alice Guy-Blaché","-"
"Be Happy","110 442"
"Be Cool","170 359"
"Be Bad !","63 189"
"BDE","N/A"
"Bazar","2 110"
"Le Bazaar de l'épouvante","-"
"Baywatch - Alerte à Malibu","620 061"
"Bayard Rustin","N/A"
"Bayala","14 262"
"Baxter, Véra Baxter","N/A"
"Baxter","-"
"La Baule-les-pins","-"
"Battleship Island","1 503"
"Battleship","567 346"
"Battlefield Earth, Terre champ de bataille","54 845"
"Battle Royale","61 322"
"Battle of the Year","59 251"
"Battle of the Sexes","48 367"
"Le Battement d'ailes du papillon","39 457"
"Un nouveau jour sur terre","68 248"
"Un nouveau départ","N/A"
"Un nommé La Rocca","-"
"Un nommé Joe","N/A"
"Un nommé Cable Hogue","-"
"Un nom pour un autre","11 829"
"Un Noël en famille","23 900"
"Un Noël de folie!","18 148"
"Un monstre à Paris","330 502"
"Un mort en pleine forme","-"
"Un Monstre à mille têtes","12 519"
"Un monsieur de compagnie","-"
"Un monde sans pitié","-"
"Un monde sans femmes","4 337"
"Un monde psychédélique","N/A"
"Un monde presque paisible","42 214"
"Un monde pour nous","N/A"
"Un monde plus grand","96 610"
"Un monde parfait","459 900"
"Un Monde nouveau","-"
"Un monde meilleur","58 190"
"Un monde fou, fou, fou","-"
"Un Monde entre nous","N/A"
"Un monde à part","-"
"Un monde à nous","15 957"
"Un monde","15 718"
"Un moment d'égarement (2015)","303 270"
"Un moment d'égarement","-"
"Un milliard dans un billard","-"
"Un meurtre est un meurtre","-"
"Un métier sérieux","215 443"
"Un merveilleux parfum d'oseille","-"
"Un ménage explosif","N/A"
"Un mauvais fils","-"
"Un mariage trop parfait","271 382"
"Un mariage de rêve","135 522"
"La Malédiction de la vallée des rois","-"
"La Malédiction de la Panthère Rose","-"
"La Malédiction de la Dame blanche","316 075"
"La Malédiction : l'origine","104 374"
"La Malédiction","-"
"Le Mâle du siècle","-"
"Malcolm X","138 929"
"Malavita","471 021"
"La Maladie de Sachs","67 152"
"La Maladie de Hambourg","-"
"Maladie d'amour","-"
"Les Malabars son au parfum","-"
"Malabar Princess","365 573"
"Mala noche","11 015"
"Les Mal-aimés","4 986"
"Le Mal par le mal","N/A"
"Le Mal n'existe pas","69 187"
"Mal de Pierres","283 843"
"Le Mal d'aimer","-"
"Making Of","88 397"
"Makala","18 134"
"Le Majordome (1965)","-"
"Le Majordome","378 298"
"Major Dundee","-"
"La Maja nue","-"
"La Maîtresse en maillot de bain","18 057"
"La Maîtresse de fer","-"
"La Maîtresse d'un lieutenant français","-"
"Maîtresse","-"
"Les Maîtres du temps","-"
"Les Maîtres du monde","77 294"
"Les Maîtres du jeu","35 561"
"Les Maîtres de l'univers","-"
"Les Maîtres de l'ombre","-"
"Le Maître nageur","-"
"Le Maître du jeu","174 188"
"Le Maître du déguisement","N/A"
"Le Maître des sorciers","N/A"
"Le Maître des lieux","N/A"
"Le Maître des éléphants","77 345"
"Le Maître des îles","-"
"Le Maître de musique","-"
"Le Maître de la prairie","-"
"Le Maître de guerre","-"
"Le Maître de forges (1960)","-"
"Jiu Jitsu","N/A"
"Jingle Jangle: Un Noël enchanté","N/A"
"Jindabyne, Australie","11 230"
"Jimmy's Hall","141 610"
"Jin Roh: La Brigade des Loups","-"
"Jimmy Rivière","9 237"
"Jimmy P. (Psychothérapie d'un Indien des plaines","104 826"
"Jimmy Neutron: un garçon génial","84 768"
"Jimmy Hollywood","N/A"
"Jimmy Grimble","26 347"
"Jim Bouton & La Cité des Dragons","N/A"
"Jigsaw","302 467"
"Jiburo","12 739"
"JFK Affaire non classée","391 570"
"Jewish connection","38 272"
"Jeux pervers","-"
"Jeux olympiques de Munich","N/A"
"Jeux interdits","-"
"Jeux de Pouvoir","303 056"
"Jeux de guerre","-"
"Jeux de gangs","N/A"
"Jeux de dupes","68 461"
"Jeux d'enfants","341 667"
"Jeux d'adultes","59 469"
"Les Jeunes loups","-"
"Jeunes filles en uniforme","-"
"Les Jeunes amants","152 312"
"Les Jeunes Années d'une reine","-"
"Jeunes Amants","N/A"
"Le Jeune Werther","33 942"
"Le Jeune marié","-"
"Le jeune Karl Marx","50 733"
"Le Jeune imam","86 176"
"La Jeune Fille Sans Mains","13 905"
"La jeune fille et son aigle","22 268"
"La Jeune fille et les paysans","16 136"
"La Jeune fille et la mort","107 455"
"La Jeune fille et les loups","227 766"
"La Jeune fille de l'eau","240 834"
"La Jeune fille et la brume","N/A"
"La Jeune fille à la perle","89 936"
"Jeune femme","47 593"
"Jeune et innocent","-"
"Le Jeune Ahmed","58 159"
"Jeune & jolie","279 414"
"Le Jeu du faucon","-"
"Demain on se marie","158 516"
"Demain on déménage","25 380"
"Demain ne meurt jamais","1 202 360"
"Demain les mômes","-"
"Demain il sera trop tard","-"
"Demain et tous les autres jours","23 862"
"Demain est à nous","17 727"
"Demain dès l'aube...","27 816"
"Demain des hommes","-"
"Demain","82 144"
"Le Déluge","-"
"Delta Force 2: Opération Stranglehold","-"
"Delta Force","-"
"Delphine 1, Yvan 0","162 640"
"Délocalisés","118 435"
"Délivre-nous du mal","143 362"
"Délivrance","-"
"Delits flagrants","-"
"Délit mineur","-"
"Délit de fuite","-"
"Délit d'innocence","-"
"Delirious","31 177"
"Délire express","8 235"
"Délire d'amour","N/A"
"Delicieux","130 477"
"Les Délices de Tokyo","67 743"
"Délice Paloma","30 716"
"Delicatessen","-"
"La Délicatesse","222 101"
"Delhi Belly","N/A"
"Le Déjeuner du 15 août","41 344"
"Deja Vu","261 617"
"Déjà mort","26 671"
"La Dégustation","110 323"
"Les Déguns 2","307 587"
"Les Déguns","194 384"
"Dégradé","17 992"
"Le Défroqué","-"
"Le Défi du champion","11 140"
"Le Défi de Tarzan","-"
"Le Défi","101 225"
"La Défense Loujine","12 666"
"La Défense Lincoln","111 204"
"Défense d’atterrir","N/A"
"Le Battant","-"
"Batman, le défi","431 247"
"Batman v Superman : L’Aube de la Justice","1 251 205"
"Batman Forever","559 225"
"Batman et Robin","567 917"
"Batman Begins","452 777"
"Batman","898 739"
"Batla House","242"
"Bâtiment 5","88 788"
"Les Bateliers de la Volga","-"
"Le Bateau-phare","-"
"Le Bateau de mariage","-"
"Le Bateau d'Emile","-"
"Le Bateau à soupe","-"
"Le Bateau","-"
"Le Bâtard","-"
"Bataillon du ciel","-"
"Le Bataillon dans la nuit","-"
"Bataillon 999","-"
"Bataille sans merci","-"
"Bataille rangée","-"
"La bataille pour Anzio","-"
"La Bataille géante de boules de neige 2, l'incroyable course de luge","48 341"
"La Bataille géante de boules de neige","110 004"
"La Bataille du Rio de la Plata","-"
"La Bataille du rail","-"
"La Bataille du lac Changjin","N/A"
"La Bataille des V1","-"
"La Bataille des sables","-"
"La Bataille des Ardennes","-"
"La Bataille de San Sebastian","-"
"La Bataille de Solférino","17 350"
"La Bataille de Naples","-"
"La Bataille de Midway","-"
"La Bataille de Marathon","-"
"La Bataille de Leningrad","N/A"
"La Bataille de la vallée du Diable","-"
"La Bataille de la planète des singes","-"
"La Bataille de la Neretva","-"
"La Bataille de la Montagne du Tigre","20 114"
"La Bataille de la mer de Corail","-"
"La Bataille de l'eau lourde","-"
"La Bataille de Jangsari","N/A"
"La Bataille d'Alger","-"
"La Bataille d' Angleterre","-"
"Bataille à Seattle","37 734"
"Bataan","-"
"La Baston","-"
"Bastogne","-"
"Bastille Day","-"
"Un jour une vie","N/A"
"Un jour sur Terre","288 127"
"Un jour sans fin","122 863"
"Un jour mon père viendra","103 532"
"Un jour en septembre","4 293"
"Un jour de pluie à New York","202 317"
"Un Jour de Chance","2 531"
"Un jour dans la vie de Billy Lynn","8 269"
"Un jour ça ira","11 626"
"Un jour avec, un jour sans","14 002"
"Un jour","130 096"
"Un joueur à la hauteur","N/A"
"Un jeune chaman","11 936"
"Un jeu d'enfants","74 914"
"Un indien dans la ville","561 528"
"Un indien à New York","-"
"Un illustre inconnu","71 365"
"Un idiot à Paris","-"
"Un homme, un vrai","49 091"
"Un homme voit rouge","-"
"Un Homme très recherché","107 724"
"Un homme se penche sur son passé","-"
"Un homme sans l'Occident","17 179"
"Un homme qui me plaît","-"
"Un homme qui crie","23 678"
"Un homme pressé","293 291"
"Un homme presque parfait","-"
"Un homme pour l'éternité","-"
"Un homme parmi les loups","N/A"
"Un homme intègre","-"
"Un homme idéal","337 525"
"Un homme heureux","233 008"
"Un homme et une femme : 20 ans déjà","-"
"Un homme et une femme","-"
"Un homme et son chien","117 028"
"Un homme et deux femmes","-"
"La Maison sur l'océan","46 522"
"La Maison Nucingen","3 380"
"La Maison Russie","-"
"La Maison et le monde","-"
"La Maison du mal","96 861"
"La Maison du lac","-"
"La Maison du docteur Edwardes","-"
"La Maison du Diable","-"
"La Maison du bonheur","275 370"
"La Maison des otages (1956)","-"
"La Maison des Bories","-"
"La Maison des otages","-"
"La Maison des 1000 morts","N/A"
"Maison de retraite 2","526 067"
"Maison de Retraite","663 787"
"Maison de rendez-vous","-"
"Maison de poupée","-"
"La Maison de Nina","56 992"
"La Maison de la radio","35 961"
"La Maison de l'horreur","185 095"
"La Maison de Jade","-"
"La Maison de cire","140 644"
"La Maison dans la dune","-"
"La Maison aux esprits","79 535"
"La Maison au toit rouge","21 318"
"La Maison au bout du monde","N/A"
"La Maison au bout de la rue","338"
"La Maison assassinée","-"
"La Maison (2022)","18 262"
"La Maison","-"
"Mais, y va où le monde ?","22 769"
"Mais, qui a tué Pamela Rose?","325 920"
"Mais, qui a re-tué Pamela Rose?","158 077"
"Mais vous êtes fous","55 015"
"Mais qui donc m'a fait ce bébé?","-"
"Mais qui a tué Mona ?","9 389"
"Mais qui a tué Harry ?","-"
"Mais qu'est-ce qui fait courir les crocodiles?","-"
"Mais qu'est-ce que j'ai fait au bon dieu pour avoir une femme qui boit dans les cafés avec les homme","-"
"Mais qu'est-ce qu'elles veulent ?","N/A"
"Mais où et donc Ornicar ?","-"
"Mais où est donc passée la 7ème compagnie","-"
"Mais ne reste donc pas pucelle","-"
"Mais comment font les femmes ?","128 970"
"Maintenant ou jamais","87 377"
"Maintenant on l'appelle Plata","-"
"Jeu d'enfant (1989)","-"
"Le Jeu avec le feu","-"
"Le Jeu","429 132"
"Jet Set","428 488"
"Jet Lag","325"
"JESUS, L’Enquête","27 551"
"Jesus' Son","1 998"
"Jésus de Nazareth","-"
"Jésus de Montréal","-"
"Jesus Christ Superstar","-"
"Jesus Camp","12 191"
"Jerusalem","2 155"
"Jersey Boys","71 092"
"Jerry souffre-douleur","-"
"Jerry Maguire","388 654"
"Jerry chez les Cinoques","-"
"Jerry and Marge go large","N/A"
"Jéricho","-"
"Jeremiah Johnson","-"
"Jennifer's Body","175 555"
"Jennifer mon amour","N/A"
"Jennifer 8","72 580"
"Jem et les Hologrammes","1 244"
"Jeffrey","10 500"
"Jefferson à Paris","-"
"Jeff Panacloc - A la poursuite de Jean-Marc","175 085"
"Jeff","-"
"Jeepers Creepers 2, le chant du diable","52 618"
"Jeepers Creepers","106 945"
"Jeanne la Pucelle - Les prisons","-"
"Jeanne la Pucelle - Les batailles","32 425"
"Jeanne et le garçon formidable","62 014"
"Jeanne du Barry","45 029"
"Jeanne d'Arc","1 017 149"
"Jeanne d'Arc (1949)","-"
"Jeanne","18 462"
"Jean-Philippe","555 280"
"Jean-Michel le caribou et les histoires d'amour interdites","12 904"
"Jean-Christopher & Winnie","228 173"
"Jean Vanier, le sacrement de la tendresse","7 774"
"Jean Galmot, aventurier","-"
"Jean Dominique, The Agronomist","1 898"
"Jean de la Lune","71 214"
"Jean de la Lune (1949)","-"
"Deep Impact","464 802"
"Deep End","-"
"Dédée d'Anvers","-"
"Dédales","76 753"
"Décryptage","10 115"
"Décroche les étoiles","30 027"
"Décret présidentiel","N/A"
"Les Découvreurs","-"
"Le Déclin de l'empire américain","-"
"Déclic et des claques","-"
"Decision to Leave","103 303"
"La Déchirure","-"
"Le Décameron II","-"
"Le Décalogue","-"
"Décalage horaire","496 630"
"La Décade prodigieuse","-"
"Le Débutant","-"
"Debout les femmes!","33 988"
"Debout","4 093"
"Débarquement immédiat","199 812"
"La Débandade","105 520"
"Death Wish (2018)","145 073"
"Death Sentence","49 817"
"Death Note The Last Name 1 & 2","2 244"
"Dear White People","40 402"
"Dear Wendy","11 378"
"Dear Mr. Wonderful","N/A"
"Dear Frankie","3 195"
"Dear America, lettres du Vietnam","N/A"
"Deadpool 2","1 186 493"
"Deadpool & Wolverine","1 200 046"
"Deadpool","1 575 661"
"Deadfall","N/A"
"Dead Zone","-"
"Dead Silence","3 460"
"Dead or Alive","43 958"
"Dead Man Talking","8 593"
"Dead Man Down","64 955"
"Dead Man","63 321"
"Dead Bang","-"
"Dead Again","-"
"De-lovely","7 757"
"De vrais mensonges","240 103"
"De toutes nos forces","238 763"
"De toutes mes forces","52 876"
"Go Now","-"
"Go Go Tales","4 494"
"Go Fast","342 150"
"Go","-"
"Gnoméo & Juliette","199 928"
"Gloups! Je suis un poisson","55 503"
"Glory to the Filmmaker!","1 326"
"Glory Daze","N/A"
"Glory","-"
"La Glorieuse parade","N/A"
"Gloria Mundi","128 391"
"Gloria Bell","59 122"
"Gloria (1999)","-"
"De son vivant","90 106"
"Gloria (1980)","-"
"Gloria !","31 936"
"Gloria","60 074"
"La Gloire et la peur","-"
"La Gloire des canailles","-"
"La Gloire de mon père","-"
"Glitter","-"
"Glissements progressifs du plaisir","-"
"Glengarry","-"
"Glee ! On Tour - 3D","11 527"
"Gleaming the Cube","N/A"
"Glass Onion : une histoire à couteaux tirés","N/A"
"Glass","539 113"
"Le Glaive et la balance","-"
"Gladiator II","1 269 147"
"Gladiator","117 869"
"Gladiateurs","-"
"Les Gladiateurs","-"
"Good Time","65 381"
"Good Night, and Good Luck.","156 464"
"Good Newwz","683"
"Good Morning, Vietnam","-"
"Good morning England","182 517"
"Good morning Babylone","-"
"Good Luck Algeria","90 069"
"Good Kill","56 489"
"Good Bye, Lenin!","163 695"
"Good bye, Bruce Lee","-"
"Good bye Emmanuelle","-"
"Good Burger","-"
"Good Boys","76 808"
"Gonflés à bloc","-"
"Gone Girl","539 178"
"Le Gone de Chaâba","55 046"
"Gone Baby Gone","134 071"
"Gomorra","140 876"
"Gomez et Tavares","445 103"
"Gomes Vs Tavares","93 549"
"Golo et Ritchie","149 071"
"Goliath","267 284"
"Golem, le tueur de Londres","N/A"
"Goldorak","-"
"Goldfinger","-"
"Goldeneye","1 105 770"
"Golden Glove","5 503"
"Golden door","90 015"
"Golden Child, Enfant sacré du Tibet","-"
"Golden boy","-"
"Gold (2017)","45 363"
"Gold","15 074"
"Le Grand Bazar","-"
"Le Grand Bal","17 692"
"Le Grand Bain","1 527 394"
"Le Grand Amour","-"
"Le Grand Appartement","134 247"
"Le Grand Alibi (1951)","-"
"Le Grand alibi","153 920"
"Gran Turismo","382 349"
"Gran Torino","865 928"
"Les Graines du figuier sauvage","123 315"
"La Graine et le mulet","105 919"
"Grace of My Heart","-"
"Grace is Gone","13 819"
"Grace de Monaco","152 404"
"Grâce à Dieu","275 767"
"Grabuge","8 818"
"Gouttes d'eau sur pierres brûlantes","-"
"Goutte d'or","27 639"
"Les Goûts et les couleurs (2022)","30 520"
"Les Goûts et les couleurs","N/A"
"Le Goût du Saké","-"
"Le Goût des merveilles","92 682"
"Le Goût des autres","711 458"
"Le Goût de la violence","-"
"Le Goût de la vie","108 309"
"Le Goût de la cerise","38 156"
"Le Gourou et les femmes","63 527"
"Le Goufre aux chimères","-"
"Les Gouffres","700"
"Goubbiah, mon amour","-"
"Gothika","462 828"
"Le Grand Retournement","12 769"
"Le Grand Retour","-"
"Le Grand restaurant","-"
"Grand Prix","-"
"Le Grand pavois","-"
"Grand Paris","6 676"
"Le Grand partage","474 661"
"Le Grand pardon 2","-"
"Le Grand pardon","-"
"Le Grand Nord - La Migration des rennes","8 959"
"Grand Nord","148 184"
"Le Grand Noël des animaux","15 615"
"Le Grand Méchant Renard et autres contes","125 891"
"Grand méchant loup appelle","N/A"
"Le Grand méchant loup","136 571"
"Le Grand Meaulnes (1967)","-"
"Le Grand Meaulnes","200 979"
"Le Grand McLintock","-"
"Le Grand magasin","16 851"
"Le Grand jour du Lièvre","9 376"
"Le Grand jour","29 028"
"Le Grand jeu (2018)","262 258"
"Le Grand jeu (2015)","43 381"
"Le Grand jeu","-"
"Grand Isle: Piège mortel","N/A"
"Le Grand homme","8 287"
"Grand froid","67 837"
"Le Grand Frisson (IMAX)","-"
"Le Grand frisson","-"
"Le Grand frère","-"
"Le Grand rôle","-"
"Le Grand escogriffe","-"
"Les Grandes gueules","-"
"Les Grandes familles","-"
"Les Grandes bouches","-"
"La Grande vie","26 848"
"La Grande vadrouille","-"
"La Grande traversée","N/A"
"La Grande séduction","149 470"
"La Grande sauterelle","-"
"La Grande pagaille","-"
"La Grande Muraille de Chine","-"
"La Grande muraille","375 857"
"La Grande Meute","-"
"La Grande menace","-"
"La Grande mafia","-"
"La Grande magie","47 867"
"La Grande lessive","-"
"La Grande java","-"
"La Grande illusion","-"
"La Grande guerre","-"
"La Grande frousse","-"
"La Grande évasion","-"
"La Grande escroquerie du Rock'n'Roll","-"
"Grande école","12 070"
"La Grande cuisine","-"
"La Grande croisade","N/A"
"La Grande course auour du monde","-"
"La Grande course au fromage","14 660"
"La Grande Chevauchée de Robin des Bois","-"
"La Grande cavale","21 338"
"Les Grandes Manœuvres","-"
"La Grande casse","-"
"La Grande bourgeoise","-"
"Grizzli","164 084"
"Gringo","29 439"
"Gringalet","-"
"Les Grincheux 2","N/A"
"Les Grincheux","-"
"Le Grinch (2018)","581 114"
"Le Grinch","277 456"
"Grimsby - Agent trop spécial","69 272"
"Le Grimoire d'Arkandias","270 416"
"Grigris","9 461"
"Les Griffes du lion","-"
"Les Griffes de la nuit","-"
"La Griffe et la dent","-"
"Gridlock'd","-"
"La Griffe","-"
"Greystoke","-"
"Greta","77 019"
"Gremlins 2","-"
"Gremlins","-"
"Grégoire Moulin contre l'humanité","58 382"
"Greenland - Le dernier refuge","193 402"
"Greetings","N/A"
"Greenhouse","19 694"
"Greenberg","36 576"
"Green Zone","345 040"
"Green Room","34 772"
"Green Lantern","423 226"
"Green Card","-"
"Green Border","18 130"
"Greed: Trop n'est jamais assez !","N/A"
"Green Book : Sur les routes du sud","288 777"
"Les Guerriers de l'enfer","N/A"
"Guerrière","6 039"
"Le Guerrier silencieux","19 740"
"Le Guerrier de l'espace","N/A"
"Le Guerrier d'acier","-"
"La Guerre selon Charlie Wilson","280 835"
"Guerre secrète","-"
"La Guerre sans nom","-"
"Guerre et passion","-"
"Guerre et Paix","-"
"Guerre et amour","-"
"La Guerre est finie","-"
"La Guerre est déclarée","209 728"
"La Guerre est aussi une chasse","N/A"
"La Guerre du feu","-"
"La Guerre des Tuques","-"
"La Guerre des Rose","-"
"La Guerre des polices","-"
"La Guerre des pères","1 398"
"La Guerre des mondes (1953)","-"
"La Guerre des mondes","1 700 096"
"La Guerre des Lulus","200 047"
"La Guerre des miss","113 372"
"La Guerre des fées","9 004"
"La Guerre des étoiles","217 966"
"La Guerre des Dieux","8 261"
"La guerre des boutons ça recommence","-"
"La Guerre des boutons (2011)","635 321"
"La Guerre des boutons","-"
"La guerre de Troie","-"
"La Guerre de Murphy","-"
"La Guerre dans le haut pays","-"
"Gypsy, vénus de Broadway","N/A"
"Gymkata","N/A"
"Gwendoline","-"
"Guy de Maupassant","-"
"Guy","74 739"
"Gus - petit oiseau, grand voyage","62 801"
"Guns Akimbo","N/A"
"Guns 1748","53 062"
"Gunman","105 835"
"Gung Ho!","-"
"Gung Ho","-"
"Guncrazy, le démon des armes","N/A"
"Gully Boy","1 025"
"Guinguette","-"
"Le Guignolo","-"
"Guibord s'en va-t-en guerre","15 463"
"Les Gueux au paradis","-"
"Gueules noires","33 469"
"La Gueule ouverte","-"
"La Gueule de l'emploi","-"
"La Gueule de l'autre","-"
"Gueule d'ange","54 073"
"Les Guetteurs","94 753"
"Guet-apens (1994)","182 289"
"Le Guetteur","122 224"
"Guet-apens","-"
"Les Guerriers des étoiles","N/A"
"Les Guerriers de la nuit","-"
"La Guerre d'Algérie","-"
"La Guerre à Paris","-"
"Guermantes","5 141"
"Le Guépard","-"
"Guantanamera","16 440"
"Le Gruffalo","21 086"
"La Grotte des rêves perdus","28 177"
"La Grosse pagaille","-"
"La Grosse magouille","-"
"Grosse fatigue","417 021"
"Grosse colère & Fantaisies","17 473"
"La Grosse combine","-"
"La Grosse caisse","-"
"Gros Plan","-"
"Le Gros dégueulasse","-"
"Groom service","N/A"
"Les Gros bras","-"
"Grizzly Man","2 652"
"Great Balls of Fire!","N/A"
"Grease 2","-"
"Grease","-"
"Gravity","1 493 000"
"Grave","62 340"
"Les Granges brûlées","-"
"Les Grands frères","31 351"
"Les Grands fonds","-"
"Les Grands Esprits","104 837"
"Les Grands espaces","-"
"Les Grands ducs","199 727"
"Grandma's Boy","600"
"Grandir c’est chouette !","15 835"
"Grandeur nature","-"
"Grandeur et descendance","38 302"
"Les Grandes vacances","-"
"Les Grandes personnes","61 232"
"Les Grandes Ondes","24 017"
"La Grande bouffe","-"
"La Grande Bellezza","47 900"
"La Grande boucle","131 010"
"La Grande Bagarre de Don Camillo","-"
"La Grande Aventure Lego 2","207 748"
"La Grande Aventure Lego","472 708"
"La Grande aventure de Non-Non","8 313"
"La Grande attaque du train d'or","-"
"La Grande arnaque","N/A"
"Le Grand voyage d'Ibn Battuta de Tanger à la Mecque","2 352"
"Grand Tour","26 707"
"Le Grand tournoi","264 415"
"Le Grand sommeil","-"
"Le Grand soir (2012)","185 066"
"Le Grand Sam","-"
"Le Grand Soir","N/A"
"Le Grand défi","-"
"Le Grand délire","-"
"Le Grand Cirque de Moscou","-"
"Le Grand saut","100 192"
"Le Grand cirque (2023)","37 548"
"Le Grand cirque","-"
"Le Grand silence","18 528"
"Le Grand embouteillage","-"
"Grand départ","38 837"
"Le Grand chemin","-"
"Le Grand Chef (2009)","3 036"
"Grand Central","95 280"
"Le Grand chef","-"
"Le Grand Caruso","-"
"Le Grand carnaval","-"
"Grand Canyon (1991)","-"
"Grand Canyon","-"
"Le Grand Bluff","-"
"Le Grand blond avec une chaussure noire","-"
"Le Grand bleu","-"
"Le Grand bidule","-"
"Gothic","N/A"
"Le Gospel du bagne","N/A"
"Gosses de Tokyo","-"
"Gosford Park","165 185"
"Gorky Park","N/A"
"Les Gorilles de montagne","-"
"Gorilles dans la brume","-"
"Les Gorilles (1964)","-"
"Les Gorilles","100 234"
"Le Gorille vous salue bien","-"
"Le Gorille a mordu l'archevêque","-"
"Gorge profonde","-"
"La Gorge du diable","N/A"
"Goodbye Morocco","13 184"
"Les Goonies","-"
"Goodbye Monster","11 106"
"Goodbye Lover","29 868"
"Goodbye Julia","11 314"
"Goodbye Bafana","157 484"
"Going To Brazil","51 484"
"Going Ape!","N/A"
"Godzilla x Kong : Le Nouvel Empire","442 704"
"Godzilla vs. Kong","N/A"
"Godzilla Minus One","94 787"
"Godzilla II Roi des Monstres","342 574"
"Godzilla (2014)","720 996"
"Godzilla (1957)","-"
"Godzilla","1 127 486"
"Godsend, expérience interdite","87 714"
"Gods Of Egypt","203 332"
"Godland","35 205"
"Les Godelureaux","-"
"God's Creatures","N/A"
"God Save the Tuche","1 086 865"
"God Bless America","24 595"
"Goal: naissance d'un prodige","165 007"
"Goal II la consécration","50 814"
"La Glace et le Ciel","26 024"
"La Gitane","-"
"Give Me Liberty","22 592"
"Le Gitan","-"
"Girls Will Be Girls","13 065"
"Girls Trip","60 035"
"Girls Only","70 134"
"Girls Just Want to Have Fun","N/A"
"Girls & Sex 2","N/A"
"Girls & Sex","N/A"
"Girls","-"
"Girlfight","44 488"
"Girl Next Door","80 626"
"Girl 6","25 623"
"Girl","116 438"
"Ginostra","10 729"
"Giorgino","-"
"Ginger et Fred","-"
"Ginger & Rosa","8 405"
"Basquiat","-"
"Basketball diaries","21 525"
"Basket academy","2 225"
"Basil détective privé","-"
"Basic Instinct 2","293 727"
"Basic Instinct","-"
"Basic","167 702"
"Les Bas-fonds de Mexico","-"
"Les Bas-fonds de Frisco","-"
"Bas les masques","-"
"Barton Fink","-"
"Barry Seal : American Traffic","271 607"
"Barry Lyndon","-"
"Barry","-"
"Barrocco","-"
"La Barricade du Point du Jour","-"
"Le Barragueur du Montana","-"
"Le Barrage de Burlington","-"
"Barrage contre le Pacifique","-"
"Barrage","4 353"
"Barracuda","7 356"
"Barquero","-"
"Les Baroudeurs","-"
"Baroud à Beyrouth pour FBI 505","-"
"Les Barons","25 864"
"Les Baronnes","52 100"
"Le Baron tzigane","-"
"Le Baron de l'écluse","-"
"Barnie et ses petites contrariétés","352 263"
"Barfly","-"
"Barn Burning","N/A"
"Bardo, fausse chronique de quelques vérités","N/A"
"Barcelona","-"
"Le Barbier de Sibérie","270 227"
"Les Barbouzes","-"
"Le Barbier de Séville","-"
"Barbie","1 680 490"
"Barbès, little Algérie","39 599"
"Barbershop 2","77"
"Barbershop","2 280"
"Barberousse","-"
"Barbecue","647 797"
"Barbe-Noire le pirate","-"
"Barbe-d'Or et les pirates","-"
"Barbe-Bleue (1973)","-"
"Barbe-Bleue","-"
"La Barbe à papa","-"
"Les Barbarians","-"
"Les Barbares","121 349"
"Barbarella","-"
"2012","2 212 370"
"2010, l'année du premier contact","-"
"2001 : L'Odyssée de l'espace","-"
"1992","N/A"
"1984","-"
"1969","N/A"
"1943 L'ultime révolte","1 782"
"1941.","-"
"1917","644 738"
"1900","-"
"1492 Christophe Colomb","610 299"
"Les 1001 nuits","-"
"Les 1001 recettes du cuisinier amoureux","-"
"World War Z","1 209 900"
"World Trade Center","391 102"
"World Invasion : Battle Los Angeles","314 138"
"Working Girl","-"
"Woody et les robots","-"
"Woody Allen: A Documentary","10 213"
"Woodstock","-"
"Wonka","787 846"
"Wonderland, le royaume sans pluie","40 431"
"Wonderland","33 703"
"Wonder Woman 1984","N/A"
"Wonder Woman","755 369"
"Wonder Wheel","151 321"
"Wonder","82 140"
"Women Talking","17 688"
"Woman on Top, amours, piments et bossa nova","-"
"Woman at War","44 167"
"Wolfman","214 497"
"Woman","43 962"
"Wolfen","-"
"Wolf Man","78 697"
"Wolf Creek","83 785"
"Wolf","493 160"
"Witness","-"
"Wishmaster 2","21 421"
"With Or Without You","-"
"Wishmaster","65 315"
"Wishcraft","44 754"
"Un homme en fuite","19 721"
"Un homme en colère","149 025"
"Un homme de trop","-"
"Un homme d'exception","215 506"
"Un homme amoureux","-"
"Un homme à respecter","-"
"Un homme à part","133 982"
"Un homme à ma taille","-"
"Un homme à la hauteur","278 901"
"Un hold-up extraordinaire","-"
"Un hiver en été","1 634"
"Un hiver à Yanji","12 843"
"Un hiver à New York","N/A"
"Un hiver à Central Park","N/A"
"Un héros très discret","138 899"
"Un heureux événement","190 939"
"Un héros comme tant d'autres","-"
"Un hérisson dans la neige","15 007"
"Un héros","67 965"
"Un Grand voyage vers la nuit","9 675"
"Un grand patron","-"
"Un Grand Mariage","99 788"
"Un grand cri d'amour","194 520"
"Un génie, deux associés, une cloche","-"
"Un garçon nommé Noël","N/A"
"Un Fusil pour l'honneur","N/A"
"Un frisson dans la nuit","-"
"Un frère","17 948"
"Un Français","31 574"
"Un flic et demi","33 912"
"Un flic aux trousses","-"
"Un flic à la maternelle","-"
"Un flic à Chicago","N/A"
"Un flic (1947)","-"
"Un flic","-"
"Un fils pour l'été","N/A"
"Un fils","25 249"
"Un film parlé","14 122"
"Un fil à la patte","77 394"
"Un faux mouvement","-"
"Un fauteuil pour deux","-"
"Un étrange voyage","-"
"Un été sur Terre","N/A"
"Un Eté sans histoires","-"
"Un été pourri","-"
"Un été italien","15 033"
"Un été inoubliable","-"
"Maine océan","-"
"La Main sur le berceau","-"
"La Main qui tue","-"
"La Main du cauchemar","N/A"
"La Main droite du diable","-"
"Main de fer","-"
"Main dans la main","103 165"
"La Main au collier","5 488"
"La Main chaude","-"
"La Main au collet","-"
"La Main à couper","-"
"La Main","187 507"
"Maigret voit rouge","-"
"Maigret tend un piège","-"
"Maigret et l'affaire Saint-Fiacre","-"
"Magnum Force","-"
"Magnifique désolation : marchons sur la lune","N/A"
"Magnolia","78 808"
"Le Magnifique","-"
"Magnificat","30 964"
"Les Magnétiques","25 215"
"Magique","76 759"
"Magma","28 444"
"Les Magiciens","-"
"Le Magicien d'Oz","-"
"Magic warriors","-"
"Magic Mike XXL","107 428"
"Magic Mike : dernière danse","N/A"
"Magic Mike","132 498"
"Magic in the Moonlight","369 909"
"Magic baskets","37 416"
"Magic !","44 064"
"Magic","-"
"Maggie","58 111"
"Maggie a un plan","33 844"
"Le Magasin des suicides","125 124"
"La mafia tue seulement l'été","N/A"
"Mafia Salad","N/A"
"Mafia parano","12 147"
"Mafia love","4 606"
"Mafia blues 2 - la rechute","235 631"
"Mafia Blues","350 629"
"Maestro(s)","111 837"
"Relève : histoire d'une création","11 948"
"La Relève","-"
"Relaxe-toi chérie","-"
"Reivers","-"
"Les Reines du ring","150 739"
"Reines d'un jour","135 114"
"La Reine Soleil","61 454"
"La Reine Margot","369 709"
"La Reine Margot (1954)","-"
"La Reine du music-hall","-"
"La Reine du Colorado","N/A"
"La Reine des pommes","10 827"
"Maestro (2023)","N/A"
"La Reine des neiges 2","2 137 267"
"La Reine des neiges","862 291"
"La Reine des damnés","248 920"
"La Reine de Saba","-"
"La Reine de Broadway","-"
"La Reine d'Espagne","N/A"
"La Reine blanche","-"
"La Reine Africaine","-"
"Les Regrets","89 668"
"Regression","88 390"
"Le Règne du feu","401 688"
"Le Règne des assassins","N/A"
"Le Règne animal","224 476"
"Règlement de comptes à OK Corral","-"
"La Région sauvage","6 114"
"Les Régates de San Francisco","-"
"Regards et sourires","-"
"Regarde-moi (en face)","-"
"Le Rendez-vous de Hong Kong","-"
"Rendez-vous chez Max","-"
"Le Rendez-Vous des dupes","N/A"
"Le Rendez-vous de septembre","-"
"Les rendez-vous de Paris","21 598"
"Rendez-vous de juillet","-"
"Rendez-vous Chez Les Malawas","334 644"
"Rendez-vous avec une star!","1 847"
"Rendez-vous avec un ange","6 939"
"Rendez-vous avec le destin","N/A"
"Rendez-vous avec Pol Pot","22 975"
"Rendez-vous avec la mort","-"
"Rendez-vous à Tokyo","27 335"
"Rendez-vous à Rio","-"
"Rendez-vous à Palerme","N/A"
"Rendez-vous à Kiruna","23 488"
"Rendez-vous à Grenade","-"
"Rendez-vous à Bray","-"
"Rendez-vous à Atlit","15 668"
"Rendez-vous (1945)","N/A"
"Rendez-vous","-"
"Le Rendez-vous","-"
"Rendez-moi ma peau","-"
"Rencontres du troisième type","-"
"Les rencontres d'après minuit","4 892"
"Rencontres à Manhattan","20 409"
"Rencontres à Elizabethtown","111 382"
"Rencontre dans la 3ème dimension","-"
"Rencontre avec le dragon","77 179"
"Rencontre avec Joe Black","288 415"
"Rencontre à Wicker Park","27 062"
"Rencontre à Paris","-"
"Le Renard et l'enfant","466 488"
"Le Renard des océans","-"
"Rester vertical","34 156"
"Reste un peu","152 695"
"Ressources humaines","-"
"Respiro","70 102"
"Respire","103 120"
"La Résistance de l'air","21 118"
"Respect","63 758"
"Resistance","N/A"
"Resident Evil: Extinction","302 319"
"Resident Evil: Retribution","265 993"
"Resident Evil: Apocalypse","459 152"
"Resident Evil : Chapitre Final","174 825"
"Resident Evil : Bienvenue à Raccoon City","110 288"
"Resident Evil : Afterlife 3D","404 807"
"Resident Evil","533 300"
"Reservoir Dogs","-"
"Le Réseau Shelburn","18 231"
"Requiem pour une tueuse","80 872"
"Requiem for a Dream","45 403"
"Requiem","40 143"
"Répulsion","-"
"Reptile","N/A"
"Le Reptile","-"
"Reproduction interdite","-"
"Reprise en main","39 242"
"Représaille","N/A"
"Le Repos du guerrier","-"
"Reporters","-"
"Réponse armée","N/A"
"Repo Men","12 880"
"Replicant","71 059"
"Retour vers le futur","-"
"Retour vers l'enfer","-"
"Retour en force","-"
"Le Retour du Jedi","1 011 878"
"Le Retour du Héros","372 856"
"Le Retour du grand blond","-"
"Le Retour du dragon","-"
"Le Retour du Chinois","-"
"Le Retour des sept","-"
"Le Retour des mousquetaires","-"
"Le Retour des morts-vivants 2","N/A"
"Le Retour des morts-vivants","-"
"Le Retour des hirondelles","24 402"
"Le Retour des bidasses en folie","-"
"Le Retour des anges de l'enfer","N/A"
"Le Retour de Sabata","-"
"Le Retour de Roscoe Jenkins","4 120"
"Le Retour de Ringo","-"
"Le Retour de Mary Poppins","389 704"
"Le Retour de Martin Guerre","-"
"Retour de manivelle","-"
"Le Retour de la panthère rose","-"
"Le Retour de la Momie","756 465"
"Le Retour de l'inspecteur Harry","-"
"Le Retour de l'étalon noir","N/A"
"Retour de flamme","25 319"
"Le Retour de Don Camillo","-"
"Le Retour de Casanova","-"
"Le Retour de Billy Wyatt","N/A"
"Retour d'Afrique","-"
"Retour chez ma mère","643 863"
"Retour au lagon bleu","-"
"Rhum Express","58 749"
"Rheingold","11 672"
"Rhapsodie en août","-"
"Rex chien pompier","8 200"
"Rewind","-"
"Rewak le rebelle","-"
"La Revue de Charlot","-"
"Revolver","117 915"
"Le Révolutionnaire","-"
"La Révolution silencieuse","37 308"
"La Révolution française : les Années Lumières","-"
"Révolution","-"
"Les Révoltés du Bounty","-"
"La Révolte des Indiens apaches","-"
"La Révolte des gladiateurs","-"
"La Révolte des Dieux rouges","-"
"Revoir Paris","142 841"
"Reviens-moi","151 229"
"Les Rêves dansants sur les pas de Pina Bausch","36 823"
"Rêves d'or","18 907"
"Rêves","-"
"Revenir","22 258"
"Revenger","N/A"
"Revenge (2018)","23 283"
"Revenge (2011)","10 687"
"Revenge","-"
"Révélations","196 830"
"La Révélation","26 554"
"Réveillon chez Bob","-"
"Le Réveil de la sorcière rouge","-"
"Le Reve du singe fou","N/A"
"Rêve de singe","-"
"Ripoux 3","280 234"
"Les Ripoux","-"
"Riposte immédiate","N/A"
"Riposte féministe","16 229"
"La Riposte de l'homme-araignée","-"
"Ripley's Game","N/A"
"Rio Sex Comedy","10 012"
"Rio Lobo","-"
"Rio Grande","-"
"Rio Conchos","-"
"Rio Bravo","-"
"Rio 2","668 971"
"Rio","600 878"
"Rintintin","50 047"
"Les Ringards","-"
"Ring 2","-"
"Ring","42 500"
"Rimbaud Verlaine","-"
"Rifkin's Festival","39 643"
"Riff-Raff","-"
"Riens du tout","65 021"
"Rien sur Robert","240 816"
"Rien que pour vos yeux","-"
"Rien que pour vos cheveux","93 875"
"Rien que du bonheur","18 358"
"Rien que des mensonges","-"
"Rien ne va plus (1979)","-"
"Rien ne va plus","172 230"
"Rien en commun","-"
"Rien de personnel","54 641"
"Rien à Perdre (2023)","84 320"
"Rien à perdre (1988)","-"
"Robots","294 261"
"Le Robot Sauvage","395 356"
"Robot & Frank","19 288"
"Robocop II","-"
"Robocop 3","285 815"
"Robocop (2014)","348 763"
"Robinson et le triporteur","-"
"Robocop","-"
"Robinson et Cie","-"
"Les Robinson des mers du Sud","-"
"Robinson Crusoe (2016)","177 748"
"Robin's Wish","N/A"
"Robin des Bois, prince des voleurs","-"
"Robin des bois, la véritable histoire","240 213"
"Robin des Bois et ses joyeux compagnons","-"
"Robin des Bois (2010)","1 185 144"
"Robin des Bois (2018)","197 360"
"Robin des bois (1991)","-"
"Robin des Bois","-"
"Roberto Succo","63 863"
"Robert et Robert","-"
"La Robe","-"
"Rob Roy","142 781"
"Road Trip","220 143"
"Road House (2024)","N/A"
"Road House","-"
"Rize","71 210"
"Riz amer","-"
"Les Rivières pourpres 2, Les Anges de l'Apocalypse","908 719"
"Les Rivières pourpres","972 609"
"Le Roi du bla-bla-bla","-"
"Le Roi des truands","-"
"Le Roi des rois","-"
"Le Roi des resquilleurs","-"
"Le Roi des jardins Marvin","-"
"Le Roi des gitans","-"
"Le Roi des cons","-"
"Le Roi des camelots","-"
"Le Roi des bricoleurs","-"
"Le Roi des Aulnes","48 845"
"Le Roi de Paris","-"
"Le Roi de l'évasion","13 682"
"Le Roi de cœur","-"
"Le Roi David","-"
"Le Roi danse","148 490"
"Le Roi blanc, dame rouge","-"
"Le Roi Arthur: La Légende d'Excalibur","362 905"
"Le Roi Arthur","634 627"
"Le Roi","N/A"
"Rogue One: A Star Wars Story","1 798 117"
"Rogue l'ultime affrontement","114 801"
"Roger la Honte","-"
"Roger et moi","-"
"Rodin","115 220"
"Les Rôdeurs de la plaine","-"
"Rodéo","22 033"
"Rocky V","-"
"Rocky IV","1 846 150"
"Rocky III : L'Œil du tigre","317 821"
"Rocky II : La Revanche","42 199"
"Rocky Balboa","670 642"
"Le Roi et l'oiseau","-"
"Ronde de nuit","-"
"La Ronde","-"
"Ron débloque","137 238"
"Romy et Michelle, dix ans après","N/A"
"Romulus et Remus","-"
"Romuald et Juliette","-"
"Romeo Is Bleeding","14 637"
"Roméo et Juliette (1968)","-"
"Roméo et Juliette","186 223"
"Roméo doit mourir","289 094"
"Rome, ville ouverte","-"
"Romanzo criminale","158 013"
"La Romancière, le film et le heureux hasard","8 960"
"Romance sur le lac","N/A"
"Romance inachevée","N/A"
"Romance","112 124"
"Le Roman de Lulu","74 555"
"Le Roman de Jim","143 016"
"Le Roman de gare","151 204"
"Le Roman d'un jeune homme pauvre","35 389"
"Le Roman d'Elvis","-"
"Le Roman d'Al Jolson","-"
"Romaine par moins 30","101 329"
"La Rolls-Royce jaune","-"
"Roma","N/A"
"Rolling Stones: Live at the MAX","-"
"Rolling Stones","N/A"
"Rollerball (2002)","198 744"
"Rollerball","-"
"Le Rôle de sa vie","219 223"
"Rojo","20 846"
"Le rôle de ma vie","48 537"
"La Route de Salina","-"
"La Route de l'ouest","-"
"La Route de Corinthe","-"
"La Route d'Eldorado","197 283"
"La Route","197 280"
"Le Routard","-"
"Roulez jeunesse","73 707"
"Rouge-gorge","-"
"Rouge rubis","N/A"
"Le Rouge et le noir","-"
"Le Rouge est mis","-"
"Rouge cabriolet","N/A"
"Rouge baiser","-"
"Rouge à lèvres et arme à feu","15 261"
"Roubaix, une lumière","114 773"
"Rouge","35 011"
"Rosy la bourrasque","-"
"Rosy","14 480"
"Rossini! Rossini!","-"
"Le Rossignol des montagnes","-"
"Rosine","-"
"Le Rosier de Madame Husson","-"
"Rosetta","154 016"
"Rosencrantz et Guildenstern sont morts","-"
"Rosemary's Baby","-"
"Roselyne et les Lions","-"
"Roseland","N/A"
"Rosebud","-"
"Les Roseaux sauvages","37 688"
"Rose, petite fée des fleurs","10 886"
"La Rose rouge","-"
"La Rose pourpre du Caire","-"
"Rumba","40 609"
"La Rumba","-"
"Le Ruisseau, le pré vert et le doux visage","9 155"
"Le Ruffian","-"
"Les Ruines","10 098"
"Les Rues de feu","-"
"Les Ruelles du malheur","-"
"La Ruée vers l'Ouest","-"
"La Ruée vers l'or","N/A"
"La Rue sans loi","-"
"Rue Mandar","83 954"
"Rue du Pied de Grue","-"
"Rue du départ","-"
"Rue des prairies","-"
"Rue des plaisirs","143 179"
"Rue Cases-nègres","-"
"Rue Barbare","-"
"La Rue","-"
"Rudo et Cursi","11 982"
"Rude journée pour la reine","-"
"Ruby, l'ado Kraken","88 243"
"Ruby in Paradise","-"
"Ruby Cairo","N/A"
"Rubber","19 555"
"Le Ruban blanc","164 012"
"RTT","338 656"
"Rrrrrrr!!!","931 372"
"RRR","5 598"
"Le Royaume des singes","41 711"
"Le Royaume interdit","108 439"
"Ruy Blas","-"
"Ruth & Alex","N/A"
"Rusty James","-"
"Les Russes arrivent","-"
"Rushmore","-"
"Rush Hour 3","318 681"
"Rush Hour","428 156"
"Rush Hour 2","825 350"
"Rush","-"
"La Ruse","127 930"
"Rurôni Kenshin: Sai shûshô - The Beginning","N/A"
"Rupture pour tous","8 179"
"Rupture mode d'emploi","N/A"
"Rupture fatale","N/A"
"Rush (2013)","149 696"
"La Rupture (2006)","291 432"
"Rupture(s)","-"
"La Rupture","-"
"Running man","-"
"Les Runaways","46 727"
"Runaway - L'Evadé du futur","-"
"La Rumeur court","126 446"
"La Rumeur","-"
"Rumba la vie","151 081"
"Le Royaume des étoiles","158 405"
"Le Royaume des chats","103 751"
"Le Royaume des abysses","79 728"
"Le Royaume de Naya","163 496"
"Le Royaume de Kensuke","72 554"
"Le Royaume de Ga'Hoole - la légende des gardiens","324 593"
"Le Royaume (2007)","242 603"
"Le Royaume","70 133"
"Royal Corgi","284 411"
"Royal Affair","81 405"
"Roxanne","-"
"Roxane","138 925"
"Rox et Rouky","-"
"Les Routes du sud","-"
"La Route semée d'étoiles","-"
"La Route sauvage","40 184"
"Route Irish","33 146"
"La Route du bagne","-"
"La Route du bonheur","-"
"La Route des Indes","-"
"La Rose et la flêche","-"
"La Rose noire","-"
"Rose et Cassandra","2 941"
"Rose bonbon","N/A"
"Rose (1957)","-"
"Rose & noir","78 296"
"Rose","41 035"
"Rosario","23 719"
"Rosalie Blum","143 215"
"Rosa Luxemburg","-"
"Rosalie","54 316"
"Rosa la rose, fille publique","-"
"Room","74 270"
"Room service","-"
"Ronin","391 979"
"La Ronde des heures","-"
"La Ronde des couleurs","4 060"
"La Ronde de nuit","18 218"
"Les Rois mages","645 948"
"Rois et reine","89 906"
"Les Rois du soleil","-"
"Les Rois du rallye","7 605"
"Les Rois du patin","1 488"
"Les rois du monde","9 775"
"Les Rois du gag","-"
"Les Rois du désert","328 142"
"Les Rois de la piste","38 177"
"Les Rois de la glisse","444 083"
"Le Roi Scorpion","247 615"
"Le Roi Pandore","-"
"Le Roi Lion (2019)","3 252 896"
"Le Roi lion","1 312 942"
"Le Roi et moi (1956)","-"
"Le Roi et moi","41 925"
"Le Roi et le Clown","4 094"
"Rocky","-"
"Rocks","10 895"
"RocknRolla","54 387"
"Rocketman","277 017"
"Rocketeer","-"
"Rocket Gibraltar","N/A"
"Rock-O-Rico","-"
"Rock the Casbah","36 945"
"Rock Star","N/A"
"Rock n Roll","630 004"
"Rock Forever","55 252"
"Rock and Torah","-"
"Le Rock du bagne","N/A"
"Rock Academy","116 366"
"Rock","523 200"
"Rochester, le dernier des libertins","44 086"
"Rocco et ses frères","-"
"Rocambole","-"
"Robuste","17 245"
"La Rivière sauvage","164 113"
"La Rivière rouge","-"
"La Rivière sans retour","-"
"Rivière de nos amours","-"
"La Rivière","-"
"La Rivière d'argent","-"
"Riviera","6 906"
"Rives","563"
"Riverboom","15 726"
"Rive droite rive gauche","-"
"La Ritournelle","114 679"
"Les Ritournelles de la Chouette","13 320"
"Le Rite","372 683"
"Les Risques du métier","-"
"Rita et Crocodile","12 711"
"Risque maximum","210 195"
"Risky Business","-"
"Rire et châtiment","400 145"
"Le Rire de ma mère","19 356"
"Ripoux contre ripoux","-"
"Rien à perdre","66 609"
"Rien à foutre","53 656"
"Rien à faire","32 615"
"Rien à déclarer","2 587 056"
"Ridicule","289 031"
"Riders","380 739"
"Le Rideau déchiré","-"
"Ricochet","-"
"Riddick","254 478"
"Ricky Bobby : roi du circuit","N/A"
"Ricki and the Flash","54 664"
"Ricky","135 612"
"Richie Rich","84 988"
"Riches et célèbres","-"
"Richard III","67 406"
"Richard au pays des livres magiques","109 741"
"Ricardo et la peinture","8 006"
"Riaba ma poule","18 037"
"Le Rêve de Daisy","25 332"
"Le Rêve de Cassandre","196 577"
"Rêve de champion","32 578"
"La Revanche du dragon","-"
"La Revanche des Sith","3 303 005"
"La Revanche des Dragons verts","N/A"
"La Revanche des Crevettes Pailletées","69 481"
"La Revanche de Roger la Honte","-"
"La Revanche de Freddy","-"
"La Revanche d'une blonde","121 380"
"Revanche","2 238"
"Réussir ou mourir","317 867"
"Réunion magique","-"
"Return to Horror High","N/A"
"Retribution","124 439"
"Retraite mortelle","N/A"
"Retour vers le futur III","-"
"Retour vers le futur 2","-"
"Retour à Zombieland","296 972"
"Retour à Séoul","44 535"
"Retour à Montauk","17 360"
"Retour à la vie (1990)","N/A"
"Retour à la vie","-"
"Retour à la bien-aimée","-"
"Retour à Ithaque","22 224"
"Retour à Howard's End","-"
"Retour à Cold Mountain","303 816"
"Le Retour (2023)","22 450"
"Le Retour (2003)","42 043"
"Le Retour (1949)","-"
"Le Retour","-"
"Retenez moi… ou je fais un malheur","-"
"La Résurrection du Christ","37 717"
"Resurrection","223 564"
"Restons groupés","228 550"
"Restless","44 762"
"Répétition générale","N/A"
"Répétition d'orchestre","-"
"La Répétition","109 161"
"Les Repentis","11 537"
"La Repentie","85 238"
"Le Repas des fauves","-"
"Repas de famille","80 930"
"Réparer les vivants","37 752"
"La Réparation","N/A"
"Le Repaire du ver blanc","-"
"Rent","4 692"
"Renoir","180 014"
"Rengaine","45 485"
"Renfield","25 984"
"Renegade","-"
"René La Canne","-"
"Rends la monnaie papa","-"
"Rendez-vous l'été prochain","19 582"
"Les Rendez-vous du diable","-"
"Renaissances","233 121"
"Renaissance : A Film By Beyoncé","42 611"
"Renaissance","141 366"
"Le Rempart des béguines","-"
"Les Remplacants","N/A"
"Remo sans arme et dangereux","-"
"Reminiscence","99 007"
"Rémi sans famille","239 526"
"Remember Me","219 694"
"Remember","16 722"
"Rembrandt","27 528"
"Remake, Rome ville ouverte","-"
"Religolo","7 691"
"La Religieuse","105 241"
"Relic (2020)","39 142"
"Relic","90 599"
"Regarde les hommes tomber","39 739"
"Regarde la mer","-"
"Le Regard d'Ulysse","-"
"Regarde les hommes nager","N/A"
"Le Refuge","49 284"
"Refroidi à 99%","-"
"Réfractaire","620"
"Les Réformés se portent bien","-"
"Reflets dans un œil d'or","-"
"Reeker","58 247"
"Reds","-"
"Rédemption (2006)","N/A"
"Le Redoutable","72 473"
"Rédemption (2001)","2 743"
"Redemption","N/A"
"Redacted - revu et corrigé","26 473"
"Red-Eye sous haute pression","144 389"
"Red Sparrow","331 963"
"Red Surf","N/A"
"Red Rocket","24 843"
"Je vous trouve très beau","479 294"
"Je vous souhaite d'être follement aimée","19 268"
"Je vous salue... Mafia","-"
"Je vous salue Marie","-"
"Je vous aime très beaucoup","23 976"
"Je vous aime","-"
"Je Voulais me Cacher","5 073"
"Je voudrais que quelqu'un m'attende quelque part","212 027"
"Je viens avec la pluie","N/A"
"Je veux voir","6 583"
"Je veux manger ton pancréas","N/A"
"Je veux juste en finir","N/A"
"Je veux tout","75 667"
"Je verrai toujours vos visages","282 292"
"Je vais, je tire et je reviens","-"
"Je vais te manquer","98 334"
"Je vais mieux","68 998"
"Je vais craquer","-"
"Je vais bien, ne t'en fais pas","207 069"
"Je te tiens, tu me tiens par la barbichette","-"
"Je te survivrai","807"
"Je te promets","153 285"
"Je t'aime, je t'aime","-"
"Je t'aime, je t'adore","4 714"
"Je t'aime moi non plus","-"
"Je t'aime à te tuer","-"
"Je suis une nymphomane","-"
"Je suis une légende","1 096 518"
"Je suis un soldat","18 601"
"Je suis un sentimental","-"
"Je suis un no man's land","12 389"
"Je suis un assassin","67 309"
"Je suis toujours là","96 093"
"Je suis timide mais je me soigne","-"
"Je suis Pierre Rivière","-"
"Je suis né d'une cigogne","-"
"Je suis mort mais j'ai des amis","12 458"
"Je suis le seigneur du château","-"
"Je suis heureux que ma mère soit vivante","25 967"
"Je suis de la revue","-"
"Je suis à vous tout de suite","63 253"
"Je rêvais de l'Afrique","116 200"
"Je sais rien mais je dirais tout","-"
"Je reste!","301 211"
"Je rentre à la maison","57 512"
"Je règle mon pas sur celui de mon père","102 974"
"Je promets d'être sage","58 372"
"Je préfère qu'on reste amis…","200 887"
"Gigi (1958)","-"
"Gigi","-"
"La Gifle","-"
"Gibraltar (1964)","-"
"Gibraltar","157 787"
"Gibier de potence","-"
"Gianni et les femmes","40 589"
"Ghosts of Mars","203 781"
"Ghostland","135 274"
"Ghosted","N/A"
"Ghost: Rite Here Rite Now","-"
"Ghost World","25 374"
"Ghost Rider 2 : L'esprit de vengeance","276 210"
"Ghost Rider","523 901"
"Ghost In The Shell (2017)","472 608"
"Ghost in the Shell","36 299"
"Ghost Dog - La Voie du Samouraï","175 198"
"Ghost Bastards","N/A"
"Ghost","-"
"Gettysburg, la dernière bataille","34 682"
"Getting Away With Murder","N/A"
"Getting Any ?","-"
"Get Shorty","148 007"
"Get Out","465 265"
"Get On Up","81 926"
"Get on the Bus","-"
"Get Carter","43 736"
"Gervaise","-"
"Gerry","20 393"
"Gerontophilia","10 544"
"Geronimo (2014)","31 312"
"Geronimo (1962)","-"
"Geronimo","117 527"
"Germinal (1963)","-"
"Germinal","866 956"
"Geostorm","235 162"
"Georgia (1982)","-"
"Georgia","-"
"Georges, le petit curieux","29 701"
"George de la jungle","129 374"
"La Geôlière","-"
"Gentlemen cambrioleurs","47 089"
"Gentleman Jim","-"
"Le Gentleman de Londres","-"
"Le Gentleman de Cocody","-"
"Le Gentleman d'Epsom","-"
"De si jolis chevaux","28 139"
"De sable et de sang","-"
"De quelle planète viens-tu ?","-"
"De rouille et d'os","651 578"
"De plus belle","56 941"
"De plein fouet","-"
"De pères en fils","N/A"
"De nos frères blessés","24 444"
"De mémoires d'ouvriers","5 536"
"De L’or pour les chiens","2 612"
"De l’autre côté du périph","558 144"
"De la vie des marionnettes","-"
"De la part des copains","-"
"De la neige pour Noël","7 624"
"De la guerre","5 845"
"De l'or pour les braves","-"
"De l'ombre à la lumière","167 074"
"De l'influence des rayons gamma sur le comportement des…","-"
"De l'huile sur le feu","21 076"
"De l'enfer à la victoire","N/A"
"De l'eau pour les éléphants","289 166"
"De l'eau tiède sous un pont rouge","37 127"
"De l'autre côté du mur","25 102"
"De l'autre côté du lit","517 597"
"De l'autre côté du ciel","71 513"
"De l'autre côté de minuit","-"
"De l'autre côté","102 395"
"De l'amour","107 422"
"De guerre lasse (2014)","24 191"
"De guerre lasse","-"
"De Grens","N/A"
"De grandes espérances (2023)","82 734"
"De grandes espérances","37 255"
"De force","15 035"
"De Gaulle","511 913"
"De De Pyaar De","N/A"
"De chaque instant","24 173"
"De bruit et de fureur","-"
"De bon matin","59 339"
"De beaux lendemains","68 366"
"De battre mon cœur s'est arrêté","288 919"
"Daylight","389 115"
"Daybreakers","117 073"
"Day watch","4 038"
"Day Shift","N/A"
"Davy Crockett, Roi des trappeurs","-"
"David, Thomas et les autres","-"
"David et Madame Hansen","67 278"
"David et Goliath","-"
"David et Lisa","N/A"
"Le Barbare et la Geisha","-"
"Barbara (2017)","145 853"
"Barbara","85 620"
"Barbaque","126 252"
"Barb Wire","-"
"Les Baratineurs","-"
"Baratin","-"
"Baraka sur X 13","-"
"Barabbas","-"
"Le Bar de la fourche","-"
"Le Bar du téléphone","-"
"Banzaï","-"
"La Banquière","-"
"Les Banshees d'Inisherin","99 482"
"Le Banquet des fraudeurs","-"
"Bannie du foyer","-"
"Le Banni des îles","-"
"Le Banni","-"
"Les Banlieusards","N/A"
"Banlieue 13 - Ultimatum","537 156"
"Banlieue 13","471 029"
"Bangkok Dangerous (2003)","9 475"
"Bangkok Dangerous","173 148"
"Bangkok Aller simple","-"
"Banger","N/A"
"Bang Gang (une histoire d'amour moderne)","20 116"
"Bandoléro","-"
"Bang Bang","-"
"Bandits, bandits…","-"
"Bandits de grands chemins","-"
"Bandits","268 456"
"Le Bandit","-"
"Le Bandit (1956)","-"
"Bandido Caballero","-"
"Bandidas","208 706"
"La Bande du Drugstore","17 873"
"La Bande des quatre (1989)","-"
"La Bande des quatre","-"
"Bande de flics","-"
"Bande de sauvages, vieux motard que jamais","150 362"
"La Bande à Picsou: Le Trésor de la lampe perdue","-"
"Bande de filles","140 723"
"La Bande à papa","-"
"La Bande à Baader","34 637"
"Bancs publics (Versailles rive droite)","96 105"
"Banco à Las Vegas","N/A"
"Banco a Bangkok pour OSS 117","-"
"Banco","-"
"Bananes mécaniques","-"
"Bananas","-"
"588, rue Paradis","-"
"500 mètres sous Terre","N/A"
"500 jours ensemble","82 432"
"360","27 743"
"355","120 131"
"La 317ème section","-"
"303","-"
"300 : La naissance d'un Empire","767 436"
"300","802 975"
"260 Chrono","-"
"200 000 dollars en cavale","-"
"187 Code meurtre","-"
"127 heures","205 262"
"125 rue  Montmartre","-"
"120, rue de la gare","-"
"108 Rois-Démons","19 218"
"120 battements par minute","220 069"
"102 Dalmatiens","591 879"
"Les 101 dalmatiens","-"
"Les 101 Dalmatiens (1996)","830 026"
"100% Loup","-"
"100 % cachemire","197 125"
"100 Girls","53 059"
"100 millions !","98 442"
"100% Arabica","61 427"
"99 Francs","517 322"
"96 Heures","107 863"
"90's","35 723"
"88 Minutes","135 889"
"83","N/A"
"65 - la Terre d'avant","187 043"
"60 secondes chrono","964 818"
"58 minutes pour vivre","343 054"
"Les 55 jours de Pékin","-"
"57 Seconds","N/A"
"Le 51ème état","104 419"
"50/50","15 199"
"50 degrés Fahrenheit","50 349"
"48 Heures chrono","N/A"
"48 heures par jour","61 039"
"48 heures de plus","-"
"47 Ronin","154 314"
"45 Ans","76 662"
"40 ans : mode d'emploi","125 161"
"40 jours et 40 nuits","377 363"
"40 ans, toujours puceau","205 065"
"Winter Break","57 639"
"Winnie l'ourson et l'éfélant","183 302"
"Winnie l'ourson","67 425"
"Les Winners","7 534"
"Winn-Dixie mon meilleur ami","435"
"Wing Commander","-"
"Windtalkers, les messagers du vent","221 836"
"Windprints","N/A"
"Wind","-"
"Wind River","105 709"
"Winchester et jupons courts","N/A"
"Wilson","1 200"
"Willy Wonka au pays enchanté","-"
"Willy 1er","13 026"
"Willow","269 170"
"Willie Boy","-"
"Willard (1972)","N/A"
"Willard","21 071"
"Will Penny, le solitaire","-"
"Will Hunting","202 985"
"Wildlife - Une saison ardente","40 565"
"Wildcats","N/A"
"Wild Wild West","1 344 413"
"Wild Rose","47 862"
"Wild","55 632"
"Wilbur","14 200"
"Wicked","290 190"
"Why me? Un plan d'enfer","-"
"Who's That Knocking on My Door ?","-"
"Who Shot Patakango?","N/A"
"Who's That Girl?","-"
"Who Says I Can't Ride a Rainbow?","N/A"
"Whitney Houston : I Wanna Dance With Somebody","64 834"
"Whitney","18 200"
"Whiteout","54 802"
"White Water Summer","N/A"
"White Snake","37 105"
"White Noise (2022)","N/A"
"White Man","-"
"White Material","56 528"
"White House Down","272 508"
"White God","17 707"
"Un été d'enfer","-"
"Un été brûlant","10 867"
"Un été à Osage County","230 896"
"Un été à la Goulette","34 534"
"Un été à Berlin","4 001"
"Un été 42","-"
"Un espion ordinaire","103 555"
"Un enfant sans histoire","N/A"
"Un espion de trop","-"
"Un enfant pas comme les autres","9 104"
"Un enfant de Calabre","-"
"Un élève doué","-"
"Un éléphant sur les bras","-"
"Un éléphant ça trompe énormément","-"
"Un éclair de génie","2 023"
"Un Drôle de paroissien","-"
"Un drôle de flic","-"
"Un drôle de caïd","-"
"Un divorce heureux","-"
"Un divan à Tunis","118 486"
"Un divan à New York","-"
"Un dimanche de flic","-"
"Un dimanche comme les autres","-"
"Un dimanche à la campagne","-"
"L'un des nôtres","10 884"
"Un début prometteur","60 817"
"L'un dans l'autre","108 719"
"Un de trop","114 900"
"Un cœur qui bat","-"
"Un cœur invaincu","100 665"
"Un crocodile dans mon jardin","7 144"
"Un crime dans la tête (1962)","-"
"Un crime dans la tête","176 822"
"Un crime au paradis","520 797"
"Un crime (2006)","48 442"
"Un crime","38 755"
"Un cri dans la nuit","-"
"Un cri dans l'ombre","N/A"
"Un cri dans l'océan","228 630"
"Un couteau dans le coeur","27 235"
"Un couple presque parfait","214 997"
"Un couple parfait (1980)","-"
"Un couple parfait","12 722"
"Un couple épatant (La trilogie 1)","71 760"
"Un coup de maître (2019)","6 603"
"Un coup de maître","38 596"
"Un coup de dés","221 196"
"Un coup d'enfer","-"
"Sans laisser de traces","62 527"
"Sans laisser d'adresse","-"
"Sans jamais nous connaître","74 540"
"Sans issue (2012)","94 055"
"Sans issue","N/A"
"Sans identité","381 577"
"Sans frontière","N/A"
"Sans filtre","179 786"
"Sans famille","-"
"Sans complexes","N/A"
"Sans aucune défense","N/A"
"Sans arme, ni haine, ni violence","250 427"
"Sans anesthésie","-"
"Sanju","N/A"
"Sans Adieu","12 206"
"Sanglantes confessions","-"
"Sang pour sang","-"
"Sang froid","185 673"
"Le Sang du châtiment","-"
"Le Sang du cartel","N/A"
"Le Sang des Templiers","76 828"
"Le Sang des innocents","17 079"
"Le Sang des autres","-"
"Sang chaud pour meurtre de sang froid","-"
"Le Sang à la tête","-"
"Sandy Wexler","N/A"
"Sanctum 3D","165 235"
"Le Sanctuaire","22 686"
"La Sanction","-"
"San Antonio:sale temps pour les mouches","-"
"San Antonio","146 098"
"San Antonio (1947)","-"
"Sauvez Willy 3: La Poursuite","30 601"
"Sauvez Willy 2","106 593"
"Sauvez Willy","171 797"
"Sauvez le Neptune","-"
"Sauver ou périr","338 929"
"Sauve-toi Lola","-"
"Sauve qui peut (la vie)","-"
"Sauve moi","10 555"
"Sauvages","36 217"
"Sauvage et beau","-"
"Le Sauvage","-"
"Le Saut de l'ange","-"
"Sauvage","20 349"
"Le Saut dans le vide","-"
"Sausage Party","39 915"
"Sauf le respect que je vous dois","40 813"
"Satyricon","-"
"Saturno contro","3 416"
"Saturn 3","-"
"Satisfaction","N/A"
"Satin rouge","22 674"
"SAS à San Salvador","-"
"Saraka Bo","-"
"Sarah Bernhardt, La Divine","140 451"
"Sarah","-"
"Sarafina!","-"
"La Sapienza","11 054"
"Les Saphirs","35 786"
"Santosh","43 680"
"Santiago, Italia","22 647"
"Santiago 73, post mortem","12 837"
"Santa & Cie","578 133"
"Les Schtroumpfs 2","606 418"
"Les Schtroumpfs","866 439"
"Le Schpountz (1938)","N/A"
"School Daze","N/A"
"Le Schpountz","114 037"
"Schlock","-"
"Schéhérazade","-"
"Scènes de ménage dans un centre commercial","-"
"Schizopolis","-"
"Scènes de crimes","71 063"
"Scary Stories","126 562"
"Scary Movie 4","497 240"
"Scavenger Hunt","N/A"
"Scènes de la vie conjugale","-"
"Scènes de ménage","-"
"Les Scélérats","-"
"Scary Movie 3","697 852"
"Scary Movie 2","945 404"
"Scary Movie","1 438 991"
"Scarface (1932)","N/A"
"Scarface","-"
"Scaramouche (1963)","-"
"Scaramouche","-"
"Le Scaphandre et le papillon","101 785"
"Scanners","-"
"Scandaleusement vôtre","51 921"
"Scandaleusement célèbre","31 899"
"La Scandaleuse de Berlin","-"
"Scandale d'Etat","N/A"
"Le Scandale","-"
"Scandale","205 082"
"Scandal","-"
"Le Secret de Lily Owens","4 929"
"Le Secret de la pyramide","-"
"Le Secret de la planète des singes","-"
"Le Secret de la fleur de Noël","680"
"Le Secret de la cité perdue","306 738"
"Le Secret de la chambre noire","13 825"
"Le Secret de l'étoile du Nord","25 886"
"Le Secret de Khéops","184 052"
"Le Secret de Joselito","-"
"Le Secret de d'Artagnan","-"
"Le Secret de Clara","N/A"
"Le Secret de Charlie","69 614"
"Le Secret de Brokeback Mountain","277 516"
"Secret d'Etat","82 480"
"Secret Agency","N/A"
"Le Secret","-"
"La Seconde Madame Carrol","-"
"Seconde jeunesse","11 387"
"La seconda volta","-"
"Seconde chance","75 771"
"Second Tour","464 003"
"Le Second souffle","N/A"
"Second chance","-"
"Searching for Debra Winger","774"
"Searching - Portée disparue","64 588"
"Search and Destroy","-"
"Sea, No Sex and Sun","42 245"
"Sea Fog - Les Clandestins","5 204"
"Se souvenir des belles choses","110 072"
"Scream VI","464 821"
"Scream 4","533 026"
"Scream 3","1 395 626"
"Les Seigneurs","1 088 676"
"Les Seigneurs (1979)","-"
"Le Seigneur des anneaux: Les Deux tours","2 404 825"
"Le Seigneur des anneaux: Le Retour du roi","2 852 784"
"Le Seigneur des anneaux: La Communauté de l'anneau","1 978 162"
"Le Seigneur des Anneaux : La Guerre des Rohirrim","79 839"
"Le Seigneur des anneaux","-"
"Le Seigneur de la guerre","-"
"Le seigneur d'Hawaï","-"
"Les SEGPA au ski","594 410"
"See You in the Morning","N/A"
"Les SEGPA","228 318"
"Séduis-moi si tu peux !","122 000"
"La Séductrice","N/A"
"Séduction en mode mineur","7 798"
"Les Séducteurs","-"
"Séduction à pleines dents","N/A"
"Sécurité rapprochée","326 572"
"Section spéciale","-"
"La Secte sans nom","22 592"
"Secrets, mensonges et… mariage","N/A"
"Les Secrets professionnels du docteur Apfelgluck","-"
"Secrets et mensonges","242 478"
"Secrets du coeur","-"
"Les Secrets de mon père","11 978"
"Les Secrets de la princesse de Cadignan","5 335"
"Secrets de famille","100 099"
"Secrets d'Etat","N/A"
"Secrets","17 245"
"Les Secrets","N/A"
"Les Seigneurs de Dogtown","36 373"
"La Secrétaire","32 621"
"Les Sept Femmes de Barberousse","-"
"Les Sept de Chicago","N/A"
"Sept ans de réflexion","-"
"Sept ans au Tibet","672 461"
"La Séparation","144 505"
"Separate Lies","17 638"
"Les Sentinelles du Pacifique","N/A"
"Les Sentinelles de l'air","N/A"
"La Sentinelle des maudits","-"
"La Sentinelle (2015)","N/A"
"Sentinelle","N/A"
"La Sentinelle","-"
"Les Sentiments","422 226"
"Sentimental","9 914"
"Les Sentiers de la perdition","320 872"
"Les Sentiers de la gloire","-"
"La Sentence","-"
"Sensualita","-"
"Senses 5","12 881"
"Senses 3&4","14 718"
"Senses 1&2","20 123"
"Sens unique","-"
"Le Sens de la vie pour 9.99$","32 804"
"Le Sens de la fête","808 544"
"Le Sens de la famille","283 561"
"Le Sens de l'humour","15 280"
"Senna","2 502"
"Senorita toréador","-"
"Senior Year","N/A"
"Sénéchal le magnifique","-"
"Le Séminaire","295 258"
"Semi-Pro","27 482"
"Semana Santa","-"
"Seul dans Paris","-"
"Seul dans la nuit","-"
"Seul dans Berlin","25 870"
"Seul contre tous","68 601"
"Seul au monde","490 635"
"Service non compris","N/A"
"La Servante écarlate","-"
"La Servante aimante","-"
"Serre moi fort","43 695"
"Serpico","-"
"Le Serpent (2007)","304 325"
"Le Serpent","-"
"Le Serment de Pamfir","17 829"
"Sérieux comme le plaisir","-"
"Série noire pour une nuit blanche","-"
"Série noire","-"
"Serial noceurs","160 761"
"Serial mother","-"
"Serial Lover","96 425"
"Sergent York","N/A"
"Sergent X","-"
"Le Sergent noir","-"
"Sergent Bilko","-"
"Serenity, l'ultime rebellion","59 860"
"Serenity (2019)","N/A"
"Sérénade aux nuages","-"
"Sérénade au Texas","-"
"Serena","61 821"
"Séraphine","97 246"
"Séquences et conséquences","18 498"
"Le Septième Voyage de Sinbad","-"
"La Septième prophétie","N/A"
"Shaft (2019)","N/A"
"Shadrach","-"
"Shaft (2000)","310 850"
"Shadow Dancer","30 150"
"Shaandaar","406"
"Sgt. Pepper's Lonely Hearts Club Band","-"
"Sexygénaires","63 084"
"Sexy movie","108 757"
"Sexy Dance 5 - Live in Vegas","334 282"
"Sexy Dance 4","379 617"
"Sexy Dance 2","206 184"
"Sexy Dance 3D","355 666"
"Sexy Dance","104 625"
"Sexy Boys","209 499"
"Les Sexton se mettent au vert","2 506"
"Sexy Beast","-"
"Sexes très opposés","35 032"
"Sexes faibles!","-"
"Sexe, mensonges et vidéo","-"
"Le Sexe qui parle","-"
"Sexe intentions","685 225"
"Sexe et autres complications","-"
"Sexe entre amis","233 815"
"Sexe Attitudes","264 483"
"Sexcrimes","553 295"
"Sex Tape","220 764"
"Sex shop","-"
"Sex o'clock USA","-"
"Sex is Comedy","42 124"
"Sex Friends","395 113"
"Shoah","-"
"Shirley, un voyage dans la peinture d'Edward Hopper","11 868"
"Shiri","7 200"
"Shinobi","25 287"
"Shining","-"
"Shine a Light","49 546"
"Shine","121 785"
"Shimkent Hotel","1 016"
"Sherrybaby","4 352"
"Sherlock Holmes contre Jack l'éventreur","-"
"Sherlock Holmes attaque l'Orient Express","-"
"Sherlock Holmes 2 : Jeu d'ombres","981 375"
"Sherlock Holmes","780 449"
"Sherlock Gnomes","145 139"
"Le Shériff est en prison","-"
"Le Shériff et les extra-terrestres","-"
"Shérif fais-moi peur le film","94 431"
"Sherif Jackson","32 500"
"Sheitan","168 344"
"Shéhérazade (2018","50 283"
"Shéhérazade","-"
"Sheena, la reine de la jungle","-"
"She-Devil, la diable","-"
"She's the One","-"
"She's the Man","-"
"She's So Lovely","135 323"
"She Said","58 007"
"She Hate Me","58 481"
"Shazam! La Rage des Dieux","262 525"
"Shazam!","442 839"
"Shocker","-"
"Shaun of the Dead","70 800"
"Sibyl","124 696"
"Sibériade","-"
"Sibel","29 085"
"Si vous n'aimez pas çà, n'en dégoutez pas les autres","N/A"
"Si Versailles m'était conté","-"
"Si tu voyais son coeur","5 370"
"Si tu meurs, je te tue","15 290"
"Si tous les gars du monde","-"
"Si t'as besoin de rien... fais moi signe!!","-"
"Si seulement je pouvais hiberner","26 073"
"Si Paris nous était conté","-"
"Si seulement","30 159"
"Si on chantait","118 824"
"Si loin, si proche","45 238"
"Si le vent tombe","8 632"
"Si la plage m'était contée","N/A"
"Si je t'aime, prends garde à toi!","-"
"Si je reste","54 967"
"Si j'étais un homme","109 237"
"Si j'étais un espion","-"
"Si j'étais toi","-"
"Si douces, si perverses","-"
"Si Disney m'était conté","-"
"Si c'était lui...","105 825"
"Si c'était à refaire","-"
"Si Beale Street pouvait parler","53 197"
"Shutter Island","1 073 540"
"Shrek Le Troisième","1 751 471"
"Shrek 4, il était une fin","1 722 859"
"Shrek 5","N/A"
"Simetierre (2019)","385 254"
"Simetierre","-"
"Siméon","-"
"Silvio et les autres","23 741"
"Silverado","-"
"Silver City","636"
"Sils Maria","90 148"
"Le Sillage de la violence","-"
"Silent Voice","33 202"
"Silent Night (2023)","N/A"
"Silent Hill: Revelation","130 355"
"Silent Hill","401 269"
"Silent Fall","-"
"Le Silencieux","-"
"Le Silence est d'or","-"
"Les Silences du palais","18 257"
"Le Silence des ombres","N/A"
"Le Silence des autres","20 932"
"Le Silence des agneaux","245 601"
"Le Silence de Rak","-"
"Le Silence de Lorna","84 593"
"Le Silence de la mer","-"
"Silence","163 009"
"Signes extérieurs de richesse","-"
"Signs and Wonders","-"
"Signes","718 188"
"Signé Zorro","-"
"Signé Lassiter","-"
"Signé Furax","-"
"Le Signe de Zorro","-"
"Signé Charlotte","-"
"Signé Arsène Lupin","-"
"Le Sixième continent","-"
"Six-Pack","85 185"
"Six jours, sept nuits","443 256"
"Le Sixième enfant","40 807"
"Le Sixième jour","-"
"Six Jours","81 528"
"Six hommes pour sauver Harry","-"
"Six Heures à perdre","-"
"Six degrés de séparation","-"
"La Situation est grave… mais pas désespérée","-"
"Situation désespérée… mais pas sérieuse","-"
"Situation amoureuse : C'est compliqué","214 765"
"Sitcom","45 908"
"SISU - De l'Or et du Sang","44 625"
"Sisters (2016)","17 006"
"Sister Act II","199 340"
"Sister Act","347 325"
"Sissi Impératrice","-"
"Sissi face à son destin","-"
"Sissi","-"
"Sirocco et le royaume des courants d'air","44 535"
"Sirènes","78 228"
"La Sirène rouge","121 312"
"La Sirène du Mississippi","-"
"Sinister 2","128 072"
"Sinister","204 017"
"Singles","54 624"
"Singam 3","1 702"
"Sing Street","38 086"
"Sing Sing","24 945"
"Sindbad le marin","-"
"Sindbad","8 446"
"Sinbad et l'oeil du tigre","N/A"
"Sixième sens","1 463 152"
"Sinbad - La Légende des sept mers","255 559"
"Soccer Kids - Revolution","N/A"
"Soapdish","N/A"
"So Long, My Son","40 039"
"Snowpiercer, Le Transperceneige","272 262"
"Snowden","48 634"
"Snowboarder","113 333"
"Snow, sex & sun","24 860"
"Snow Therapy","55 557"
"Snow Cake","18 089"
"Snoopy et les Peanuts - Le Film","379 429"
"Sniper – Tireur d'élite","69 911"
"Sniper Redemption","N/A"
"Snake Eyes","474 342"
"Snatch","195 678"
"Smoking","-"
"Snake Eyes (2021)","N/A"
"Le Smoking","311 817"
"Smoke","111 727"
"SMS","170 860"
"Snake Eyes (1993)","48 508"
"Smilla","-"
"Smile 2","325 183"
"Smile","226 686"
"Smic, smac, smoc","-"
"Smart People","658"
"Small Soldiers","188 003"
"La Smala","-"
"Slumdog Millionaire","208 398"
"Slocum et moi","12 447"
"Sliver","413 786"
"Sling Blade","-"
"Slevin","113 754"
"Somewhere","233 005"
"Something Short of Paradise","N/A"
"Somebody to Love","-"
"Some voices","3 054"
"Solutions locales pour un désordre global","38 166"
"Solomon Kane","182 076"
"Solo: A Star Wars Story","531 414"
"Solo pour deux","N/A"
"Solo Leveling-Reawakening","24 576"
"Solo","-"
"La Solitude des nombres premiers","18 496"
"Le Solitaire de l'ouest","-"
"Le Solitaire de Fort Humboldt","-"
"Le Solitaire (1981)","-"
"Solitaire","8 527"
"Le Solitaire","-"
"Le Soliste","23 104"
"Soleil vert","-"
"Soleil trompeur","101 953"
"Soleil rouge","-"
"Soleil levant","335 115"
"Le Soleil des voyous","-"
"Soleil de nuit","-"
"Soleil d'automne","-"
"Le Soleil au-dessus des nuages","32 750"
"Soleil","48 223"
"Le Soleil assassiné","7 654"
"Soldier's story","-"
"Soldier","N/A"
"Les Soldats du désert","N/A"
"Les Soldats de l'espérance","-"
"Soldat Duroc, ça va être ta fête","-"
"Soul Food","N/A"
"Soul","N/A"
"Le Souffleur","5 877"
"Le Souffle sauvage","-"
"Le Souffle du futur","N/A"
"Le Souffle de la tempête","-"
"Le Souffle au cœur","-"
"Soudan","-"
"SOS Pacific","-"
"Soudain seuls","116 736"
"SOS fantômes II","-"
"Sorry We Missed You","146 366"
"Sorry to Bother You","14 814"
"SOS fantômes","-"
"Sortilège","93 524"
"Le Sorgho rouge","-"
"Le Sortilège du scorpion de jade","245 827"
"Sortilèges","-"
"Les Sorcières de Zugarramurdi","19 130"
"Les Sorcières de Salem","-"
"Les Sorcières d'Eastwick","-"
"Les Sorcières d'Akelarre","20 879"
"Les Sorcières (1966)","-"
"Les Sorcières","N/A"
"La Sorcière de Noël","N/A"
"La Sorcière dans les airs","15 074"
"La Sorcière","N/A"
"Sophie Scholl les derniers jours","23 746"
"Sooryavanshi","964"
"Sons of Philadelphia","15 334"
"Sons","19 004"
"Sonic, le hérisson","771 015"
"Le Sous-sol de la peur","-"
"Les Sous-doués en vacances","-"
"Les Sous-doués","-"
"Sous X","24 370"
"Sous surveillance","181 427"
"Sous pression","-"
"Sous les pieds des femmes","-"
"Sous les jupes des filles","401 687"
"Sous les figues","16 527"
"Sous les étoiles de Paris","-"
"Sous le vent des Marquises","28 048"
"Sous le tapis","24 474"
"Sous le soleil de Toscane","8 940"
"Sous le soleil de Satan","-"
"Sous le silence","64 480"
"Sous le signe du taureau","-"
"Sous le signe de Monte-Cristo","-"
"Sous le signe de la croix","-"
"Sous le sable","154 347"
"Sous le plus grand chapiteau du monde","-"
"Sous le même toit","261 235"
"Sous le figuier","67 201"
"Sous le ciel de Provence","-"
"Sous le ciel de Paris","-"
"Sous le ciel bleu d'Hawaï","-"
"Sous la Seine","N/A"
"Sous l'aile des anges","861"
"Sous écrous","257 373"
"Souris City","374 153"
"La Souris","306 041"
"Le Sourire du clown","-"
"Le Sourire de Mona Lisa","337 134"
"Spider-Man : Across The Spider-Verse","550 808"
"Spider-Man 3","804 345"
"Spider-Man","1 903 136"
"Spider-Man 2","2 100 789"
"Spider","84 371"
"Spiceworld, le film","279 086"
"Sphinx","N/A"
"Sphere","299 471"
"Spetters","-"
"Spenser Confidential","N/A"
"Speed Racer","61 860"
"Speed 2","503 700"
"Speed","711 565"
"Spectre","2 203 549"
"Spectateurs !","14 511"
"Les Spécialistes","-"
"Le Spécialiste","-"
"Spéciale première","-"
"Spécial police","-"
"Special Delivery","N/A"
"Special Correspondents","N/A"
"Speak No Evil","129 370"
"Spawn","181 966"
"Spartatouille","29 260"
"Spartan","N/A"
"Spartacus (1953)","-"
"Spartacus & Cassandra","13 593"
"Spartacus","-"
"Sparring","24 464"
"Spanglish","29 857"
"Spaceman","N/A"
"Space Jam - Nouvelle ère","182 763"
"Star Trek Sans limites","344 813"
"Star Trek IV : retour sur terre","-"
"Star Trek Into Darkness","433 073"
"Star Trek III: A la recherche de Spock","-"
"Star Trek II: La Colère de Wrath","-"
"Star Trek","433 725"
"La Star de Chicago","N/A"
"Star 80","N/A"
"Stanley & Iris","-"
"Standard Operating Procedure","372"
"Stand by Me","-"
"Stalker","-"
"Stan & Ollie","19 312"
"Stalingrad, Enemy at the Gates","382 097"
"Stalag 17","-"
"Les Stagiaires","154 859"
"Le Stade","35 213"
"Stage Beauty","33 252"
"Stacy's Knights","N/A"
"Les SS frappent la nuit","-"
"Square Dance","N/A"
"La Squale","32 825"
"Spycies","48 607"
"Spy x Family Code: White","91 166"
"Spy Kids 2 Espions en herbe","187 008"
"Spy Kids","153 774"
"Spy Game jeux d'espions","545 164"
"Spy","249 389"
"Spring Breakers","277 968"
"Spotswood","N/A"
"Spotlight","198 197"
"Spot","-"
"Still the Water","42 247"
"Still Life","61 202"
"Still Alice","69 834"
"Stigmata","155 343"
"Stick, le justicier de Miami","-"
"Stick It","14 600"
"Steve Jobs","92 271"
"Steppin'","182 247"
"Stella est amoureuse","16 789"
"Stella, une vie allemande","19 222"
"Stella (1983)","-"
"Stella (2008)","31 470"
"Stella","-"
"Stefan Zweig, adieu l'Europe","28 155"
"Steamboy","42 996"
"Steak","197 722"
"Staying Together","N/A"
"Staying Alive","-"
"Stay Hungry","-"
"Stay Alive","20 668"
"Stay","101 633"
"Stavisky","-"
"Station Trois: ultra secret","-"
"Station spatiale","4 253"
"States of Grace","27 143"
"Starship Troopers","459 531"
"Starsky & Hutch","657 019"
"Stars 80, la suite","178 540"
"Stars At Noon","13 094"
"Stars 80","526 445"
"Starman","-"
"Stargate","634 006"
"Sucker Punch","300 243"
"Le Successeur","33 121"
"Subway","-"
"Suburra","15 855"
"Submarine","20 312"
"Sublimes créatures","438 226"
"Stupeur et tremblements","165 596"
"Studio 54","66 790"
"Student of the Year 2","497"
"Stubby","18 400"
"Stuart sauve sa famille","N/A"
"Stuart Little","682 400"
"Stuart Little 2","313 926"
"Struck","4 901"
"Stronger","9 357"
"Striptease","359 897"
"Strip-tease chez Minsky","N/A"
"Stringer - La Mort en direct","-"
"Strike","N/A"
"Strictly Criminal","185 014"
"Strictement personnel","-"
"Stress","-"
"StreetDance 2","141 968"
"Street Fighter, l'ultime combat","412 978"
"Street dancers","132 502"
"Street Dance 3D","209 396"
"Stree 2","1 018"
"La Stratégie Ender","237 725"
"La Stratégie du choc","5 650"
"La Stratégie de la poussette","160 229"
"La Stratégie de l'araignée","-"
"Le Stratège","77 846"
"Super Wings : Vitesse maximum","890"
"Super Size Me","57 347"
"Super papa (2003)","7 368"
"Super Papa","145 160"
"Super Noël","179 748"
"Super Nacho","578"
"Super Mario Bros.","184 793"
"Super Mario Bros, le film","1 866 914"
"Super lion","39 907"
"Super héros movie","95 361"
"Super blonde","48 504"
"Super 8","734 715"
"Sup de fric","-"
"Super 30","349"
"Sunshine Cleaning","32 647"
"Sunshine (2007)","199 823"
"Sunshine","-"
"Sunset Song","11 738"
"Sunset","20 064"
"Sundown","31 985"
"Sunday","-"
"Sunchaser","59 731"
"Summertree","N/A"
"Summertime","11 159"
"Summer Wars","11 474"
"Summer of Soul","N/A"
"Summer of Sam","66 228"
"Summer City","N/A"
"Summer Camp","N/A"
"Les Sultans","-"
"Sultan","3 612"
"Sully","505 048"
"Le Survivant (2022)","N/A"
"Le Survivant","-"
"Surveillance","28 117"
"Sursis pour un vivant","-"
"La Surprise du chef","N/A"
"La Surprise","-"
"Surf Ninjas","-"
"La Surface de réparation","18 320"
"Surexposé","-"
"Les Surdoués de la première compagnie","-"
"Sur un fil","36 762"
"Sur un arbre perché","-"
"Sur ordre du Führer","-"
"Sur mes lèvres","187 334"
"Sur les quais","-"
"Sur les chemins noirs","438 142"
"Sur le fil du rasoir","N/A"
"Sur le chemin de l'école","119 308"
"Sur le bout des doigts","18 089"
"Sur la terre des dinosaures","181 975"
"Sur la route de Madison","222 900"
"Sur la route de Nairobi","-"
"Sur la route","150 754"
"Sur la plage de Chesil","13 322"
"Sur la planche","9 506"
"Sur la piste du Marsupilami","1 728 270"
"Sur la branche","36 931"
"Sur l'Adamant","42 447"
"Suprêmes","77 095"
"Superstar (2012)","127 012"
"Superwoman","-"
"Superstar","75"
"Sympathy for Delicious","1 520"
"Sylvanian Families, le film : le cadeau de Freya","23 230"
"Sybil, tous les trous sont permis","-"
"Sword Art Online: Progressive - Scherzo of Deep Night","N/A"
"Sword Art Online: Progressive - Aria of a Starless Night","-"
"Sword Art Online Movie","40 140"
"Switch (2011)","122 604"
"Swingers","9 214"
"Swing Shift","N/A"
"Swing Kids","70 298"
"Swing","37 087"
"Swimming with Sharks","-"
"Swimming Upstream","-"
"Swimming Pool","297 591"
"Swim Little Fish Swim","11 000"
"Sweetie","-"
"Sweet Valentine","5 399"
"Sweet sixteen","85 426"
"Sweet Seventies","N/A"
"Sweet November","49 460"
"Sweet Movie","-"
"Sweet Liberty","N/A"
"Sweeney Todd, le diabolique barbier de Fleet Street","507 434"
"Sweet Dreams","-"
"Swallow","20 285"
"Swagger","17 434"
"Suzume","181 032"
"Suzanne Simonin - La Religieuse","-"
"Suzanne","95 099"
"Suzanna Andler","9 052"
"Suspiria (2018)","-"
"Suspiria","-"
"Les Sœurs Soleil","135 634"
"Les Sœurs fâchées","365 125"
"Sœurs de sang","-"
"Sœurs d'armes","48 528"
"Les Sœurs Bronte","-"
"Les Sœurs bien-aimées","N/A"
"Sœurs","21 699"
"Le Système Victoria","24 011"
"Système K","9 154"
"Syriana","272 047"
"Synonymes","20 563"
"Syngué Sabour - Pierre de patience","70 657"
"Synecdoche, New York","3 869"
"Le Syndrome du Titanic","125 018"
"Le Syndrome chinois","-"
"Le Syndicat du crime 2","-"
"Syndicat du meurtre","N/A"
"Le Syndicat du crime","-"
"Symphonie pour un massacre","-"
"La Syndicaliste","192 422"
"La Symphonie pastorale","-"
"La Symphonie des héros","-"
"Suspicion (2000)","-"
"Suspicion","150 066"
"Suspect Zero","27 579"
"Suspect numéro un","N/A"
"Le Suspect idéal","43 072"
"Suspect dangereux","-"
"Susie et les Baker Boys","-"
"Sushi Sushi","-"
"Susan a un plan","-"
"Survivre en prison","N/A"
"Survivre avec les loups","161 125"
"Survivre (2020)","N/A"
"Survivre","47 345"
"Les Survivants de la fin du monde","-"
"Surviving Picasso","40 386"
"Les Survivants (2023)","38 064"
"Les Survivants (2015)","N/A"
"Les Survivants","124 377"
"Supersonique en péril","N/A"
"Supersens","-"
"Supernova (2021)","11 765"
"Supernova","585"
"Superman III","-"
"Superman Returns","640 412"
"Superman 4 - Le Face à face","-"
"Superman 2 - L'Aventure continue","-"
"Superman","-"
"Superman (2025)","N/A"
"Superlove","-"
"Supergrave","200 505"
"Supergirl","-"
"Superdad","N/A"
"Supercondriaque","2 151 921"
"Superasticot","16 007"
"Super-héros malgré lui","576 138"
"Super-bourrés","44 873"
"Suivez-moi jeune homme","-"
"Suivez mon regard","-"
"Suivez cet avion","-"
"Suite Française","124 302"
"Suis-moi je te fuis","11 537"
"Suicidez-moi docteur","-"
"Suicide Squad","1 108 407"
"Suicide Kings","-"
"Suicide club","N/A"
"Sugarland Express","-"
"Sugarland","3 139"
"Sugar Man","6 799"
"Les Suffragettes","58 277"
"Sueurs froides","-"
"Sueurs","41 848"
"Sue perdue dans Manhattan","-"
"Le Sud","-"
"Le Sucre","-"
"Strangers: Prey at Night","31 169"
"Strange Way of Life","34 487"
"Stranger than Paradise","-"
"Strange Days","-"
"La Strada","-"
"Storytelling","17 462"
"Stormy Weather","8 854"
"Stormy Monday","N/A"
"Storm Boy","-"
"Storia di vacanze","2 986"
"La Storia","-"
"Stop Making Sense","-"
"Stone","71 550"
"Stomp: Odyssée des rythmes du monde","3 191"
"Stolen Hearts, pour l'amour de l'art","N/A"
"Stoker","56 736"
"Stillwater","135 483"
"Still Walking","40 178"
"Starfighter","-"
"Stardust Memories","-"
"Stardust - Le Mystère de l'étoile","180 954"
"Stardust","N/A"
"Stardom","8 541"
"StarDog et TurboCat","38 401"
"Starbuck","101 512"
"Star Wars: Les derniers Jedi","2 510 462"
"Star Wars: Le Réveil de la Force","3 801 235"
"Star Wars: L'Ascension de Skywalker","2 420 710"
"Star Wars : La Guerre des Clones","184 563"
"Star Trek: premier contact","95 980"
"Star Trek: Nemesis","45 377"
"Star Trek: Insurrection","76 512"
"Star Trek: Generation","110 245"
"Star Trek, le film","-"
"Star Trek VI: Terre inconnue","-"
"Star Trek V - L'ultime frontière","N/A"
"Le Sport favori de l'homme","-"
"Sport de filles","30 957"
"Spoof movie","96 482"
"Split","594 427"
"Splice","137 963"
"Splash","-"
"Spirits","25 536"
"Spirited, l'Esprit de Noël","N/A"
"Spirit, l'étalon des plaines","280 522"
"Spirit : l'indomptable","118 045"
"Spirale : L'Héritage de Saw","33 994"
"Spirale","-"
"Spinal Tap","-"
"Spiderhead","N/A"
"Spider-Man: No Way Home","2 867 515"
"Spider-Man: Homecoming","981 189"
"Spider-Man: Far from Home","1 370 178"
"Spider-Man : New Generation","218 728"
"Space Jam","435 703"
"Space Cowboys","321 513"
"Soyez sympas rembobinez","146 496"
"Soy Nero","10 207"
"Souviens-toi… l'été dernier 2","419 740"
"Souviens-toi de moi","78 193"
"Souviens toi… l'été dernier","274 214"
"Souvenirs souvenirs","-"
"Souvenirs perdus","-"
"Souvenirs de Marnie","50 412"
"Souvenirs d'été","N/A"
"Souvenirs de l'au-delà","119 784"
"Souvenirs d'en France","-"
"Les Souvenirs","338 176"
"Souvenir","26 809"
"South Park, le film","249 819"
"South Pacific (1958)","-"
"South Pacific","624"
"Le Sourire de ma mère","17 628"
"La Source des femmes","233 230"
"Le Sourire","67 647"
"Source Code","300 899"
"La Source (2019)","46 459"
"La Source","-"
"Le Soupirant","-"
"Le Soupir des vagues","14 773"
"Le Souper","-"
"Soupe de poisson","-"
"La Soupe aux choux","-"
"Sounder","N/A"
"Sound of Noise","17 945"
"Sound of Metal","11 385"
"Sound of Freedom","63 782"
"Soul Plane","41"
"Soul Man","N/A"
"Soul Kitchen","98 099"
"Sonic 2 le film","749 372"
"Sonic 3","1 224 090"
"Sonia Horowitz","-"
"Le Songe d'une nuit d'été","41 750"
"Songbird","N/A"
"Song To Song","34 155"
"Song For Marion","39 833"
"Sonatine, mélodie mortelle","-"
"Sonate d'automne","-"
"Son frère","16 542"
"Son of a Gun","N/A"
"Son fidèle compagnon","-"
"Son épouse","16 218"
"Son dernier Noël","-"
"Son alibi","-"
"Le Sommet des Dieux","21 148"
"Sommersby","316 230"
"La Somme de toutes les peurs","272 609"
"Le Soldat dieu","840"
"Soldat bleu","-"
"Le Soldat","-"
"Solarmax","-"
"Solaris (1972)","-"
"Solaris","200 983"
"SOL","83 565"
"Sois belle et tais-toi","-"
"Soigne ta droite","-"
"La Soif du mal","-"
"La Soif de l'or","446 462"
"Soie","13 730"
"Sogni d'oro","-"
"Sofia","32 198"
"Les Soeurs Hamlet","-"
"Soeur Sourire","82 541"
"Sodome et Gomorrhe","-"
"La Sociale","13 564"
"Sleepy Hollow","816 121"
"Sleepwalker","28 561"
"Sleepless","114 663"
"Sleeping Beauty","14 983"
"Sleepers","464 884"
"Sleep","48 796"
"Slalom","40 861"
"Slackers","50 758"
"Skyscraper","239 014"
"Skyline","125 200"
"Le Skylab","129 376"
"Skyfall","1 839 220"
"Skydance","4 841"
"Sky","17 657"
"Skate or Die","55 040"
"Sizzle Beach, U.S.A.","N/A"
"Le Sixième sens","-"
"Sin Nombre","47 426"
"Sin City : j'ai tué pour elle","185 758"
"Sin City","430 479"
"Les Simpsons","1 420 883"
"Simples secrets","161 699"
"Simplement irrésistible","-"
"Simple mortel","-"
"Simple Men","-"
"Simple comme Sylvain","77 363"
"Simpatico","-"
"Simone - Le voyage du siècle","486 242"
"Simon Werner a disparu","48 033"
"Simon Konianski","11 315"
"Simmba","N/A"
"Simon Birch","N/A"
"Simetierre 2","46 508"
"Le Signal","N/A"
"Les Siffleurs","34 852"
"Le Siffleur","200 279"
"Siesta","N/A"
"Sierra torride","-"
"Sieranevada","14 645"
"Sidonie au Japon","53 732"
"Sideways","131 732"
"Sidewalk Stories","-"
"Sidekicks","92 300"
"Sid et Nancy","-"
"Sicko","94 458"
"Sick of Myself","14 638"
"La Sicilienne","17 093"
"Le Sicilien","-"
"Sicario La Guerre des Cartels","133 856"
"Le Sicilien (1958)","-"
"Sicario","178 566"
"Shrek 2","2 238 286"
"Shrek","939 597"
"Showtime","261 822"
"Showing Up","33 136"
"Showgirls","284 353"
"Show-bus","N/A"
"Shout","N/A"
"Shotgun Wedding","N/A"
"Shortbus","48 535"
"Short Cuts","121 785"
"Short Circuit","-"
"Shopgirl","600"
"Shooting Fish","56 926"
"Shooting dogs","11 840"
"Shooter - tireur d'élite","183 930"
"Shoot the Moon","-"
"Shoot 'Em Up","103 787"
"Shokuzai - Celles qui voulaient oublier","13 740"
"Shokuzai - Celles qui voulaient se souvenir","22 606"
"Shaun le Mouton Le Film : La Ferme Contre-Attaque","261 698"
"Shaun le mouton","314 419"
"Sharper","N/A"
"Shark Bay","N/A"
"Shark 3D","113 850"
"Shaolin Soccer","283 832"
"Shaolin Basket","49 653"
"Shanghai Triad","-"
"Shanghaï Surprise","-"
"Shanghai Kid 2","77 887"
"Shanghai Kid","160 409"
"Shang-Chi et la Légende des Dix Anneaux","481 173"
"Shandurai","-"
"Shampoo","-"
"Shame","140 037"
"Shall We Dance? La Nouvelle vie de Monsieur Clark","251 070"
"Shalako","-"
"Shakespeare in Love","192 326"
"Shag","33 478"
"Sex fans des sixties","69 529"
"Sex and the City 2","584 359"
"Sex and the City - le film","800 145"
"Sex Academy","172 477"
"Sex & manipulations","N/A"
"Severance","81 274"
"Seven Swords","46 218"
"Seven Sisters","573 072"
"Seven","1 062 919"
"Seuls Two","507 398"
"Seuls","193 449"
"Seules Les Bêtes","48 306"
"Seule sur la plage la nuit","13 614"
"Seule la vie...","6 089"
"Seule la Terre est éternelle","21 462"
"Seule la terre","-"
"Seule la mort peut m'arrêter","-"
"Seule dans la nuit","-"
"Le Seul témoin","-"
"Seul sur Mars","1 101 028"
"Le Septième Fils","190 056"
"Le Septième juré","-"
"La Septième demeure","-"
"Le Septième ciel","56 613"
"La Septième cible","-"
"La Septième aube","-"
"Septembre sans attendre","31 788"
"September","-"
"Sept vies","408 748"
"Les Sept pêchés capitaux (1952)","-"
"Les Sept péchés capitaux","-"
"Les Sept nains","N/A"
"Sept morts sur ordonnance","-"
"Les Sept mercenaires","-"
"Sept jours en mai","-"
"Sept jours à vivre","25 682"
"Sept hivers à Téhéran","18 078"
"Sept Fois femme","-"
"Selon Matthieu","77 770"
"Selon Charlie","257 457"
"Selma","135 639"
"Selkirk, le véritable Robinson Crusoé","3 002"
"Selfie","97 445"
"Self control","130 676"
"Selena","N/A"
"Sel, poivre et dynamite","-"
"Le Sel de la terre","45 124"
"Le Sel de la mer","17 289"
"Séjour dans les monts Fuchun","32 711"
"Seize printemps","9 101"
"Les Seins de glace","-"
"Les Seigneurs de la mer","31 716"
"Les Seigneurs de la guerre","55 828"
"Les Seigneurs de Harlem","20 972"
"Secret Sunshine","-"
"Secret Life of Words","34 266"
"Secret du chevalier d'Eon","-"
"Le Secret du grand canyon","-"
"Le Secret du Bayou","-"
"Le Secret des poignards volants","219 629"
"Le Secret des Perlims","15 551"
"Le Secret des Marrowbone","71 917"
"Le secret des Incas","-"
"Le Secret des Frères McCann","21 616"
"Le Secret des banquises","12 292"
"Secret défense (2008)","200 972"
"Secret défense","10 902"
"Le Secret de Veronika Voss","-"
"Le Secret de Terabithia","361 394"
"Le Secret de Roan Inish","-"
"Le Secret de Moonacre","50 894"
"Le Secret de mon succès","-"
"Le Secret de Mayerling","-"
"Scream 2","803 391"
"Scream","335 687"
"Scream (2022)","212 555"
"Scout toujours","-"
"La Scoumoune","-"
"Scott Pilgrim","16 811"
"Le Scorpion rouge","-"
"Scorpion","130 295"
"Scorpio","-"
"Scoop (1989)","-"
"Scoop","331 714"
"Scooby-Doo 2: Les Monstres se déchaînent","465 406"
"Scooby !","191 223"
"Scooby-Doo","700 363"
"Sciuscia","-"
"Scissors","N/A"
"La Science des rêves","195 631"
"Les Schtroumpfs et le village perdu","431 955"
"Sayonara","-"
"Saya Zamuraï","2 185"
"Saxo","-"
"Saw X","315 046"
"Saw V","312 943"
"Saw IV","294 553"
"Saw 6","266 042"
"Saw 3D","337 425"
"Saw 3","398 998"
"Saw 2","282 270"
"Saw","215 717"
"Savior","-"
"Saving Grace","43 387"
"Les Saveurs du palais","316 810"
"La Saveur des ramen","29 450"
"Saved!","1 206"
"Save the Last Dance","127 416"
"Savages","216 929"
"Les Sans-dents","8 798"
"Sans un bruit: jour 1","399 075"
"Sans un bruit","232 862"
"Sans un bruit 2","228 844"
"Sans toît ni loi","-"
"Sans Sarah, rien ne va","49 335"
"Sans retour","-"
"Sans répit","N/A"
"Sans rémission","-"
"Sans rancune !","25 885"
"Sans queue ni tête","31 346"
"Sans plus attendre","107 748"
"Sans pitié (2017)","10 288"
"Sans pitié","-"
"Sans peur et sans reproche","-"
"Sans nouvelles de Dieu","50 083"
"Sans motif apparent","N/A"
"Sans mobile apparent","-"
"San Andreas","471 962"
"Samson et Dalila","-"
"Samson contre Hercule","-"
"Samsara (2013)","9 879"
"Samsam","86 711"
"Samsara","20 142"
"Samourais","198 078"
"Le Samouraï du crépuscule","7 158"
"Samouraï Academy","151 216"
"Le Samouraï","-"
"Sammy et Rosie s'envoient en l'air","-"
"Sammy 2","227 490"
"Samia","34 261"
"Samba","900 042"
"Le Samaritain","N/A"
"Sam, je suis Sam","35 567"
"Sam Whisky le dur","-"
"Sam le pompier : Alerte extraterrestre","N/A"
"Red 2","336 533"
"Red","389 852"
"Recto/verso","73 813"
"Recours en grâce","-"
"La Recrue","159 490"
"Reckless","N/A"
"Réclusion à mort","N/A"
"Récifs coralliens","2 928"
"Le Récidiviste","-"
"Recherche Susan désespérement","-"
"Recherche bad boys désespérément","120 309"
"Les Recettes du bonheur","92 995"
"Recep Ivedik 6","-"
"Le Parfum d'Yvonne","49 327"
"Le Parfum : histoire d'un meurtrier","305 743"
"Les Parents terribles","-"
"Les Rebelles de la forêt","320 230"
"Rebelles","422 241"
"Le Rebelle","-"
"Rebelle","955 285"
"Rebel Moon: Partie 2 - L'Entailleuse","N/A"
"Rebel Moon: Partie 1 - Enfant du feu","N/A"
"Rebel (2022)","17 454"
"Rebel (1987)","N/A"
"Rebel","N/A"
"Rebecca","-"
"Parents d'élèves","110 248"
"La Parentèle","-"
"La Parenthèse enchantée","79 406"
"Pardonnez nos offenses","-"
"Le Parc des merveilles","422 524"
"Parc","4 012"
"Les Parasites","98 942"
"Parasite (2019)","376 842"
"Parasite","N/A"
"Les Parapluies de Cherbourg","-"
"Paranormal Activity: The Marked Ones","343 938"
"Paranormal Activity: The Ghost Dimension","320 059"
"Paranormal Activity: Next of Kin","N/A"
"Paranormal Activity 4","616 602"
"Paranormal Activity 3","387 586"
"Reality Show","-"
"Reality (2012)","52 480"
"Reality","46 878"
"Réalité","40 908"
"Partir","201 242"
"Parties intimes","-"
"La Partie de chasse","-"
"La Partie d'échecs","-"
"Les Particules élémentaires","32 435"
"La Particule humaine","974"
"Parthenope","43 844"
"La Part des ténèbres","81 370"
"La Part des lions","-"
"La Part des Anges","171 832"
"La Part de l'ombre","-"
"La Part animale","2 165"
"Pars vite et reviens tard","420 262"
"Les Parrains","302 225"
"Parrain d'un jour","N/A"
"Le Parrain 3","-"
"Le Parrain (2° partie)","-"
"Le Parrain","-"
"Paroles et musique","-"
"Parlez-moi de vous","131 118"
"Parole de flic","-"
"Parlez-moi de la pluie","414 296"
"Parlez-moi d'amour","33 266"
"Parle avec elle","443 302"
"Parle à mon psy, ma tête est malade","N/A"
"Parkland","30 776"
"Parker","124 735"
"Les Parisiennes","-"
"Paris-Willouby","64 322"
"Paris-Manhattan","106 736"
"Partir, revenir","-"
"Paris, je t'aime","172 566"
"Le Passager de la pluie","-"
"Le Passager de l'été","167 683"
"Le Passager clandestin","-"
"Passager 57","136 853"
"Le Passager","19 827"
"Le Passage du Rhin","-"
"Le Passage du canyon","-"
"Passage à l'acte","177 224"
"Le Passage","-"
"Pasolini","18 304"
"Pas vu, pas pris (1973)","-"
"Pas vu, pas pris","-"
"Pas un mot","171 871"
"Pas un de moins","-"
"Pas très normales activités","104 305"
"Pas très catholique","52 623"
"Le Pas suspendu de la cigogne","-"
"Pas sur la bouche","210 091"
"Pas son genre","124 082"
"Pas si simple","266 194"
"Pas si méchant que ça","-"
"Pas si grave","99 583"
"Pas si bête","-"
"Pas question le samedi","-"
"Pas pareil... et pourtant !","-"
"Pas nous, pas nous","-"
"Pas folle la guêpe","-"
"Pas de week-end pour notre amour","-"
"Pas de vagues","170 817"
"Pas de vacances pour les Blues","58 087"
"Pas de scandale","125 214"
"Pas de roses pour OSS 117","-"
"Patients","309 303"
"Le Patient anglais","194 029"
"Pathfinder le sang du guerrier","1 347"
"Pathaan","-"
"Paterson","100 137"
"Paternel","23 219"
"Pater","37 880"
"Le Patchwork de la vie","-"
"Les Patates","-"
"Patate","-"
"Pat' Patrouille au cinéma","N/A"
"La Pat' Patrouille: Mission voltige","N/A"
"La Pat' Patrouille : La Super Patrouille Le Film","646 799"
"Pat Garrett et Billy le Kid","-"
"Pat et Mat en hiver","16 496"
"Pat et Mat déménagent !","7 233"
"Pat et Mat : un dernier tour de vis","3 137"
"Pat et Mat","7 350"
"Past Lives – Nos vies d’avant","40 381"
"Passionnément","-"
"La Passion Van Gogh","25 120"
"Passion simple","17 414"
"Passion Fish","-"
"La Passion du Christ","613 700"
"La Passion de Dodin Bouffant","94 401"
"La Passion d'Augustine","14 802"
"Passion d'amour","-"
"La Passion Béatrice","-"
"Passion (2019)","13 641"
"Passion (2013)","74 253"
"Passion","-"
"Passeurs d'or","-"
"Pédale douce","516 537"
"Pecker","34 342"
"Pêcheur d'Islande","-"
"Pêchés mortels","-"
"Péché véniel","N/A"
"Pêche party","N/A"
"Péché originel","103 524"
"Pêché mortel","-"
"Peaux de vaches","-"
"La Peau que j'habite","210 313"
"Peau neuve","-"
"La Peau douce","-"
"Peau de banane","-"
"Peau d'espion","-"
"Peau d'âne","-"
"La Peau","-"
"Pearl Harbor","866 919"
"Pearl","N/A"
"Peace, Love et plus si affinités","6 771"
"Le Pays du sourire","-"
"Le Pays du dauphin vert","-"
"Le Pays de la violence","N/A"
"Pays de Cocagne","-"
"Le Pays d'où je viens","-"
"Paycheck","311 308"
"Payback","438 862"
"Pavillon noir","-"
"Pavarotti","N/A"
"Pauvres créatures","186 568"
"Pauvre Richard","5 823"
"Pauline et l'ordinateur","N/A"
"Pauline et François","13 725"
"Perfect Addiction","N/A"
"Perfect","-"
"Pereira prétend","-"
"Père-Fils thérapie!","154 177"
"Le Père tranquille","-"
"Père Stu : un héros pas comme les autres","N/A"
"Le Père Noël est une ordure","-"
"Le Père Noël contre le bonhomme de neige","587"
"Le Père Noël","177 913"
"Le Père Frimas","25 287"
"Père et flic","38 432"
"Père et fils","360 968"
"Père et fille","11 644"
"Le Père de mes enfants","27 632"
"Le Père de la mariée 2","N/A"
"Le Père de la mariée (1951)","-"
"Le Père de la mariée","-"
"Perdus dans l'espace","292 054"
"Perdrix","59 482"
"Percy Jackson le voleur de foudre","479 413"
"Percy Jackson : La mer des monstres","549 325"
"Perceval le Gallois","-"
"Peppermint","85 402"
"Peppa au cinéma","1 317"
"Les Pépites","41 993"
"Pepi, Luci, Bom et autres filles du quartier","-"
"Les Pépées font la loi","-"
"Pépé le Moko","N/A"
"People Mountain People Sea","5 100"
"People Jet Set 2","413 755"
"Pentimento","N/A"
"Pentagon Papers","476 134"
"Le Petit Gruffalo","20 154"
"Le Petit gondolier","-"
"Le Petit garçon","-"
"Le Petit dinosaure et la vallée des merveilles","-"
"Le Petit diable","-"
"Le Petit criminel","-"
"Petit Corbeau 3 – La Quête du trésor perdu","N/A"
"Petit Corbeau","10 349"
"Le Petit colonel","-"
"Le Petit chat curieux","9 056"
"Le Petit bougnat","-"
"Le Petit Blond de la Casbah","35 283"
"Le Petit baigneur","-"
"Le Petit Arpent du Bon Dieu","-"
"Peter's Friends","44 549"
"Peter von Kant","42 675"
"Peter Pan (1953)","-"
"Peter Pan 2, Retour au pays imaginaire","354 985"
"Peter Pan & Wendy","N/A"
"Peter Pan","341 151"
"Peter et Tillie","N/A"
"Peter et Elliott le dragon","-"
"Peter et Elliot le dragon (le film)","287 349"
"Petaouchnok","49 948"
"Pétain","-"
"Personnel et confidentiel","107 762"
"La Peste","-"
"Personne ne peut me juger","N/A"
"Personne ne m'aime","-"
"Personne n'y comprend rien","32 502"
"Personne n'est parfait(e)","124 457"
"Personne n'attend la nuit","N/A"
"Petite maman","31 167"
"La Petite maison de thé","-"
"La Petite Lili","188 533"
"La Petite Jérusalem","36 481"
"Petite forêt","2 500"
"Petite Fleur","15 757"
"La Petite Fille en velours bleu","-"
"La Petite fille au tambour","-"
"La Petite fille au bout du chemin","-"
"La Petite fabrique du monde","4 980"
"La Petite fabrique de nuages","10 218"
"La Petite Chocolatière","-"
"La Petite chartreuse","45 580"
"La Petite chambre","14 448"
"La Petite boutique des horreurs (1960)","-"
"La Petite boutique des horreurs","-"
"La Petite bande (2022)","43 260"
"La Petite bande","-"
"La Petite apocalypse","-"
"La Petite amie","-"
"La Petite (1978)","-"
"La Petite","206 646"
"Le Petit vampire 3D","N/A"
"Petit Vampire","155 496"
"Le Petit vampire","119 008"
"Le Petit Vagabond","-"
"Le Petit Spirou","224 512"
"Le Petit prince a dit","-"
"Le Petit Prof","-"
"Le Petit Prince","641 055"
"Le Petit Poucet","343 523"
"Petit Potam","21 123"
"Peur sur la ville","-"
"Peur primale","140 697"
"Peur de rien","20 660"
"Peur bleue (1985)","N/A"
"Peur bleue","401 309"
"La Peur au ventre","43 074"
"Le Peuple migrateur","518 473"
"Le Peuple singe","-"
"Le Peuple Loup","42 627"
"Le Peuple des ténèbres","71 935"
"Pettson et Picpus","10 673"
"Les Pétroleuses","-"
"Pétrus","-"
"Petta","-"
"Pétrole ! Pétrole !","-"
"Les Petits ruisseaux","85 984"
"Les Petits princes","51 962"
"Les Petits mouchoirs","1 369 812"
"Petits meurtres entre nous","N/A"
"Petits meurtres entre amis","142 310"
"Les Petits Matins","-"
"Petits meurtres à l'anglaise","71 186"
"Petits frères","51 749"
"Petits désordres amoureux","18 618"
"Les Petits flocons","34 041"
"Petits contes sous l’océan","25 274"
"Petits contes sous la neige","7 146"
"Les Petits chats","N/A"
"Les Petits champions 2","N/A"
"Les Petits champions","49 239"
"Piégé (2025)","N/A"
"Le Piège","-"
"Piégé","20 340"
"Les Pieds sur terre","37 173"
"Pieds nus sur les limaces","38 657"
"Pieds nus dans le parc","-"
"Les Pieds nickelés","-"
"Piédalu à Paris","-"
"Pieces of a Woman","N/A"
"La Pièce rapportée","26 288"
"Pièce montée","201 213"
"La Pièce manquante","6 084"
"Piece By Piece","10 303"
"Pie voleuse","-"
"La Pièce - Les derniers seront les premiers","30 009"
"La Pie voleuse","105 674"
"Picnic","-"
"Le Pic de Dante","373 431"
"Piccolo, saxo et Cie","101 152"
"Le Piano Magique","9 902"
"La Pianiste","251 544"
"Le Pianiste","379 604"
"Le photographe de Mauthausen","N/A"
"Pi","-"
"Le Photographe","36 051"
"Photo obsession","106 000"
"Photo de famille","226 153"
"Phone Game","352 841"
"Phoenix Arizona","-"
"Phoenix (2015)","57 466"
"Phoenix","460"
"Philomena","156 064"
"Les Pique-assiette","-"
"Le Piquant de la vie","N/A"
"Pippa Lee","59 311"
"Le Pion","-"
"Pinot simple flic","-"
"Pinocchio, le robot","38 095"
"Pinocchio par Guillermo del Toro","N/A"
"Pinocchio et l'empereur de la nuit","N/A"
"Pinocchio et Gepetto","31 902"
"Pinocchio (2022)","N/A"
"Pinocchio (2020)","N/A"
"Pinocchio (2013)","46 662"
"Pinocchio (2003)","116 579"
"Pinocchio (1946)","-"
"Pink Narcissus","-"
"Pinocchio","314 020"
"Pink Floyd: The Wall","-"
"Pink Cadillac","N/A"
"Pingu","9 457"
"Les Pingouins de Madagascar","810 558"
"Ping Pong Summer","3 200"
"Pina","67 740"
"Le Piment de la vie","-"
"Les Pilleurs","39 475"
"Pile ou face","-"
"Pile & face","60 011"
"Pil","117 333"
"Le Pigeon qui sauva Rome","-"
"Pigalle, Saint-Germain-des-Prés","-"
"Pigalle","10 706"
"Pique-nique à Hanging Rock","-"
"Pig","10 015"
"Le Plan B","196 238"
"Plan 75","14 494"
"Le Plaisir de chanter","29 402"
"Plaisir d'amour","-"
"Le Plaisir (et ses petits tracas)","30 190"
"Le Plaisir","-"
"Plaire, aimer et courir vite","75 674"
"Les Plages d'Agnès","37 452"
"Placés","49 668"
"La Plage","1 106 607"
"Place Vendôme","296 297"
"Place publique","182 458"
"La Place d’une autre","22 520"
"Place des Victoires","39 324"
"La Place d'un autre","-"
"Le Placard","1 303 117"
"Pizzaiolo et mozzarel","-"
"Pixote, la loi du plus faible","-"
"Pixels","307 415"
"Pitch Perfect 3","112 185"
"Pitch Perfect 2","157 564"
"Pitch Black","48 987"
"Le Pistonné","-"
"La Piste du tueur","40 470"
"Les Pistolets en plastique","29 992"
"La Piste des éléphants","-"
"La Piste de Santa Fé","-"
"La Piste","71 010"
"La Piscine","-"
"Pirouette et le sapin de Noël","2 632"
"La Pirogue","10 088"
"Plan de table","119 989"
"Piro Piro","6 853"
"La Pluie du diable","-"
"Pluie de roses sur Manhattan","-"
"Pluie d'enfer","72 506"
"Plonger","26 896"
"Les Plongeurs de l'extrême","6 027"
"Pleure pas my love","N/A"
"Pleure pas la bouche pleine","-"
"Plenty","-"
"Les Pleins pouvoirs","298 196"
"Pleins feux sur Stanislas","-"
"Pleine lune sur Blue Water","-"
"Plein sud (2010)","13 299"
"Plein sud","-"
"Plein soleil","-"
"Plein la gueule","-"
"Plein gaz","N/A"
"Le Plein de super","-"
"Pleasure","11 214"
"Pleasantville","69 250"
"Playtime","-"
"Playmobil, Le Film","176 947"
"Playlist","16 168"
"Playing God","16 537"
"Playboy à saisir","115 483"
"Players","178 703"
"Play","134 348"
"Platoon","-"
"La Planque","38 195"
"La Planète verte","N/A"
"Planète terreur - un film Grindhouse","10 136"
"La Planète sauvage","-"
"Planète rouge","208 683"
"Le Point du jour","-"
"Le Point de non retour","-"
"Le Point de mire","-"
"Point de chute","-"
"Point d'impact","N/A"
"Point Break extrême limite","-"
"Point Break (2016)","262 725"
"Les Poings contre les murs","35 412"
"Poil de carotte","-"
"Poids léger","13 807"
"Le Poids de l'eau","37 232"
"Poetry","51 985"
"Poetic Justice","-"
"Poesía Sin Fin","15 326"
"Le Poète et le dictateur","N/A"
"Podium","1 154 169"
"Pocahontas","1 008 846"
"La Pocharde","-"
"Pluto Nash","42 890"
"Le plus vieux métier du monde","-"
"Plus tard, tu comprendras","3 641"
"Le Plus secret des agents secrets","N/A"
"Le Plus Sauvage d'entre tous","-"
"Plus que jamais","21 203"
"La Plus Précieuse Des Marchandises","144 515"
"Plus jamais","114 981"
"La Plus grande histoire jamais contée","-"
"La Plus grande aventure de Tarzan","-"
"Le Plus grand cirque du monde","-"
"Le Plus Grand","N/A"
"Pompoko","83 328"
"Pompéi","338 692"
"Pom le poulain","14 683"
"Poltergeist II","-"
"Poly","458 929"
"Poltergeist 3","-"
"Poltergeist (2015)","177 233"
"Poltergeist","-"
"Poltergay","299 500"
"Polly et moi","461 735"
"Pollock","13 892"
"Pollux, le manège enchanté","189 760"
"Pollen","36 365"
"Polisse","636 355"
"Polina, danser sa vie","40 168"
"Le Policier","9 381"
"Le Policeman","-"
"Police sur la ville","-"
"Police Story : Lockdown","N/A"
"Police story 3","-"
"Police python 357","-"
"Police internationale","-"
"Police frontière","-"
"Police fédérale Los Angeles","-"
"La Police fédérale enquête","-"
"Police connection","-"
"Police Academy III : Instructeurs de choc","-"
"Police Academy II : Au boulot !","-"
"Police Academy 7: Mission à Moscou","65 419"
"Police Academy 6: SOS ville en état de choc","-"
"Police Academy 5: Débarquement à Miami","-"
"Police Academy 4: Aux armes citoyens!","-"
"Le Portrait interdit","13 945"
"Le Portrait de son père","-"
"Portrait de la jeune fille en feu","105 099"
"Portrait de groupe avec dame","-"
"Portrait de femme","94 289"
"Le Portrait de Dorian Gray","N/A"
"Portrait d'un assassin","-"
"Portrait craché d'une famille modèle","-"
"Portier de nuit","-"
"La Porteuse de pain (1950)","-"
"La Porteuse de pain","-"
"Les Portes du temps","206 890"
"Le Porteur de cercueil","N/A"
"Portés disparus 2","-"
"Portés disparus","-"
"Les Portes de la nuit","-"
"Les Portes de la gloire","171 712"
"Les Portes closes","N/A"
"Les Portes claquent","-"
"La Porte du soleil","649"
"La Porte du paradis","-"
"La Porte des secrets","169 890"
"Porte des Lilas","-"
"Porte d'Orient","-"
"Port du désir","-"
"Pororo et le Dragon Géant","-"
"Pororo, l’île aux trésors","-"
"Porky's contre attaque","N/A"
"Le Pornographe","24 236"
"Portraits chinois","76 231"
"Pour qui sonne le glas","-"
"Porky's","-"
"Porco Rosso","-"
"Porky's 2","N/A"
"Pour le réconfort","12 280"
"Pour les soldats tombés","7 394"
"Pour rire!","-"
"Pour le plaisir","29 099"
"Pour le pire et pour le meilleur","281 023"
"Pour le meilleur et pour le rire","42 058"
"Pour le meilleur et pour le pire","N/A"
"Pour la peau d'un flic","-"
"Pour la gloire","-"
"Pour la France","30 866"
"Pour l'honneur","91 813"
"Pour l'éternité","2 532"
"Pour l'amour du jeu","9 744"
"Pour l'amour du ciel","-"
"Pour l'amour de Roseanna","14 798"
"Pour l'amour d'une femme","91 578"
"Pour elle","235 480"
"Pour cent briques t'as plus rien","-"
"Poupoupidou","80 320"
"Les Poupées russes","662 329"
"Les Poupées","-"
"Le Poulpe","147 795"
"Les Poulets","-"
"Poulet Frites","18 427"
"Poulet aux prunes","131 854"
"Poulet au vinaigre","-"
"Le Poulet","N/A"
"Prelude to a Kiss","N/A"
"Prélude à la gloire","-"
"Préjudice extrême","-"
"Préjudice (1998)","64 543"
"Prédictions","465 607"
"Préjudice","14 340"
"Le Prédicateur","7 373"
"Predator 2","-"
"Predators","325 659"
"Predator","-"
"Les Prédateurs","-"
"Prédateur","N/A"
"Precious","61 833"
"Le Pré","-"
"Les Prairies de l'honneur","-"
"Power Rangers (2017)","262 004"
"Power Rangers","-"
"Power - Les Coulisses du pouvoir","-"
"Powder","-"
"Powaqqatsi","N/A"
"Le Pouvoir du chien","N/A"
"Le Pouvoir","14 680"
"Poussières d'amour","721"
"La Poussière du temps","7 144"
"La Poussière, la sueur et la poudre","N/A"
"Pousse-toi, chérie","N/A"
"Pourvu que ce soit une fille","-"
"Pourvu que ça dure","36 944"
"La Poursuite impitoyable","-"
"La Poursuite des tuniques bleues","-"
"Poursuite","200 223"
"Le Pressentiment","76 590"
"Presque rien","-"
"Presque légal","25 683"
"Presque célèbre","80 831"
"Presque","151 276"
"Presidio base militaire San Francisco","-"
"Présidents","249 345"
"Président par accident","2 510"
"Le Président et Miss Wade","101 310"
"Président d'un jour","146 850"
"Le Président (2010)","20 489"
"Le Président","-"
"Président","182 173"
"Présentateur vedette: La légende de Ron Burgundy","2 734"
"Préparez vos mouchoirs","-"
"Presence","47 151"
"Prénom Carmen","-"
"Le Prénom","1 086 313"
"Prends ta Rolls et va pointer","-"
"Prends l'oseille et tire-toi","-"
"Prendre le large","27 562"
"Prendre femme","13 822"
"Prémonitions (2007)","98 795"
"Prémonitions (1999)","94 485"
"Prémonitions","329 959"
"Premium Rush","67 023"
"Les Premiers, les Derniers","38 665"
"Premiers pas dans la mafia","-"
"Premiers désirs","-"
"Premiers crus","135 334"
"La Princesse de Montpensier","290 136"
"La Princesse de Clèves","-"
"Princesse Chang Ping","N/A"
"Princesse Caraboo","-"
"Princess Bride","-"
"Princesas","10 743"
"Princes et princesses","-"
"Les Princes","-"
"Prince Vaillant","-"
"Prince Vaillant (1954)","-"
"Le Prince Oublié","457 031"
"Prince of Texas","10 174"
"Prince of Persia : les sables du temps","815 255"
"Le Prince et moi","N/A"
"Le Prince et la danseuse","-"
"Le Prince du Pacifique","300 186"
"Le Prince des voleurs","N/A"
"Le Prince des marées","-"
"Prince des ténèbres","-"
"Le Prince de Sicile","60 325"
"Le Prince de Pennsylvanie","-"
"Le Prince de New-York","N/A"
"Prince de Jutland","-"
"Le Prince de Greenwich Village","N/A"
"Le Prince d'Egypte","998 779"
"Primary colors","71 115"
"Primaire","80 237"
"Prima la vita","23 090"
"Prima della rivoluzione","-"
"La prima cosa bella","12 652"
"Priez pour nous","97 250"
"Priest (2011)","146 463"
"Le Procès de l'herboriste","17 917"
"Le procès contre Mandela et les autres","11 533"
"Problemos","96 600"
"Le Prix du succès","60 071"
"Le Prix du désir","17 000"
"Le Prix du danger","-"
"Le Prix de la passion","-"
"Le Prix de la loyauté","108 773"
"Le Prix de l'exploit","N/A"
"Le Prix d'une vie","-"
"Le Prix d'un meurtre","-"
"Le Prix à payer (2007)","473 489"
"Le Prix à payer (2015)","14 245"
"Le Prix à payer","-"
"Le Privé de ces dames","-"
"Le Privé","-"
"Private Resort","N/A"
"Private","4 794"
"Prisonniers du temps","48 953"
"La Prisonnière espagnole","49 321"
"La Prisonnière de Bordeaux","55 478"
"La Prisonnière du désert","-"
"La Prisonnière","-"
"Le Prisonnier de Zenda (1953)","-"
"Le Prisonnier de Zenda","N/A"
"Le Prisonnier de la seconde avenue","-"
"Le Prisonnier d'Alcatraz","-"
"Prisoners","354 954"
"La Prison du viol","-"
"Prison 77","N/A"
"La Prison de verre","-"
"Prison","-"
"Promenade avec l'amour et la mort","-"
"Projet Wolf Hunting","8 055"
"Promare","8 508"
"Le Projet Blair Witch","145 772"
"Project X (2012)","645 681"
"Project X","N/A"
"Project Silence","18 669"
"Project Power","N/A"
"Project Almanac","135 499"
"Les Proies (2017)","177 256"
"Les Proies","-"
"La Proie du diable","209 337"
"La Proie des vautours","-"
"La Proie d'une ombre","35 748"
"La Proie (2011)","180 220"
"La Proie","-"
"Les Profs 2","1 180 383"
"Programmé pour tuer","62 349"
"Les Profs","1 037 269"
"Profs","-"
"Profil bas","207 865"
"Les Professionnels","-"
"Le Professionnel","-"
"Profession: reporter","-"
"Profession profiler","31 752"
"Profession du père","25 406"
"Profession : génie","-"
"Professeur Holland","-"
"Professeur Freud","N/A"
"Le Professeur Foldingue","561 291"
"Le Professeur de Violon","22 615"
"Le Professeur","-"
"Psycho Beach Party","14 854"
"Psycho","71 424"
"Psy","-"
"Psiconautas","5 757"
"Psaume rouge","-"
"Prunelle Blues","-"
"PS 2 - Ponniyin Selvan Partie 2","-"
"Proxima","51 977"
"Le Proviseur","-"
"La Provinciale","-"
"Le Provincial","-"
"Providence","-"
"Protocol","N/A"
"Protéger et servir","229 506"
"Protection rapprochée","-"
"Prosper","30 756"
"Le Proprio","N/A"
"Propriété interdite (2011)","11 897"
"Propriété interdite","-"
"Proposition indécente","312 849"
"La Proposition","26 525"
"La Proposition (2009)","303 534"
"La Prophétie de l'horloge","243 245"
"La Prophétie des grenouilles","96 519"
"Le Prophète","9 796"
"Prophecy, le monstre","-"
"La Prophécie des ombres","183 459"
"Proof","-"
"Promotion canapé","-"
"Promising Young Woman","45 320"
"Promised Land (2013)","103 525"
"Promised Land","N/A"
"Pyramide","109 776"
"Pyjama party","249"
"Puzzle","48 287"
"La Putain du roi","-"
"Putain d'histoire d'amour","-"
"Pushpa: The Rule - Part 2","6 943"
"Pushpa: The Rise","N/A"
"Push","38 559"
"Purple Rain","N/A"
"Le Purificateur","9 793"
"La Puritaine","-"
"Pureté Volée","N/A"
"Pur-sang","222"
"Pur week-end","33 439"
"Pur sang, la légende de Seabiscuit","135 693"
"Pupille","263 524"
"Punisher","-"
"Punch-Drunk Love","117 685"
"Pump Up the Volume","-"
"Pulsions","-"
"Pulse (2006)","34 209"
"Pulse","N/A"
"Pulp Fiction","474 930"
"Pullman paradis","-"
"Le Pull over rouge","-"
"Les Puissants","84 587"
"Puissance de l'ange","-"
"Pudeurs à l'italienne","-"
"La Puce et le grincheux","N/A"
"Public Enemies","593 398"
"Ptérodactyles 3D : Dans le ciel des dinosaures","2 425"
"Psychose II","N/A"
"Psychose 3","N/A"
"Psychose","-"
"Psychokinesis","N/A"
"La Promise","N/A"
"Promets-moi","53 295"
"Prometheus","812 356"
"Promesses, que des promesses !","N/A"
"Les Promesses de l'ombre","309 843"
"Les Promesses","130 294"
"Les Promesses (2023)","-"
"La Promesse verte","176 281"
"La Promesse de l'aube (2017)","250 088"
"La Promesse de l'aube","-"
"La Promesse d'une vie","56 523"
"La Promesse (2017)","27 507"
"La Promesse","-"
"Promenons-nous dans les bois","169 232"
"Promenons-nous avec les petits loups","5 237"
"Le Promeneur du Champ de Mars","209 515"
"Le Promeneur d'oiseau","34 222"
"Promenades d'été","-"
"Prof poids lourd","N/A"
"Prof et rebelle","-"
"La Prof du bahut","-"
"La Prof donne des leçons particulières","-"
"Le Prof","73 728"
"Les Producteurs (2006)","23 618"
"Les Producteurs","-"
"Prodigieuses","58 288"
"Le Prodige","42 290"
"La Prochaine fois je viserai le coeur","190 185"
"Le Prochain film","9 018"
"Le Processus de paix","34 918"
"Process","1 383"
"Le Procès Paradine","-"
"Le Procès Goldman","110 011"
"Le Procès du siècle","65 739"
"Le Procès du chien","58 222"
"Le Procès de Viviane Amsalem","41 082"
"Priscilla folle du désert","69 762"
"Priscilla","144 773"
"Pris de court","25 112"
"Pris au piège","N/A"
"Le Printemps, l'Automne et l'Amour","-"
"Printemps, été, automne, hiver… et printemps","40 388"
"Le Principal","60 604"
"Le Principe de l'Arche de Noé","N/A"
"Princesses","23 361"
"Princesse Tzigane","-"
"Princesse Mononoke","82 240"
"Princesse malgré elle","126 382"
"La Princesse et le guerrier","1 658"
"La Princesse et la grenouille","876 083"
"La Princesse du désert","102 790"
"Princesse Dragon","40 755"
"La Princesse des glaces, le monde des miroirs magiques","23 466"
"La Princesse des glaces","63 107"
"La Prière","86 676"
"Pride (2014)","69 011"
"Preuve à l'appui","N/A"
"Prick Up","-"
"Pretty Woman","-"
"Prêtres interdits","-"
"Prêtre","-"
"Le Prête-nom","-"
"Prête-moi ton mari","N/A"
"Prête-moi ta main","1 065 610"
"Prête à tout","92 739"
"Prêt-à-Porter","310 634"
"Prêt à tout","208 722"
"Présumé innocent","-"
"Présumé dangereux","-"
"Présumé Coupable (2009)","N/A"
"Le Prestige","122 611"
"Présumé coupable","154 995"
"Les Premiers beatniks","-"
"Premières Vacances","187 422"
"Première victoire","-"
"Première sortie","53 478"
"La Première fois que j'ai eu 20 ans","86 966"
"La Première fois","-"
"La Première étoile","456 914"
"Première année","341 290"
"Premier voyage","-"
"Le Premier venu","13 587"
"Premier regard","68 875"
"Le Premier qui l'a dit","50 116"
"Le Premier pouvoir","N/A"
"Le Premier jour du reste de ta vie","190 149"
"Le Premier homme","15 352"
"Le Premier Empereur de Chine","-"
"Premier de la classe","132 706"
"Le Premier cri","138 773"
"Premier Contact","300 058"
"Le Premier cercle","159 453"
"Pourris gâtés","148 506"
"Pourquoi viens-tu si tard?","-"
"Pourquoi tu souris ?","56 283"
"Pourquoi tu pleures ?","77 089"
"Pourquoi pas?","-"
"Pourquoi pas nous?","-"
"Pourquoi pas moi?","126 932"
"Pourquoi nous détestent-ils ?","223"
"Pourquoi (pas) le Brésil ?","6 322"
"Pourquoi j'ai pas mangé mon père","656 119"
"Pour une poignée de dollars","-"
"Pour une nuit…","46 958"
"Pour une femme","113 065"
"Pour un garçon","274 846"
"Pour un fils","3 629"
"Pour un amour lointain","-"
"Pour toujours","6 671"
"Pour Sacha","-"
"Pour Sama","17 737"
"Le Poulain","92 645"
"Pouic Pouic","-"
"La Poudre d'escampette","-"
"Poucelina","50 235"
"Potins mondains et amnésies partielles","32 276"
"Potins de femmes","-"
"Potiche","875 112"
"Le Potager de mon grand-père","2 963"
"Pot-Bouille","-"
"Postman","115 242"
"Post-Coîtum, animal triste","55 865"
"Post Grad","606"
"La Possibilité d'une île","13 093"
"Possessions","55 148"
"Possession (2021)","N/A"
"Possession (2002)","79 029"
"Possession","-"
"Les Possédés","-"
"Possédée","177 224"
"Posse, la revanche de Jesse Lee","-"
"Poséidon","240 953"
"Porc royal","N/A"
"Populaire","406 295"
"Popeye","-"
"Pop Redemption","56 964"
"Pookie","N/A"
"Ponyo sur la falaise","248 029"
"Les Ponts de Toko-Ri","-"
"Le Pont du roi Saint-Louis","35 158"
"Le Pont des Espions","289 000"
"Le Pont des arts","14 846"
"Le Pont de Remagen","-"
"Le Pont de la rivière Kwai","-"
"Ponniyan Selvan: Part One","N/A"
"Le Poney rouge","-"
"Ponette","65 390"
"Ponce Pilate","-"
"Poms","N/A"
"Pompon Ours","24 494"
"Police Academy","-"
"Police (2020)","84 682"
"Police","-"
"Le Pôle Express","278 455"
"Polar","N/A"
"Pola X","53 910"
"Pokémon, le film: Le pouvoir est en nous","N/A"
"Pokémon, le film : Je te choisis !","N/A"
"Pokémon, le film : Hoopa et le Choc des légendes","N/A"
"Pokémon Détective Pikachu","736 574"
"Pokemon 3","54 681"
"Pokemon 2, le pouvoir est en toi","190 699"
"Pokemon","807 086"
"Poisson d'avril","-"
"Poison","N/A"
"La Poison","-"
"La Pointe courte","N/A"
"Le Poirier sauvage","32 707"
"Le Plus fou des deux","N/A"
"Plus fort que le diable","-"
"Plus féroces que les mâles","-"
"Le Plus escroc des deux","-"
"Plus ça va, moins ça va","-"
"Les Plus belles escroqueries","-"
"Les Plus belles années de notre vie","-"
"Les Plus belles années d'une vie","85 689"
"La Plus belle victoire","75 074"
"La Plus belle pour aller danser","64 016"
"Le Plus bel âge","-"
"Plus beau que moi tu meurs","-"
"Le Plus beau pays du monde","-"
"Le Plus beau métier du monde","381 282"
"Le Plus beau jour de ma vie","90 013"
"Le Plus beau des combats","179 097"
"Plume, le petit ours polaire","37 418"
"Plume et l'île mystérieuse","42 376"
"Plume au vent","-"
"Pluie noire","-"
"Planète interdite","-"
"Planète hurlante","86 264"
"La Planète des singes: les origines","1 321 648"
"La Planète des Singes : Le Nouveau Royaume","932 730"
"La Planète des singes : l'affrontement","1 746 921"
"La Planète des Singes - Suprématie","1 016 520"
"La Planète des singes (1968)","-"
"La Planète des singes","1 728 196"
"La Planète bleue","200 742"
"La Planète blanche","232 444"
"Planète B","-"
"La Planète au trésor","649 655"
"Planète 51","225 318"
"Planes 2","320 700"
"Planetarium","50 383"
"Planes","433 188"
"Plancha","271 193"
"Les Pires","18 915"
"Le Pire voisin au monde","67 470"
"Les Pirates du métro","-"
"Pirates des Caraïbes, le secret du coffre maudit","2 708 112"
"Pirates des Caraïbes, la malédiction du Black Pearl","1 181 208"
"Pirates des Caraïbes, jusqu'au bout du monde","2 709 377"
"Pirates des Caraïbes : La Vengeance de Salazar","1 346 594"
"Pirates des Caraïbes : la Fontaine de Jouvence","1 693 713"
"Les Pirates de l'île sauvage","N/A"
"Les Pirates ! Bons à rien, Mauvais en tout","175 826"
"Pirates","-"
"La Pirate","-"
"Piranhas 2, les tueurs volants","-"
"Piranhas (2019)","19 772"
"Piranhas","-"
"Piranha 3D","260 168"
"Le Pique-nique de Lulu Kreutz","63 611"
"Pietà","5 363"
"Pierrot le fou","-"
"Pierre Lapin 2 : Panique en ville","482 349"
"Pierre Lapin","495 488"
"Pierre et le loup","11 442"
"Pierre et Djemila","-"
"Les Pierrafeu à Rock Vegas","56 473"
"Piégée","92 437"
"Piège mortel","-"
"Le Piège infernal","N/A"
"Piège fatal","99 165"
"Piège en haute mer","358 389"
"Piège en eaux troubles","372 114"
"Piège de feu","63 695"
"Piège de cristal","-"
"Piège à minuit","-"
"Piège à Hong-Kong","151 286"
"Piège à grande vitesse","243 164"
"Le Piège à cons","-"
"Philadelphia Security","N/A"
"Philadelphia","297 005"
"Phénomènes Paranormaux","90 911"
"Phénomène","204 113"
"Phénomènes","596 557"
"Phenomena","-"
"Phat Girlz","1 957"
"Phase IV","-"
"Le Pharmacien de garde","140 947"
"Le Pharaon, le Sauvage et la princesse","109 408"
"Phantoms","N/A"
"Phantom Thread","133 424"
"Phantom of the Paradise","-"
"Phantom Boy","33 691"
"Phantasm II","-"
"Phantasm","-"
"Phaedra","-"
"Peut-être","286 160"
"Les Petits câlins","-"
"Les Petits braqueurs","470"
"Petits arrangements avec les morts","23 831"
"Les Petites victoires","250 360"
"Les Petites vacances","7 642"
"Petites misères","11 605"
"Petites mains","59 549"
"Petites coupures","103 789"
"Petites confidences (à ma psy)","296 249"
"Les Petites chéries","-"
"Petites casseroles","5 441"
"La Petite voleuse","-"
"La Petite Véra","-"
"La Petite Venise","25 651"
"La Petite vadrouille","160 161"
"La petite Suisse","N/A"
"La Petite sirène (2023)","582 814"
"La Petite sirène","-"
"La Petite princesse","N/A"
"Petite nature","33 148"
"Le Petit Piaf","65 637"
"Petit paysan","129 263"
"Petit Pays","101 776"
"Petit papa baston","-"
"Petit Panda en Afrique","39 119"
"Le Petit Nicolas - Qu’est-ce qu’on attend pour être heureux ?","75 050"
"Le Petit Nicolas","1 132 450"
"Le Petit monstre","-"
"Le Petit monde des Borrowers","110 707"
"Le Petit Monde de Don Camillo","-"
"Le Petit monde de Leo","10 722"
"Le Petit monde de Charlotte","105 232"
"Le Petit matin","-"
"Le Petit Marcel","-"
"Le Petit locataire","104 962"
"Le Petit Lord Fauntleroy","-"
"Le Petit lieutenant","241 732"
"Le Petit homme","-"
"La Personne aux deux personnes","108 849"
"Personal Shopper","54 203"
"Persona non grata","30 616"
"Persepolis","289 036"
"Persécution","65 912"
"Perpète","N/A"
"Permission jusqu'à l'aube","-"
"La Permission de minuit","76 222"
"La Permission","13 497"
"Permis de tuer","717 882"
"Permis de mariage","27 883"
"Permis de construire","211 995"
"Le Permis de conduire","-"
"Le Péril jeune","100 252"
"Péril en la demeure","-"
"Perfect Sense","13 535"
"Perfect Mothers","111 058"
"Perfect Days","103 232"
"Pension complète","167 711"
"Pensées mortelles","-"
"La Péniche du bonheur","-"
"Peninsula","107 865"
"Penguin Bloom","N/A"
"Pendez les haut et court","-"
"Pénélope","76 338"
"Peloton d'exécution","-"
"Pelo Malo","15 196"
"Pelle le conquérant","-"
"Pelé - naissance d’une légende","N/A"
"Peines d'amour perdues","42 169"
"La Peine du Talion","-"
"Peindre ou faire l'amour","258 190"
"Peggy Sue s'est mariée","-"
"Peggy Guggenheim, la collectionneuse","9 117"
"Pee Wee Big Adventure","-"
"Pédale dure","235 188"
"Pauline détective","63 642"
"Pauline à la plage","-"
"Paulina s'en va","-"
"Paulina 1880","-"
"Paulie, le perroquet qui parlait trop","39 232"
"Paulette","206 259"
"Paula","20 306"
"Paul Sanchez est revenu!","25 208"
"Paul, Apôtre du Christ","19 067"
"Paul","301 620"
"La Pat’ Patrouille - Le film","459 566"
"Patty Hearst","N/A"
"Patton","-"
"Pattie et la colère de Poséidon","210 409"
"Patti Cake$","30 237"
"Pattaya","935 495"
"Patrouille de choc","-"
"Les Patriotes","100 289"
"Passeport pour la honte","-"
"Passengers (2016)","586 756"
"Passe-passe","195 378"
"Le Passe-muraille","-"
"Le Passe-montagne","-"
"Passé virtuel","-"
"Le Passé simple","-"
"Passe ton bac d'abord","-"
"La Passante du sans souci","-"
"Le Passé","260 761"
"Passages","11 227"
"Les Passagers de la nuit (2022)","78 880"
"Les Passagers (1977)","-"
"Les Passagers de la nuit","-"
"Les Passagers","46 507"
"La Passagère (2022)","35 850"
"La Passagère","-"
"Le Passager nº4","N/A"
"Pas de répit pour les salauds","N/A"
"Pas de printemps pour Marnie","-"
"Pas de problème","-"
"Pas de pitié pour les salopards","-"
"Pas de lettre pour le colonel","-"
"Pas de larmes pour Joy","-"
"Pas d'orchidées pour Miss Blandish","-"
"Pas de lauriers pour les tueurs","-"
"Pas d'histoires ! 12 regards sur le racisme au quotidien","5 804"
"Parvana","56 155"
"Party Girl","80 755"
"Pas de caviar pour tante Olga","-"
"La Party","-"
"Partners","N/A"
"La Partition","-"
"Les Partisans","-"
"Partisan","9 856"
"Paris vu par…","-"
"Paris Texas","-"
"Paris secret","-"
"Paris s'éveille","-"
"Paris pieds nus","23 453"
"Paris la blanche","11 281"
"Paris Palace Hôtel","-"
"Paris brûle-t-il ?","-"
"Paris à tout prix","170 263"
"Paris","778 154"
"Le Pari","986 363"
"Les Parfums","121 018"
"Le Paria","-"
"Le Parfum vert","80 190"
"Le Parfum de la dame en noir","186 568"
"Le Parfum de la carotte","6 529"
"Parfum de femme","-"
"Real Steel","438 587"
"Parfum de scandale","18 903"
"Real","17 584"
"Le parfum de la dame en noir (1949)","-"
"Paranormal Activity 2","377 068"
"Paranormal Activity","578 325"
"Paranoïd Park","108 103"
"Paranoiak","201 177"
"Paranoïa","88 704"
"Parano","-"
"Paradise Road","N/A"
"Paradise Now","30 175"
"Paradise Lost (2014)","119 644"
"Paradise Lost","N/A"
"Paradise Beach","29 342"
"Paradis pour tous","-"
"Paradis Paris","32 092"
"Le Paradis des mauvais garçons","-"
"Paradis","N/A"
"Parade d'amour","N/A"
"Ready Player One","889 788"
"Réactions en chaîne","8 348"
"Re-animator","-"
"RBG","5 240"
"Razzia sur la chnouf","-"
"Razzia","70 092"
"Les Razmokets, le film","125 082"
"Les Razmokets à Paris","155 177"
"Les Razmoket rencontrent les Delajungle","68 380"
"Les Rayures du zèbre","51 412"
"Le Rayon vert","-"
"Raymond & Ray","N/A"
"Raymond","29 974"
"Raya et le dernier dragon","N/A"
"Ray","381 813"
"La Ravisseuse","-"
"Le Ravissement","29 163"
"La Parade","28 904"
"Parade","N/A"
"Les Parachutistes arrivent","-"
"Par un beau matin d'été","-"
"Par suite d'un arrêt de travail du personnel","55 143"
"Par où t'es rentré, on t'a pas vu sortir ?","-"
"Par la fenêtre","-"
"Par cœur","-"
"Par instinct","12 192"
"Par effraction","131 227"
"Par de-là les nuages","94 866"
"Par coeurs","8 898"
"Papy Rider","N/A"
"Ravissante","-"
"Papy fait de la résistance","-"
"One Night in Miami...","N/A"
"Par amour","15 327"
"One Direction: Where We Are - The Concert","N/A"
"Par amour pour Gillian","-"
"One Direction Le Film","76 730"
"Ondine (2020)","17 317"
"Ondine","-"
"L'Oncle Charles","183 648"
"Oncle Boonmee (celui qui se souvient de ses vies antérieures)","45 115"
"Once Upon a Time in Hollywood","1 132 221"
"Once","29 314"
"On voulait tout casser","87 397"
"On Valentine's Day","N/A"
"On va s'aimer","123 698"
"On the Rocks","N/A"
"On the Run","744"
"On the Milky Road","26 763"
"On the Line (2023)","N/A"
"On sourit pour la photo","37 740"
"On s'fait la valise, Doc?","-"
"On s'en fout, nous on s'aime","-"
"On peut toujours rêver","-"
"On ne vit que deux fois","-"
"On ne meurt que deux fois","-"
"On ne choisit pas sa famille","229 167"
"On n'est pas sorti de l'auberge","-"
"On m'appelle Malabar","-"
"On l’appelle Jeeg Robot","26 166"
"On l'appelle Trinita","-"
"On l'appelle catastrophe","-"
"On l'appelait Milady","-"
"On fait quoi maintenant ?","40 746"
"On ira","183 550"
"On fait comme on a dit","-"
"On est venu là pour s'éclater","-"
"On est toujours trop bon avec les femmes","-"
"Ophélia","-"
"Opération tonnerre","-"
"Opération Shakespeare","-"
"Opération Portugal","147 706"
"Opération Portugal 2: la vie de château","122 868"
"Opération Père Noël","10 895"
"Opération opium","-"
"Opération Macédoine","-"
"Opération Lady Marlène","-"
"Opération jupons","-"
"Opération Hongkong","-"
"Opération Grizzli","14 048"
"Opération Funky","N/A"
"Operation Fortune: Ruse De Guerre","N/A"
"Operation Finale","N/A"
"Opération Eye in the Sky","N/A"
"Opération Espadon","366 793"
"L'Opération diabolique","N/A"
"Opération Dragon","-"
"Opération dans le Pacifique","-"
"Operation Crossbow","-"
"Opération crépuscule","-"
"Opération casse-noisette 2","385 048"
"Opération Condor","-"
"Opération Casse-noisette","291 619"
"Opération Corned Beef","-"
"L'Opéra","38 069"
"Opening Night","-"
"Open Water En eaux profondes","91 622"
"Open Range","181 641"
"Opération Beyrouth","58 114"
"L'Opéra de quat'sous","-"
"Oscar et la Dame Rose","99 583"
"Oscar et le monde des chats","50 675"
"Oscar","-"
"Osama","48 387"
"Orson Welles & moi","N/A"
"Les Orphelins de Huang Shui","30 753"
"Orpheline","39 419"
"L'Orphelinat","84 293"
"L'Orphelin d'Anyang","16 892"
"Orphée","-"
"Oro La Cité perdue","N/A"
"Orlando","-"
"Origine océan","7 544"
"L'Origine Du Monde (2021)","117 938"
"L'Origine du monde","2 450"
"L'Origine du mal","56 107"
"L'Origine de la violence","44 001"
"Origine contrôlée","42 930"
"Les Orgueilleux","-"
"Orgueil et Préjugés et Zombies","N/A"
"Orgueil et préjugés","167 705"
"Orgeuil et passion","-"
"Orfeu Negro","-"
"Ordure !","N/A"
"Les Oreilles entre les dents","-"
"L'Ordre et la morale","100 867"
"L'Ordre des médecins","36 994"
"L'Ordre des choses","12 527"
"Ordinary Decent Criminal","100 753"
"L'Orchidée sauvage","-"
"Out of Death","N/A"
"Out of Africa","-"
"L'Ours Montagne","25 304"
"Les Ours gloutons au Pôle Nord","11 124"
"Les Ours gloutons","6 829"
"L'Ours et le magicien","13 067"
"L'Ours et la poupée","-"
"L'Ours en peluche","-"
"L'Ours","-"
"L'Ouragan vient de Navarone","-"
"Ouragan sur le Caine","-"
"Ouragan sur l'eau plate","-"
"Ouragan","6 303"
"L'Ouragan de la vengeance","-"
"Oups ! J’ai raté l’arche…","97 019"
"Oups ! J’ai encore raté l’arche…","37 007"
"Ouistreham","126 975"
"Ouija : les origines","167 060"
"Ouija","149 255"
"Oui, mais…","53 450"
"Oui","76 006"
"Les Oubliés","15 479"
"Oublier Palerme","-"
"Les Oubliées de Juarez","79 422"
"Oublie-moi mandoline","-"
"Oublie moi","-"
"L'Oubli que nous serons","8 267"
"Où va la nuit","50 636"
"Où sont passés les Morgan ?","244 156"
"Où sont les hommes?","-"
"Où le cœur nous mène","1 946"
"Où est la maison de mon ami?","-"
"Ozzy, la grande évasion","50 649"
"Ozi, la voix de la forêt","-"
"Oz, Un Monde Extraordinaire","N/A"
"Oxygène","N/A"
"Oxygen","47 655"
"Overlord","126 129"
"Overdrive","190 224"
"Overdose","N/A"
"Overboard","N/A"
"Over the Top","587 748"
"Ouvre les yeux","-"
"Ouvert la nuit","62 563"
"Outsiders","-"
"L'Outsider","131 568"
"Outsider","17 156"
"Outremer","-"
"L'Outremangeur","57 557"
"Outrages","-"
"Outrage","19 333"
"Outlaw King : Le roi hors-la-loi","N/A"
"Outland","-"
"Outfall","N/A"
"Out on a Limb","N/A"
"Out of Time","117 652"
"Où est la main de l'homme sans tête","1 108"
"Où est Anne Frank !","14 543"
"Othello 2003","11 238"
"Othello","-"
"Otez-moi d'un doute","249 649"
"Otages à Entebbe","16 708"
"Osterman Weekend","N/A"
"Otage","251 849"
"OSS 117: Le Caire nid d'espions","835 334"
"OSS 117: Alerte rouge en Afrique noire","685 878"
"OSS 117 se déchaine","-"
"OSS 117 prend des vacances","-"
"OSS 117 : Rio ne répond plus","1 090 269"
"Osmosis Jones","5 266"
"Osmose","14 474"
"Osman Pazarlama","N/A"
"Oslo, 31 août","38 412"
"Oscar Wilde","-"
"L'Orchestre rouge","-"
"Orca","-"
"Orange mécanique","-"
"Oranges sanguines","17 696"
"Orange County","227"
"L'Oranais","19 257"
"Orage","1 982"
"L'Or se barre","-"
"Or Noir","150 639"
"L'Or du Hollandais","-"
"L'Or de Naples","-"
"L'Or de MacKenna","-"
"L'Or de la vie","N/A"
"L'Or de Curly","-"
"Oppression","56 727"
"Opposite Sex","-"
"Les Opportunistes (2000)","-"
"Les Opportunistes","40 465"
"Oppenheimer","1 138 907"
"Onoda - 10 000 nuits dans la jungle","14 592"
"Ophelia (2019)","N/A"
"Only When I Laugh","N/A"
"Only You","30 011"
"Only the Strong, la loi du plus fort","-"
"Only the River Flows","24 244"
"Only Lovers Left Alive","102 358"
"Only God Forgives","247 780"
"Ong-Bak 2, la naissance du dragon","157 707"
"Ong Bak","440 495"
"Onegin","N/A"
"One Way","N/A"
"One Two Two, 122, rue de Provence","-"
"One Summer Love","N/A"
"One Piece Z","34 315"
"One Piece Film Gold","19 105"
"One Piece Film - Red","575 182"
"One Piece - Strong World","10 951"
"One of Them Days","N/A"
"On est pas des anges… elles non plus","-"
"On est fait pour s’entendre","158 922"
"On demande un ménage","-"
"On demande un assassin","-"
"On continue à l'appeler Trinita","-"
"On connaît la chanson","377 587"
"On aurait dû aller en Grèce","61 630"
"On aura tout vu","-"
"On arrive quand?","2 760"
"On achève bien les chevaux","-"
"On a volé la cuisse de Jupiter","-"
"On a volé Charlie Spencer","-"
"On a retrouvé la 7è compagnie","-"
"On a marché sur Bangkok","225 773"
"On a failli être amies","177 279"
"On a 20 ans pour changer le monde","8 635"
"Le Maestro","-"
"Madres paralelas","221 999"
"Madre","30 484"
"Mado, poste restante","-"
"Madman","N/A"
"Mado","-"
"Madly","-"
"Madison","57"
"Madhouse","N/A"
"Mademoiselle X","-"
"Mademoiselle s'amuse","-"
"Mademoiselle Scampolo","-"
"Mademoiselle Julie (2014)","13 050"
"Mademoiselle de Joncquières","150 424"
"Mademoiselle Julie","N/A"
"Mademoiselle Chambon","165 891"
"Mademoiselle Ange","-"
"Mademoiselle (2016)","13 099"
"Mademoiselle","250 597"
"La Madelon","-"
"Madeline","-"
"Madeleine Collins","68 324"
"Made in Italy","35 102"
"Made in Heaven - Bienvenue au paradis","N/A"
"Made in France","N/A"
"Made in China","173 283"
"Made In Bangladesh","10 897"
"Made in America","486 958"
"Madame Web","207 894"
"Madame Sousatzka","N/A"
"Madame Miniver","-"
"Madame sans-gêne","-"
"Madame Irma","313 999"
"Madame Hyde","48 421"
"Madame Hofmann","18 451"
"Madame Henderson présente","75 881"
"Madame et son auto","-"
"Madame Edouard","49 000"
"Madame Du Barry","-"
"Madame Doubtfire","837 487"
"Madame de Sévigné","112 650"
"Madame de","-"
"Madame Croque-Maris","-"
"Madame Claude 2","-"
"Madame Claude (2021)","N/A"
"Madame Claude","-"
"Madame Butterfly","-"
"Madame Bovary (2015)","19 810"
"Ni à vendre, ni à louer","43 003"
"Nez de cuir","-"
"Next Stop, Greenwich Village","N/A"
"Next Friday","N/A"
"Next","262 793"
"New-York Masala","4 387"
"New York, New York","-"
"New York, I Love You","39 797"
"New York, 42e rue","N/A"
"New York Taxi","2 662"
"New York Stories","-"
"New York Melody","125 665"
"New York 1997","-"
"New York Cosmos","N/A"
"New Rose Hotel","-"
"New Police Story","82 424"
"New Jack City","-"
"New Generation","28 907"
"New délire, les aventures d'un Indien dans le show-biz","2 851"
"New Blood","-"
"Le Neveu de Beethoven","-"
"Le Neveu","-"
"Never Rarely Sometimes Always","10 535"
"Neverland","211 042"
"Never Let Me Go","37 774"
"Never Grow Old","16 760"
"Never Back Down","70 188"
"Nevada Smith","-"
"Nevada","51 605"
"La Neuvième porte","499 344"
"Neuilly-Poissy","36 185"
"Neuilly sa mère, sa mère","525 859"
"Ninja Turtles Teenage Years","281 644"
"Ninja Turtles 2","433 446"
"Ninja Turtles","635 716"
"Ninja Kids","49 075"
"Le Ninja de Beverly Hills","264"
"Le Ninja blanc","-"
"Ninja Assassin","41 223"
"Ninja 3","N/A"
"Nine","214 280"
"Nina et le secret du hérisson","28 149"
"La Nina de Fuego","22 674"
"Nina","-"
"Nimitz retour vers l'enfer","-"
"Niko, le petit renne","203 423"
"Niko le petit renne, mission Père Noël","85 388"
"Niko le petit Renne 2","114 702"
"Nikita","-"
"Nijinsky","-"
"Niki","38 504"
"Nightmare Alley","142 309"
"Nightmare Island","206 429"
"Nightbitch","N/A"
"Night Watch","106 743"
"Night Swim","96 679"
"Night Run","213 970"
"Night on Earth","-"
"Night Moves (2014)","30 536"
"Night Call","187 627"
"Night & Day","664 322"
"Le Nid du Tigre","9 487"
"Non ma fille tu n'iras pas danser","151 073"
"Non, ce pays n'est pas pour le vieil homme","325 024"
"Le Nombril du monde","134 368"
"Le Nombre 23","237 466"
"Nomads","N/A"
"Nomadland","125 027"
"Le Nom des gens","195 141"
"Nom de code: Nina","31 752"
"Le Nom de la rose","-"
"Nola Darling n'en fait qu'à sa tête","-"
"Noir comme le souvenir","-"
"Noise","1 003"
"Noi albinoi","16 569"
"Noël Joyeux","101 658"
"Le Noël de Teddy l'ourson","63 890"
"Le Noël de petit lièvre brun","8 192"
"Noël chez les Muppets","-"
"Noël blanc","-"
"Noël avec les frères Koalas","5 648"
"Noël à Candy Cane Lane","N/A"
"Noé","559 723"
"Nocturne indien","-"
"Nocturnal Animals","124 137"
"Nocturna, la nuit magique","22 437"
"Nocturama","28 472"
"Noces sanglantes","N/A"
"Les Noces rouges","-"
"Les Noces rebelles","409 884"
"Noces de sang","-"
"Les Noces funèbres","506 716"
"Non-Non dans l'espace","4 343"
"Les Noces de papier","-"
"La Nostra vita","25 514"
"Nostalgie de la lumière","15 084"
"Nostalgia","66 577"
"Nostalghia","-"
"Nosferatu, fantôme de la nuit","-"
"Nosferatu (2024)","173 778"
"Nos voisins, les hommes","415 679"
"Nos souvenirs brûlés","24 823"
"Nos vies heureuses","26 256"
"Nos souvenirs","20 069"
"Nos soleils","20 951"
"Nos plus belles vacances","138 820"
"Nos Retrouvailles","5 286"
"Nos plus belles années (2021)","21 010"
"Nos plus belles années","-"
"Nos pires voisins 2","217 611"
"Nos pires voisins","309 858"
"Nos Patriotes","30 576"
"Nos meilleures années","8 962"
"Nos jours heureux","252 982"
"Nos futurs","111 186"
"Nos funérailles","68 212"
"Nos frangins","37 490"
"Nos femmes","260 250"
"Nos étoiles contraires","389 520"
"Nos enfants nous accuseront","9 023"
"Nos enfants chéris","110 407"
"Nos batailles","83 239"
"Nos années sauvages","-"
"Nos Années Folles","66 095"
"Nos amis les Terriens","31 303"
"Nos amis les flics","186 571"
"Le Nouveau protocole","126 797"
"Le Nouveau monde (1995)","85 080"
"Le Nouveau monde","315 159"
"Le Nouveau Jean-Claude","45 351"
"Le Nouveau Jouet","271 139"
"Nouveau Départ (2012)","264 147"
"Nouveau départ","139 554"
"Le Nouveau (2002)","11 861"
"Le Nouveau","176 657"
"Nous, Princesses de Clèves","9 576"
"Nous, les Leroy","204 366"
"Nous, les chiens","-"
"Nous York","373 432"
"Nous voulons un enfant","-"
"Nous trois ou rien","177 896"
"Nous trois","12 170"
"Nous sommes tous en liberté provisoire","N/A"
"Nous sommes tous des assassins","-"
"Nous sommes la nuit","45 428"
"Nous nous sommes tant aimés","-"
"Nous ne vieillirons pas ensemble","-"
"Nous ne sommes pas des anges","-"
"Nous irons tous au paradis","-"
"Nous irons à Paris","-"
"Nous irons à Monte-Carlo","-"
"Nous irons à Deauville","-"
"Nous finirons ensemble","1 261 701"
"Nous étions soldats","105 893"
"Nous étions libres","16 163"
"Nous deux","-"
"Nous autres à Champignol","-"
"Nous avons gagné ce soir","-"
"Noureev","52 691"
"La Nuit de la grande chaleur","-"
"La Nuit de San Lorenzo","-"
"La Nuit de Saint-Germain-des-Prés","-"
"Nuit de noces chez les fantômes","N/A"
"La Nuit de l'iguane","-"
"La Nuit de l'évasion","N/A"
"Nuit de folie","-"
"Nuit d'ivresse","-"
"Nuit d'été en ville","-"
"Nuit blanche","42 683"
"La Nuit bengali","-"
"La Nuit au musée : Le Secret des Pharaons","501 154"
"La Nuit au musée 2","638 473"
"La Nuit au musée","694 177"
"La Nuit américaine","-"
"La Nuée","23 596"
"Nue propriété","28 565"
"Noyade interdite","-"
"Nowhere in Africa","-"
"Nowhere Boy","28 879"
"Nowhere","14 101"
"Novocaine (2025)","111 760"
"Novo","40 276"
"Les Novices","-"
"La Novice","-"
"Novembre","592 681"
"Les Nouvelles aventures de Wallace et Gromit","-"
"Les Nouvelles aventures de la famille Brady","-"
"Les Nouvelles aventures de Pat et Mat","8 842"
"Les Nouvelles aventures de Gros-Pois et Petit-point","6 638"
"Les Nouvelles aventures de Croc-Blanc","111 701"
"Les Nouvelles Aventures de Cendrillon","347 327"
"Les Nouvelles aventures de Capelito","10 853"
"N’avoue jamais","234 009"
"Nymphomaniac - Volume 2","34 065"
"Nymphomaniac","60 511"
"Les Nus et les morts","-"
"Nurse Betty","80 705"
"La Nurse","-"
"Numéro Une","70 592"
"Numéro quatre","259 311"
"Numéro 9","213 882"
"Les Nuits rouges de Harlem","-"
"Nuits magiques","3 250"
"Les Nuits fauves","-"
"Les Nuits du monde","-"
"Nuits de terreur","52 886"
"Les Nuits de Lucrèce Borgia","-"
"Les Nuits de Mashhad","30 009"
"Les Nuits de la pleine lune","-"
"Les Nuits de Harlem","-"
"Nuits de cauchemars","-"
"Les Nuits de Cabiria","-"
"Nuits d'ivresse printanière","13 419"
"Nuits d'Europe","-"
"Les Nuits blanches du facteur","9 947"
"Nuits blanches à Seattle","226 435"
"Les nuits avec Théodore","624"
"Les Nuits avec mon ennemi","-"
"La Nuit venue","12 430"
"La Nuit tous les chats sont gris","-"
"La Nuit se traîne","50 707"
"La Nuit porte-jarretelles","-"
"La Nuit nous appartient","264 579"
"La Nuit et le moment","-"
"La Nuit est mon royaume","-"
"La Nuit du défi","-"
"La Nuit du verre d’eau","12 657"
"La Nuit du chasseur","-"
"La Nuit du 12","96 667"
"La Nuit des rois","-"
"La Nuit des morts vivants (1990)","N/A"
"La Nuit des masques (1979)","-"
"La Nuit des morts vivants","-"
"La Nuit des juges","-"
"La Nuit des fous vivants","-"
"La Nuit des généraux","-"
"La Nuit des espions","-"
"La Nuit des chauves-souris","-"
"La Nuit déchirée","-"
"La Nuit de Varennes","-"
"Les Nouvelles aventures d'Aladin","1 452 753"
"La Nouvelle vie de Paul Sneijder","60 396"
"Nouvelle vague","-"
"La Nouvelle guerre des boutons","521 424"
"Nouvelle France","16 772"
"La Nouvelle femme","51 632"
"La Nouvelle Eve","100 152"
"Nouvelle chance","24 131"
"Le Nouvel espion aux pattes de velours","N/A"
"Le Nouvel amour de Coccinelle","-"
"Les Nouveaux sauvages","160 365"
"Les Nouveaux monstres","-"
"Les Nouveaux mutants","160 373"
"Les Nouveaux Mecs","-"
"Les Nouveaux Héros","608 980"
"Les Nouveaux chiens de garde","23 565"
"La Nounou 3 la famille s'agrandit","7 235"
"Le Nouveau stagiaire","170 117"
"La Nounou","-"
"Notre-Dame de Paris","-"
"Notre-Dame brûle","388 293"
"Notre univers impitoyable","97 624"
"Notre tout petit petit mariage","178 545"
"Notre petite soeur","48 106"
"Notre paradis","6 021"
"Notre musique","8 432"
"Notre jour viendra","20 368"
"Notre homme Flint","-"
"Notre histoire","-"
"Notre Dame de la croisette","N/A"
"Notre Dame","96 883"
"Notorious Big","74 028"
"Nothingwood","10 890"
"Nos Âmes la Nuit","N/A"
"La Note bleue","-"
"Nos âmes d'enfants","20 705"
"Nos 18 ans","161 946"
"Northfork","5 449"
"Normandie Nue","254 909"
"Normandie Niemen","-"
"Normale","-"
"Norma Rae","-"
"Norm","259 795"
"Nordeste","11 676"
"Nord limite","N/A"
"Norbit","135 779"
"Nope","224 705"
"Nono nénesse","N/A"
"La Nonne : La Malédiction de Sainte Lucie","464 102"
"La Nonne","633 713"
"Non-Stop","505 678"
"Les Noces barbares","-"
"Noces","41 863"
"Noce blanche","-"
"La Noce","31 556"
"Nobody Knows","45 361"
"Nobody","80 440"
"No Way Out","N/A"
"No Pain No Gain","192 897"
"No Smoking","-"
"No Other Land","15 069"
"No Man's Land","46 453"
"No Land's Song","22 317"
"No et moi","103 608"
"No Escape (2015)","101 927"
"No dormirás","12 257"
"No","65 217"
"Nitram","10 078"
"Nixon","-"
"Nirvana","-"
"Nid de guêpes","149 237"
"Nicostratos le pélican","61 944"
"Nicolas et Alexandra","N/A"
"Nico","-"
"Nicky Larson: Angel Dust","35 833"
"Nicky Larson Private Eyes","N/A"
"Nicky Larson et le parfum de Cupidon","630 013"
"Nicky et Gino","-"
"Nickelodeon","-"
"Nickel Boys","N/A"
"Nick Carter va tout casser","-"
"Nicholas Nickleby","1 768"
"Niagara","-"
"Ni vu... ni connu","-"
"Ni une, ni deux","44 702"
"Ni pour, ni contre (bien au contraire)","176 480"
"Ni le ciel ni la terre","18 127"
"Ni juge, ni soumise","31 110"
"Ni dieux ni démons","N/A"
"Ni Chaînes Ni Maîtres","119 285"
"Neuilly sa mère !","432 722"
"Neuf semaines et demi","-"
"Neuf mois aussi","183 330"
"Les Neuf reines","49 910"
"Neuf mois","150 958"
"Network","-"
"Nettoyage à sec","116 211"
"Netchaïev est de retour","-"
"Nestor Burma, détective de choc","-"
"Nés en Chine","53 887"
"Nés en 68","25 640"
"Nerve","290 562"
"Neruda","81 313"
"Les Nerfs à vif (1962)","-"
"Les Nerfs à vif","-"
"Nénette et Boni","24 320"
"Neneh Superstar","41 397"
"Nemo","-"
"Je ne vous oublierai jamais","1 086"
"Je ne vois que toi","N/A"
"Je ne vois pas ce qu'on me trouve","-"
"Je ne suis pas un salaud","19 172"
"Je ne suis pas un homme facile","N/A"
"Je ne suis pas un héros","46 091"
"Je ne suis pas là pour être aimé","64 269"
"Je ne rêve que de vous","27 262"
"Je ne dis pas non","2 158"
"Je n'aime que toi","-"
"Je n'ai rien oublié","108 531"
"Je m'appelle Hmmm...","2 033"
"Je me suis fait tout petit","37 967"
"Je m'appelle Bernadette","5 782"
"Je le jure","25 608"
"Je l'aimais","311 476"
"Je l'ai été trois fois","-"
"Je hais les acteurs","-"
"Je hais les blondes","-"
"Je fais le mort","102 817"
"Je déteste les enfants des autres","140 521"
"Je danserai si je veux","35 094"
"Je crois que je l'aime","360 449"
"Je crois que j'aime ma femme","1 233"
"Je compte sur vous","81 868"
"JCVD","100 684"
"JC Comme Jésus Christ","13 058"
"Jay et Bob contre-attaquent","7 273"
"Jawan","16 513"
"Jaune revolver","-"
"Jauja","11 884"
"Jasper, pingouin explorateur","32 027"
"Jason X","53 972"
"Jason et les Argpnautes","-"
"Jason Bourne : l'héritage","485 799"
"Jason Bourne","608 491"
"Jasmine","2 039"
"Jarhead, la fin de l'innocence","141 455"
"Jardins enchantés","8 127"
"Les Jardins du Roi","70 538"
"Jardins de pierre","-"
"Le Jardinier qui voulait être Roi","13 065"
"Le Jardinier","N/A"
"Le Jardinier d'Argenteuil","-"
"Jardinage à l'anglaise","-"
"Le Jardin zen","21 287"
"Le Jardin secret (2020)","N/A"
"Le Jardin secret","-"
"Les Gens normaux n'ont rien d'exceptionnel","-"
"Les Gens en maillot de bain","45 087"
"Les Gens d’à côté","32 501"
"Les Gens de la rizière","13 049"
"Les Gens de la pluie","-"
"Les Gens de Dublin","-"
"Le Genre humain-1: Les Parisiens","130 649"
"Le Genou de Claire","-"
"Le Genou d'Ahed","14 835"
"Genius","45 216"
"Génial, mes parents divorcent","-"
"Géniales !","6 320"
"Génération perdue","-"
"Genesis","148 573"
"Génération rebelle","N/A"
"Genesect et l'Éveil de la Légende","N/A"
"Génération 90","-"
"Gengis Khan","-"
"Génial! Mes parents s'aiment","-"
"Génération sacrifiée","N/A"
"Général, nous voilà","-"
"Général Idi Amin Dada","-"
"Le Général du Diable","-"
"Le Général del la Rovere","-"
"Le Général","26 138"
"Généalogies d'un crime","39 862"
"Le Gendre de ma vie","140 687"
"Le Gendarme se marie","-"
"Le Gendarme et les gendarmettes","-"
"Le Gendarme et les extra-terrestres","-"
"Le Gendarme en balade","-"
"Le Gendarme de Saint Tropez","-"
"Le Gendarme de Champignol","-"
"Le Gendarme à New York","-"
"Gemma Bovery","231 154"
"Gemini Man","360 006"
"Géants des profondeurs 3D - une aventure préhistorique","3 441"
"Les Géants de l'ouest","-"
"Les Géants","15 502"
"Les Géants (1998)","-"
"Le Géant égoïste","35 593"
"Le Géant de la vallée des rois","-"
"Le Géant de fer","24 336"
"Géant","-"
"Gazon maudit","601 128"
"Les Gazelles","157 630"
"Gaza Mon Amour","15 130"
"Les Dauphins","10 364"
"Dauphins et baleines 3D, nomades des mers","4 502"
"Date with an Angel","N/A"
"Date limite","418 659"
"Darshan","9 330"
"Darling chérie","-"
"La Daronne","130 560"
"Darling","69 143"
"Darkside","-"
"Darkness","103 229"
"Darkman","75 298"
"Darkly Noon","-"
"Darkest Minds : Rébellion","303 255"
"Dark World","N/A"
"Dark Waters","158 301"
"Dark Water (2003)","32 267"
"Dark Water","147 141"
"Dark Touch","20 052"
"Dark Summer","6 890"
"Dark Skies","114 775"
"Dark Side","N/A"
"Dark Shadows","676 890"
"Dark Places","110 246"
"Dark Crystal","-"
"Dark Blue","92 821"
"Dark City","150 844"
"Darfour : du sable et des larmes","773"
"Dark Angel","-"
"Daredevil","534 365"
"Dar l'invincible","-"
"La Danza de la Realidad","15 734"
"Danton","-"
"Dante 01","36 349"
"La Danseuse","91 222"
"La Danse, le ballet de l'Opéra de Paris","16 738"
"Danse ta vie","-"
"Danse passion","-"
"Danse avec lui","361 071"
"Danse avec les loups","358 733"
"Dans un recoin de ce monde","14 301"
"Dans un jardin qu'on dirait éternel","27 792"
"Dans tes rêves","115 381"
"Dans ses yeux","72 087"
"Dans ses rêves","2 876"
"Dans les yeux de Thomas Pesquet","5 407"
"Dans Paris","84 236"
"Dans les yeux de Tammy Faye","N/A"
"Dans les ténèbres","-"
"Dans les pompes d'un autre","N/A"
"Bambou","94 606"
"Bambino","-"
"Bambi, L’histoire d’une vie dans les bois","47 199"
"Bambi 2","366 392"
"Bambi","-"
"La Bamba","-"
"Bamako","47 089"
"Balzac et la petite tailleuse chinoise","58 547"
"Le Baltringue","30 315"
"Balto chien loup, héros des neiges","-"
"Balloon","13 533"
"Ballroom dancing","-"
"Le Ballon d'or","-"
"Ballistic","23 810"
"Balles de feu","2 740"
"Ballerina","542 443"
"Balle perdue","N/A"
"Ballade pour un voyou","-"
"La Ballade du soldat","-"
"La Ballade de Narayama","-"
"La Ballade de l'Impossible","25 459"
"La Ballade de Buster Scruggs","N/A"
"Baleines","N/A"
"La Baleine et l'escargote","40 156"
"Balance maman hors du train","N/A"
"La Balance","-"
"Balalaïka","-"
"La Balade sauvage","-"
"Le Balafré","-"
"Balade entre les tombes","110 509"
"Balada Triste","21 633"
"Le Bal poussière","-"
"Le Bal du gouverneur","-"
"Le Bal des vampires","-"
"Le Bal des sirènes","-"
"Le Bal des pompiers","-"
"Le Bal des maudits","-"
"Le Bal des lucioles & autres courts","20 590"
"Le Bal Des Folles","N/A"
"Le Bal des casse-pieds","-"
"Le Bal des espions","-"
"Le Bal des adieux","-"
"Le Bal des actrices","128 503"
"Le Bal de L'Horreur 2 : Hello Mary Lou","N/A"
"Bal de nuit","-"
"Le Bal de l'horreur (2008)","50 484"
"Le Bal de l'horreur","-"
"Le Bal de l'Enfer","70 137"
"Bal Cupidon","-"
"Le Bal","-"
"36, quai des orfèvres","652 148"
"35 Rhums","19 339"
"30° Couleur","104 794"
"30 minutes maximum","8 188"
"30 ans sinon rien","190 937"
"30 jours de nuit","130 527"
"30 jours max","508 815"
"28 jours en sursis","169 947"
"28 jours plus tard","95 134"
"28 semaines plus tard","166 035"
"27 robes","168 593"
"27 Heures","N/A"
"La 25ème heure","223 842"
"La 25ème Heure (1967)","-"
"24 Hour Party People","4 922"
"25° en hiver","-"
"24 mesures","13 002"
"24 jours, la vérité sur l'affaire Ilan Halimi","79 326"
"24H Limit","95 319"
"24 heures de la vie d'une femme","110 920"
"22 Jump Street","274 341"
"22 Miles","119 049"
"21 Jump Street","144 955"
"21 Nuits avec Pattie","157 914"
"21 grammes","204 787"
"20 Feet from Stardom","5 271"
"20 000 espèces d'abeilles","15 669"
"20 ans d'écart","433 517"
"20th Century Boys - Chapitre 2 : Le dernier espoir","1 467"
"20th Century Boys","3 938"
"20th Century Women","35 698"
"18 ans après","567 231"
"17 Filles","30 948"
"17 ans encore","452 343"
"17 fois Cécile Cassard","17 105"
"16 ans... ou presque","196 500"
"16 ans","41 119"
"16 levers de soleil","20 034"
"16 Blocs","127 935"
"15 ans et demi","157 330"
"Le 15:17 pour Paris","204 845"
"15 Août","344 277"
"15 Minutes","164 206"
"14 jours pour aller mieux","152 250"
"13 Tzameti","23 778"
"13 Hours","66 792"
"Zorro et ses légionnaires","-"
"Yuvvraaj","N/A"
"Yuli","31 143"
"Yuku et la fleur de l’Himalaya","16 611"
"Yu-Gi-Oh! Le film","35 805"
"Youth","137 377"
"Youssef Salem a du succès","72 216"
"Yourself and Yours","6 624"
"Your Name.","77 345"
"Youpi ! C'est mercredi","7 298"
"Youngblood","-"
"Young Guns 2","-"
"Young Goethe in Love","N/A"
"Young Guns","-"
"Young Adult","84 715"
"Young Adam","3 413"
"You're Next","65 066"
"Whisper 4 : la légende de la guerrière","N/A"
"Whisper 3","N/A"
"Whisper 2","N/A"
"Whisky","20 711"
"Whiplash","138 431"
"While We're Young","72 362"
"Where to Invade Next","17 683"
"Where the Buffalo Roam","N/A"
"When You're Strange","55 099"
"When We Were Kings","14 562"
"When the Party's Over","N/A"
"When the Light Breaks","16 041"
"When Night is Falling","-"
"When Evil Lurks","22 800"
"Whatever Lola Wants","38 515"
"Whatever Works","287 452"
"Western Stars","N/A"
"Western en relief","N/A"
"Western","173 573"
"West Side Story (2021)","177 526"
"West Side Story","-"
"Wesh Wesh Qu'est-ce qui se passe ?","13 931"
"Werewolves Within","N/A"
"Wendy & Lucy","13 238"
"Welcome to the Rileys","21 404"
"Welcome To Sarajevo","5 615"
"Welcome to New York","N/A"
"Welcome to Los Angeles","-"
"Welcome in Vienna (2011)","5 522"
"Welcome in Vienna","-"
"Welcome Home, Roxy Carmichael","N/A"
"Welcome Back","N/A"
"Welcome (2009)","274 730"
"Weekend of a Champion","946"
"Les Week-ends de Néron","-"
"Week-ends","46 187"
"Week-end Royal","82 306"
"Week-end chez Bernie's","N/A"
"Week-end de terreur","N/A"
"Week-end à Zuydcoote","-"
"Week-end à Taipei","62 542"
"Week-end","5 761"
"Wedding Nightmare","233 242"
"We Want Sex Equality","82 602"
"We Need to Talk About Kevin","36 787"
"We Have a Dream","22 329"
"We Feed the World: Le Marché de la faim","28 730"
"We Don't Live Here Anymore","-"
"We Are Your Friends","86 658"
"Un conte de Noël","142 865"
"Un condé","-"
"Un condamné à mort s'est échappé","-"
"Un compagnon de longue date","N/A"
"Un colt pour trois salopards","-"
"Un coin tranquille","-"
"Un coeur simple","48 522"
"Un coeur en hiver","215 052"
"Un cocktail explosif","N/A"
"Un clin d'œil pour un adieu","N/A"
"Un clair de lune à Maubeuge","-"
"Un chien dans un jeu de quilles","-"
"Un Chef de rayon explosif","-"
"Un Château en Italie","130 339"
"Un château en Espagne","44 527"
"Un château en enfer","-"
"Un chat un chat","17 420"
"Un cerveau d'un milliard de dollars","-"
"Un caprice de Caroline Chérie","-"
"Un cadeau du ciel","-"
"Un cadavre sur le campus","-"
"Un bourgeois tout petit","-"
"Un cadavre au dessert","-"
"Un bonheur n'arrive jamais seul","546 052"
"Un bon petit diable","-"
"Un bon flic","N/A"
"Un beau voyou","33 521"
"Un beau soleil intérieur","130 835"
"Un beau monstre","-"
"Un beau matin","35 039"
"Un beau dimanche","137 001"
"Un beau jour","229 712"
"Un barrage contre le Pacifique","69 299"
"Un balcon sur la mer","287 247"
"Un balcon en forêt","-"
"Un baiser s'il vous plaît","78 633"
"Un baiser papillon","47 715"
"Un baiser avant de mourir","-"
"Un autre monde","195 408"
"Un autre homme, une autre chance","-"
"Un automne à New-York","401 280"
"Un assassin qui passe","-"
"Un après-midi de chien","-"
"Un anglais sous les tropiques","-"
"Un Anglais à New York","N/A"
"Un ange.. Ou presque","N/A"
"Un ange gardien pour Tess","-"
"Un ange de trop","-"
"Un ange à ma table","-"
"Sam le lutin","N/A"
"Sam le Pompier - Les Feux de la rampe","N/A"
"Salvador","-"
"Salvador Allende","15 015"
"Salut l'artiste","-"
"Salut l'ami adieu trésor","-"
"Salut j'arrive!","-"
"Salut cousin","-"
"Salton Sea","31 884"
"Saltburn","N/A"
"Salt And Fire","4 400"
"Salt","672 870"
"Salsa (2000)","122 665"
"Salons spéciaux","-"
"Le Salon de musique","-"
"Salomon et la reine de Saba","-"
"Salomé","-"
"Salo ou les 120 journées de Sodome","-"
"La Salle des profs","90 612"
"Salem","44 122"
"Sales Gosses","212 734"
"Sale temps pour un flic","-"
"Sale temps à l'hôtel El Royale","83 684"
"Salé sucré","-"
"Sâle rêveur","-"
"Sale môme","153 747"
"Sale Destin!","-"
"Sale comme un ange","-"
"Salauds de pauvres","-"
"Les Salauds","39 693"
"Salaud, on t'aime","190 107"
"Salammbo","-"
"La Salamandre","N/A"
"Salam","90 096"
"Le Salaire de la Peur (2024)","N/A"
"Le Salaire de la peur","-"
"Salaam Bombay","-"
"Salaar: Part 1 Ceasefire","-"
"Sait-on jamais","-"
"Les Saisons du plaisir","-"
"Les Saisons du cœur","-"
"Les Saisons","359 678"
"La Saison des femmes","41 177"
"La Sainte-Victoire","78 474"
"La Sainte Famille","20 306"
"Saint-Ex","79 063"
"Saint-Omer","39 560"
"Saint-Cyr","109 216"
"Le Saint mène la danse","-"
"Saint Laurent","141 138"
"Rattrapage","68 799"
"Les Rats du désert","-"
"Ratchet et Clank","97 190"
"Ratatouille","1 951 074"
"Le Rat scélérat","8 887"
"Rasta Rockett","227 393"
"Raspoutine","-"
"Les Rascals","22 510"
"Ras les profs","-"
"RAS","-"
"Rapt au Deuxième Bureau","-"
"Rapt","160 585"
"Rapports intimes au collège de jeunes filles","N/A"
"Le Rappeur de Malibu","N/A"
"Rapid Fire","103 029"
"Raphaël ou le débauché","-"
"Le Rapace","-"
"Rapa Nui","164 847"
"Raoul Taburin","79 627"
"Rangoon","96 222"
"Rango","519 450"
"Randonneurs Amateurs","23 660"
"Les Randonneurs à Saint-Tropez","233 599"
"Les Randonneurs","181 521"
"Randonnée pour un tueur","-"
"La Rançon de la Gloire","21 196"
"La Rançon","682 241"
"Rancho Deluxe","N/A"
"Ramuntcho","-"
"Ran","-"
"Rampart","3 764"
"Rampage - Hors de contrôle","344 794"
"Ramona et Beezus","573"
"Rammstein: Paris","N/A"
"Rambo: Last Blood","303 489"
"Rambo III","-"
"Rambo 2 : la mission","2 075 238"
"Rambo","496 870"
"Rambling Rose","-"
"Ram-Leela","-"
"Ralph super king","-"
"Ralph 2.0","891 596"
"Les Raisons du cœur","-"
"Raja","25 151"
"Raisons d'Etat","165 113"
"Raison et sentiments","175 391"
"La Raison du plus fou","-"
"La Raison du plus faible","55 525"
"Raison d'état","-"
"Papillon (2018)","45 413"
"Le Papillon","161 583"
"Papillon","-"
"Papicha","74 716"
"Papi-Sitter","187 681"
"Paperboy","92 532"
"Le Pape François - Un homme de parole","-"
"Le Pape François","36 996"
"Le Pape de Greenwich village","-"
"Les Papas du dimanche","43 765"
"Paparazzi","370 645"
"Paparazzi - Objectif chasse à l'homme","6 848"
"Papa, maman, ma femme et moi","-"
"Papa, maman, la bonne et moi","-"
"Papa, j'ai une maman pour toi !","-"
"Papa Was Not a Rolling Stone","51 667"
"Papa ou maman 2","391 706"
"Papa ou maman","757 255"
"Papa Lumière","3 875"
"Papa est parti, maman aussi","-"
"Papa est en voyage d'affaires","-"
"Papa","120 645"
"La Panthère Rose 2","88 150"
"La Panthère rose (1964)","-"
"La Panthère des neiges","108 251"
"La Panthère rose","250 854"
"Panique tous courts","7 439"
"Panique chez les jouets","4 649"
"Panique au village","21 978"
"Panique chez les Grandell","N/A"
"Panique à Needle Park","-"
"Panique à Hollywood","N/A"
"Panique","-"
"Panics","-"
"Panic sur Florida Beach","26 563"
"Panic Room","475 014"
"Panic","-"
"Pandorum","20 977"
"Pandémie","N/A"
"Panda Petit Panda","15 866"
"Pancho Villa","-"
"Le Panache","111 320"
"Pan","377 115"
"La Pampa","70 179"
"Paméla (1945)","-"
"Pamela","-"
"Le Paltoquet","-"
"Palombella Rossa","-"
"Palo Alto","16 370"
"Les Ombres persanes","16 175"
"Ombres et brouillard","-"
"Les Ombres du cœur","47 991"
"L'Ombre rouge","-"
"L'Ombre et la proie","191 154"
"L'Ombre d’un mensonge","48 246"
"L'Ombre du vampire","52 613"
"L'Ombre du mal","13 549"
"L'Ombre du doute","-"
"L'Ombre des femmes","30 491"
"L'Ombre de Staline","-"
"L'Ombre de Zorro","-"
"L'Ombre de Goya","14 138"
"L'Ombre d'un soupçon","355 510"
"L'Ombre d'un géant","-"
"L'Ombre d'Emily","103 377"
"L'Ombre blanche","119 262"
"Omar m'a tuer","225 575"
"Omar la fraise","140 144"
"Omar","28 879"
"Les Olympiades","81 883"
"Olivier, Olivier","-"
"L'Olivier","10 467"
"Olivia","-"
"Oliver!","-"
"Oliver Twist (1948)","-"
"Oliver Twist","482 752"
"Oliver et Olivia","-"
"Oliver et Cie","-"
"Ole!","302 401"
"Old Gringo","-"
"Old Boyfriends","N/A"
"Old Boy (2013)","20 083"
"Old Boy","57 627"
"Old $chool","28 752"
"Okko et les fantômes","12 031"
"Okja","N/A"
"Old","105 841"
"OK patron","N/A"
"OK Paris !","N/A"
"Les Oiseaux vont mourir au Pérou","-"
"Les Oiseaux de passage","40 079"
"Les Oiseaux","-"
"L'Oiseau","10 781"
"Les Oies sauvages","-"
"Oh, Canada","24 968"
"Oh! Qué mambo","-"
"Oh My God !","38 064"
"Oh Lucy!","16 720"
"Oh Boy","27 312"
"Nelly et M. Arnaud","232 259"
"Nello et le chien des Flandres","N/A"
"Nell","288 840"
"Neil Young: Heart of Gold","1 250"
"Les Neiges du Kilimandjaro (1953)","-"
"Les Neiges du Kilimandjaro","182 538"
"La Neige tombait sur les cèdres","-"
"Neige sur Beverly Hills","-"
"La Neige était sale","-"
"Neige et les arbres magiques","11 244"
"La Neige et le feu","-"
"Neige","-"
"Nèg maron","42 211"
"Négociateur","172 989"
"Need for Speed","255 242"
"Nefarious","N/A"
"Nebraska","54 541"
"Near Death Experience","17 626"
"Ne vous retournez pas","N/A"
"Né un 4-Juillet","-"
"Ne touchez pas la hache","30 673"
"Ne touche pas à Mississippi !","N/A"
"Ne tirez pas sur le dentiste","N/A"
"Ne te retourne pas","91 627"
"Ne réveillez pas un flic qui dort","-"
"Ne quittez pas!","17 020"
"Né quelque part","150 067"
"Né pour vaincre","-"
"Ne pas avaler","-"
"Ne mangez pas les marguerites","N/A"
"Ne nous fâchons pas","-"
"Ne m'oublie pas","-"
"Ne m'envoyez pas de fleurs","-"
"Ne le dis à personne","858 599"
"Ne jouez pas avec les martiens","-"
"Ne fais pas ça !","15 027"
"Ne dites jamais adieu","-"
"Ne dis rien","23 550"
"Né de père inconnu","-"
"Né","N/A"
"Navy Seals : Les meilleurs","-"
"Navajo Joe","-"
"Nausicaä de la vallée du vent","80 524"
"Les Naufrageurs des mers du sud","-"
"Les Naufragés du 747","-"
"Les Naufragés de l'île de la Tortue","-"
"Les Naufragés de l'espace","-"
"Les Naufragés","72 599"
"La Nature et ses secrets","16 940"
"Nature","77 588"
"Madagascar 3 Bons Baisers D’Europe","1 087 767"
"Madagascar 2 : la grande évasion","1 338 230"
"Madame","60 032"
"Madagascar","874 013"
"Mad Money","36 516"
"Mad Max: Fury Road","905 012"
"Mad Max, au-delà du dôme du tonnerre","-"
"Mad Max 2, le défi","-"
"Mad Max","-"
"Mad Love","N/A"
"Mad dogs","-"
"Mad Dog and Glory","51 985"
"MacPat le chat chanteur","16 127"
"Mad City","176 575"
"Maciste, l'homme le plus fort du monde","-"
"Maciste dans les mines du roi Salomon","-"
"Maciste dans la vallée des lions","-"
"Maciste contre Zorro","-"
"Maciste contre le fantôme","-"
"Macho","32 212"
"La Machine à explorer le temps","223 650"
"La Machine à démonter le temps","1 866"
"La Machine","136 535"
"Machete Kills","86 223"
"Machete","100 994"
"MacBeth (2015)","41 081"
"MacBeth","-"
"MacArthur, le général rebelle","N/A"
"Macaroni","-"
"Macadam","-"
"Macadam cowboy","-"
"Le Mac","600 647"
"Mabok, l'éléphant du diable","-"
"Ma'Rosa","15 805"
"Ma vie sans moi","31 974"
"Ma vie sans lui","N/A"
"Ma vie pour la tienne","60 907"
"Ma vie n'est pas une comédie romantique","57 100"
"Ma vie Ma gueule","59 737"
"Ma vie est une comédie","N/A"
"Ma vie est un enfer","259 659"
"Ma vie en rose","62 864"
"Ma vie en l'air","162 630"
"Ma vie de courgette","190 027"
"Ma vie de chien","N/A"
"Ma vie de chat","141 432"
"Ma vie avec Liberace","123 223"
"Ma vie avec John F. Donovan","186 109"
"Ma tante","-"
"Last Words","4 297"
"Last Seen Alive","N/A"
"Last Vegas","114 465"
"Last seduction","109 977"
"Last Party 2000","4 214"
"Last Night in Soho","51 314"
"Last Night","187 573"
"Last Kiss","50 139"
"Last Flag Flying","6 111"
"Last days of Summer","29 287"
"Last Days","91 689"
"Last Dance!","18 534"
"Last Christmas","133 658"
"Last Chance for Love","160 641"
"Last Call","N/A"
"Last Action Hero","636 828"
"Lassie (2006)","121 640"
"Lascars","222 993"
"Las Vegas, un couple","-"
"Las Vegas Parano","112 039"
"Las Vegas 21","246 410"
"Las Niñas","5 990"
"Larry le liquidateur","-"
"Larry le dingue, Marie la garce","N/A"
"Larry Flynt","189 860"
"Larry agent secret","-"
"LaRoy","30 223"
"Les Larmes du soleil","241 051"
"Larguées","N/A"
"Larguées (2018)","215 864"
"Légion - L'Armée des anges","87 715"
"La Légion saute sur Kolwezi","-"
"Légendes Vivantes","N/A"
"Largo Winch : Le prix de l’argent","168 406"
"Légionnaire","94 109"
"Les Légendes de l'Ouest","N/A"
"Largo Winch 2","587 514"
"Légendes d'automne","274 706"
"La Légende du pianiste sur l'océan","25 224"
"La Légende de Zorro","1 122 957"
"La Légende de Viy","N/A"
"La Légende de Parva","5 788"
"La Légende de Manolo","199 265"
"La Légende de Lobo","-"
"La Légende de l'étalon noir","4 543"
"La légende de Klaus","N/A"
"La Légende de Jessie James","-"
"La Légende de Despereaux","124 210"
"La Légende de Beowulf","240 786"
"La Légende de Bagger Vance","143 724"
"La Légende de Baahubali","430"
"La Légende d'Hercule","151 842"
"Legend of the Fist 2","N/A"
"Legend (2016)","110 406"
"Legend","-"
"Lee Miller","247 796"
"La Lectrice","-"
"Leçons très particulières","-"
"Les Leçons Persanes","28 377"
"Leçons de séduction","136 882"
"Leçons d'amour à l'Italienne","22 786"
"Les Leçons de la vie","-"
"La Leçon particulière","-"
"La Leçon de piano","232 172"
"La Leçon d'allemand","7 358"
"Lebanon","23 952"
"Leaving Las Vegas","-"
"Leave No Trace","21 684"
"Libero","50 493"
"Liberté","81 403"
"Liane, l'esclave blanche","-"
"Liane la sauvageonne","-"
"Liam","-"
"Liaisons secrètes","-"
"Les Liaisons dangereuses (1959)","-"
"Les Liaisons dangereuses","-"
"Liaison fatale","-"
"Levy et Goliath","-"
"Leviathan (2014)","45 178"
"Leviathan","-"
"Level five","-"
"Leurs Enfants après eux","151 092"
"Leur morale... et la nôtre","89 319"
"Leur dernière nuit","-"
"Let’s Dance","175 811"
"Lettres siciliennes","N/A"
"Les Lettres de mon moulin","-"
"Lettres de Iwo Jima","136 677"
"Lettres à un tueur","117 334"
"Lettre ouverte","-"
"La Lettre du Kremlin","-"
"Lettre à Momo","12 832"
"Lettre à Franco","55 129"
"Lettre à Anna","2 500"
"La Lettre (1947)","-"
"La Lettre","-"
"Leto","52 936"
"Let's Make Money","23 184"
"Leopardi Il Giovane Favoloso","11 709"
"Le Léopard","-"
"Lily aime moi","-"
"Lilo et Stitch","304 060"
"Lilo & Stitch (2025)","N/A"
"Lilly la tigresse","-"
"Lilith","-"
"Lili la petite sorcière, le dragon et le livre magique","36 603"
"Lili la petite sorcière : le Voyage vers Mandolan","N/A"
"Lili à la découverte du monde sauvage","4 876"
"Lili","-"
"Like Someone in Love","20 230"
"La Ligue des gentlemen extraordinaires","453 205"
"Les Lignes de Wellington","15 803"
"Lignes de vies","N/A"
"Les Lignes courbes de Dieu","N/A"
"La Ligne verte","312 772"
"La Ligne rouge","308 299"
"La Ligne du Diable","N/A"
"La Ligne droite","69 950"
"Ligne de vie","-"
"La Ligne de démarcation","-"
"Light Sleeper","-"
"Light of my Life","56 109"
"Lifeforce","-"
"Light of Day","N/A"
"Life Study","N/A"
"Life Is Sweet","-"
"Life During Wartime","22 187"
"Life After Beth","N/A"
"Life - Origine Inconnue","222 132"
"Life (2015)","31 580"
"Le Lièvre de Vatanen","24 897"
"Lieutenant Robinson Crusoé","N/A"
"Le Livre de Jérémie","16 814"
"Le Livre de Clarence","N/A"
"Le Livre d'Eli","272 763"
"Livraison à domicile","44 398"
"Live!","74 506"
"Little voice","-"
"Little Senegal","36 719"
"Little Odessa","38 037"
"Little New York","58 633"
"Little Nicky","37 961"
"Little Nemo: Les Aventures au pays de Slumberland","-"
"Little Miss Sunshine","101 183"
"Little Girl Blue","26 508"
"Little Joe","14 545"
"Little Children","70 380"
"Little Buddha","308 659"
"Little Boy","9 951"
"Little Big Man","-"
"Little","2 441"
"Le Lit conjugal","-"
"Le Lit à deux places","-"
"Lisztomania","-"
"La Liste noire","-"
"Liste noire","-"
"La Liste de Schindler","273 316"
"Liste d'attente","18 888"
"La Liste de mes envies","142 751"
"Lisbonne Story","-"
"Lisa","29 105"
"Lire Lolita à Téhéran","64 646"
"Les Lions sont lâchés","-"
"Loin des hommes","46 337"
"Loin de la terre brûlée","46 691"
"Les Lois de la Frontière","N/A"
"Les Lois de l'attraction","132 662"
"Loin du Vietnam","-"
"Loin du périph","N/A"
"Loin du paradis (1998)","-"
"Loin du paradis","113 907"
"Loin de la maison","-"
"Loin de la foule déchaînée","51 025"
"Loin d'elle","52 804"
"Loin","53 234"
"La Loi et l'ordre","319 385"
"La Loi du silence","-"
"La Loi du seigneur","-"
"La Loi du milieu","-"
"La Loi du Marché","29 619"
"La Loi du désir","-"
"La Loi des seigneurs","-"
"La Loi des rues","-"
"La Loi de Téhéran","39 416"
"La Loi de Murphy (1986)","-"
"La Loi de Murphy","44 118"
"La Loi de la prairie","-"
"La Loi de la nuit","-"
"La Loi de la jungle","44 892"
"La Loi c'est la loi","-"
"La Loi criminelle","-"
"La Loi","-"
"Logan Lucky","85 199"
"Logan","932 601"
"Lockout","285 441"
"Locked-in Society","N/A"
"Locked Down","N/A"
"Louise Michel la rebelle","1 560"
"Louise et la Légende du Serpent à Plumes","8 015"
"Louise (Take 2)","-"
"Louise en Hiver","16 128"
"Louis enfant roi","108 861"
"Louis & Frank","514"
"Loue-moi !","48 216"
"Lou et l'île aux sirènes","9 198"
"Lou Andreas-Salomé","13 614"
"Lou ! Journal infime","130 509"
"Lost River","69 744"
"Lost in Translation","227 258"
"Lost In La Mancha","36 064"
"Lost Highway","-"
"Loser","N/A"
"Los Silencios","11 762"
"Los delincuentes","15 506"
"Los Angeles 2013","158 831"
"Lorenzo","-"
"Lord of War","467 953"
"Lord Jim","-"
"Le Lorax","242 645"
"Loose Cannons","N/A"
"Looper","424 568"
"Les Looney Tunes passent à l'action","205 110"
"Looking for Richard","20 951"
"Looking for Eric","170 003"
"Look Back","-"
"Les Longs manteaux","-"
"Longlegs","69 851"
"Long Way Home","20 003"
"Le Long chemin vers la liberté","N/A"
"Love Song","20 416"
"Love me","32 897"
"Love Potion","N/A"
"Love Machine","N/A"
"Love Life","34 071"
"Love Lies Bleeding","37 146"
"Love is the Devil","-"
"Love is Strange","17 141"
"Love is All You Need","11 368"
"Love in Paris","-"
"Love Gourou","9 415"
"Love Field","-"
"Love Dream","-"
"Love etc.","52 867"
"Love at First Sight","N/A"
"Love and Bruises","8 330"
"Love Again : un peu, beaucoup, passionnément","36 242"
"Love Affair (1990)","-"
"Love addict","248 024"
"Love Actually","290 429"
"Love (et ses petits désastres)","77 338"
"Love (1970)","-"
"Love & Sex","-"
"Love & Mercy, la véritable histoire de Brian Wilson des Beach Boys","40 730"
"Love & Game","1 805"
"Love & Friendship","48 913"
"Love & autres drogues","277 687"
"Love","16 961"
"Les Louves","-"
"Lourdes (2019)","44 342"
"Lourdes","20 256"
"Loups-Garous","N/A"
"La Lune dans le caniveau","-"
"Lundi matin","23 080"
"Les Lundis au soleil","26 609"
"Luna Park","-"
"Luna","16 692"
"Luna Papa","-"
"La Luna","-"
"Lumière, l'aventure continue","29 193"
"La Lumière d'en face","-"
"Lumière ! L'aventure commence","23 216"
"Lumière et compagnie","-"
"Lumière","-"
"Lulu, femme nue","129 825"
"Lulu on the Bridge","-"
"Lullaby","5 357"
"Luke la main froide","-"
"Lukas","43 011"
"Luka Chuppi","N/A"
"Lui","120 111"
"Ludwig van B.","82 265"
"Lucy","1 941 424"
"Lucrece Borgia","-"
"Lucky You","56 342"
"Lucky Strike","34 808"
"Lucky Luke ou la ballade des Dalton","-"
"Lucky Luke (2009)","879 832"
"Lucky Luke (1971)","-"
"Lucky Luke","-"
"Lucky Luciano","-"
"Lucky Jo","-"
"Lune de Miel","20 178"
"Lucky Girl","6 052"
"L’Interview qui tue !","31 949"
"L’Ecole des animaux magiques","N/A"
"L’Affaire SK1","167 104"
"Les Lyonnais","460 207"
"Le Lys des champs","N/A"
"Lydia","-"
"Lynx","20 163"
"Le Lycéen","40 106"
"Lux Æterna","12 999"
"Luv, est-ce l'amour ?","N/A"
"La Lutte des classes","150 948"
"Luther : Soleil déchu","N/A"
"Luther","2 032"
"Lust, Caution","92 291"
"Lung Ta: Les Cavaliers du vent","-"
"Lupin III: The First","25 924"
"Les Lunettes d'or","-"
"Lunes de fiel","-"
"Lune rouge","40 187"
"Lune froide","-"
"La Lune et le téton","-"
"Lune de miel aux orties","-"
"Lune de miel à Las Vegas","-"
"Lune de miel (1985","-"
"Lucky (2020)","84 891"
"Lucky","15 371"
"Lucie Aubrac","542 906"
"Lucas, fourmi malgré lui","153 606"
"Lucas","N/A"
"Luca","N/A"
"Low Cost","145 549"
"Loving","130 327"
"Lovin' Molly","N/A"
"Lovers","-"
"Loverboy (1989)","-"
"Loverboy","N/A"
"Lovely Rita sainte patronne des désespérés","90 631"
"Lovely Bones","176 065"
"Lovelace","3 000"
"Loved","-"
"Love, Simon","93 548"
"Love Streams","-"
"Love Story","-"
"Loups tendres et loufoques","40 659"
"Les Loups et l'Agneau","N/A"
"Les Loups entre eux","-"
"Les Loups dans la bergerie","-"
"Les Loups chassent la nuit","-"
"Le Loup-garou de Paris","85 782"
"Le Loup-garou de Londres","-"
"Le Loup et le lion","199 085"
"Le Loup de Wall Street","1 013 324"
"Loup","292 851"
"Loulou graffiti","-"
"Loulou et autres loups","29 128"
"Loulou - L'incroyable secret","80 485"
"Loulou","-"
"Louisiane","-"
"Louise-Michel","112 158"
"Louise Wimmer","49 264"
"Louise Violet","321 157"
"Lonesome Jim","18 771"
"Lone Star","-"
"Lone Ranger","544 062"
"Londres appelle Pôle Nord","-"
"London River","8 304"
"London Boulevard","84 041"
"Lolo","443 169"
"Lolita malgré moi","145 101"
"Lolita (1962)","-"
"Lolita","101 032"
"Lola, une femme allemande","-"
"Lola Zipper","-"
"Lola vers la mer","13 003"
"Lola Pater","46 456"
"Lola et ses frères","177 780"
"Lola (2010)","15 234"
"LOL Made In USA","41 163"
"LOL (Laughing Out Loud)","738 734"
"Locke","5 019"
"Loch Ness","120 735"
"La Locataire","35 962"
"Locataires","32 655"
"Le Locataire","-"
"Local Hero","-"
"Lizzie McGuire, le film","N/A"
"La Llorona","25 688"
"Liza","-"
"Les Livreurs","-"
"Le Livre des solutions","188 920"
"Le Livre de la jungle 2","623 111"
"Le Livre de la jungle (2016)","1 302 847"
"Le Livre de la jungle (1968)","-"
"Le Livre de la jungle (1945)","-"
"Le Livre de la jungle","-"
"Lions et agneaux","189 810"
"Le Lion sort ses griffes","-"
"Le Lion et les trois brigands","14 023"
"Le Lion (1963)","-"
"Le Lion et le vent","-"
"Le Lion","253 092"
"Lion","454 909"
"Link","-"
"Linguini Incident","-"
"Lingaa","5 272"
"Linda veut du poulet !","27 224"
"Lincoln","437 768"
"Les Linceuls","N/A"
"Limonov, la ballade","16 490"
"Limitless","340 043"
"Le Limier - Sleuth","7 981"
"Limbo","23 509"
"Le Limier","-"
"Lily Marleen","-"
"Le Lieu du crime","-"
"Les Liens du souvenir","-"
"Les Liens du sang (2008)","221 714"
"Les Liens du sang","-"
"Liens d'acier","42 765"
"Le Lien","-"
"Licorice Pizza","116 871"
"Libre et assoupi","73 789"
"Libre échange","54 713"
"Libre (2024)","N/A"
"Libre","23 881"
"Liberty Belle","-"
"Liberty Heights","-"
"Le Libertin","307 656"
"Liberté, égalité, choucroute","-"
"Liberté-Oléron","70 059"
"Liberté surveillée","-"
"La Liberté en croupe","-"
"Léon Morin, prêtre","-"
"Léon","792 836"
"Leo, roi de la jungle","21 674"
"Léo, la fabuleuse histoire de Léonard de Vinci","87 482"
"Léo et les extra-terrestres","100 822"
"Leo (2023)","24 885"
"Lenny","-"
"Leni Riefenstahl, la lumière et les ombres","10 832"
"Le Lendemain du crime","-"
"Lemmy pour les dames","-"
"Lemming","213 232"
"Leila et ses frères","41 242"
"LEGO Ninjago : Le Film","116 414"
"Lego Batman, Le Film","346 187"
"Légitime Violence (1978)","N/A"
"Légitime violence","-"
"Légitime défense","35 917"
"Les Légions de Cléopâtre","-"
"Leatherface : Massacre à la troçonnneuse 3","-"
"Leap of Faith","N/A"
"Lean on Me","N/A"
"Lea","10 964"
"Lazarus Effect","101 092"
"Layer Cake","11 532"
"Lawrence d'Arabie","-"
"Les Lavandières du Portugal","-"
"Lautrec","183 730"
"Laurence Anyways","30 726"
"Laurier blanc","37 406"
"Le Lauréat","-"
"Late Night","64 976"
"Latcho Drom","-"
"Largo Winch","556 147"
"Le Larbin","114 953"
"Lara Jenkins","13 790"
"Lara Croft: Tomb Raider","1 232 897"
"Lara Croft Tomb Raider: Le Berceau de la vie","650 146"
"Lantana","32 729"
"Langue étrangère","19 171"
"La Langue des papillons","42 001"
"Lands of Murders","22 854"
"Landru","-"
"Landes","33 543"
"Land of Plenty (Terre d'abondance)","32 178"
"Land and Freedom","74 543"
"Land","40"
"La La Land","754 534"
"Lancelot","464 781"
"Le Jardin du Diable","-"
"Lancelot du Lac","-"
"Le Jardin des supplices","-"
"Le Jardin des Finzi Contini","-"
"Jar City","28 782"
"Jappeloup","761 958"
"Japanese Story","-"
"Janis et John","176 689"
"Janis","20 328"
"Jane Got a Gun","110 854"
"Jane par Charlotte","20 374"
"Jane Eyre (2012)","51 846"
"Jane Eyre (1946)","-"
"Jane Eyre","96 787"
"Jane Austen a gâché ma vie","42 579"
"Jane","30 477"
"James et la pêche géante","50 830"
"Jambon, jambon","30 000"
"James Bond 007 contre Docteur No","-"
"Jambon d'Ardenne","-"
"Jamais sans mon psy","208 032"
"Jamais sans ma fille","-"
"Jamais plus jamais","-"
"Jamais plus - It Ends With Us","323 389"
"Jamais le premier soir","356 555"
"Jamais le dimanche","-"
"Jamais je ne t'ai promis un jardin de roses","N/A"
"Jamais entre amis","61 931"
"Jamais de la vie","46 190"
"Jamais contente","25 081"
"Jaloux comme un tigre","-"
"La Jalousie","14 065"
"Jakob, le menteur","29 776"
"Jailer","-"
"Le Jaguar","593 486"
"Jaffa","29 053"
"Jade","133 305"
"Jacquou Le Croquant","378 651"
"Jacquot de Nantes","-"
"Jacques Brel","-"
"Jacky au royaume des filles","78 636"
"Jackpot","349 393"
"Jacknife","-"
"Jackie Chan dans le Bronx","85 804"
"Jackie Chan à Hong Kong","N/A"
"Jackie Brown","473 410"
"Jackie","193 995"
"Jackass Forever","N/A"
"Jackass 3-D","192 469"
"Jackass - Le Film","N/A"
"Il y a maldonne","-"
"Il y a longtemps que je t'aime","286 616"
"Il y a des jours et des lunes","-"
"Il suffit d'une nuit","4 859"
"Il suffit d'aimer... Bernardette de Lourdes","-"
"Il reste encore demain","145 340"
"Il reste du jambon ?","408 490"
"Il ne faut jurer de rien","425 020"
"Il pleut sur Santiago","-"
"Il n'y a pas de fumée sans feu","-"
"Il n'est jamais trop tard","237 700"
"Il m'a appelée Malala","N/A"
"Il Figlio, Manuel","10 713"
"Il faut vivre dangereusement","-"
"Il faut tuer Brigit Haas","-"
"Il faut sauver Noël","3 421"
"Il était une forêt","125 552"
"Il faut sauver le soldat Ryan","1 057 672"
"Il était une fois…","702 718"
"Il était une fois, une fois","101 383"
"Il était une fois un flic","-"
"Il était une fois Michel Legrand","16 117"
"Il était une fois le Bronx","88 974"
"Il était une fois la révolution","-"
"Il était une fois la légion","-"
"Il etait une fois Jesus","-"
"Il était une fois Jean-Sébastien Bach","7 420"
"Il était une fois en Anatolie","27 028"
"Il était une fois en Amérique","-"
"Il était une fois dans l'Ouest","-"
"Il était une fois dans l'oued","277 643"
"Il était une fois au Mexique - Desperado 2","259 782"
"Imogène McCarthery","250 700"
"Imogene","32 432"
"Les Immortels","210 005"
"Immortel (Ad Vitam)","422 135"
"L'Immortel (2021)","N/A"
"L'Immortel","475 510"
"L'Immeuble Yacoubian","24 738"
"L'Immensita","91 906"
"Immediate Family","-"
"Immaculée","129 796"
"Imagine 17 ans","N/A"
"Imaginary","89 440"
"L'Imaginarium du Docteur Parnassus","240 437"
"Ils vivent la Nuit","141 441"
"Ima","43 862"
"Ils sont vivants","24 084"
"Ils sont partout","100 097"
"Ils sont grands ces petits","-"
"Ils sont fous ces sorciers","-"
"Ils se marièrent et eurent beaucoup d'enfants","415 961"
"Ils ont cloné Tyrone","N/A"
"Ils ne pensent qu'à ça","N/A"
"Ils moururent au-dessus de leurs moyens","N/A"
"Ils étaient cinq","-"
"Ils (1970)","-"
"Ils","106 182"
"Ilo Ilo","31 339"
"Illusions Perdues","230 106"
"L'Illusioniste (2010)","87 969"
"L'Illusioniste","142 608"
"Illuminata","-"
"Illang: la brigade des loups","N/A"
"L'Inconnu du Nord-Express","-"
"L'Inconnu du lac","40 092"
"L'Inconnu de Strasbourg","14 056"
"L'Inconnu de Las Vegas","-"
"L'Inconnu dans la maison","-"
"L'Incomprise","8 503"
"Les Incognitos","442 565"
"Incognito (1958)","-"
"Incidents de parcours","-"
"Incognito","450 026"
"L'incident de Shinjuku","N/A"
"Incident au Loch Ness","2 364"
"Incident à Oglala","-"
"Inchallah un fils","14 474"
"Inch' Allah dimanche","37 848"
"Inception","1 305 534"
"Incendies","40 545"
"Incassable","1 357 836"
"In This World","15 018"
"In the Soup","-"
"In the Mood for Love","163 137"
"In The Mix","2 013"
"In The Lost Lands","32 288"
"In the Loop","36 019"
"In the Fade","127 128"
"In the Cut","135 900"
"In the Bedroom","-"
"In The Air","339 337"
"In Love","-"
"In Her Shoes","142 353"
"In bed with Madonna","-"
"L'Indomptée","N/A"
"L'Indomptable Zorro","-"
"Les Indomptables","-"
"Indochine Central Tour au cinéma","-"
"Indomptable Angélique","-"
"Indochine","346 444"
"Indiscrétion assurée","74 329"
"L'Indiscrétion","-"
"Indiscret","-"
"Indigènes","834 805"
"L'Indien du placard","-"
"Les Indiens sont encore loin","-"
"L'Indic","-"
"Les Indians II","N/A"
"Les Indians","-"
"Indiana Jones et le temple maudit","1 629 779"
"Indiana Jones et le Royaume du crane de cristal","1 674 041"
"Indiana Jones et le Cadran de la Destinée","1 089 875"
"Indiana Jones et la Dernière Croisade","1 314 450"
"Indian Runner","-"
"Indian Palace","101 379"
"Indian Palace - Suite royale","73 760"
"India Song","-"
"Les Indestructibles 2","1 840 492"
"Les Indestructibles","1 349 086"
"Les Indésirables","-"
"Indes galantes","13 847"
"Independence Day","1 941 238"
"L'Inde, royaume du tigre","8 441"
"L'Incroyable voyage à San Francisco","111 964"
"L'Incruste, fallait pas le laisser entrer !","208 312"
"Independence Day Resurgence","666 332"
"Insiders","N/A"
"Inside the Goldmine","N/A"
"Inside Ted : Dans la tête du serial killer","N/A"
"Inside Man","452 311"
"Inside Llewyn Davis","244 108"
"Inside Job","16 550"
"Inside Deep Throat","-"
"Inside (2023)","43 573"
"Inside","13 450"
"Inséparables (2019)","311 918"
"Inséparables","-"
"Les Inséparables","62 664"
"Les Insectes de feu","-"
"Insaisissables 2","910 322"
"Insaisissables","961 911"
"L'Inondation","-"
"Les Innocents aux mains sales","-"
"Innocents The Dreamers","47 922"
"Les Innocents (1962)","-"
"Les Innocents","-"
"Les Innocentes","182 733"
"Innocent Blood","76 732"
"L'Innocente","-"
"L'Innocent (2022)","192 906"
"Innocent","-"
"Innocence: Ghost in the Shell 2","73 486"
"L'Innocence","73 086"
"Innocence","5 266"
"Inland Empire","54 263"
"Inju, la bête dans l'ombre","49 334"
"Les Initiés","17 676"
"Inherent Vice","60 642"
"Intervention divine","81 267"
"L'Intervention","43 497"
"Interstellar","1 071 360"
"Interstella 5555","7 933"
"Intersections","52 485"
"Intersection","198 526"
"Interrail (2018)","N/A"
"Interrail","9 343"
"L'Interprète","322 469"
"Les Internes","-"
"Interior. Leather Bar.","1 406"
"Intérieurs","-"
"Intérieur d'un couvent","-"
"Interdit aux chiens et aux Italiens","41 957"
"L'Intelligence des Arbres","6 870"
"L'Intégriste malgré lui","N/A"
"Intacto","22 798"
"Les Insurgés (2009)","150 293"
"Les Insurgés","-"
"L'Insulte","41 762"
"Insubmersible","N/A"
"L'Institutrice","22 252"
"Instincts meurtriers","139 479"
"L'instinct de tuer","N/A"
"Instinct de survie (2010)","N/A"
"Instinct de survie","260 331"
"L'Instinct de l'ange","28 460"
"Instinct","156 166"
"Instant de bonheur","-"
"Inspecteur Sun et la malédiction de la veuve noire","2 895"
"L'Inspecteur ne renonce jamais","-"
"Inspecteur Lavardin","-"
"Iphigénie","-"
"Ipcress - Danger immédiat","-"
"IP5 - L'île aux pachidermes","-"
"Ip Man 4 : Le dernier combat","58 408"
"L'Invraisemblable vérité","-"
"Les Invités de mon père","303 708"
"L'Invitée de l'hiver","46 709"
"L'Invité de la onzième heure","-"
"L'Invité","288 146"
"L'Invitation","-"
"Les Invisibles (2019)","384 239"
"Les Invisibles","25 662"
"Invisible Man","349 741"
"L'Invisible Docteur Mabuse","-"
"Invisible Boy 2","N/A"
"Les Invincibles","86 866"
"Invincible","242 804"
"Invictus","866 723"
"Les Invasions barbares","326 246"
"L'Invasion vient de Mars","N/A"
"Invasion USA","-"
"L'Invasion secrète","-"
"Invasion planète X","-"
"Invasion Los Angeles","-"
"L'invasion des profanateurs de sépulture","-"
"L'Invasion des profanateurs","N/A"
"L'Invasion des araignées géantes","-"
"Invasion","90 547"
"Intuitions","162 218"
"Intrusion","46 296"
"Les Intrus (2024)","80 889"
"L'Intrus (2001)","76 307"
"Iwo Jima","-"
"L'Ivresse du pouvoir","391 001"
"L'Ivresse de l'argent","12 708"
"Ivre de femmes et de peinture","52 400"
"Ivanhoé","-"
"Ivan Tsarevitch et la princesse changeante","7 799"
"Itinéraire d'un enfant gâté","-"
"Itinéraire bis","118 278"
"L'Italien","358 409"
"Italian for Beginners","15 212"
"It's Okay!","489"
"It's All About Love","21 171"
"It Must Be Heaven","58 769"
"It's a Free World...","164 658"
"It Follows","68 385"
"It Comes At Night","85 708"
"It Came from Hollywood","N/A"
"Isolation","24 308"
"Isn't It Romantic","N/A"
"La isla mínima","69 268"
"Ishtar","-"
"Isabelle devant le désir","-"
"Irvin Yalom, La Thérapie du bonheur","8 561"
"Irréversible","154 912"
"L'Irrésolu","-"
"L'Irrésistible North","-"
"Irrésistible Alfie","58 602"
"Irresistible (2020)","9 006"
"Irresistible","195"
"Irréprochable","55 338"
"Irréfutable","N/A"
"Les Irréductibles","43 261"
"Izzy et Sam","N/A"
"Iznogoud","1 116 637"
"Ixcanul","25 046"
"Irréductible","390 327"
"Ironweed : La force d'un destin","-"
"Iron Will","N/A"
"L'Ironie du sort","-"
"Iron Man 3","2 064 740"
"Iron Man 2","1 216 314"
"Iron Man","866 316"
"Iron Claw","46 627"
"Irma Vep","-"
"Irma la douce","-"
"L'Irlandais (1987)","-"
"L'Irlandais","53 970"
"Iris et les hommes","167 511"
"Iris (2016)","102 231"
"Iris","N/A"
"Irina Palm","55 407"
"Irène","68 360"
"Iqbal, l'enfant qui n’avait pas peur","10 507"
"L'Intrus (1984)","-"
"Les Intrus","2 905"
"L'Intrus","-"
"Intruders","5 746"
"Introduction","3 830"
"Les Intrigantes","-"
"L'Intrépide","-"
"Les Intranquilles","53 677"
"Intraçable","53 656"
"L'Intouchable, Harvey Weinstein","19 214"
"Intouchables","2 126 545"
"Intolérable cruauté","563 086"
"Into the Woods, Promenons-nous dans les bois","117 984"
"Into The Wild","292 739"
"Intimité","126 407"
"Intimes confessions","20 417"
"Intervista","-"
"Interview avec Dieu","28 000"
"Inspecteur la bavure","-"
"L'Inspecteur Harry","-"
"Inspecteur Gadget","288 553"
"Insoupçonnable","80 608"
"L'Insoutenable légèreté de l'être","-"
"L'Insoumis (2018)","19 703"
"Les Insoumis (2017)","N/A"
"Les Insoumis","62 387"
"L'Insoumis","-"
"Insomnies","46 098"
"Insomnia (1998)","6 900"
"Insomnia","401 107"
"Insidious: The Red Door","306 107"
"Insidious : la dernière clé","293 466"
"Insidious : Chapitre 3","168 325"
"Insidious : Chapitre 2","168 871"
"Insidious","193 688"
"Insiders: Escape Plan","N/A"
"Inglourious Basterds","939 788"
"Influences","65 217"
"L'Infirmière","27 767"
"Infinity","N/A"
"Infinite Storm","N/A"
"Les Infiltrés","616 912"
"Infiltré","109 692"
"Les Infidèles","1 082 028"
"Infidèlement vôtre","-"
"Infidèle","193 712"
"Infidel","N/A"
"Inferno","464 722"
"Infernal Affairs","59 171"
"Infectés","56 944"
"Inexorable","15 001"
"L'Inévitable catastrophe","-"
"Inestimable","137 335"
"Les Indomptés","-"
"L'Incroyable voyage","89 222"
"L'Incroyable randonnée","-"
"L'Incroyable Noël de Shaun le mouton","16 731"
"L'incroyable Mr. Go","N/A"
"Incroyable mais vrai","133 330"
"L'Incroyable Hulk (1979)","-"
"L'Incroyable Hulk","517 088"
"L'Incroyable histoire du Facteur Cheval","256 173"
"L'Incroyable Histoire de Winter le dauphin 2","48 283"
"L'Incroyable histoire de Winter le dauphin","78 953"
"L'Incroyable destin de Harold Crick","70 911"
"L'Incroyable aventure de Bella","17 057"
"L'Increvable","-"
"Les Incorruptibles","-"
"L'Incorrigible","-"
"Incontrôlable","341 685"
"Les Inconnus dans la ville","-"
"L'Inconnue","N/A"
"In Another Country","31 149"
"In America","-"
"In & Out","387 470"
"Imuhar une légende","-"
"Impromptu","-"
"L'Improbable voyage d'Harold Fry","24 634"
"Imposture","43 644"
"Les Imposteurs","-"
"L'Imposteur","-"
"Impossible pas français","-"
"L'Impossible Objet","N/A"
"L'Impossible Monsieur Pipelet","-"
"L'Important c'est d'aimer","-"
"L'Importance d'être constant","19 985"
"Impordonnable","N/A"
"Les Implacables","-"
"Impitoyable","-"
"L'Impasse","108 141"
"Impardonnables","80 970"
"L'Ile sur le toit du monde","-"
"L'Île sanglante","-"
"L'Ile rouge","55 090"
"L'Ile oubliée","N/A"
"L'Île mystérieuse","-"
"L'Ile du docteur Moreau (1977)","-"
"L'Ile du docteur Moreau","130 468"
"L'Ile du camp sans retour","-"
"L'Ile du bout du monde","-"
"L'île des adieux","N/A"
"L'Ile de Pascali","-"
"L'Ile de Black Mor","40 128"
"L'Ile d'amour","-"
"L'Ile aux pirates","112 750"
"L'Île aux chiens","139 267"
"L'ïle au(x) trésor(s)","271 757"
"L'Ile au trésor (1951)","-"
"L'Ile","8 607"
"Il était une fois à Hollywood","-"
"Il était une fois 2","N/A"
"Il était temps","115 791"
"Il est plus facile pour un chameau","123 412"
"Il est minuit docteur Schweitzer","-"
"Il est de retour","N/A"
"Il Divo","46 528"
"Il Boemo","34 803"
"Il bidone","-"
"Il a déjà tes yeux","455 096"
"Igor","94 296"
"Ignition","276"
"Igby","16 478"
"If Only","-"
"If","-"
"L'Idole d'Acapulco","-"
"Idlewild - Gangsters Club","1 814"
"Les Idiots","22 115"
"Gauguin – Voyage de Tahiti","84 248"
"Gaudi, Le Mystère de la Sagrada Familia","7 463"
"Le Gaucher","-"
"Gatsby le Magnifique (2013)","760 438"
"Gatsby le magnifique","-"
"Gator","-"
"Le Gâteau magique","4 274"
"Gaston Lagaffe","236 756"
"Les Gaspards","-"
"Gaspard va au mariage","55 175"
"Gaspard et Robinson","-"
"Gas-oil","-"
"Garfield, le film","330 637"
"Garfield : Héros malgré lui","284 171"
"Garfield 2","294 524"
"Gare du Nord","32 704"
"Gare à la peinture","-"
"Les Gardiens de la Galaxie 3","1 323 124"
"Les Gardiens de la Galaxie 2","1 401 339"
"Les Gardiens de la Galaxie","873 264"
"Gardiens de l'ordre","82 441"
"Les Gardiennes de la planète","32 892"
"Les Gardiennes","135 073"
"Le Gardien du manuscrit sacré","47 158"
"Gardien de la nuit","N/A"
"Le Gardian","-"
"Garden State","134 036"
"Garde rapprochée","1 032"
"Le Garde du corps","-"
"Garde alternée","140 242"
"Garde à vue","-"
"Le Garçu","136 868"
"Les Garçons sauvages","17 652"
"Les Garçons et Guillaume, à table !","707 156"
"Les Garçons de la bande","-"
"La Garçonnière","-"
"Le Garçon sauvage","-"
"Le Garçon invisible","-"
"Le Garçon et le Monde","10 223"
"Le Garçon et le Héron","702 835"
"Le Garçon et la bête","49 687"
"Garçon d'honneur","35 972"
"Garçon choc pour nana chic","N/A"
"Garçon Chiffon","-"
"Garçon","-"
"Le Garçon","15 105"
"La Garce","-"
"Dans les forêts de Sibérie","80 433"
"Dans les cordes (2007)","15 089"
"Dans les cordes","197"
"Dans le noir","289 021"
"Dans la ville blanche","-"
"Dans la vie","28 185"
"Dans la vallée d'Elah","185 958"
"Dans la tourmente","62 705"
"Dans la tête de Charles Swan III","13 446"
"Dans la soirée","-"
"Dans la peau de John Malkovich","124 550"
"Dans la peau de Jacques Chirac","64 143"
"Dans la peau de Blanche Houellebecq","12 482"
"Dans la peau d'une blonde","-"
"Dans la maison","403 162"
"Dans la forêt enchantée de Oukybouky","6 089"
"Dans la ligne de mire","269 966"
"Dans la cuisine des Nguyen","18 039"
"Dans la cour","143 569"
"Dans la chaleur de la nuit","-"
"Dans la brume électrique","315 794"
"Dans la brume","123 997"
"Dans l'ombre de Mary","137 770"
"Dans l'ombre de Manhattan","13 333"
"Dans ce pays-là","-"
"Danny, le champion du monde","-"
"Danny Balint","10 864"
"Danny The Dog","350 054"
"Dangerous People","N/A"
"Dangerous","N/A"
"Dangereusement vôtre","854 233"
"Dangereuse sous tous rapports","-"
"Dangereuse séduction (2007)","240 851"
"Dangereuse séduction","-"
"Dangereuse alliance","133 859"
"Danger: Diabolik!","-"
"Danger planétaire","-"
"Danger immédiat","351 869"
"Dandin","-"
"Dancing Pina","24 009"
"Dancing machine","-"
"Dancing in Jaffa","14 172"
"Dancing Girls","97 719"
"Dancer Upstairs","29 263"
"Dancer in the Dark","351 171"
"Dance with me","156 849"
"Dance Movie","5 084"
"Dance Battle - Honey 2","173 868"
"Damsel","N/A"
"Bajrangi Bhaijaan","-"
"Bajirao Mastani","-"
"Baisers volés","-"
"Les Baisers","-"
"Le Baiser mortel du dragon","505 980"
"Le Baiser du vampire","-"
"Le Baiser du tueur","N/A"
"Le Baiser du serpent","-"
"Le Baiser de la femme-araignée","-"
"Baise-moi","35 669"
"La Baie du guet-apens","-"
"La Baie des Anges","-"
"Le Bahut va craquer","-"
"Le Bagne des filles perdues","-"
"Les Bagnards de Botany Bay","-"
"Le Bagnard","-"
"Bagdad café","-"
"Bagdad","-"
"Le Bagarreur solitaire","-"
"Le Bagarreur du Pacifique","-"
"Le Bagarreur du Montana","-"
"Le Bagarreur du Kentucky","-"
"Le Bagarreur","-"
"Bagarres au King Creole","-"
"Bagarres","-"
"La Bagarre de Santa Fe","-"
"Badrinath Ki Dulhania","N/A"
"Bad Times","55 466"
"Bad Teacher","397 304"
"Bad Taste","-"
"Bad Santa","50 832"
"Bad News Bears","191"
"Bad Moms 2","69 242"
"Bad Moms","150 601"
"Bad Luck!","14 047"
"Bad Luck Banging or Loony Porn","6 321"
"Bad Luck","N/A"
"Bad Lieutenant : Escale à la Nouvelle-Orléans","199 231"
"Bad Lieutenant","30 000"
"Bad Influence","-"
"Les Bad Guys","259 472"
"Bad Grandpa","47 817"
"Bad Education","N/A"
"Bad Company (1972)","-"
"Bad Company","224 800"
"Bad Buzz","41 548"
"Bad Boys II","689 293"
"Bad Boys: Ride or Die","380 123"
"Bad Boys for Life","651 309"
"Bad Boys (1983)","-"
"12","3 562"
"12h08 à l'est de Bucarest","-"
"12 and Holding","6 506"
"12 Heures d'horloge","-"
"12 Jours","49 009"
"12 Heures","82 858"
"12 Rounds","3 321"
"12 ans d'âge","35 147"
"La 11e Heure, le dernier virage","N/A"
"A la recherche de Vivian Maier","15 505"
"A la recherche de Mister Goodbar","-"
"A la recherche de la Panthère rose","-"
"A la recherche de Jimmy le borgne","-"
"À la recherche de Bobby Fischer","N/A"
"A la poursuite du Roi Plumes","15 920"
"A la poursuite du diamant vert","-"
"À la poursuite de demain","418 815"
"A la poursuite d'Octobre-Rouge","-"
"A la place du cœur","-"
"A la petite semaine","110 304"
"A la merveille","40 425"
"A la Jamaïque","-"
"A la gloire des Celtics","N/A"
"11'09''01 - September 11","-"
"11 : 14 onze heures quatorze","-"
"11.6","189 016"
"Les 11 commandements","961 182"
"11 Fleurs","8 390"
"10, 11, 12... Pougne le hérisson","6 890"
"10 Cloverfield Lane","262 590"
"10 bonnes raisons de te larguer","46 583"
"10 jours encore sans maman","256 753"
"10ème chambre, instants d'audience","40 132"
"10 jours sans maman","541 102"
"10 jours en or","70 663"
"10 000","474 853"
"9 mois ferme","546 618"
"9 Songs","15 229"
"9 Doigts","1 541"
"8 fois debout","35 202"
"8 Femmes 1/2","-"
"A Star is Born (2018)","351 307"
"À son image","54 549"
"A Smile Like Yours","-"
"A Single Man","78 831"
"A Simple Twist of Fate","N/A"
"A Serious Man","163 452"
"A Scene at the sea","-"
"A Scanner Darkly","24 041"
"A Real Pain","80 744"
"À quel prix ?","N/A"
"A propos de Joan","10 441"
"A Propos De Nice La Suite","-"
"A propos d'hier soir","N/A"
"A propos d'Henry","-"
"A propos d'Elly","34 115"
"A pleines mains","-"
"À plein temps","100 254"
"A pied, à cheval et en voiture","-"
"A pied, à cheval et en Spoutnik","-"
"A Perfect Day","38 332"
"A perdre la raison","55 339"
"À peine j'ouvre les yeux","23 107"
"A Paris tous les deux","-"
"A nous quatre","68 923"
"A nous les petites Anglaises","-"
"A nous les garçons","-"
"A nous la victoire","-"
"A nous deux","-"
"A Murder of Crows","-"
"A nos amours","-"
"A Most Violent Year","173 590"
"A mort l'arbitre!","-"
"Abuela","45 509"
"Absolution","N/A"
"Absolutely Fabulous : Le Film","4 634"
"Absolutely Anything","66 171"
"Absolument fabuleux","645 398"
"Absolom 2022","164 757"
"Absences répétées","N/A"
"Absence de malice","-"
"Abraham Lincoln : Chasseur de Vampires","246 009"
"Abracadabra","14 622"
"L'Abominable vérité","263 349"
"About Kim Sohee","29 840"
"L'Abominable homme des douanes","-"
"Abominable","790 413"
"Ablations","5 578"
"Abîmes","53 185"
"Abigail, le pouvoir de l'Elue","N/A"
"Abigail (2024)","80 662"
"Abdullah le Grand","-"
"Abdel et la Comtesse","109 355"
"L'Abbé Pierre - Une vie de combats","350 564"
"Abattoir 5","-"
"Les Abandonnées","-"
"Aaltra","13 251"
"A.I. intelligence artificielle","766 701"
"A+ Pollux","20 272"
"A vol d'oiseaux","6 150"
"A voix haute - La force de la parole","27 288"
"A vitesse grand V","N/A"
"A vif !","217 940"
"A vif","148 376"
"A very Englishman","14 454"
"Adieu Les Cons","600 444"
"Adieu l'ami","-"
"Adieu Gary","33 700"
"Adieu je reste","-"
"Adieu Cuba","80 721"
"Adieu chérie","-"
"Adieu Bonaparte","-"
"Adieu blaireau","-"
"L'Adieu aux armes","-"
"Adieu Berthe ou l'enterrement de mémé","265 725"
"L'Adieu au roi","N/A"
"L'Adieu à la nuit","100 079"
"Adieu au langage","5 353"
"L'Adieu","49 752"
"Adhémar ou le jouet de la fatalité","-"
"Adémai au poteau frontière","-"
"L'Addition","-"
"Addicted to Love","43 278"
"Adaptation","44 194"
"Adama","20 898"
"Adam at 6 A.M.","N/A"
"Adam est... Eve","-"
"Adam à travers le temps","N/A"
"Adam (2020)","36 101"
"Adam","2 401"
"Ada dans la jungle","-"
"Ad Vitam","N/A"
"Ad Astra","434 069"
"Acusada","10 812"
"Actrices","131 812"
"Action ou vérité","228 225"
"Action Jackson","-"
"L'Affaire Josey Aimes","49 603"
"L'Affaire Jessica Fuller","N/A"
"L'Affaire Farewell","259 383"
"L'Affaire du Grand Hotel","-"
"L'Affaire du collier","N/A"
"L'Affaire du collier de la reine","-"
"L'Affaire Dominici","-"
"L'Affaire des poisons","-"
"L'Affaire de Trinidad","-"
"L'Affaire de la 99ème rue","-"
"Affaire de famille","102 699"
"L'Affaire de Buenos-Aires","-"
"L'Affaire d'une nuit","-"
"L'Affaire Cicéron","-"
"L'Affaire Collini","21 272"
"L'Affaire Chelsea Deardon","-"
"L'Affaire Al Capone","-"
"Aeon Flux","25 794"
"Ae Dil Hai Mushkil","N/A"
"Les Adversaires","-"
"L'Adversaire","411 100"
"Adults in the Room","67 389"
"Adultère: mode d'emploi","48 677"
"Adrenaline, la science du risque","940"
"Adoration","5 473"
"Adorables démons","-"
"Adorables créatures","-"
"Adorable menteuse","-"
"Adorables","69 567"
"Adorable Julia (1962)","-"
"Adorable Julia","2 103"
"Les Adoptés","103 502"
"L'Age de glace","617 707"
"L'Age de cristal","-"
"L'Age d'homme","100 758"
"Agatha, ma voisine détective","4 641"
"Agathe Cléry","450 544"
"Agatha","-"
"Agaguk","115 683"
"Ága","14 403"
"Aftersun","38 094"
"After: Chapitre 2","N/A"
"After Yang","14 818"
"After the Wedding","10 329"
"After Love","11 721"
"After Life","232"
"After Hours","-"
"After Earth","548 418"
"After - Chapitre 5","N/A"
"After - Chapitre 4","N/A"
"After - Chapitre 3","N/A"
"After - Chapitre 1","624 513"
"Afrik'Aïoli","12 528"
"L'Africain","-"
"Africa United","19 931"
"Africa Le Serengeti","-"
"Affreux, sales et méchants","-"
"L'Affrontement","-"
"Les Affreux","-"
"African Safari 3D","21 482"
"Les Affranchis","-"
"Affliction","-"
"Les Affinités électives","-"
"L'Affiche rouge","-"
"L'Aigle noir","-"
"L'Aigle et l’Enfant","64 192"
"L'Aigle du désert","-"
"L'Aigle des mers","-"
"L'Aigle de la Neuvième légion","124 506"
"L'Aigle de Guam","-"
"L'Aigle de fer III","-"
"L'Aigle de fer 2","N/A"
"Aigle de fer","-"
"L'Aigle à deux têtes","-"
"Aïe !","31 472"
"Aide-toi, le ciel t'aidera","62 616"
"Ah! Si j'étais riche","343 848"
"Ah! Les belles bacchantes","-"
"Ah ! quelle équipe !","-"
"Ah ! les belles familles","-"
"Aguirre, la colère de Dieu","-"
"L'Agression","-"
"Agora","142 125"
"L'Agonie des aigles","-"
"Agnès de rien","-"
"Agnès de Dieu","-"
"Agnes Browne","40 115"
"Agents très spéciaux - Code U.N.C.L.E","151 780"
"Agents Super Zero","N/A"
"Agents secrets","395 151"
"Agents presque secrets","250 737"
"Agent zéro zéro","109 234"
"Agent trouble","-"
"Agent Trois S Trois, passeport pour l'enfer","-"
"Agent Stone","N/A"
"Agent Secret SZ","-"
"Aladdin (2019)","563 243"
"Aladdin","819 474"
"Alabama Monroe","44 103"
"Alad'2","851 973"
"Al Limite","-"
"Al Capone","-"
"Akoibon","49 683"
"Ajami","51 324"
"Akira","-"
"Aïtanga","-"
"Airport","-"
"Air Force Bat 21","-"
"Air Force One","394 197"
"L'Air de rien","21 479"
"L'Air de Paris","-"
"L'Air de la mer rend libre","15 054"
"Air Bud 2","N/A"
"Air Bud - Buddy, star des paniers","25 201"
"Air America","-"
"Air","N/A"
"Ainsi va la vie (1998)","87 443"
"Ainsi va la vie","17 655"
"Ainsi soient-elles","-"
"Ainsi finit la nuit","-"
"L'Aîné des Ferchaux","-"
"Ainbo, princesse d'Amazonie","109 322"
"Aimons-nous vivants","N/A"
"Aimez-vous Brahms?","-"
"Aimer, boire et chanter","140 947"
"Aimer perdre","5 425"
"Aime ton père","14 949"
"Aïlo : une odyssée en Laponie","71 412"
"Alice de l'autre côté du miroir","455 543"
"Alice dans les villes","-"
"Alice aux pays des merveilles","-"
"Alice au Pays des Merveilles (2010)","1 599 583"
"Alice","-"
"Alibi.com 2","1 017 788"
"Alibi.com","1 124 383"
"Ali G","62 764"
"Ali Baba et les quarante voleurs","-"
"Ali Baba et les 40 voleurs","-"
"Ali","505 352"
"Les Algues vertes","125 566"
"Alfredo, Alfredo","-"
"Alfie le dragueur","-"
"Alexandre le Grand","-"
"Alexandre le bienheureux","-"
"Alexandre","555 074"
"Alex, le destin d'un roi","55 705"
"Alex Rider : Stormbreaker","173 072"
"Alex et Emma","N/A"
"Alex Cross","54 738"
"Alerte rouge","N/A"
"Alerte en extrême orient","-"
"Alerte aux requins","N/A"
"Alerte aux Marines","-"
"Alerte aux gardes-côtes","-"
"Alerte aux Canaries","-"
"Alerte au Sud","-"
"Alerte au deuxième bureau","-"
"Alerte à Miami / Reno 911 !","1 321"
"Alerte à la bombe","-"
"Alerte","364 040"
"Almanya","13 793"
"Alma, la fiancée du vent","-"
"Alma Viva","12 574"
"Allumeuses!","178 361"
"Les Allumés de Beverly Hills","-"
"Allons z'enfants","-"
"Allons enfants","16 669"
"Allons donc, papa !","-"
"Allô, la police ?","N/A"
"Allo, je t'aime!","-"
"Allô, brigade spéciale","-"
"Allô maman, ici bébé","-"
"Allô maman, c'est Noël","107 242"
"Allô maman, c'est encore moi","-"
"Allison Forever","N/A"
"Alliés","463 630"
"Allez raconte!","10 052"
"Allez coucher ailleurs","-"
"Allez France","-"
"Allemagne, mère blafarde","-"
"Allemagne année zéro","-"
"L'Allée sanglante","-"
"Allan Quatermain et le mines du roi Salomon","-"
"Allan Quatermain et la cité de l'or perdu","-"
"All We Imagine as Light","69 491"
"All the Little Animals","-"
"All or Nothing","29 624"
"All Is Lost","50 635"
"All Inclusive","407 344"
"All About Steve","1 132"
"All about Albert","7 389"
"Alive","169 032"
"Les Amants du Nil","38 345"
"Les Amants du Capricorne","-"
"Les Amants de Villa Borghese","-"
"Les Amants de Vérone","-"
"Les Amants de Tolède","-"
"Les Amants de Salzbourg","-"
"Les Amants de minuit","-"
"Les Amants de Caracas","4 732"
"Les Amants de Capri","-"
"Les amants de Bras-Mort","-"
"Les Amants criminels","-"
"Amants (2021)","136 003"
"Amants","10 929"
"Les Amants","-"
"L'Amant magnifique","-"
"L'Amant double","119 431"
"L'Amant de paille","-"
"L'Amant de Lady Chatterley","-"
"L'amant de Lady Loverly","-"
"L'Amant de Lady Chatterley (1981)","-"
"L'Amant de cinq jours","-"
"L'Amant","626 891"
"L'Amant d'un jour","23 197"
"Les Amandiers","104 057"
"Amanda","84 007"
"Amal - Un esprit libre","24 870"
"àma Gloria","27 968"
"Always","-"
"Amadeus","-"
"American Nightmare 2 : Anarchy","252 330"
"American Nightmare","194 147"
"Alvin et les Chipmunks 3","798 683"
"Alvin et les Chipmunks 2","536 385"
"Alyah","20 097"
"American Honey","25 641"
"American History X","136 673"
"American Haunting","18 342"
"American Graffiti, la suite","-"
"American Graffiti","-"
"American girls","93 401"
"American Gigolo","-"
"American Gangster","485 455"
"American Dreamz","55 077"
"American college","-"
"American Buffalo","N/A"
"American Boys","-"
"American Bluff","279 324"
"American Beauty","349 269"
"American Assassin","104 402"
"L'Américain","186 079"
"America (2018)","20 122"
"Amère Victoire","-"
"Amen","307 342"
"Amélie au pays des Bodin's","22 157"
"Amelia's Children","57 593"
"Amelia","1 242"
"Amédée","-"
"L'Âme des guerriers","-"
"Ambulances tous risques","-"
"Ambulance","142 412"
"Ambre","-"
"Les Ambitieux (1965)","-"
"Amityville 2: Le Damné","-"
"Amityville","242 068"
"Amitiés sincères","363 024"
"Les Amitiés maléfiques","29 589"
"Amistad","246 403"
"Amis publics","404 366"
"Amir et Mina : Les aventures du tapis volant","34 298"
"Amin","29 714"
"Les Amies de ma femme","-"
"L'Amie mortelle","-"
"Ami-ami","99 573"
"L'Ami, François d'Assise et ses frères","16 591"
"L'Ami du jardin","-"
"L'Ami de Vincent","-"
"L'Ami de mon amie","-"
"L'Ami de la famille","-"
"L'Ami américain","-"
"Les Âmes Vagabondes","219 775"
"Les Ames soeurs","35 572"
"Âmes rebelles","-"
"Ames perdues","-"
"Les Âmes perdues","105 093"
"Les Ames grises","217 115"
"Les Âmes fortes","46 098"
"Ames en stock","8 197"
"Les Ames de papier","5 351"
"Les Ames calines","13 708"
"Amerrika","52 011"
"L'Amérique interdite","-"
"L'Amerique insolite","-"
"Americano","15 521"
"Amour et chocolat","N/A"
"L'Amour est un crime parfait","171 693"
"American Warrior 2","-"
"L'Amour est en jeu","-"
"Amour et compagnie","-"
"L'Amour en quatrième vitesse","N/A"
"L'Amour en trop","N/A"
"L'Amour en quatre dimensions","-"
"L'Amour est une fête","81 674"
"L'Amour est une grande aventure","-"
"L'Amour en herbe","-"
"L'Amour en fuite","-"
"L'Amour en équation","-"
"L'Amour en douce","-"
"Amour en croisière","-"
"L'Amour en 2","N/A"
"L'Amour dure trois ans","325 748"
"L'Amour descend du ciel","-"
"L'Amour de ma vie","-"
"L'Amour dans de beaux draps","-"
"L'Amour de l'or","37 566"
"L'Amour d'une mère","-"
"L'Amour d'une femme","-"
"L'Amour c’est mieux que la vie","105 611"
"L'Amour conjugal","-"
"L'Amour comme la femme le désire","-"
"L'Amour cherche un toit...","-"
"L'Amour caché","6 102"
"L'Amour braque","-"
"L'Amour avec des si","-"
"L'Amour aux trousses","121 479"
"L'Amour autour de la maison","-"
"L'Amour au temps du choléra","36 444"
"L'Amour au présent","153 661"
"L'Amour aime les hasards","N/A"
"L'Amour à vingt ans","-"
"L'Amour à tout prix","88 722"
"L'Amour a ses raisons","15 798"
"L'Amour à quatre temps","-"
"L'Amour à mort","-"
"L'Amour à la mer","N/A"
"Amour & Turbulences","198 795"
"Amours irlandaises","N/A"
"Amours interdites","-"
"Les Amours imaginaires","60 964"
"Les Amours finissent à l'aube","-"
"Les Amours enchantées","N/A"
"Les Amours d’Anaïs","28 954"
"Les Amours de Paris","-"
"Les Amours de Manon Lescaut","-"
"Les Amours de Lady Hamilton","-"
"Les Amours de Carmen","-"
"Les Amours de Capri","-"
"Les Amours d'une blonde","-"
"Les Amours d'Omar Khayyam","-"
"Les Amours d'Hercule","-"
"Les Amours d'Astrée et de Celadon","21 842"
"Amours chiennes","-"
"Les Amours célèbres","-"
"Les Amoureux sont seuls au monde","-"
"Les Amoureux de Marianne","-"
"Amoureux de ma femme","185 552"
"Les Amoureux","-"
"Amoureuse","-"
"Amour, vengeance et trahison","-"
"Amour, tango, Mandoline","-"
"L'Amour, Madame","-"
"L'Amour, c'est mieux à deux","352 354"
"L'Amour violé","-"
"L'Amour vient en dansant","-"
"L'Amour toujours l'amour","-"
"Amour sur place ou à emporter","203 801"
"L'Amour sorcier","-"
"L'Amour six pieds sous terre","6 092"
"Angélique et le Roy","-"
"Angèle et Tony","73 579"
"Angel II, la vengeance","N/A"
"Angélique","70 300"
"Angel Eyes","57 191"
"Angel Heart","-"
"Angel-A","327 730"
"Angel (2007)","102 276"
"Angel","N/A"
"L'Ange rouge","-"
"L'Ange qu'on m'a donné","-"
"Ange ou démon","-"
"L'Ange noir","46 101"
"L'Ange et le mauvais garçon","-"
"L'Ange et le démon","-"
"L'Ange et le bandit","-"
"Ange et Gabrielle","254 124"
"L'Ange du pêché","-"
"L'Ange du mal","38 997"
"L'Ange des maudits","-"
"L'Ange de la violence","-"
"L'Ange","17 263"
"Andy","19 896"
"André le Magnifique","23 170"
"Andhadhun","N/A"
"Andalousie","-"
"And now… Ladies & Gentlemen","169 140"
"Les Anciens de Saint Loup","-"
"Anatomie de l'enfer","32 714"
"Anatomie d'une chute","346 499"
"Anatomie","39 099"
"Anastasia (1957)","-"
"Anna Karenine (2012)","106 900"
"Anna Karenine (1968)","-"
"Anna Karenine (1949)","-"
"Anna Karénine","135 123"
"Anna et le roi","283 551"
"Anna de Brooklyn","-"
"Anna (2019)","280 773"
"Anna","-"
"Anina","4 144"
"Les Animaux fantastiques - Les crimes de Grindelwald","1 649 616"
"Les Animaux Fantastiques 3 : Les Secrets de Dumbledore","1 132 062"
"Les Animaux fantastiques","1 420 401"
"Les Animaux amoureux","45 200"
"Animaux et Cie","218 189"
"Les Animaux","-"
"Animal! L'animal…","59 154"
"Animal Kingdom","34 066"
"Animal Factory","34 135"
"Animal (2023)","N/A"
"Animal","30 982"
"L'Animal","-"
"Aniki mon frère","120 974"
"L'Anguille","74 259"
"Angry Birds : Copains comme cochons","256 867"
"Angry Birds - Le Film","334 916"
"Angoisse d'une mère","-"
"Angles d'attaque","265 553"
"L'Angle Mort","6 998"
"L'Anglaise et le duc","44 133"
"L'Anglais qui gravit une colline mais descendit une montagne","-"
"L'Anglais","68 350"
"Angie","-"
"Ant-Man et la guêpe","713 011"
"Ant-Man","102 010"
"Another Year","103 494"
"Anselm (Le Bruit du temps)","23 002"
"Another Day in Paradise","76 892"
"Anora","212 504"
"Anonymous","35 874"
"Anon","N/A"
"Anomalisa","30 097"
"Another Happy Day","50 827"
"L'Annulaire","10 259"
"L'Annonce faite à Marius","-"
"L'Anniversaire de Tommy","9 205"
"L'Anniversaire (1968)","N/A"
"L'Anniversaire","114 697"
"Annihilation","N/A"
"Annie, la Reine du crique","-"
"Annie Hall","-"
"Annie Colère","68 373"
"Annie (2014)","86 677"
"Annie","-"
"Annibal","-"
"Annette","98 478"
"Les Années volées","-"
"Les Années sandwiches","-"
"Années rebelles","N/A"
"Les Années de plomb","-"
"Les Années dangereuses","-"
"Les Années campagne","-"
"Années d'enfance","-"
"L'Année sainte","-"
"L'Année prochaine si tout va bien","-"
"L'Appât (1953)","-"
"L'Appât","199 953"
"L'Appartement","55 565"
"Apparitions","185 365"
"L'Apparition","150 810"
"Apparences","508 911"
"Les Apparences","143 620"
"Appaloosa","131 985"
"L'Apollonide Souvenirs de la maison close","64 413"
"Apollo 18","47 219"
"Apollo 13","628 414"
"Apollo 11","-"
"Apocalypto","234 693"
"Apocalypse Now","-"
"Apnée","16 073"
"L'Apiculteur","-"
"Aphrodite, déesse de l'amour","-"
"Apartment Zero","N/A"
"Apaches","33 659"
"Les Apaches","20 258"
"Apache, cheval de la mort","-"
"AO, le dernier Néandertal","134 591"
"Anzu, chat-fantôme","19 927"
"Anything Else, la vie et tout le reste","189 224"
"Any Way the Wind Blows","1 385"
"Antwone Fisher","17 283"
"L'Antre de la folie","75 586"
"Antonio Vivaldi: Un prince à Venise","29 523"
"Antonieta","-"
"Antonia et ses filles","-"
"Anton Tchékhov 1890","19 081"
"Antoinette dans les Cévennes","173 550"
"L'Arbre à voeux","50 457"
"Arbitrage","63 214"
"L'Arbre","122 440"
"L'Arbalète","-"
"Ararat","37 808"
"L'Araignée","-"
"Arachnophobie","-"
"Arabesque","-"
"Arac Attack","181 637"
"Aquarius","51 391"
"Aquamarine","343"
"Aquaman et le Royaume perdu","552 105"
"Aquaman","940 003"
"Aprile","60 051"
"April Snow","23 307"
"L'Après-midi de Monsieur Andesmas","-"
"Après vous","267 958"
"Après Mai","51 861"
"Après lui le déluge","N/A"
"Après lui","48 448"
"Après la vie (La trilogie 3)","17 800"
"Après la tempête","51 882"
"Après la pluie, le beau temps","1 801"
"Après la guerre","-"
"Après l'océan","2 721"
"Après l'amour (1948)","-"
"Après l'amour","-"
"Après après-demain","N/A"
"L'Apprentissage de Duddy Kravitz","-"
"Apprentis parents","83 403"
"Les Apprentis","45 081"
"L'Apprentie sorcière","-"
"L'Arme à l'œil","N/A"
"L'Arme à gauche","-"
"Armaguedon","91 697"
"Armageddon Time","155 547"
"Armageddon","1 217 814"
"L'Armada sauvage","-"
"Arlington Road","100 318"
"Arlette","276 338"
"Arizona Junior","-"
"Arizona Dream","101 006"
"Les Aristos","365 181"
"Arizona","-"
"Aristocrats","28 303"
"Les Aristocrates","-"
"Les Aristochats","-"
"Ariol prend l’avion (et autres têtes en l’air)","7 508"
"Ariane","-"
"Ariaferma","5 159"
"Aria","-"
"Argylle","219 098"
"Argo","365 701"
"Argentina, 1985","N/A"
"Argentina","20 695"
"L'Argent des autres","-"
"L'Argent de poche","-"
"L'Argent de la vieille","-"
"Argent comptant","86 622"
"L'Argent","-"
"Arènes sanglantes","-"
"Arènes joyeuses","-"
"L'Arène des audacieux","-"
"Ardor","N/A"
"Arsenic et vieilles dentelles","-"
"Arsene Lupin contre Arsene Lupin","-"
"Arsenal","N/A"
"Arsène Lupin","444 610"
"L'Arriviste","-"
"Arrivederci Amore, Ciao","15 142"
"Les Arrivants","5 096"
"Arrietty, le petit monde des chapardeurs","183 156"
"Arrêtez-moi là","38 742"
"L'arrière pays","22 792"
"Arrêtez-moi","63 803"
"Arrêtez le massacre","-"
"Arrêtez les tambours","-"
"Arrête-moi si tu peux","1 137 654"
"Arrête ton char bidasse","-"
"Arrête ton cinéma !","83 248"
"Arrête ou ma mère va tirer!","-"
"Arrête ou Je Continue","24 431"
"Arrête de ramer, t'es sur le sable","-"
"Arrête de pleurer Pénélope","96 020"
"Arrête avec tes mensonges","48 547"
"Arrêt d'autobus","-"
"L'Arrangement","-"
"Arnold le magnifique","N/A"
"Arnold à la conquête de l'Ouest","1 492"
"Les Arnaud","-"
"Les Arnaqueurs","-"
"L'Arnaqueur","-"
"Arnaques, crimes et botanique","44 513"
"Arnaque à la carte","32 931"
"Arnaque à Hollywood","N/A"
"L'Arnaque","-"
"Assassination Tango","8 088"
"Assassination Nation","19 885"
"L'Assassinat de Trostky","-"
"L'Assassinat de Jesse James par le lâche Robert Ford","117 110"
"Assassinat d'un président","N/A"
"Assassin(s)","181 972"
"Assassin's Creed","881 017"
"L'Assassin n'est pas coupable","-"
"L'Assassin est à l'écoute","-"
"L'Assassin est dans l'annuaire","-"
"L'Assassin connaît la musique","-"
"Assassin","N/A"
"Asphalte (2015)","36 003"
"Asphalte (1959)","-"
"Asphalte","-"
"Ashanti","-"
"L'Ascension","344 858"
"Ascenseur pour l'échafaud","-"
"L'Ascenseur (Niveau 2)","35 497"
"L'Ascenseur","-"
"Asako I & II","40 452"
"As I Lay Dying (Tandis que j'agonise)","4 636"
"L'As de pique","-"
"L'As des as","-"
"Les As de la jungle 2 - Opération tour du monde","262 703"
"Les As de la Jungle","228 475"
"As de cœur","N/A"
"Artistes et Modèles","-"
"L'Artiste et son modèle","40 848"
"As bestas","74 066"
"Arthur, un amour de Milliardaire","N/A"
"Arthur the King","N/A"
"Atlantique","32 846"
"Atlantide, l'empire perdu","1 075 085"
"L'Atlantide (1961)","-"
"L'Atlantide (1949)","-"
"L'Atlantide","-"
"Atlantic City","-"
"L'Athlète aux mains nues","-"
"L'Atelier","47 134"
"At Eternity’s Gate","N/A"
"Atanarjuat, la légende de l'homme rapide","52 052"
"Asylum (1974)","-"
"L'Astronaute","35 020"
"Astro Boy","82 811"
"Astrid","15 437"
"L'Astragale (2015)","26 412"
"L'Astragale","-"
"Asteroid City","117 498"
"Astérix le Gaulois","-"
"Astérix: Le Domaine des Dieux","842 999"
"Astérix et Obélix: Mission Cléopatre","3 685 097"
"Astérix et Obélix: Au service de sa Majesté","1 132 279"
"Astérix et Obélix contre César","2 718 443"
"Astérix et Obélix : L'Empire du milieu","1 882 686"
"Astérix et les Vikings","491 328"
"Astérix et les indiens","125 194"
"Astérix et le coup du menhir","-"
"Astérix et Cléopâtre","-"
"Astérix et la surprise de César","-"
"Astérix chez les Bretons","-"
"Asterix aux Jeux Olympiques","3 007 811"
"Astérix - Le Secret de la Potion Magique","928 153"
"Assurance sur la mort","-"
"Au boulot !","68 682"
"Au bord du volcan","-"
"Au bord du monde","7 594"
"Au bonheur des ogres","90 418"
"Au bistro du coin","20 617"
"Au beau milieu de l'hiver","-"
"L'Attrape-rêves","3 554"
"Attraction fatale","-"
"Attraction animale","27 219"
"Attila Marcel","28 341"
"Attila fléau de Dieu","-"
"Attention, on va s'fâcher","-"
"Attention! Trinita prépare ton cercueil","-"
"Attention une femme peut en cacher une autre","-"
"Attention les yeux","-"
"Attention les enfants regardent","-"
"Attention les dégâts","-"
"Attention bandits!","-"
"Attention au départ !","102 498"
"Attention au lapin","N/A"
"L'Attente","-"
"Attentat à Téhéran","-"
"L'Attentat (2013)","45 581"
"L'Attentat","-"
"L'Attaque dura sept jours","-"
"L'Attaque du métro 123","339 891"
"L'Attaque du fort Douglas","-"
"L'Attaque des Titans : L'Arc et la Flèche écarlates","N/A"
"L'Attaque des Titans : La dernière attaque","86 628"
"L'Attaque des Titans - Film 2 - Les Ailes de la liberté","N/A"
"L'Attaque des martiens","N/A"
"L'Attaque des clones","2 002 398"
"Au revoir, à jamais","219 442"
"Au revoir Monsieur Grock","-"
"Au revoir les enfants","-"
"Au revoir là-haut","550 185"
"Au revoir","16 665"
"Au rendez-vous de la mort joyeuse","N/A"
"Au Prix du Sang","644"
"Au Poste !","95 929"
"Au plus près du soleil","18 815"
"Au plus près du paradis","70 822"
"Au Petit Marguery","-"
"Au petit bonheur","-"
"Au péril de sa vie","-"
"Au Pays du Sang et du Miel","22 194"
"Au pays des cigales","-"
"Au pays de la peur","-"
"Au P'tit Zouave","-"
"Au nom du peuple italien","-"
"Au nom du père","66 914"
"Au nom de tous les miens","-"
"Au nom de ma fille","190 205"
"Au nom de la terre","471 679"
"Au nom d'Anna","189 162"
"Au nom de la liberté","7 977"
"Au mépris des lois","-"
"Au loin s'en vont les nuages","26 976"
"Au grand balcon","-"
"Au galop","20 098"
"Au fond des bois","18 011"
"Au fil des saisons","19 143"
"Au fil des ondes","-"
"Au fil de la vie","-"
"Austin Powers dans Goldmember","372 429"
"Austin Powers 2, l'espion qui m'a tirée","494 479"
"Austin Powers","99 667"
"Austerlitz","-"
"Aussi profond que l'océan","80 986"
"Aurore (2017)","154 518"
"Aurore","44 884"
"Augustine","67 617"
"Augustin, roi du kung-fu","-"
"Augustin","-"
"Auguste","-"
"August Rush","46 317"
"Audrey Rose","-"
"Aucun ours","28 234"
"L'Auberge rouge (1951)","-"
"L'Auberge rouge","325 209"
"L'Auberge espagnole","508 466"
"L'Auberge en folie","-"
"L'Auberge du sixième bonheur","-"
"L'Auberge du péché","-"
"L'Auberge du cheval blanc (1961)","-"
"L'Auberge du cheval blanc","-"
"L'Aube rouge (2013)","41 367"
"L'Aube rouge","N/A"
"Au-dessus de la loi","37 241"
"Au-dessous du volcan","-"
"Au-delà du réel","-"
"Au-delà du Missouri","-"
"Au-delà des montagnes","61 326"
"Au-delà des grilles","-"
"Au-delà des collines","26 368"
"Au-delà de nos rêves","97 946"
"L'Avare","-"
"Avanti","-"
"Avant toi","39 325"
"Avant que nous disparaissions","-"
"Avant qu'il ne soit trop tard","60 406"
"Avant l’effondrement","11 869"
"Avant le déluge","-"
"Avant la nuit","35 869"
"Avant l'hiver","144 290"
"Avant l'aube","59 319"
"Avant d'aller dormir","111 447"
"Avant de t'aimer","-"
"Avalonia, l'étrange voyage","N/A"
"Avalon (2002)","50 211"
"Avalon","-"
"Avalanche","-"
"Ava","36 167"
"Aux yeux du souvenir","-"
"Aux yeux du monde","-"
"Aux yeux de tous","32 459"
"Aux yeux de tous (2016)","15 627"
"Aux sources du Nil","-"
"Aux petits bonheurs","59 893"
"Aux frontières du péché","-"
"Aux frontières des Indes","-"
"Aux Bons soins du Dr. Kellogg","78 793"
"Aux frontières de l'aube","-"
"Aux abois","11 231"
"Les Autres","434 397"
"L'Auvergnat et l'autobus","-"
"L'Autre Zoey","N/A"
"L'Autre vie de Richard Kemp","15 587"
"Les Aventures de Philibert, capitaine puceau","47 299"
"Les Aventures de Perri","-"
"Les Aventures de Mister Deeds","54 588"
"Les Aventures de Maya l'abeille","215 681"
"Les Aventures de Jack Burton dans les griffes du Mandarin","-"
"Les Aventures de Laurel et Hardy","-"
"Les Aventures de Impy le dinosaure","37 120"
"Les Aventures de Huck Finn","N/A"
"Les Aventures de Hadji","-"
"Les Aventures de Gil Blas de Santillane","-"
"Les Aventures de Ford Fairlane","N/A"
"Les Aventures de Don Juan","-"
"Les Aventures de Chatran","-"
"Aventures de Catherine C.","-"
"Les Aventures de Casanova","-"
"Les Aventures de Buckaroo Banzai à travers la 8e dimension","N/A"
"Les Aventures de Bernard et Bianca","-"
"Les Aventures d'un homme invisible","-"
"Les Aventures d'Huckleberry Finn","-"
"Les Aventures d'Arsene Lupin","-"
"Aventures au harem","-"
"Aventures à Berlin","-"
"L'Aventure vient de la mer","-"
"L'Aventure intérieure","-"
"L'Aventure inoubliable","-"
"L'Aventure fantastique","-"
"L'Aventure est à l'ouest","-"
"Aventure en Irlande","-"
"L'Aventure du Poséïdon","-"
"L'Aventure des Marguerite","85 675"
"L'Aventure de Gonfaron - Si ça peut vous faire plaisir","-"
"L'Aventure de Cabassou","-"
"Avril enchanté","30 149"
"Avril","44 979"
"Avoir 20 ans dans les Aures","-"
"L'Avocat du diable","90 708"
"L'Avocat de la terreur","30 348"
"L'Avocat","42 918"
"Avis de mistral","203 504"
"L'Avion","73 667"
"Avida","9 427"
"Les Aveux les plus doux","-"
"Aviator","640 883"
"Les aveux de l'innocent","-"
"L'Aveu (1948)","-"
"L'Aveu","-"
"Les Aventuriers du Mékong","-"
"Les Aventuriers du Lucky Lady","-"
"Les Aventuriers du Kilimandjaro","-"
"Les Aventuriers du désert","-"
"Les Aventuriers du bout du monde","-"
"Les Aventuriers de la 4e dimension","N/A"
"Les Aventuriers de l'or noir","N/A"
"Les Aventuriers de l'arche perdue","-"
"Les Aventuriers de l'arche de Noé","28 401"
"Les Aventuriers de l'air","-"
"Les Aventuriers d'Eden River","N/A"
"Les Aventuriers","-"
"L'Aventurière du Tchad","-"
"L'Aventurier du Texas","-"
"L'Aventurier du Grand Nord","1 986"
"L'Aventurier du Rio Grande","-"
"L'Aventurier de Séville","-"
"Les Aventures extraordinaires d'un apprenti détective","N/A"
"Azuro","11 228"
"Azur et Asmar","430 753"
"Azul","18 382"
"Ayka","-"
"Aya de Yopougon","44 926"
"Away We Go","107 127"
"L'Avventura","-"
"Awake","N/A"
"Les Aventures extraordinaires d'Adèle Blanc-Sec","642 629"
"Avril et le monde truqué","39 222"
"Les Aventures du capitaine Wyatt","-"
"Aventures en Birmanie","-"
"Les Aventures du baron de Münchausen","-"
"Les Aventures des Pieds Nickelés","-"
"Les Aventures de Zak et Crysta dans la forêt de FernGully","19 200"
"Les Aventures de Tintin : Le secret de la Licorne","3 158 313"
"Les Aventures de Till l'Espiègle","-"
"Les Aventures de Tigrou","149 161"
"Les Aventures de Tarzan à New York","-"
"Les Aventures de Spirou et Fantasio","145 435"
"Les Aventures de Shark Boy et Lava Girl","30 498"
"Les Aventures de Rocky et Bullwinkle","5 436"
"Les Aventures de Robinson Crusoé","-"
"Les Aventures de Ricky","37 459"
"Les Aventures de Rabbi Jacob","557 289"
"Les Aventures de Porcinet","289 942"
"Les Aventures de Pinocchio","-"
"Aventure dans le Grand Nord","-"
"L'Aventure commence demain","-"
"L'Aventure c'est l'aventure","-"
"L'Aventure","-"
"L'Avenir","102 832"
"Avengers: Infinity War","2 565 953"
"Avengers : L'ère d'Ultron","1 926 049"
"Avengers: Endgame","3 426 471"
"Avec ou sans hommes","-"
"Avec ou sans enfants ?","81 098"
"Avec les félicitations du jury","N/A"
"Avec les compliments de l'auteur","-"
"Avec amour et avec rage","-"
"Avec la peau des autres","-"
"Avec amour et acharnement","73 581"
"Ave, César!","368 023"
"Avatar : la voie de l'eau","2 739 848"
"Avatar","2 648 596"
"L'Autre rive","8 548"
"L'Autre monde","30 364"
"L'Autre Dumas","123 246"
"L'autre côté de l’espoir","87 729"
"L'Autre côté de la mer","-"
"L'Autre continent","-"
"Autre chose à foutre qu'aimer","-"
"L'Autre (2009)","38 507"
"L'Autre (1972)","-"
"L'Autre","17 627"
"Autour de minuit","-"
"Autoroute racer","69 431"
"Autour de Lucy","80 028"
"L'Autoroute de l'enfer","N/A"
"Auto Focus","8 718"
"Australia (2008)","747 258"
"Autant en emporte le vent","-"
"Australia","-"
"Au-delà de la gloire","-"
"Au-delà de l'illusion","N/A"
"Au-delà","776 428"
"Au travers des oliviers","-"
"Au temps des valses","-"
"Au suivant!","107 723"
"Au sud du sud","-"
"Au sud de Mombasa","-"
"Au sixième jour","-"
"Au sud d'Alger","-"
"Au service de Sara","N/A"
"Au service de sa majesté","-"
"Au secours, j'ai 30 ans!","160 497"
"Au secours !","-"
"Au royaume des crapules","-"
"Au royaume des cieux","-"
"Au risque de se perdre","-"
"Au revoir, à lundi","-"
"Au fil de l'épée","-"
"Au feu les pompiers!","-"
"Au fil d'Ariane","39 161"
"Au delà des lois","-"
"Au cœur de la tourmente","12 801"
"Au cœur du mensonge","240 122"
"Au cœur de la casbah","-"
"Au cœur de l'orage","-"
"Au cœur de l'Arizona","-"
"Au cul du loup","499"
"Au Coeur du combat","N/A"
"Au bout du monde à gauche","-"
"Au coeur de l'Océan","138 532"
"Au bout du conte","369 847"
"Au bout du bout du banc","N/A"
"Au bout des doigts","180 515"
"Au bout de la nuit","192 341"
"Au boulot Jerry!","-"
"L'Attaque de San Cristobal","-"
"L'Attaque de la malle-poste","-"
"L'Attaque de Fort Adams - Une aventure de Buffalo Bill","-"
"Attaque au Cheyenne Club","-"
"Attaque à l'aube","-"
"Attaque !","-"
"L'Attachement","264 171"
"Attache-moi","-"
"Les Atouts de Monsieur Wens","-"
"Atout cœur à Tokyo pour OSS 117","-"
"L'Atomique Monsieur Placido","-"
"Atomic Blonde","233 245"
"Atomik Circus, le retour de James Bataille","141 753"
"Atoll K","-"
"Atlas","N/A"
"Atlantis, terre engloutie","-"
"Atlantis","-"
"Atlantique latitude quarante et un degrés","-"
"Associés contre le crime","208 173"
"Les Associés (2003)","172 372"
"L'Associé du diable","393 335"
"Les Associés","N/A"
"L'Associé (1979)","-"
"L'Associé","-"
"Association de malfaiteurs","-"
"L'Assistant du vampire","30 437"
"Assistance à femme en danger","-"
"Assaut sur le central 13","194 391"
"L'Assaut","248 721"
"Assaut","-"
"Les Assassins sont parmi nous","-"
"Assassins et voleurs","-"
"Les Assassins du dimanche","-"
"Les Assassins de l'ordre","-"
"Assassinats en tous genres","-"
"Assassins","232 590"
"Arthur Rambo","22 203"
"Arthur Newman","9 382"
"Arthur et les Minimoys","1 510 369"
"Arthur Malédiction","121 393"
"Arthur et la vengeance de Maltazard","1 213 383"
"Arthur et la magie de Noël","4 548"
"Arthur et la guerre des deux mondes","750 950"
"Arthur","N/A"
"Arthur 2 : Dans la dèche","N/A"
"Artemisia","48 513"
"Artemis Fowl","N/A"
"L'Art du mensonge","66 229"
"L'Art de séduire","22 104"
"L'Art de la guerre","138 160"
"L'Art de la fugue","53 388"
"L'Art d'être heureux","14 768"
"L'Art d'aimer","88 253"
"L'Art (délicat) de la séduction","220 274"
"L'Arnacoeur","1 167 598"
"Army of Thieves","N/A"
"Army of the Dead","N/A"
"Army Of One","N/A"
"L'Armure noire","-"
"L'Armoire volante","-"
"L'Armée du crime","150 569"
"L'Armée des morts","194 031"
"L'Armée des ombres","-"
"L'Armée des 12 singes","680 118"
"Armed and Dangerous","N/A"
"L'Arme secrète","N/A"
"L'Arme parfaite","N/A"
"L'Arme fatale II","-"
"L'Arme fatale 4","1 154 667"
"L'Arme fatale 3","-"
"L'Arme fatale","-"
"L'Arme absolue","-"
"L'Ardoise","-"
"L'Ardente gitane","-"
"Les Ardennes","19 135"
"Arctic Justice: Thunder Squad","N/A"
"Arctique","3 226"
"Arctic","31 579"
"Archimède le clochard","-"
"L'Arche magique","7 908"
"L'Arche de Noé (2023)","15 732"
"Arc de Triomphe","-"
"L'Arche de Noé","-"
"L'Arbre, le maire et la médiathèque","-"
"L'Arbre et la forêt","28 955"
"L'Arbre de vie","-"
"L'Arbre de Noël","-"
"L'Arbre de Guernica","-"
"L'Arbre aux sabots","-"
"L'Arbre aux papillons d'or","20 088"
"L'Apprentie amoureuse","-"
"Apprentice","8 519"
"L'Apprenti Père Noël et le flocon magique","112 905"
"L'Apprenti Sorcier","738 442"
"L'Apprenti Père Noël","106 505"
"Apprenti Gigolo","101 850"
"L'Apprenti","13 102"
"Apprendre","14 063"
"Appelez-moi Johnny 5","N/A"
"Appelez-moi Mathilde","-"
"Appelez-moi Kubrick","28 087"
"Appelez-moi Dave","158 880"
"Appelez-moi Bruce?","N/A"
"Appelez Nord 777","-"
"Appel inconnu","N/A"
"L'Appel du destin","-"
"L'Appel de la forêt","522 494"
"Appel au meurtre","N/A"
"Antoine et Sébastien","-"
"Antoine et Antoinette","-"
"Antitrust","173 261"
"Antilles-sur-Seine","186 289"
"Antigang","193 422"
"Antigang : la relève","N/A"
"L'Antigang","-"
"L'Antidote","302 414"
"Antichrist","63 719"
"Antibodies","9 512"
"Anti-Squat","14 210"
"Anti-Life","N/A"
"Anthony Zimmer","280 435"
"Antartica, prisonniers du froid","250 169"
"Antebellum","85 213"
"Antartica","N/A"
"Antarctica (1985)","-"
"Ant-Man et la Guêpe : Quantumania","735 356"
"L'Année Juliette","93 190"
"L'Année du requin","79 534"
"L'Année du dragon","-"
"L'année du déluge","N/A"
"L'Année du bac","-"
"L'Année des méduses","-"
"L'Année dernière à Marienbad","-"
"L'Année de tous les dangers","-"
"L'Année de plomb","-"
"L'Année de l'éveil","-"
"L'Année de 13 lunes","-"
"Les Anneaux d'or","-"
"Anne des mille jours","-"
"Annabelle 3 - La Maison du Mal","384 702"
"Annabelle 2 : la Création du Mal","481 309"
"Annabelle","512 895"
"Anna Oz","-"
"Les Anges sont pliés en dieux","-"
"Anna M.","59 868"
"Les Anges se fendent la gueule","-"
"Les Anges sauvages","-"
"Les Anges mangent aussi des fayots","N/A"
"Les Anges marqués","-"
"Les Anges gardiens","1 388 080"
"Les Anges du mal","N/A"
"Les Anges des bas-fonds","-"
"Les Anges déchus","-"
"Les Anges déchus (1953)","-"
"Les Anges de la nuit","-"
"Les Anges aux poings serrés","-"
"Les Anges de Boston","N/A"
"Les Anges aux mains noires","-"
"Anges & Démons","805 694"
"Angelo dans la forêt mystérieuse","88 312"
"Angélique, Marquise des Anges","-"
"Angélique et le sultan","-"
"Les Anarchistes ou la bande à Bonnot","-"
"Anastasia","575 804"
"Les Anarchistes","31 263"
"Anacondas: A la poursuite de l'orchidée de sang","135 180"
"Anaconda, le Prédateur","443 422"
"Ana Arabia","10 283"
"Ana - Real Women Have Curves","-"
"An Awfully Big Adventure","N/A"
"An Alan Smithee Film","1 387"
"L'An 01","-"
"L'An 1 : Des débuts difficiles","24 954"
"Amy","40 529"
"L'Ampélopède","-"
"Amsterdam","24 277"
"L'Amour… et après","-"
"Amours, délices et orgues","-"
"Amours troubles","21 242"
"Amours suspectes","19 126"
"L'Amour sans préavis","252 238"
"L'Amour qui tue","-"
"L'Amour par terre","-"
"L'Amour ouf","1 001 108"
"L'Amour nuit gravement à la santé","5 822"
"L'Amour nu","-"
"L'Amour n'est qu'un jeu","N/A"
"L'Amour ne s'achète pas","N/A"
"L'Amour mène la danse","-"
"L'Amour l'après-midi","-"
"Amour fou","N/A"
"L'Amour flou","57 549"
"L'Amour extra large","171 835"
"L'Amour et un .45","-"
"L'Amour et rien d'autre","20 644"
"Amour et mensonges","113 116"
"L'Amour et les Forêts","220 327"
"Amour et confusions","119 318"
"Amour & amnésie","86 698"
"Amour","214 179"
"Amos & Andrew","N/A"
"Amore Mio","3 469"
"Amore","50 603"
"Amok","-"
"Amnesia","30 518"
"Amityville, la maison du diable","-"
"Amityville 3-D","N/A"
"American Warrior","-"
"American Ultra","162 311"
"American Trip","18 218"
"American teenagers","-"
"American Splendor","26 584"
"American Rhapsody","8 608"
"American Sniper","1 083 056"
"American Psycho","156 096"
"American Pie: marions-les!","633 192"
"American Pie 4","829 241"
"American Pie 2","1 250 508"
"American Pie","203 854"
"American Pastoral","18 114"
"American Party - Van Wilder, relations publiques","79 533"
"American Outlaws","415"
"American Nightmare 5 : Sans limites","173 729"
"American Nightmare 4 : Les Origines","408 706"
"American Nightmare 3 : Elections","311 723"
"Les Ambitieux","126 296"
"L'Ambitieuse","-"
"Amazonia","126 410"
"L'Amazone nue","-"
"Amazing Grace - Aretha Franklin","12"
"Amazone","41 428"
"Les Amateurs (1997)","-"
"Les Amateurs","77 947"
"Amateur","34 793"
"Amarcord","-"
"Les Amants sacrifiés","27 949"
"Les Amants Traqués","-"
"Les Amants réguliers","7 348"
"Les Amants maudits","-"
"Les Amants passagers","280 394"
"Les Amants du Texas","16 195"
"Les Amants du Tage","-"
"Les Amants du Pont-Neuf","-"
"Les Amants du pont Saint-Jean","-"
"Les Amants du Nouveau Monde","-"
"Alvin et les Chipmunks - A fond la caisse","488 106"
"Alvin et les Chipmunks","168 154"
"Alvarez Kelly","-"
"L'Altra enigma","N/A"
"Alphonse Frissonnard","N/A"
"Alphaville, une étrange aventure de Lemmy Caution","-"
"Alphabet City","N/A"
"Alphabet","2 448"
"Alpha Dog","129 674"
"Alpha & Omega - 3D","157 415"
"Alpha","93 087"
"Les Alpes","2 131"
"L'Alpagueur","-"
"Alouette, je te plumerai","-"
"Alors, heureux?","-"
"Alors on danse","167 617"
"Aloma, princesse des îles","-"
"Aloïse","-"
"Alita: Battle Angel","782 778"
"Alissa","-"
"Aline","595 211"
"Aliens, le retour","-"
"Aliens vs. Predator - Requiem","375 509"
"Aliens of the Deep","462"
"Alienoid - L'Affrontement","12 970"
"Alien: Romulus","477 983"
"Alien: Covenant","675 785"
"Alien, le huitième passager","-"
"Alien, la résurrection","1 125 755"
"Alien Vs. Predator","554 037"
"Alien 3","-"
"Alice ou la dernière fugue","-"
"Alice's Restaurant","-"
"Alice n'est plus ici","-"
"Alice et Martin","178 013"
"Alice et le maire","274 523"
"Aldo et junior","-"
"Alceste à bicyclette","301 129"
"Albino Alligator","-"
"Alberto Giacometti, The Final Portrait","9 810"
"Albert Nobbs","41 237"
"Albert est méchant","206 041"
"Albert à l'ouest","163 534"
"Albatros","47 815"
"L'Albatros","-"
"Alaska","-"
"Albator, Corsaire de l'Espace","343 181"
"Alarme totale","N/A"
"Alarme fatale","176 790"
"Alamo","-"
"Alamo Bay","-"
"Alamar","5 832"
"Aladin et la lampe merveilleuse (1949)","-"
"Aladin et la lampe merveilleuse","-"
"Ailleurs si j'y suis","10 680"
"Les Ailes pourpres : le mystère des flamants","154 926"
"Les Ailes du désir","-"
"Les Ailes du courage","-"
"Les Ailes de la colombe (1981)","-"
"Les Ailes de la colombe","24 921"
"Les Ailes de l'espérance","-"
"Les Ailes de l'enfer","445 465"
"L'Aile ou la cuisse","-"
"Les Aiguilleurs","-"
"Les Aiguilles rouges","125 046"
"L'Aiguille rouge","-"
"L'Aigle vole au soleil","-"
"L'Aigle solitaire","-"
"L'Aigle s'est envolé","-"
"L'Aigle rouge de Bagdad","-"
"L'Aigle rouge","-"
"L'Aigle noir (1947)","-"
"L'Agent secret","-"
"Agent secret","-"
"Agent double","17 419"
"Agent de stars","N/A"
"L'Agent américain","N/A"
"L'Agence tous risques","469 720"
"Agence matrimoniale","-"
"L'Agence","294 496"
"L'Age ingrat","-"
"Age Difficile Obscur","2 631"
"L'Age des ténèbres","47 594"
"L'Age des possibles","-"
"L'Age de raison","204 114"
"L'Age de l'amour","-"
"L'Âge de glace: La dérive des continents","1 767 490"
"L'Age de glace : les lois de l'Univers","1 232 859"
"L'Âge de glace : Les aventures de Buck Wild","N/A"
"L'Age de glace 2","2 171 810"
"Les Affameurs","-"
"Affamés","75 483"
"Les Affamés","75 937"
"Les Affamées","-"
"L'Affaire Wallraff","-"
"Affaires privées","-"
"L'Affaire Thomas Crown","-"
"L'Affaire Roman J.","16 920"
"L'Affaire Rachel Singer","88 044"
"L'Affaire Percy","N/A"
"L'Affaire Pélican","374 946"
"L'Affaire Nina B.","-"
"L'Affaire Nevenka","16 160"
"L'Affaire Maurizius","-"
"L'Affaire Mattei","-"
"L'Affaire Marcorelle","17 399"
"L'Affaire Macomber","-"
"L'Affaire Karen McCoy","71 215"
"Adopte un veuf","419 040"
"Adolphe, ou l'âge tendre","-"
"Adolphe","107 491"
"Adolescentes","24 125"
"Les Adolescentes","-"
"L'Adolescente","-"
"ADN","-"
"Admis à tout prix","N/A"
"Adios Sabata","-"
"Adios Gringo","-"
"Les Adieux à la reine","165 380"
"Adieu... torero","-"
"Adieu poulet","-"
"Adieu plancher des vaches","-"
"Adieu Paris !","35 841"
"Adieu Monsieur Haffmann","261 930"
"Adieu ma jolie","-"
"Adieu ma concubine","101 265"
"Action immédiate","-"
"Les Acteurs (2003)","N/A"
"Les Acteurs","216 758"
"Across the Universe","6 591"
"Acide","128 852"
"Achille et la tortue","11 453"
"Ace Ventura en Afrique","162 596"
"Ace Ventura","178 126"
"L'Accusé","N/A"
"Les Accusés","-"
"Accroche-toi, y'a du vent","-"
"Accords et désaccords","275 414"
"L'Accompagnatrice","-"
"Accident","-"
"L'Académie des coquins","N/A"
"Les Acacias","32 420"
"Abyss","-"
"Abus de faiblesse","17 386"
"A vendre","115 175"
"A United Kingdom","13 443"
"A trois on y va","66 999"
"A toute vitesse (2000)","-"
"A toute vitesse (1986)","N/A"
"A toute vitesse","-"
"A toute épreuve (1993)","24 390"
"A toute allure (1994)","-"
"A toute épreuve","153 518"
"À toute allure","39 053"
"A tout jamais : une histoire de Cendrillon","129 359"
"A tout casser","-"
"A Touch of Sin","47 062"
"A ton image","39 693"
"A tombeau ouvert (1958)","-"
"A tombeau ouvert","242 364"
"A toi de jouer Callaghan","-"
"A toi de faire mignonne","-"
"A mon seul désir","-"
"À mon âge je me cache encore pour fumer","15 532"
"A moi seule","15 302"
"A Man","38 635"
"A main armée","-"
"A ma soeur !","40 713"
"A l’heure des souvenirs","30 993"
"A l’ombre des filles","25 250"
"À l’ancienne","120 739"
"A Love You","22 668"
"A la vitesse d'un cheval au galop","-"
"A la vie, à la mort !","N/A"
"A la vie, à la mort","-"
"À la vie (2021)","10 603"
"A la vie","59 843"
"A la verticale de l'été","50 941"
"A la rencontre de Forrester","239 902"
"A la recherche du bonheur","338 027"
"8MM","260 642"
"8 Rue de l'Humanité","N/A"
"A la folie pas du tout","228 098"
"A la folie","64 900"
"À la dérive (2018)","91 395"
"A la dérive","4 888"
"A la découverte du monde","3 908"
"A la croisée des mondes: La Boussole d'or","769 581"
"A la carte","1 243"
"A la campagne","-"
"À la belle étoile","67 974"
"A l'Ouest, rien de nouveau","N/A"
"A l'Ouest rien de nouveau","-"
"A l'Ouest de Zanzibar","-"
"A l'origine","178 696"
"A l'ombre des potences","-"
"A l'ombre de la haine","56 995"
"A l'ombre de l'aigle","-"
"À l'intérieur (2023)","2 654"
"A l'intérieur","36 266"
"A l'heure où les grands fauves vont boire","-"
"8 Mile","922 854"
"8 Femmes","1 008 915"
"8 jours et 8 nuits à Cancun","59 421"
"Les 7 Mercenaires (2016)","287 584"
"7h58 ce samedi-là","74 208"
"La 7° compagnie au clair de lune","-"
"Les 7 jours","28 368"
"7 hommes et 1 garce","-"
"7 jours pas plus","29 604"
"7 jours à la Havane","20 211"
"7 jours et une vie","69 860"
"7 Ans de malheur!","-"
"Les 7 vierges","2 307"
"7 ans de mariage","357 255"
"Le 7ème jour","5 300"
"7 ans de séduction","78 428"
"7 Psychopathes","92 089"
"6 Underground","N/A"
"A l'est de Sumatra","-"
"A l'est d'Eden","-"
"A l'épreuve du feu","93 112"
"A l'aube du sixième jour","312 394"
"A l'aveugle","129 632"
"A l'attaque!","118 715"
"A l'abordage!","-"
"A History of Violence","277 394"
"A Guy Thing","-"
"A Girl at my door","15 273"
"A Ghost Story","17 230"
"À genoux les gars","8 218"
"A gauche en sortant de l'ascenseur","-"
"A Fuller Life","N/A"
"A fond la fac","-"
"À fond","386 345"
"A fleur de peau (1988)","-"
"Zootopie","1 556 396"
"Zoom (2016)","400"
"Zoom","N/A"
"Zoolander","102 195"
"Zoolander 2","46 701"
"Zonzon","72 323"
"Zookeeper, le héros des animaux","73 107"
"Zone rouge","-"
"Zone libre","58 241"
"La Zone d'intérêt","239 108"
"La Zona, propriété privée","29 148"
"Zombillenium","74 608"
"Zombie","-"
"Zodiac","462 343"
"Zombi Child","16 056"
"La Zizanie","-"
"Zodi et Téhu, frères du désert","84 934"
"Les Zintrus","78 821"
"Zina","-"
"Zim and co.","57 265"
"Zig-zig","-"
"Zig-zag story  (Et la tendresse ? Bordel ! n°2)","-"
"Zig-zag","73 050"
"Zibilla ou la vie zébrée","6 203"
"Les Zévadés de l'espace","N/A"
"Les Zéros de conduite","N/A"
"Zero un","12 105"
"Zero Dark Thirty","237 214"
"Zelig","-"
"Zébulon, le dragon","25 062"
"Zébulon le dragon et les médecins volants","14 300"
"Le Zèbre","-"
"Ze film","93 095"
"Zazie dans le métro","-"
"Zaytoun","19 654"
"Zatoichi","89 614"
"Zardoz","-"
"Zathura une aventure spaciale","101 689"
"Zarafa","256 052"
"Zarak le valeureux","-"
"Zama","4 798"
"Zaïna, cavalière de l'Atlas","60 726"
"Zaï Zaï Zaï Zaï","47 192"
"Zack & Miri font un porno","N/A"
"Zabriskie Point","-"
"Z","-"
"You Kill Me","24 653"
"Yor, Le chasseur du futur","N/A"
"Yokai - le monde des esprits","14 657"
"Yol","-"
"Yojimbo","-"
"Yogi l'ours","76 886"
"Yo-Kai Watch, le film","104 185"
"Yo, Tambien","20 103"
"Yo Mama","78 717"
"ylvie et le Fantôme","-"
"Yiddish connection","-"
"Yi Yi","41 405"
"Les Yeux sans visage","-"
"Les Yeux noirs","-"
"Les Yeux jaunes des crocodiles","232 112"
"Les Yeux du témoin","-"
"Les Yeux de sa mère","122 339"
"Les Yeux de Laura Mars","-"
"Les Yeux de la fôret","N/A"
"Les Yeux de Julia","22 417"
"Les Yeux de l'amour","-"
"Les Yeux d'un ange","-"
"Yéti & Compagnie","406 484"
"Yesterday","215 264"
"Yes Man","292 244"
"Yentl","-"
"Yellow Stone","17 735"
"Yeelen","-"
"Year of the Horse","-"
"YAO","185 564"
"Yannick","130 879"
"Yanks","-"
"Yamakasi","818 852"
"Yalda, la nuit du pardon","22 292"
"Yakuza","-"
"Yakari, le film","82 379"
"Yaaba","-"
"Ya Ya, mon général","-"
"Y-a-t-il un flic pour sauver le président ?","-"
"Y-a-t-il un flic pour sauver la reine ?","-"
"Y-a-t-il un flic pour sauver Hollywood ?","-"
"Y-a-t'il quelqu'un pour tuer ma femme ?","N/A"
"Y Tu Mama Tambien","9 292"
"Y aura-t-il de la neige à Noël?","52 584"
"Y a-t-il un pilote dans l'avion ?","-"
"Y a-t-il un français dans la salle ?","-"
"Y a-t-il un flic pour sauver le monde ?","N/A"
"Y a-t-il un flic pour sauver l'humanité ?","12 457"
"XY","166 877"
"xXx2: The Next Level","207 910"
"XXX","535 418"
"xXx : Reactivated","450 091"
"Xenia","15 299"
"XXL","124 415"
"Xanadu","-"
"X-Men: Days of Future Past","1 223 166"
"X-Men: Dark Phoenix","689 880"
"X-Men: Apocalypse","902 696"
"X-Men Origins: Wolverine","969 755"
"X-Men Le commencement","937 704"
"X-Men l'affrontement final","1 548 582"
"X-Men","857 619"
"X-Men 2","1 348 391"
"X-15","-"
"X Files - Regeneration","226 630"
"X","31 224"
"We Are 4 Lions","23 663"
"Wayne's World 2","130 306"
"Wayne's World","130 306"
"Way of the Gun","62 485"
"Waterworld","887 866"
"Waterloo","-"
"Waterland","N/A"
"Waterboy","57 143"
"Water","10 558"
"Watchmen - Les Gardiens","377 235"
"Waste Land","827"
"Washington Square","-"
"Wasabi","565 507"
"Warszawa. Année 5703","-"
"Warrior","100 169"
"Warm Bodies","165 439"
"Warlock 2 : Armageddon","N/A"
"WarHunt","N/A"
"War Pony","13 057"
"Warcraft : Le commencement","667 123"
"War Machine","N/A"
"War Games","-"
"War Dogs","231 790"
"War (2019)","2 605"
"Wanted: recherché mort ou vif","91 235"
"Wanted","179 597"
"Wanted : choisis ton destin","473 478"
"Wander","N/A"
"Walter","168 564"
"Wallay","10 334"
"Wallace & Gromit: La Collection Aardman","16 091"
"Wallace & Gromit : Les Inventuriers","10 827"
"Wallace & Gromit : Cœurs à modeler","11 036"
"Wall-E","925 900"
"Wall Street","-"
"Wall Street : l'argent ne dort jamais","292 351"
"Walkyrie","324 090"
"Walking and Talking","-"
"Walker","N/A"
"Walk the Line","126 403"
"Waitress","24 526"
"Wajib - L'invitation au mariage","17 915"
"Waiting for the Barbarians","N/A"
"Wah-Wah","N/A"
"Wahou !","95 610"
"Wadjda","79 741"
"W.E.","13 996"
"Wackness","10 450"
"W. - L'improbable Président","110 741"
"La Vallée des fous","75 804"
"La Vallée de la poudre","-"
"La Vallée de la peur","-"
"La Vallée","-"
"La Valise","-"
"Les Valeurs de la famille Addams","278 199"
"Valérian et la Cité des Mille Planètes","1 640 681"
"Valentino","-"
"Valentine's Day","635 278"
"Valencia","-"
"Valentin Valentin","31 507"
"Valdez","-"
"Val Abraham","-"
"Val","N/A"
"Les Vaisseaux du coeur","-"
"Le Vaisseau de l'angoisse","204 278"
"Les Vainqueurs","-"
"Le Vainqueur (1987)","-"
"Le Vainqueur","-"
"Vaincre ou mourir","107 762"
"Vaillante","298 029"
"Vaiana, la légende du bout du monde","1 073 991"
"Vaillant pigeon de combat!","282 510"
"Vaiana 2","2 428 637"
"La Vague","50 181"
"Le Vagabond des mers","-"
"La Vache et le prisonnier","-"
"La Vache et le président","42 083"
"La Vache","338 745"
"Les Vacanciers","-"
"Vacances sur ordonnance (1950)","-"
"Vacances sur ordonnance","316"
"La Vallée des géants","-"
"Vacances romaines","-"
"Les Vendanges de feu","-"
"Velvet Goldmine","-"
"Velvet Buzzsaw","N/A"
"Le Vélo de Ghislain Lambert","302 661"
"Les Veinards","-"
"Le Veilleur de nuit","51 844"
"Veillées d'armes","34 661"
"Vegas Academy : Coup de Poker pour la Fac","N/A"
"Les Vécés étaient fermés de l'intérieur","-"
"Les Vedettes","179 006"
"Vatel","177 552"
"Vas-y maman","-"
"Vas-y fonce !","N/A"
"Varsovie 83, une affaire d'État","13 976"
"Vanya sur la 42e rue","-"
"Vanity Fair: La Foire aux vanités","8 164"
"Vanille fraise","-"
"Vanille","6 401"
"Vanilla Sky","603 725"
"Vandal","8 395"
"Van Helsing","774 565"
"Van Gogh In Love","-"
"Van Gogh","-"
"Vampires en toute intimité","N/A"
"Les Vampires du désert","-"
"Vampire, vous avez dit vampire?","-"
"Vampires","192 326"
"Vampire, vous avez dit vampire ? II","-"
"Le Vampire de Düsseldorf","-"
"Le Vampire de ces dames","N/A"
"Vampire Academy","47 296"
"Vamp","N/A"
"Le Vent tourne","10 331"
"Le Vent se lève (2014)","258 144"
"Le Vent se lève (1959)","-"
"Le Vent nous emportera","21 792"
"Le Vent ne sait pas lire","-"
"Le Vent se lève","283 003"
"Vent du Nord","16 257"
"Vent de panique","N/A"
"Le Vent de la violence","-"
"Le Vent de la plaine","-"
"Le Vent de la nuit","-"
"Le Vent du Wyoming","-"
"Le Vent en emporte autant","-"
"Le Vent de la liberté","51 078"
"Vent de folie","170 276"
"Le Vent dans les roseaux","23 539"
"Venom: The Last Dance","736 850"
"Venom - Let There Be Carnage","676 090"
"Venom (2018)","941 871"
"Venise n'est pas en Italie","192 777"
"Venir au monde","N/A"
"Venin","-"
"Vengo","28 807"
"Les Vengeances de Maître Poutifard","180 735"
"La Vengeance sous la peau","N/A"
"Vengeance secrète","75 134"
"Vengeance froide","66 008"
"La Vengeance du serpent à plumes","-"
"La Vengeance du Petit Chaperon Rouge","N/A"
"La Vengeance de Monte Cristo","28 939"
"La Vengeance dans la peau","584 326"
"La Vengeance d'une femme","-"
"Very Bad Trip 2","802 166"
"Very Bad Trip","402 973"
"Very Bad Things","256 549"
"Very Bad Dads 2","N/A"
"Very bad cops","319 447"
"La Vertu des impondérables","N/A"
"Vertiges de l'amour","38 878"
"Vertiges","-"
"Vertige d'une rencontre","1 591"
"Vertige","43 488"
"Vertical Limit","554 437"
"La Verte moisson","-"
"Vert paradis","26 845"
"Vert Emeraude","N/A"
"Versailles","37 013"
"Vers un avenir radieux","91 786"
"Vers le sud","48 171"
"Vers la lumière","26 544"
"Vers l'autre rive","30 117"
"Veronika décide de mourir","N/A"
"Veronica, adolescente aux goûts pervers","-"
"Verónica","73 210"
"Veronica Guerin","24 450"
"Vermines","93 896"
"Vermiglio ou La Mariée des Montagnes","42 686"
"Vérités et mensonges","-"
"La Vérité sur Charlie","55 225"
"La Vérité sur Bébé Donge","-"
"La Vérité si je mens! 3","1 944 022"
"La Vérité si je mens! 2","2 830 489"
"La Vérité si je mens!","542 034"
"La Vérité si je mens : les débuts","127 768"
"Vidocq","853 930"
"Videokid","-"
"La Vida loca","20 846"
"Videodrome","-"
"Victory","468"
"Victoria : les jeunes années d'une reine","61 648"
"Victoria (2016)","260 326"
"Victoria","37 124"
"Victor Young Perez","40 289"
"Victor Victoria","-"
"Victor et le manoir aux secrets","N/A"
"Victor et Célia","63 877"
"Victor (1951)","-"
"Victor","99 045"
"La Victoire en chantant","-"
"La Victoire dans le Sang","N/A"
"Victoire à Entebbe","-"
"Victoire","2 134"
"Les Victimes","-"
"Le Vicomte règle ses comptes","-"
"Le Vicomte de Bragelonne","-"
"Vicky Cristina Barcelona","565 395"
"Vicky","44 527"
"Vice-Versa 2","1 933 523"
"Vice Versa","787 437"
"Le Vice et la vertu","-"
"Vice","124 104"
"Vic le Viking","157 711"
"Vic le petit Viking","23 615"
"Vibes","N/A"
"Le Viager","-"
"La Viaccia","-"
"Via Mala","-"
"La Vie rêvée des anges","282 472"
"La Vie rêvée de Walter Mitty","427 049"
"La Vie promise","72 178"
"La Vie privée de Sherlock Holmes","-"
"La Vie privée d'un sénateur","-"
"Vie privée","-"
"La Vie pour de vrai","423 667"
"La vie peu ordinaire de Dona Linhares","20 217"
"La Vie passionnée de Vincent Van Gogh","-"
"La Vie ne me fait pas peur","29 315"
"La Vie moderne (2008)","53 079"
"La Vie moderne","32 128"
"La Vie invisible d'Eurídice Gusmão","20 140"
"La Vie Extraordinaire de Louis Wain","N/A"
"La Vie et rien d'autre","-"
"La Vie est un roman","-"
"La Vie est un miracle","77 022"
"La Vie est un long fleuve tranquille","-"
"La Vie est belle (1956)","-"
"La Vie est belle (1948)","-"
"La Vie est belle","684 851"
"La Vie est à nous!","49 071"
"La Vie en rose (1948)","-"
"La vie en plus","-"
"La Vie en mauve","-"
"La Vie en grand","49 017"
"La Vie domestique","60 609"
"La Vie dissolue de Gérard Floque","-"
"La Vie devant soi","-"
"La Vie devant ses yeux","35 108"
"La Vie devant moi","60 199"
"La Vie des autres","135 858"
"La Ville fantôme","2 034"
"La Ville est tranquille","62 604"
"Ville à vendre","-"
"Le Village des ombres","26 850"
"Le Village des damnés (1960)","N/A"
"Le Village des damnés","53 020"
"Le Village de mes rêves","-"
"Le Village","1 071 424"
"Villa Caprice","67 576"
"Villa Amalia","115 777"
"La Villa","193 463"
"Vilaine","316 363"
"Le Vilain petit canard et moi","98 068"
"Le Vilain petit canard","6 641"
"Le Vilain","354 789"
"Vikram","-"
"Les Vikings","-"
"Les Vignes du Seigneur","-"
"Viking, la naissance d’une nation","N/A"
"Vigilante","N/A"
"Le Vieux qui ne voulait pas fêter son anniversaire","82 651"
"Le Vieux qui lisait des romans d'amour","10 857"
"Le Vieux jardin","-"
"Le Vieux fusil","-"
"Les Vieux fourneaux 2 : bons pour l’asile","148 172"
"Les Vieux fourneaux","337 139"
"Les Vieux de la vieille","-"
"Les Vierges de Rome","-"
"Les Vieux chats","40 209"
"La Vierge, les Coptes et Moi","14 088"
"La Vierge du Rhin","-"
"La Vierge des tueurs","43 203"
"Les Visiteurs d'un autre monde","-"
"Vita & Virginia","24 893"
"Les Visiteurs II - Les Couloirs du temps","2 655 916"
"Visiteurs extraterrestres","N/A"
"Les Visiteurs en Amérique","558 531"
"Les Visiteurs 3 : La Révolution","1 150 047"
"Les Visiteurs (1972)","-"
"Les Visiteurs","518 997"
"Le Visiteur du futur","147 188"
"La Visite de la fanfare","81 331"
"Visions (2023)","100 349"
"Visages Villages","73 403"
"Le Visage du plaisir","-"
"Visage","3 487"
"Visa pour Hong Kong","-"
"Virus","149 420"
"Les Virtuoses","63 503"
"Le Virtuose (2022)","N/A"
"Le Virtuose","N/A"
"Virgin Suicides","119 995"
"Virgile","-"
"Virgil","25 238"
"Virages","-"
"Vipère au poing","272 078"
"Les Violons du bal","-"
"Le Violon rouge","-"
"Violettes impériales","-"
"Violette Nozière","-"
"Violette et François","-"
"Violette","63 335"
"Violet Evergarden : Eternité et la poupée de souvenirs automatiques","3 547"
"Violet Evergarden - le film","6 571"
"Violent Night","88 083"
"Voisins, voisines","10 150"
"Les Voisins","N/A"
"Voisin contre voisin","8 088"
"Voisins du troisième type","130 825"
"Voir la mer","20 513"
"Voir le jour","42 534"
"Voir du pays","18 164"
"Le Voile des illusions","84 934"
"Les Voies du destin","36 282"
"La Voie royale","35 015"
"La Voie lactée","-"
"La Voie est libre","27 818"
"La Voie de la justice","113 153"
"La Voie de l'ennemi","28 655"
"Voici le temps des assassins","-"
"Vivre, mourir, renaître","30 255"
"Vivre vite","-"
"Vivre sa vie : film en douze tableaux","-"
"Vivre pour vivre","-"
"Vivre me tue","20 070"
"Vivre et laisser mourir","-"
"VIvre avec les loups","30 845"
"Vivre (2022)","37 725"
"Vivre","-"
"Vivo","N/A"
"Vivement dimanche","-"
"Vive nous!","-"
"Vive les vacances !","-"
"Vive les vacances","135 838"
"Vive les femmes","-"
"Vive le vent d'hiver","6 341"
"Vive la vie","38 292"
"Vous n'aurez pas l'Alsace et la Lorraine","-"
"Vous êtes jeunes, vous êtes beaux","3 176"
"Vous avez un message","405 103"
"Vous allez rencontrer un bel et sombre inconnu","337 498"
"Voulez-vous un bébé Nobel ?","-"
"Voulez-vous danser avec moi?","-"
"La Vouivre","-"
"Votre Majesté","4 897"
"Votre dévoué Blake","-"
"Votez McKay","-"
"Vos gueules les mouettes","-"
"Vortex","13 046"
"Vorace","24 746"
"Volver","340 937"
"Volte/Face","470 941"
"Volt, star malgré lui","727 387"
"Volontaire","63 154"
"Voleuses","N/A"
"La voleuse de livres","67 842"
"La Voleuse d'amour","N/A"
"Les Voleurs de trains","-"
"Les Voleurs","302 070"
"Voleur de vie","-"
"Le Voleur de Venise","N/A"
"Le Voleur de Tanger","-"
"Le Voleur de savonettes","-"
"Voleur de désirs","N/A"
"Le Voleur de bicyclette","-"
"Le Voleur de Bagdad","-"
"Le Voleur d'enfants","-"
"Le Voleur","-"
"Les Volets verts","150 419"
"Voyage of Time : Au fil de la vie","-"
"Le Voyage fantastique","-"
"Le Voyage fantastique de Sindad","-"
"Le Voyage extraordinaire de Samy","453 251"
"Le Voyage en pyjama","23 027"
"Voyage en pleine conscience","5 863"
"Le Voyage en douce","-"
"Voyage en Chine","71 927"
"Le Voyage en ballon","-"
"Le Voyage en Arménie","67 706"
"Le Voyage du père","-"
"Le Voyage du Prince","16 217"
"Le Voyage du Dr Dolittle","416 180"
"Le Voyage du directeur des Ressources Humaines","21 574"
"Le Voyage du capitaine Fracasse","-"
"Le Voyage du ballon rouge","9 809"
"Le Voyage des comédiens","-"
"Le Voyage de Tom Pouce","3 873"
"Le Voyage de Ricky","92 127"
"Le Voyage de noces","-"
"Le Voyage de Marta","4 012"
"Le Voyage de Lila","14 025"
"Le Voyage de Felicia","32 954"
"Le Voyage de Fanny","44 669"
"Le Voyage de Chihiro","311 037"
"Le Voyage dans la Lune","16 061"
"Le Voyage d'Edgar dans la forêt magique","N/A"
"Le Voyage d'Arlo","497 602"
"Le Voyage aux Pyrénées","62 171"
"Voyage au-delà des vivants","-"
"Voyage au pôle sud","29 539"
"Le Voyage au Groenland","20 445"
"Vue sur mer","14 752"
"La Vraie vie des profs","183 664"
"La Vraie famille","61 129"
"Les Voyous","N/A"
"Voyous voyelles","-"
"Le Voyou","-"
"Voyez comme on danse","226 289"
"Voyez comme ils dansent","25 256"
"Voyance et manigance","64 035"
"Voyeur","-"
"La Voyageuse","8 116"
"Voyageurs sans permis","N/A"
"Voyageur malgré lui","N/A"
"Les Voyages de Gulliver","303 203"
"Voyagers","133"
"Voyages","-"
"Voyage sous les mers 3D","46 772"
"Voyage sans retour","2 350"
"Voyage au début du monde","10 220"
"Voyage au centre de la Terre 2","433 785"
"Voyage au centre de la Terre - 3D","307 782"
"Voyage au bout de l'enfer","-"
"Voyage à Yoshino","13 756"
"Voyage à travers le cinéma français","9 706"
"Voyage à Tokyo","-"
"Voyage à Rome","-"
"Le Voyage à Paris","32 644"
"Le Voyage à Panama","13 691"
"Le Voyage à Paimpol","-"
"Le Voyage à Biarritz","-"
"Le Voyage","-"
"Vous ne l'emporterez pas au paradis","-"
"Vous pigez?","-"
"Vous ne désirez que moi","22 526"
"Vous n'avez rien à déclarer?","-"
"Vous n'avez encore rien vu","71 849"
"Les Volets clos","-"
"Volem rien foutre al pais","10 502"
"Volcano","450 126"
"Volaverunt","-"
"La Volante","65 592"
"Le Vol du Sphinx","-"
"Le Vol du Phoenix","17 645"
"Le Vol de l'Intruder","N/A"
"Vol au-dessus d'un nid de coucou","-"
"Vol à haut risque","76 183"
"Vol 93","160 628"
"La Voix du succès","22 418"
"La Voix du pardon","12 985"
"La Voix des morts","125 191"
"La Voix de la lune","-"
"La Voix d'Aida","17 087"
"La Voix","-"
"Les Voitures qui ont mangé Paris","-"
"Vive la sociale!","-"
"Vive la République!","93 947"
"Vive la France","464 280"
"Vive la mariée","N/A"
"Vive Henri IV, vive l'amour !","-"
"Vive Abba","N/A"
"Vivarium","15 510"
"Le Vivarium","697"
"Vivants","52 962"
"Vivante","-"
"Viva Riva!","17 553"
"Viva Maria","-"
"Viva Laldjerie","60 396"
"Viva la vie!","-"
"Viva la muerte!","-"
"Viva La Libertà","25 568"
"Viva Cuba","6 530"
"Viva","10 252"
"Violent cop","9 300"
"Violences sur la ville","-"
"Violence et passion","-"
"Violence des échanges en milieu tempéré","44 452"
"Violence à Jericho","-"
"Violanta","-"
"Viol et châtiment","N/A"
"Vinyan","11 467"
"Vingt Mille Lieues sur la terre","-"
"Vingt mille lieues sous les mers","-"
"Vingt dieux","186 617"
"Vincere","60 874"
"Vincent, ses amis et sa mer","N/A"
"Vincent, François, Paul et les autres","-"
"Vincent n'a pas d'écailles","36 947"
"Vincent mit l'âne dans un pré et s'en vint dans l'autre","-"
"Vincent doit mourir","23 621"
"Vient de paraître","-"
"Viens, je t'emmène","26 493"
"Viens chez moi j'habite chez une copine","-"
"Vieilles canailles","41 070"
"La Vieille qui marchait dans la mer","-"
"La Vieille fille","-"
"Vieille canaille","62 375"
"Le Vieil homme et la mer","13 027"
"Le Vieil homme et l'enfant","-"
"La Vie, l'amour, les vaches","-"
"La Vie, l'amour, la mort","-"
"La Vie, en gros","10 762"
"La Vie très privée de Monsieur Sim","98 836"
"La Vie sous silence","-"
"La Vie silencieuse de Marianna Ucria","7 537"
"La Vie scolaire","485 386"
"La Vie sauvage des animaux domestiques","11 568"
"Vie sauvage","76 114"
"La Vie de rêve","N/A"
"La Vie de Michel Muller est plus belle que la vôtre","2 549"
"La Vie de ma mère","58 613"
"La Vie de Jésus","-"
"La Vie de famille","-"
"La Vie de David Gale","194 002"
"La Vie de Château (2021)","3 190"
"La Vie de château","-"
"La Vie de Brian","-"
"La Vie d'une autre","178 741"
"La Vie d'un honnête homme","-"
"La Vie d'artiste","50 605"
"La Vie d'Adèle","323 457"
"La Vie conjugale","-"
"La Vie comme elle va","15 376"
"La Vie aquatique","120 257"
"La Vie à l'envers","N/A"
"La Vie à deux","-"
"Veux-tu être mon garde du corps ?","N/A"
"Les Veuves joyeuses","N/A"
"Les Veuves","210 256"
"La Veuve noire","N/A"
"Veuve mais pas trop…","-"
"La Veuve joyeuse (1963)","-"
"La Veuve joyeuse","-"
"La Veuve de Saint-Pierre","278 150"
"La Veuve Couderc","-"
"Veuillez-nous excuser pour la gêne occasionnée","100 308"
"Les Veufs","-"
"Les Vétos","271 498"
"Le Vétéran","N/A"
"Les Vestiges du jour","210 750"
"Vesper Chronicles","76 366"
"Very Cold Trip","47 737"
"Very Bad Trip 3","944 983"
"La Vérité ou presque","127 802"
"La Vérité nue","58 836"
"La Vérité (2019)","163 737"
"La Vérité","-"
"La Véritable histoire du petit chaperon rouge","240 021"
"La Véritable histoire du Chat botté","71 886"
"Le Verdict (1983)","-"
"Le Verdict","-"
"Vercingétorix","222 602"
"Vera Drake","70 071"
"Vera Cruz","-"
"Vénus noire","101 704"
"La Vénus en fourrure","-"
"Vénus Beauté (institut)","183 359"
"La Vénus au vison","N/A"
"La Vénus à la fourrure","121 751"
"Le Ventre de l'architecte","-"
"Venus","N/A"
"La Vengeance d'une blonde","501 070"
"Vengeance aveugle","N/A"
"La Vengeance aux deux visages","-"
"Vengeance","65 650"
"Venganza","N/A"
"Le Vénérable W.","27 084"
"Vendredi soir","55 136"
"Vendredi 13 - Chapitre 9 : Jason va en enfer","N/A"
"Vendredi 13 - Chapitre 8 : L'ultime retour","N/A"
"Vendredi 13 - Chapitre 7 : Un nouveau défi","-"
"Vendredi 13 - Chapitre 6 : Jason le mort vivant","N/A"
"Vendredi 13 - Chapitre 5 : une nouvelle terreur","N/A"
"Vendredi 13 - Chapitre 4 : chapitre final","N/A"
"Vendredi 13 - Chapitre 3 : Meurtres en 3 Dimensions","N/A"
"Vendredi 13 (2009)","78 164"
"Vendredi 13","-"
"Vendeur","35 947"
"Les Valseuses","-"
"La Vendetta","-"
"La Valse du Gorille","-"
"La Valse des pantins","-"
"La Valse de l'Empereur","-"
"La Valse dans l'ombre","-"
"Valse avec Bachir","131 234"
"Valparaiso, Valparaiso","-"
"Valmont","-"
"Valley of Love","79 429"
"Valley Girl","N/A"
"La Vallée perdue","-"
"La Vallée du jugement","-"
"La Vallée du bonheur","-"
"La Vallée des poupées","N/A"
"La Vallée des rois","-"
"La Vallée des loups (2017)","32 511"
"Vacances portugaises","-"
"Vacances forcées","N/A"
"Vacances en famille","-"
"Les Vacances du Petit Nicolas","887 210"
"La Vallée des loups","N/A"
"Les Vacances de Mr. Bean","383 904"
"Les Vacances de Ducobu","532 593"
"Les Vacances de Monsieur Hulot","-"
"Vacances à la Grecque","1 494"
"Vacances","3 438"
"Va, vis et deviens","67 555"
"Va voir maman papa travaille","-"
"Va te faire voir Freddy","1 880"
"Va savoir","83 347"
"Va mourire","-"
"V'la les schtroumpfs","-"
"V.I. Warshawski, un privé en escarpins","-"
"V pour Vendetta","302 104"
"Un ange","28 545"
"Un Amour sans fin","3 188"
"Un amour interdit","-"
"Un amour infini (1981)","-"
"Un amour infini","11 383"
"Un Amour impossible","95 480"
"Un amour en Allemagne","-"
"Un amour désespéré","-"
"Un amour de Swann","-"
"Un amour de sorcière","386 351"
"Un amour de pluie","-"
"Un amour de jeunesse","36 171"
"Un amour de Coccinelle","-"
"Un amour d'hiver","51 385"
"Un amour à New York","144 404"
"Un amor","6 759"
"Un ami viendra ce soir","-"
"Un ami parfait","25 154"
"Un Américain bien tranquille","30 883"
"Un américain à Paris","-"
"Un aller simple","73 291"
"Un air si pur","19 186"
"Un air de famille","334 011"
"Un acte d'amour","-"
"Un 22 Juillet","N/A"
"Un + une","325 092"
"Umrika","10 310"
"Umami","32 871"
"Ulzhan","8 471"
"Ulysse contre Hercule","-"
"Ulysse","-"
"Ultraviolet","33 835"
"Ultimo Tango","14 659"
"Ultime vengeance","N/A"
"L'Ultime souper","71 987"
"L'Ultime razzia","-"
"L'Ultime randonnée","-"
"Ultime décision","209 801"
"L'Ultime braquage","N/A"
"Ultimatum","5 934"
"Ultimate Game","185 120"
"UglyDolls","26 929"
"Ugly","11 807"
"U2: Rattle and Hum","N/A"
"U2 3D","1 603"
"U.V.","-"
"U.S. Marshals","269 144"
"U-Turn, ici commence l'enfer","120 209"
"U-571","175 832"
"Tamara Drewe","156 443"
"Tamara","423 077"
"Tamango","-"
"Talons aiguilles","-"
"Talk Radio","-"
"Talk of Angels","N/A"
"Le Talisman","74 094"
"Le Talentueux Mr. Ripley","207 595"
"Le Talent de mes amis","60 561"
"Taking Side le cas Furtwangler","10 395"
"Taking Off","-"
"Taking Lives, destins volés","224 246"
"Takeshis","7 517"
"Takers","66 734"
"Taken 3","1 192 842"
"Taken 2","1 231 066"
"Taken","291 414"
"Taj Mahal","20 007"
"Take Shelter","89 421"
"Tais-toi quand tu parles","-"
"Tais-toi","900 106"
"Tais-toi et joue !","N/A"
"Taïkoun","-"
"Tai-Chi Master","79 812"
"Tahiti 3D Destination Surf!","2 283"
"Tag, le jeu de l'assassinat","-"
"Taffin","N/A"
"Tad l'explorateur et la table d'émeraude","204 164"
"Tad l'explorateur : A la recherche de la Cité perdue","87 908"
"Tabou (2012)","34 237"
"Tad et le secret du roi Midas","67 742"
"Tabou","42 157"
"Taxi","795 989"
"La Taverne de la Nouvelle Orléans","-"
"La Taverne de l'irlandais","-"
"La Taverne de l'enfer","-"
"La Taupe","277 172"
"La Taule","-"
"La Taularde","96 119"
"Les Taudis de Berverly Hills","-"
"Le Tatoué","-"
"Tatie Danielle","-"
"Tatami","59 631"
"Tarzan, l'homme-singe","-"
"Tarzan et le safari perdu","-"
"Tarzan et la cité perdue","65 012"
"Tarzan aux Indes","N/A"
"Tarzan (2016)","492 673"
"Tarzan (2014)","155 216"
"Tarzan","1 435 561"
"Le Tartuffe","-"
"Les Tartares","-"
"Target (2012)","186 074"
"Taras Bulba (1962)","-"
"Target","-"
"Taram et le chaudron magique","-"
"Tár","98 869"
"Taps","-"
"Tapage nocturne","-"
"Tapeheads - Les As du clip","N/A"
"Le Tao de Steve","-"
"Tante Julia et le scribouillard","-"
"Tante Hilda !","16 212"
"Tant qu'il y aura des hommes","-"
"Tempête de boulettes géantes","203 296"
"Tempête des passions","N/A"
"Tempête de sable","30 291"
"Tempête de boulettes géantes 2 - L'île des Miam-nimaux","207 249"
"Tempête (2022)","227 057"
"Témoin muet","-"
"La Tempête (1959)","-"
"Tempête","20 466"
"Les Témoins","19 089"
"La Tempête","-"
"Les Témoins (2007)","132 701"
"Le Témoin du mal","159 886"
"Le Témoin du marié","-"
"Le Témoin amoureux","141 000"
"Témoin à louer","N/A"
"Témoin à charge","-"
"Le Témoin","-"
"Tels pères, telle fille","-"
"Tellement proches","292 387"
"Telling Lies in America","N/A"
"Le Téléphone sonne toujours deux fois","-"
"Telle mère, telle fille","123 885"
"Le Téléphone rose","-"
"Télé Gaucho","56 985"
"Tel père, telle fille","89 033"
"Tel père, tel fils","104 396"
"Tel Père","N/A"
"Tel est pris qui croyait prendre","N/A"
"Tel Aviv On Fire","38 511"
"Téhéran Tabou","20 358"
"Teheran 43: Nid d'espions","-"
"Teen Wolf","-"
"Teen Spirit","23 677"
"Tenue de soirée","-"
"Tenue correcte exigée","124 489"
"La Tente rouge","-"
"La Tentation de Venus","-"
"La Tentation de l'innocence","-"
"La Tentation de Jessica","-"
"Tentacules","-"
"Ténor","126 348"
"Tenet","948 378"
"Tendres souvenirs","-"
"Tendres passions","-"
"Tendres cousines","-"
"Tendre voyou","-"
"Tendre poulet","-"
"Tendre garce","-"
"Tendre et saignant","72 295"
"Tendre combat","-"
"Tender Mercies","-"
"Tenacious D: The Pick of Destiny","3 563"
"Ten","36 000"
"Le Temps retrouvé","106 876"
"Tempura","15 217"
"Le Temps qui reste","105 888"
"Les Temps qui changent","163 021"
"Le Temps qu'il reste","58 297"
"Temps Mort","5 321"
"Les Temps modernes","N/A"
"Le Temps du loup","18 187"
"Le Temps du châtiment","N/A"
"Le Temps des œufs durs","-"
"Le Temps des vacances","-"
"Tequila Sunrise","-"
"Le Temps des secrets","170 019"
"Le Testament caché","N/A"
"Testament (2023)","15 017"
"Le Test","150 143"
"Tess","-"
"Tesnota – Une vie à l’étroit","18 250"
"Terror Tract","68 772"
"Le Territoire des morts","172 946"
"Le Territoire des Loups","176 547"
"Le Territoire des autres","-"
"Terrifier 3","279 026"
"Terrifier 2","34 089"
"Les Terriens","-"
"Terrible Jungle","83 427"
"Terreurpointcom","39 782"
"Terreur sur le Britannic","-"
"Terreur sur la ligne (2006)","49 634"
"Terreur sur la ligne","-"
"Terreur en Amazonie (Cannibal Holocaust)","-"
"La Terreur des dames","-"
"La Terreur des Barbares","-"
"Terreur dans la salle","N/A"
"Terreur à l'hôpital central","N/A"
"Terre promise","19 217"
"Terre sans pardon","-"
"La Terre outragée","16 051"
"Terre neuve","56 630"
"La Terre et l'ombre","14 174"
"Terre et cendres","10 199"
"La Terre éphémère","9 012"
"Terre des Ours","56 641"
"La Terre des hommes","32 011"
"Les Terrasses","7 305"
"The Batman","1 165 588"
"The Barefoot Executive","N/A"
"The Barber: l'homme qui n'était pas là","130 537"
"The Ballad of Jack And Rose","12 238"
"The Babysitter","N/A"
"The Baby of Macon","-"
"The Baby","116 708"
"Le Thé au harem d'Archimède","-"
"The Assassination of Richard Nixon","41 329"
"The Assassin","71 311"
"The Artist","443 269"
"The Arrival","45 988"
"The Apprentice","100 391"
"The Answer Man","35"
"The Anniversary Party","20 454"
"The American","308 290"
"The Amazing Spider-Man : le destin d'un Héros","1 249 001"
"The Amazing Spider-Man","1 014 724"
"The Amateur","N/A"
"The Alto Knights","85 610"
"The Aeronauts","N/A"
"The Addiction","-"
"That's Life","-"
"That Was Then... This Is Now","N/A"
"That's Dancing!","N/A"
"That Thing You Do!","-"
"Thanksgiving : la semaine de l'horreur","75 871"
"Thank You for Smoking","97 914"
"Thanatos, l’ultime passage","9 090"
"Thalasso","36 800"
"The Craft - Les nouvelles sorcières","-"
"The Contractor","N/A"
"The Constant Gardener","215 237"
"The Company Men","89 737"
"The Comebacks","1 223"
"The Cloverfield Paradox","N/A"
"The Climb","26 556"
"The Circle","154 698"
"The Chosen : Dernière Cène","N/A"
"The Choice","N/A"
"The Chef","24 140"
"The Chateau","2 178"
"The Chaser","37 031"
"The Celluloid Closet","-"
"The Cellar","N/A"
"The Cell","232 083"
"The Card Counter","29 051"
"The Butcher's Wife","N/A"
"The Call","94 501"
"The Bubble","28 792"
"The Brutalist","142 318"
"The Brown Bunny","14 103"
"The Broken Land","N/A"
"The Brave","-"
"The Boyfriend - Pourquoi lui ?","72 791"
"The Boy : la malédiction de Brahms","95 830"
"The Boy","174 621"
"The Boxer","73 547"
"The Box","187 209"
"The Bostonians","N/A"
"The Bookshop","10 246"
"The Blues Brothers","-"
"The Eye (2008)","143 604"
"The Eye","115 376"
"The Extremists","114 732"
"The Expendables 3","590 362"
"The Equalizer 2","359 680"
"The End of violence","24 327"
"The Electric State","N/A"
"The Edukators","21 782"
"The Edge of Love","N/A"
"The Ebony Tower","N/A"
"The Duke (2022)","54 622"
"The East","6 259"
"The Duke","N/A"
"The Duchess","99 747"
"The Double (2014)","13 311"
"The Doorman","N/A"
"The Door - La porte du passé","N/A"
"The Door","103 087"
"The Do-Over","N/A"
"The Dish","1 072"
"The Disaster Artist","36 908"
"The Dinner","852"
"The Dictator","411 656"
"The Devil's Rejects","29 141"
"The Descent: Part 2","139 354"
"The Descent","134 383"
"The Descendants","286 081"
"The Demon Inside","-"
"The Deep House","150 204"
"The Deep Blue Sea","21 009"
"The Dead Girl","9 833"
"The Deceivers","N/A"
"The Guilty (2021)","N/A"
"The Guilty","51 612"
"The Grudge: Ne pas oublier, ne jamais pardonner","250 456"
"The Grudge 2","152 431"
"The Grudge (2020)","105 972"
"The Grudge (2002)","N/A"
"The Green Knight","N/A"
"The Green Inferno","N/A"
"The Green Hornet (2011)","276 619"
"The Greatest Showman","230 190"
"The Greatest of All Time","-"
"The Greatest Beer Run Ever","N/A"
"The Greatest","N/A"
"The Great Outdoors","N/A"
"The Gray Man","N/A"
"The Grand Budapest Hotel","405 061"
"The Grandmaster","168 364"
"The Good Girl","61 533"
"The Good German","67 323"
"The Good criminal","116 387"
"The Go-Go Boys","440"
"The Glass Shield","-"
"The Giver","149 333"
"The Girlfriend Experience","10 395"
"The Gingerbread Man","-"
"The Ghost Writer","323 969"
"The Gentlemen","238 040"
"The Gate","N/A"
"The Game","552 994"
"The Full Monty","314 057"
"The Fundamentals of Caring","N/A"
"The Front Runner","-"
"The Last Girl – Celle qui a tous les dons","60 193"
"The Lady in the Van","19 850"
"The Last Face","38 491"
"The Lady","223 314"
"The King's Man : Première Mission","336 793"
"The King of Staten Island","14 320"
"The King","23 662"
"The Killer Inside Me","62 584"
"The Killer (2024)","35 058"
"The Killer (2023)","N/A"
"The Killer","-"
"The Kashmir Files","N/A"
"The Karate Kid (2010)","537 271"
"The Jazz Singer","-"
"The Jane Doe Identity","90 482"
"The James Gang","-"
"The Jacket","179 700"
"The Italian Stallion","N/A"
"The Island","630 433"
"The Invisible Guardian","N/A"
"The Irishman","N/A"
"The Invisible","23 403"
"The Invention of Lying","7 781"
"The Interview","16 291"
"The Instigators","N/A"
"The Insider","178 103"
"The Informant","122 564"
"The Infiltrator","84 859"
"The Immigrant","146 077"
"The Impossible","223 832"
"The Imitation Game","297 339"
"The Iceman","54 356"
"The Odd couple 2","-"
"The Offence","-"
"The November Man","103 492"
"The Northman","137 676"
"The Nocebo Effect","N/A"
"The Neon Demon","70 316"
"The Nice Guys","80 135"
"The Navigators","71 801"
"The Murderer","22 431"
"The Mother (2023)","N/A"
"The Mountain : une odyssée américaine","1 380"
"The Mother","22 753"
"The Mortal Instruments : La Cité des ténèbres","200 641"
"The Monuments Men","687 930"
"The Monkey","147 508"
"The Monkey King 2","1 266"
"The Money","N/A"
"The Mist","24 100"
"The Mission","14 111"
"The Million Dollar Hotel","187 130"
"The Mighty Quinn","N/A"
"The Meyerowitz Stories","N/A"
"The Matador","48 454"
"The Master","112 747"
"The Mask","840 349"
"The Marvels","369 007"
"The Marine","866"
"The Man Who Cried","40 847"
"The Man from Toronto","N/A"
"The Majestic","51 858"
"The Magdalene Sisters","124 666"
"The Machinist","45 130"
"The Lunchbox","66 709"
"The Rocker","745"
"The Road to Guantanamo","11 039"
"The Road to Graceland","-"
"The Road Within","N/A"
"The Road Killers","N/A"
"The River Rat","N/A"
"The Riot Club","38 096"
"The Ringer","693"
"The Ridiculous 6","N/A"
"The Rider","30 218"
"The Revenant","1 409 177"
"The Return","13 031"
"The Report","N/A"
"The Rental","45 458"
"The Raid 2","58 142"
"The Raid","117 503"
"The Reader","227 454"
"The Quiet Girl","31 300"
"The Queen","308 469"
"The Protégé","N/A"
"The Punisher","109 165"
"The Proposition","6 644"
"The Program (2015)","55 064"
"The Professional","N/A"
"The Prodigies","89 083"
"The President's Last Bang","7 842"
"The Predator","191 048"
"The Powerpuff Girls - Les Supers nanas","9 196"
"The Point Men","122"
"The Pledge","180 329"
"The Player","-"
"The Tourist","316 258"
"The Tomorrow War","N/A"
"The Tiger Makes Out","N/A"
"The Third Murder","34 499"
"The Thing Called Love","N/A"
"The Thing (2011)","72 905"
"The Thing","-"
"The Tender Bar","N/A"
"The Telephone","N/A"
"The Taste of Tea","8 593"
"The Tall Guy","-"
"The Tale of Tales","68 182"
"The Tailor of Panama","140 875"
"The Suicide Squad","256 516"
"The Substitute","56 089"
"The Substance","213 190"
"The Stone Boy","N/A"
"The Strangers","17 103"
"The Station Agent","11 980"
"The Square","125 709"
"The Spy Gone North","8 658"
"The Spirit","174 687"
"The Spectacular Now","10 093"
"The Spacewalker","N/A"
"The Souvenir","13 082"
"The Soul of A Man","28 284"
"The Son","102 272"
"The Social Network","484 432"
"The Snapper","105 638"
"The Smell of Us","13 460"
"The Skulls, société secrète","116 981"
"The Singing Club","N/A"
"Thelma et Louise","-"
"Thelma","22 109"
"Theeb - la naissance d'un chef","5 625"
"The Young Lady","60 006"
"The Zero Theorem","40 523"
"The Yards","176 484"
"The Wrestler","137 742"
"The World","16 223"
"The Woodsman","5 163"
"The Women","61 459"
"The Woman King","100 875"
"The Wolverine : le combat de l'immortel","1 029 033"
"The Wiz","N/A"
"The Witch","58 580"
"The Wild Ride","N/A"
"The Wild One (2023)","2 025"
"The Wild Duck","N/A"
"The Wild","142 476"
"The Wicker Man (1973)","N/A"
"The Wicker Man","N/A"
"The Whale","65 064"
"The Wedding Party","N/A"
"The Weather Man","3 389"
"The We and the I","38 650"
"The Way, La route ensemble","41 156"
"The Wave","16 236"
"The Waterdance","N/A"
"The Watcher (2018)","N/A"
"The Watcher","222 602"
"The Warriors Gate","3 844"
"The War Zone","-"
"The Wall Street project","N/A"
"Tigre et dragon","501 743"
"Le Tigre aime la chair fraîche","-"
"Le Tigre du Bengale","-"
"Le Tigre","N/A"
"Tigerland","19 346"
"Tiger Zinda Hai","N/A"
"Tiger 3","-"
"Tiens-toi droite","28 243"
"Les Tiens, les miens, le nôtre","N/A"
"Tiens ton foulard, Tatiana","-"
"Tiempo despues","-"
"Tiens bon la barre matelot","-"
"Tideland","25 272"
"Tickets","3 050"
"Ticket To Paradise","176 153"
"Tick, Tick…Boom!","N/A"
"THX 1138","-"
"Thunder Road","30 216"
"Thunder Force","N/A"
"Thugs Of Hindostan","1 958"
"Threshold","N/A"
"Three Times","22 034"
"Three Days to Kill","186 899"
"Thor: Love And Thunder","1 150 926"
"Thor : Ragnarok","1 140 386"
"Thor : Le Monde des ténèbres","1 159 433"
"Thor","895 181"
"This Must Be the Place","71 045"
"Thomas Crown","324 195"
"This is not a love story","2 262"
"This Is Me...Now, le film","N/A"
"This Is It","835 652"
"Toi et moi... et Dupree","49 993"
"Toi et moi","67 883"
"Toi chez moi et vice versa","N/A"
"Together","33 495"
"Togo","N/A"
"Toc Toc","N/A"
"Tobrouk, commando pour l'enfer","-"
"Toast","4 268"
"Le Toboggan de la mort","-"
"To The Moon","60 663"
"To the Bone","N/A"
"To Rome with Love","236 378"
"To Be Or Not to Be","-"
"TMNT, Les Tortues Ninja (2007)","87 463"
"Titus","-"
"Titli, Une chronique indienne","16 728"
"Titina","7 248"
"Titeuf","367 541"
"Titanic","1 743 419"
"Titane","88 523"
"Titan","N/A"
"Titan A.E.","89 534"
"Tirez sur le pianiste","-"
"Tirez la langue, mademoiselle","52 096"
"Tiré à part","-"
"Tire au flanc","-"
"Tirailleurs","456 751"
"Tir groupé","-"
"Tir à vue","N/A"
"Tip Top","45 006"
"Tintin et les oranges bleues","-"
"Tintin et le Temple du Soleil","-"
"Les Tontons farceurs","-"
"Tonnerre sur Berlin","-"
"Tonnerre sous les Tropiques","249 246"
"Tonnerre de Feu","-"
"Le Tonnerre de Dieu","-"
"Tonnerre","22 794"
"Tonka","-"
"Toni Erdmann","104 459"
"Toni en famille","121 678"
"Toni","-"
"Tomorrow","N/A"
"Tommy Boy","N/A"
"Tommy","-"
"Tommaso","3 994"
"Tomcats","-"
"Tombstone","49 794"
"Tomboy","60 550"
"Tombés du ciel","34 534"
"Le Tombeau hindou","-"
"Tombés du camion","78 789"
"Le Tombeau","146 789"
"Le Tombeau des lucioles","-"
"Tombe les filles et tais-toi","-"
"Tomb Raider","667 523"
"Tom Sawyer","N/A"
"Tom Of Finland","10 541"
"Tom Jones","-"
"Tom Horn","-"
"Tom et Lola","-"
"Tom et Jerry, le film","-"
"Tom et Jerry","249 620"
"Tom et Huck","N/A"
"Toubib malgré lui","N/A"
"La Toubib du régiment","-"
"La Toubib aux grandes manœuvres","-"
"Le Toubib","-"
"Totto-Chan, la petite fille à la fenêtre","15 131"
"Toto le héros","-"
"Totally Spies ! Le film","85 666"
"La Totale","-"
"Total Western","57 791"
"Total Recall - Mémoires Programmées","551 476"
"Total Kheops","51 011"
"Total Recall","-"
"Total Dhamaal","831"
"Tôt ou tard","22 631"
"Toscanini","-"
"Tosca","68 763"
"Les Tortues Ninja III","121 137"
"Les Tortues Ninja II","-"
"Les Tortues Ninja","-"
"Les Tortues","2 545"
"La Tortue sur le dos","-"
"La Tortue rouge","79 745"
"Les Tortillards","-"
"Tortilla Soup","1 569"
"Tortilla Flat","N/A"
"Torrents","-"
"Torrente, le bras gauche de la loi","-"
"Le Torrent","153 920"
"Torremolinos 73","-"
"Torque, le route s'enflamme","123 632"
"Torpilles sous l'Atlantique","-"
"Torpedo","12 319"
"Tout ce que vous avez toujours voulu savoir sur le sexe… sans jamais avoir osé le demander","-"
"Tout dépend des filles","-"
"Tout de suite maintenant","92 025"
"Tout chante autour de moi","-"
"Tout ce qui brille","386 771"
"Tout ce qu'il me reste de la révolution","35 007"
"Tout ça pour ça","244 149"
"Tout baigne !","-"
"Tous Nos Jours Parfaits","N/A"
"Tous les soleils","188 591"
"Tous les matins du monde","-"
"Tous les jours dimanche","-"
"Tous les coups sont permis","-"
"Tous les espoirs sont permis","127 872"
"Tous les chemins mènent à Rome","N/A"
"Tous en scène 2","1 173 587"
"Tous en scène","805 197"
"Tous Cobayes ?","4 210"
"Tous au Larzac","30 078"
"Tous à l'Ouest : une aventure de Lucky Luke","152 539"
"Les Tourouges et les Toubleus","18 363"
"La Tourneuse de pages","209 560"
"Tourner pour vivre","2 080"
"La Tournée des grands ducs","-"
"Tournée","172 154"
"Le Tournant de la vie","N/A"
"Touristes","35 112"
"Tournage dans un jardin anglais","25 500"
"Le Tourbillon de la vie","64 039"
"La Tour sombre","193 407"
"La Tour prends garde","-"
"La Tour Montparnasse infernale","758 991"
"Tout doit disparaître","390 820"
"La Tour infernale","-"
"Toutes peines confondues","-"
"Les Toutes Petites Créatures","10 004"
"Toutes nos envies","170 745"
"Toutes les nuits","1 236"
"Toutes les filles sont folles","131 957"
"Toutes folles de lui","N/A"
"Toute une vie","-"
"Toute ressemblance...","83 401"
"Toute première fois","223 817"
"Toute la beauté et le sang versé","27 889"
"Toute la beauté du monde","271 939"
"Tout... sauf en famille","162 239"
"Tout, tout de suite","11 257"
"Tout va trop bien","N/A"
"Tout va bien, The Kids Are All Right","42 492"
"Tout va bien, on s'en va","98 041"
"Tout va bien","-"
"Tout s’est bien passé","100 494"
"Tout sur ma mère","314 417"
"Tout simplement noir","255 537"
"Tout schuss","201 653"
"Tout sauf toi","99 314"
"Tout pour réussir","-"
"Tout pour plaire","489 073"
"Tout pour être heureux","168 685"
"Tout peut arriver (1969)","-"
"Le Tout Nouveau Testament","301 140"
"Tout peut arriver","306 942"
"Tout nous sourit","77 699"
"Tout nous sépare","101 574"
"Tout mais pas ça !","4 581"
"Tout le plaisir est pour moi","126 459"
"Transformers : l'âge de l'extinction","1 215 124"
"Transformers 3 - La Face cachée de la Lune","1 315 020"
"Transformers","956 475"
"Transcendance","411 082"
"Transamerica Express","-"
"Transamerica","47 138"
"Tranches de vie","-"
"La Tranchée","-"
"Trance","124 297"
"Tralala","41 732"
"Traître sur commande","-"
"Le Traître","130 197"
"Traitement de choc","-"
"La Traite des blanches","-"
"La Traite des blanches (1953)","-"
"Trait pour trait","N/A"
"Trainspotting","188 577"
"Training Day","245 701"
"Traîné sur le bitume","N/A"
"Le Train sifflera trois fois","-"
"Train de vie","69 441"
"Train d'enfer (1965)","-"
"Train d'enfer (1958)","-"
"Train d'enfer","-"
"Le Train (1964)","-"
"Le Train","-"
"Trahisons conjugales","-"
"Trahison sur commande","-"
"Trahison","35 840"
"La Trahison","21 913"
"Trahie","-"
"La Tragédie d'un homme ridicule","-"
"Très bien merci","70 742"
"Trente Secondes sur Tokio","-"
"Trente minutes de sursis","-"
"Tremors","-"
"Tremblement de terre","-"
"Treize vies","N/A"
"Treize jours en France","-"
"Treize jours","66 816"
"Treize femmes pour Casanova","-"
"Treize Fantômes (1960)","N/A"
"Treize à table","-"
"Treize à la douzaine 2","2 307"
"Treize à la douzaine (1951)","-"
"Le Trèfle à cinq feuilles","-"
"Treize à la douzaine","151 521"
"Tre piani","65 389"
"Traviata et nous","15 226"
"La Traviata","-"
"La Travestie","-"
"La Traversée du Zanskar","962"
"La Traversée du temps","11 499"
"La Traversée de Paris","-"
"La Traversée (2022)","189 578"
"La Traversée","55 974"
"Travaux on sait quand ça commence","184 154"
"Les Travaux d'Hercule","-"
"Travail au noir","-"
"Trashed","168"
"Traqueur de croco","1 299"
"Traqués","N/A"
"Traquée","-"
"La très très grande classe","157 884"
"Traque sur internet","182 102"
"Trois amies","125 971"
"Troie","813 201"
"Trixie","1 683"
"Tristesse Club","24 381"
"Tristana","-"
"Tristan et Iseut","22 949"
"Tristan + Yseult","572"
"Tristan","122 111"
"Trishna","13 384"
"Le Triporteur","-"
"Triplex","-"
"Les Triplettes de Belleville","119 795"
"La Triple mort du troisième personnage","-"
"Triple frontière","N/A"
"Triple écho","N/A"
"Triple cross ou le triple jeu d'Eddie Chapman","-"
"Triple assassinat dans le Suffolk","-"
"Triple alliance","214 548"
"Triple agent","31 171"
"Triple 9","163 624"
"Les Tripes au soleil","-"
"Le Triomphe de Tarzan","-"
"Le Triomphe de Michel Strogoff","-"
"Le Triomphe de l'amour","1 230"
"Le triomphe de Buffalo Bill","-"
"Le Triomphe de Babar","-"
"Le Trio infernal","-"
"Trinita va tout casser","-"
"Trick 4","N/A"
"Tricheuse","22 636"
"Tricheurs","N/A"
"Les Tricheurs","-"
"Les Trois royaumes","246 290"
"Trois places pour le 26","-"
"Les Trois prochains jours","107 543"
"Trois nuits par semaine","15 360"
"Les Trois Mousquetaires: Milady","711 192"
"Les Trois Mousquetaires: D'Artagnan","1 007 159"
"Les Trois Mousquetaires (2011)","220 403"
"Les Trois mousquetaires (1973)","-"
"Les Trois mousquetaires (1961)","-"
"Les Trois Mousquetaires (1953)","-"
"Les Trois Mousquetaires (1950)","-"
"Les Trois mousquetaires","166 475"
"Trois mondes","45 992"
"Trois milliards sans ascenseur","-"
"Trois Mille ans à t’attendre","95 617"
"Trois kilomètres jusqu'à la fin du monde","22 608"
"Trois jours et une vie","56 258"
"Les Trois jours du Condor","-"
"Trois Jours à vivre","-"
"Les Trois jeunes détectives : le manoir de la terreur","N/A"
"Trois Huit","25 014"
"Trois Hommes sur un cheval","-"
"Trois hommes et un couffin","-"
"Trois hommes et un bébé","-"
"Trois hommes à abattre","-"
"Trois heures, l'heure du crime","N/A"
"Les Trois furies du Ninja","N/A"
"Les Trois frères, le retour","1 112 863"
"Trois frères","-"
"Les Trois frères","582 241"
"Trois fois rien","55 960"
"Trois fois 20 ans","45 618"
"La Truite","-"
"Les Truffes","-"
"True West","N/A"
"True Story","634"
"True Stories","-"
"True Romance","107 891"
"True Mothers","11 839"
"True Lies","590 566"
"True Grit","605 267"
"Truands","173 561"
"Le Trouillard du Far West","-"
"Troublez-moi ce soir","N/A"
"Troubles","-"
"Trouble jeu","181 221"
"Trouble Every Day","43 106"
"Trouble","33 864"
"Le Trou normand","-"
"Le Trou noir","-"
"Troppa Grazia","5 130"
"Tropa de Elite","6 497"
"Trop tard pour les héros","-"
"Trop loin pour toi","125 234"
"Trop jeune pour elle","N/A"
"Trop c'est trop","3 008"
"Trop belle pour toi","-"
"Trop belle !","3 493"
"Trop (peu) d'amour","11 600"
"Les Tronches","N/A"
"Le Tronc","-"
"Tron l'héritage","475 032"
"Tron","-"
"Tromperie","41 734"
"La Tunique","-"
"Le Tumulte","N/A"
"Tulpan","20 953"
"Tully","46 480"
"La Tulipe noire","-"
"Tuez Charley Varrick","-"
"Tueurs-nés","157 900"
"Les Tueurs de San Francisco","-"
"Les Tueurs de la lune de miel","-"
"Tueurs de Dames","-"
"Tueurs à gage","N/A"
"Tueurs","29 566"
"Tueur programmé","N/A"
"Le Tueur du vendredi","N/A"
"Le Tueur du futur","-"
"Tueur de flics","-"
"Tueur d'élite","-"
"Le Tueur (2008)","32 947"
"Le Tueur","-"
"Tuer n'est pas jouer","583 610"
"Tucker & Dale fightent le mal","74 571"
"Tucker","-"
"Les Tuche 4","852 098"
"Les Tuche 3 : Liberté, Égalité, FraterniTuche","2 201 007"
"Les Tuche 2 - Le rêve américain","1 502 557"
"Les Tuche","354 177"
"Tu veux ou tu veux pas","431 620"
"Tu vas rire mais je te quitte","119 694"
"Tu seras un homme mon fils","-"
"Tu seras mon fils","259 225"
"Tu peux garder un secret","86 519"
"Tu peux compter sur moi","5 133"
"T’as pécho ?","109 661"
"Tyrannosaur","25 686"
"Typhon sur Nagasaki","-"
"Tyler Rake 2","N/A"
"Tyler Rake","N/A"
"Tykho Moon","-"
"Two Much","65 567"
"Two Lovers","239 193"
"Two for the Money","55 753"
"Twixt","51 284"
"Twisters","290 884"
"Twister","1 078 707"
"Twist again à Moscou","-"
"Twist À Bamako","47 130"
"Twin Town","15 032"
"Twin Peaks","-"
"Twilight - Chapitre 5 : Révélation 2e partie","2 409 923"
"Twilight - Chapitre 4 : révélation","2 018 771"
"Twilight - Chapitre 3 : Hésitation","2 001 000"
"Twilight - Chapitre 2 : Tentation","2 318 559"
"Twentyman","N/A"
"Twenty Bucks","N/A"
"Twelve Years a Slave","375 305"
"Twelve","97 393"
"Tusk","-"
"Turning gate","9 093"
"Turner et Hooch","-"
"Turkish délices","-"
"Turf","235 121"
"Turbulences à 30 000 pieds","99 620"
"Turbo","687 807"
"Les Turbans rouges","-"
"Tunnel to Summer","21 793"
"Tunnel","35 122"
"Les Tuniques écarlates","-"
"Tu ne tueras point","216 473"
"Tu ne mentiras point","N/A"
"Tu ne m'oublieras pas","-"
"Tu n'aimeras point","30 846"
"Tu mérites un amour","26 804"
"Tu marcheras sur l'eau","31 800"
"Tu m'as sauvé la vie","-"
"Tu Jhoothi Main Makkaar","N/A"
"Tu honoreras ta mère et ta mère","22 529"
"Tu fais pas le poids, shérif","-"
"Tu choisiras la vie","12 629"
"Tsar","15 690"
"Truth : Le Prix de la vérité","59 310"
"Trust the Man","1 402"
"Trust","51 239"
"Truman Capote","110 345"
"Truman","30 126"
"Truly, Madly, Deeply","-"
"Les Trolls 3","419 824"
"Les Trolls 2 - Tournée mondiale","419 574"
"Les Trolls","976 227"
"Le Troisième Œil","N/A"
"La Troisième partie du monde","3 571"
"Le Troisième homme","-"
"La Troisième guerre","7 504"
"Trois-quarts de lune","N/A"
"Trois voeux","-"
"Trois visages","82 587"
"Trois vies et une seule mort","22 489"
"Trois sœurs","-"
"Trois souvenirs de ma jeunesse","84 181"
"Les Trois Soldats de l'aventure","-"
"Les Trois soeurs du Yunnan","11 876"
"Les Trois singes","20 126"
"Trois sergents","-"
"Trois saisons","-"
"Trois femmes","-"
"Les Trois Fantastiques","31 601"
"Trois enterrements","201 751"
"Trois enfants... dans le désordre","-"
"Trois de la marine","-"
"Trois de la canebière","-"
"Les Trois Cousines","-"
"Trois couleurs: Rouge","196 535"
"Trois couleurs : Bleu","155 941"
"Trois couleurs : Blanc","105 293"
"Les Trois Corniauds","288"
"Trois chambres à Manhattan","-"
"Trois Cavaliers pour Fort Yuma","-"
"Les Trois brigands","86 880"
"Trois Bébés sur les bras","-"
"Trois années","-"
"Trois Anglaises en campagne","-"
"Trois amigos!","-"
"La Triche","-"
"Tribunal fantôme","N/A"
"Les Tribulations d'une caissière","60 117"
"Les Tribulations d'un chinois en Chine","-"
"La Tribu","-"
"La Tresse","306 073"
"Le Trésor du Petit Nicolas","148 775"
"Le Trésor du pendu","-"
"Le Trésor du lac d'argent","-"
"Le Trésor des Pieds Nickelés","-"
"Le Trésor des îles chiennes","-"
"Le Trésor de Tarzan","-"
"Le Trésor de la Sierra Madre","-"
"Le Trésor de Box Canyon","N/A"
"Le Trésor","12 047"
"Trésor","347 912"
"La Traque du fantôme de glace","N/A"
"Traque à Boston","37 359"
"La Très très grande entreprise","146 873"
"Traqué","118 026"
"La Trappe à nanas","N/A"
"Trapèze","-"
"Trap","342 752"
"Transylvania 6-5000","N/A"
"Transylvania","52 847"
"Le Transporteur III","678 945"
"Le Transporteur 2","440 512"
"Le Transporteur - Héritage","262 041"
"Transit","20 023"
"Le Transporteur","260 706"
"Transformers: The Last Knight","810 533"
"Transformers: Rise Of The Beasts","451 052"
"Transformers: La Revanche","1 115 888"
"Les Transformers : le film","N/A"
"Transformers : le commencement","199 717"
"Trafiquants d'hommes","N/A"
"Trafic d'influence","151 466"
"Trafic","-"
"Traffic","477 351"
"Les Traducteurs","121 867"
"Trader","63 310"
"Tracks","6 488"
"Traces de sang","42 530"
"Tracers","85 521"
"La Trace","-"
"Le Tracassin ou les plaisirs de la ville","-"
"Toys","31 673"
"Toy Story 4","1 505 679"
"Toy Story 3","1 276 905"
"Toy Story 2","926 962"
"Toy Story","496 820"
"Toy Boy","140 828"
"Toxic Affair","98 298"
"Tout le monde peut se tromper","-"
"Tout le monde n'a pas eu la chance d'avoir eu des parents communistes","104 521"
"Tout le monde il est beau, tout le monde il est gentil","-"
"Tout le monde dit I Love You","462 471"
"Tout le monde debout","897 452"
"Tout le monde aime Jeanne","63 691"
"Tout là-haut","104 791"
"Tout l'or du monde","-"
"Tout l'or du ciel","-"
"Tout l'argent du monde","182 875"
"Tout ira bien","14 329"
"Tout feu tout flamme","-"
"Tout est possible","16 749"
"Tout est permis","7 546"
"Tout est illuminé","3 753"
"Tout est fini entre nous","-"
"Tout en haut du monde","41 340"
"Le Tour du monde en 80 jours (2021)","163 520"
"Le Tour du monde en 80 jours (1956)","-"
"Le Tour du monde en 80 jours","230 924"
"Tour de France","41 502"
"Tour de Force","N/A"
"La Tour 2 Contrôle Infernale","255 033"
"La Tour","20 558"
"Toujours seuls","-"
"Toujours prêts","N/A"
"Touchez pas au grisbi","-"
"Touche pas à mon périscope","22 687"
"Touche pas à mon gazon","-"
"Touche pas à ma fille","-"
"Touche pas à la femme blanche","-"
"Touché","N/A"
"Touch me Not","2 377"
"Touch","-"
"Toril","10 718"
"Tori et Lokita","29 811"
"Toreros","-"
"Torch Song Trilogy","-"
"Tora! Tora! Tora!","-"
"Topsy-Turvy","-"
"Topkapi","-"
"Topaze","-"
"Top Secret!","-"
"Top Gun : Maverick","1 529 608"
"Top Gun","463 027"
"Top Dog","-"
"Top Cops","111 144"
"Top Chronos","32 852"
"Tootsie","-"
"Too Much Flesh","36 493"
"Too Much !","N/A"
"Les Tontons flingueurs","-"
"Tom est tout seul","-"
"Tom à la ferme","56 681"
"Tolstoï, le dernier automne","5 515"
"Tolkien","50 896"
"Tolérance zéro","45 346"
"Tokyo Sonata","26 419"
"Tokyo Shaking","24 348"
"Tokyo Olympiades","-"
"Tokyo Joe","-"
"Tokyo Fiancée","33 522"
"Tokyo Eyes","-"
"Tokyo !","26 708"
"Les Toilettes du Pape","16 031"
"Toilettes : une histoire d'amour","378"
"La Toile d'araignée","-"
"Toi, moi, les autres","116 867"
"Toi non plus tu n'as rien vu","4 869"
"Toi le venin","-"
"Tintin et le mystère de la toison d'or","-"
"Tintin au lac des requins","-"
"TINI – La nouvelle vie de Violetta","102 111"
"Tina","78 457"
"Tin men : les filous","-"
"Tin Cup","113 972"
"Timescape, le Passager du futur","N/A"
"Time Out","441 450"
"Timecop","-"
"Time Code","16 605"
"Time and Tide","30 798"
"Timbuktu","180 826"
"Tim","N/A"
"Le Tigre se parfume à la dynamite","-"
"Le Tigre qui s'invita pour le thé","20 803"
"Le Tigre et le Président","81 893"
"Le Tigre et la neige","169 278"
"Tigre et Dragon 2","N/A"
"This is England","45 132"
"Thirteen","34 217"
"Thirst, ceci est mon sang","29 697"
"Thi Mai","N/A"
"They Shot The Piano Player","15 564"
"Thérèse Raquin","-"
"Thérèse Etienne","-"
"Thérèse Desqueyroux (2012)","228 534"
"Thérèse Desqueyroux","-"
"Thérèse","-"
"There Will Be Blood","180 519"
"There Goes the Neighborhood","N/A"
"Thérapie de couples","80 771"
"La Théorie des dominos","-"
"Le Théorème de Marguerite","53 400"
"Théorème","-"
"Thelma, Louise et Chantal","121 039"
"Themroc","-"
"The Wall","45 452"
"The Walk – Rêver Plus Haut","97 261"
"The Voices","136 124"
"The Visitor","65 990"
"The Visit","147 220"
"The Vintner's Luck","163"
"The Vigil","36 359"
"The Very Black Show","6 382"
"The Vault","N/A"
"The Van","70 205"
"The Two Jakes","-"
"The Two Faces of January","74 145"
"The Truman Show","576 568"
"The Trip (2021)","N/A"
"The Trip","23 155"
"The Tree of Life","52 956"
"The Tragedy of Macbeth","N/A"
"The Town","320 144"
"The Silent House","34 006"
"The Shadow","78 816"
"The Sessions","14 061"
"The September Issue","15 640"
"The Sentinel","260 277"
"The Secret Man - Mark Felt","13 803"
"The Secret","208 628"
"The Second Civil War","N/A"
"The Search","53 211"
"The Score","271 668"
"The Santa Clause 3","N/A"
"The Salvation","53 487"
"The Safety of Objects","4 393"
"The Sadness","18 013"
"The Ryan Initiative","258 323"
"The Rover","33 955"
"The Rose","-"
"The Rocky Horror Picture Show","-"
"The Place Beyond The Pines","256 049"
"The Place","4 234"
"The Pillow Book","-"
"The Philadelphia Experiment","N/A"
"The Perfect Guy","N/A"
"The Perfect Candidate","37 499"
"The Patriot - Le Chemin de la liberté","442 823"
"The Passenger","277 629"
"The Party (2017)","21 193"
"The Pale Blue Eye","N/A"
"The Palace","-"
"The Outsider (2020)","N/A"
"The Outrun","19 013"
"The Other Man","16 074"
"The Operative","95 246"
"The One and Only, Genuine, Original Family Band","N/A"
"The One","264 342"
"The Old Oak","96 295"
"The Old Guard","N/A"
"The Lost Son","-"
"The Lost King","37 431"
"The Lost Daughter","N/A"
"The Lost City of Z","150 045"
"The Lookout","12 386"
"The Lonely Guy","N/A"
"The Lobster","91 237"
"The Little Stranger","11 243"
"The Little Man","121 422"
"The Limits of Control","40 487"
"The Lighthouse","32 156"
"The Legend of Billie Jean","N/A"
"The Laundromat : L'affaire des Panama Papers","N/A"
"The Last Waltz","-"
"The Last Showgirl","18 481"
"The Last Show","53 466"
"The Last September","1 585"
"The Hunt","-"
"The Humbling","6 880"
"The Housemaid","27 251"
"The House That Jack Built","24 387"
"The Hours","190 274"
"The Host","93 357"
"The Homesman","50 171"
"The Hole","100 422"
"The Holiday","399 396"
"The Hit Girls","71 237"
"The Hit","-"
"The Highwaymen","N/A"
"The Hi-Lo Country","61 538"
"The Hawk is Dying - Dressé pour vivre","838"
"The Hate U Give – La Haine qu’on donne","97 825"
"The Harvest","N/A"
"The Harder They Fall","N/A"
"The Happy Prince","13 801"
"The French Dispatch","197 450"
"The Fountain","84 542"
"The Forge","N/A"
"The Foreigner","79 546"
"The Fog of War","2 834"
"The Flash","388 700"
"The Florida Project","44 897"
"The First Slam Dunk","33 488"
"The Finest Hours","53 209"
"The Fighting Temptations","10 310"
"The Field","N/A"
"The Favor","N/A"
"The Father","153 927"
"The Family Plan","N/A"
"The Faculty","407 873"
"The Fall Guy","312 000"
"The Face of Love","12 046"
"The Fabelmans","367 332"
"The Dead Don't Die","186 806"
"The Day the ponies come back","1 021"
"The Day He Arrives (Matins calmes à Séoul)","7 135"
"The Darkest Hour","105 048"
"The Dark Valley","N/A"
"The Dark Knight, Le Chevalier Noir","1 271 688"
"The Dark Knight Rises","1 835 547"
"The Danish Girl","118 481"
"The Dancer","147 426"
"The Cut","25 397"
"The Crying Game","14 408"
"The Cry Baby Killer","N/A"
"The Crow: la cité des anges","187 908"
"The Crow 3 - Salvation","36 300"
"The Crow (2024)","78 059"
"The Crow","211 681"
"The Creator","262 507"
"The Crazies (2010)","93 876"
"The Bling Ring","171 401"
"The Blackout","64 058"
"The Birth of a Nation","59 104"
"The Birdcage","-"
"The Bikeriders","72 149"
"The Big Year","311"
"The Big Short : le Casse du siècle","307 638"
"The Big One","-"
"The Big Lebowski","163 979"
"The Big Fix","-"
"The Betsy","-"
"The Best Offer","27 928"
"The Best of Times","N/A"
"The Best","N/A"
"The Beekeeper","N/A"
"The Beatles: Get Back - The Rooftop Concert","889"
"The Beatles: Eight Days a Week","N/A"
"The Bay","53 615"
"TGV","-"
"Texasville","-"
"Texas nous voilà","-"
"Texas Chainsaw 3D","32 642"
"Tetro","102 108"
"Têtes vides cherchent coffres pleins","-"
"Les Têtes givrées","61 469"
"Les Têtes de l'emploi","238 777"
"La Tête haute","250 271"
"La Tête froide","14 547"
"La Tête en friche","335 335"
"La Tête du client","-"
"Tête de Turc","145 375"
"La Tête de maman","171 584"
"La Tête dans le carton à chapeaux","43 050"
"Tête d'or","542"
"La Tête à l'envers (2018)","7 575"
"La Tête à l'envers","N/A"
"Tête à claques","-"
"La Tête à ça","N/A"
"La Terrasse","-"
"Terrain vague","-"
"Terrain miné","186 581"
"Terrain d'entente","927"
"Terraferma","38 006"
"Terminus","-"
"Terra Willy - Planète inconnue","38 346"
"Terminator: Genisys","666 495"
"Terminator: Dark Fate","449 453"
"Terminator Renaissance","756 323"
"Terminator 3: Le Soulèvement des machines","1 506 449"
"Terminator 2, le jugement dernier","1 708 421"
"Terminator","-"
"Terminal Velocity","116 502"
"Terminal Sud","2 434"
"Le Terminal","475 798"
"Termina golf","N/A"
"Le Temps des loups","-"
"Le Temps des porte-plumes","168 528"
"Le Temps des gitans","-"
"Le Temps des forêts","5 128"
"Le Temps des aveux","34 948"
"Le Temps de mourir","-"
"Temps de la peur","-"
"Le Temps de l'innocence","133 540"
"Le Temps de l'aventure","86 373"
"Le Temps d'une romance","-"
"Le Temps d'un automne","-"
"Le Temps d'un week-end","104 028"
"Temps d'aimer et le temps de mourir","-"
"Le Temps d'aimer (1997)","-"
"Le Temps d'aimer (1973)","N/A"
"Le Temps d'aimer","118 783"
"Temporary Paradise","N/A"
"Le Temple d'or","-"
"Teddy","20 269"
"Ted 2","415 709"
"Ted","418 035"
"Le Teckel","20 594"
"Team America: Police du monde","40 751"
"Tchao pantin","-"
"Teacher's Pet: The Movie","N/A"
"Taylor Swift: The Eras Tour","-"
"Taxi, roulotte et corrida","-"
"Taxi Téhéran","151 267"
"Taxi Driver","-"
"Taxi boy","-"
"Taxi Blues","-"
"Taxi 5","1 524 218"
"Taxi 4","2 010 736"
"Taxi 3","2 251 493"
"Taxi 2","3 478 850"
"Tant qu'il y aura des femmes","-"
"Tank Girl","-"
"Tank","N/A"
"Tanhaji","380"
"Tanguy, le retour","486 634"
"Tanguy","883 961"
"Tangos, l'exil de Gardel","-"
"Tango et Cash","-"
"Le Tango des Rashevski","62 814"
"Tango libre","10 138"
"Tango (1993)","172 045"
"Le Tango de la perversion","-"
"Tan de repente","11 761"
"Tango","-"
"Tambour battant","-"
"Le Tambour","-"
"Tamara Vol.2","211 737"
"Le Tableau volé","136 728"
"Le Tableau noir","45 485"
"Tandem","-"
"Le Tableau","21 352"
"La Table-aux-crevés","-"
"La Table tournante","-"
"Tabarly","25 484"
"Tabarin","-"
"Ta mère ou moi","-"
"T2: Trainspotting","75 702"
"T-Rex 3D","N/A"
"T-Rex","-"
"T'inquiète pas ça se soigne","-"
"T'es plus dans la course papa","N/A"
"T'es fou Jerry","-"
"T'es folle ou quoi?","-"
"T'empêches tout le monde de dormir","-"
"T'choupi","60 245"
"T'aime","20 071"
"Le Saint de Manhattan","25 859"
"Saint Jacques… La Mecque","238 859"
"Saint Ange","186 799"
"Saint Amour","268 187"
"Le Saint","278 546"
"Sailor et Lula","-"
"Saïgon","N/A"
"Sahara (2017)","215 181"
"Sahara (1984)","N/A"
"Sahara","176 199"
"La Sagesse des crocodiles","35 335"
"Sage-Homme","279 606"
"Sage Femme","331 215"
"Safe Passage","-"
"Sagan","197 375"
"Safe (2012)","141 043"
"Safe (1993)","N/A"
"Safe","-"
"Safari sauvage","N/A"
"Safari","619 214"
"Sade","162 663"
"Sacro GRA","3 421"
"Le Sacrifice","-"
"Sacrés gendarmes!","-"
"Sacrées sorcières","N/A"
"Sacrées momies","168 937"
"Sacré Robin des Bois","113 669"
"Sacerdoce","27 975"
"Sacco et Vanzetti","-"
"Sac de nœuds","-"
"Sabrina (1955)","-"
"Sac d'embrouilles","774"
"Sabrina","129 704"
"Sabotage à Berlin","-"
"Sables mortels","-"
"Sabotage","88 534"
"Sabata","-"
"Saawariya","1 958"
"Saaho","N/A"
"Sa Majesté Minor","101 297"
"Sa dernière volonté","N/A"
"Sa mère ou moi!","283 086"
"S1m0ne","133 661"
"S.O.S. Titanic","-"
"S.W.A.T. Unité d'élite","289 712"
"S.O.S. Fantômes : La Menace de glace","308 185"
"S.O.S. Fantômes : L'Héritage","280 226"
"S.O.S. Fantômes (2016)","197 408"
"S.O.B","-"
"Raiponce","734 718"
"S'en fout la mort","-"
"Raining stones","52 170"
"Rain Without Thunder","N/A"
"Rain Man","-"
"Raid sur Entebbe","-"
"RAID Dingue","1 468 155"
"Le Raid","635 051"
"Raï","55 068"
"Raging Bull","-"
"Ragtime","-"
"Rage in Harlem","-"
"La Rage du vainqueur","N/A"
"La Rage du tigre","-"
"La Rage au ventre","233 016"
"La Rage au cœur","N/A"
"La Rage au corps","-"
"Rage (1977)","-"
"Rage","-"
"Rafles sur la ville","-"
"La Rafle","812 932"
"Rafiki","-"
"Rafferty et les auto-stoppeuses","N/A"
"Raees","N/A"
"Radiostars","242 243"
"Radioactive","36 738"
"Radio Days","-"
"Radio rebels","-"
"Radio corbeau","-"
"Radio","2 218"
"Radin!","1 002 709"
"Racket","-"
"Les Racines du ciel","-"
"Rachida","16 669"
"Rachel, Rachel","-"
"Race for Glory: Audi vs Lancia","32 203"
"Rachel se marie","25 792"
"La Race des seigneurs","-"
"La Race des champions","N/A"
"Race 3","N/A"
"Raccroche!","38 155"
"Le Raccourci","-"
"Rabiye Kurnaz contre George W. Bush","-"
"Rabia (2024)","17 851"
"Rabbit Hole","39 380"
"Rabia","14 940"
"Le Rabbin au  far-west","-"
"Raanjhanaa","N/A"
"R.M.N.","26 797"
"R.I.P.D. Brigade Fantôme","138 878"
"Quarante huit heures","-"
"Quantum of Solace","1 703 897"
"Quand vient l’automne","231 861"
"Quand vient la nuit","55 760"
"Quand tu seras grand","60 109"
"Quand tu liras cette lettre","-"
"Quand tu descendras du ciel","11 451"
"Quand passent les faisans","-"
"Quand passent les cigognes","-"
"Quand on sera grand","28 758"
"Quand on a 17 ans","90 058"
"Quand on crie au loup","24 217"
"Quand les vautours ne volent plus","-"
"Quand les jumelles s'emmêlent","N/A"
"Quand les aigles attaquent","-"
"Quand la ville dort","-"
"Quand la panthère rose s'en mêle","-"
"Quand la mer monte","49 512"
"Quand la Marabunta gronde","-"
"Quand la femme s'en mêle","-"
"Quand la dernière balle siffle","-"
"Quand l'inspecteur s'emmêle","-"
"Quand je vois le soleil","6 393"
"Quand je serai star","1 130"
"Quand je serai petit","50 784"
"Quand j'étais chanteur","391 284"
"Quand j'avais cinq ans je m'ai tué","51 148"
"Quand Harry rencontre Sally","-"
"Quand Harriet découpe Charlie","110 411"
"Quand faut y aller, faut y aller","-"
"Quand Chuck rencontre Larry","36 264"
"Quai du Point-du-Jour","-"
"Que les gros salaires lèvent le doigt","-"
"Que le spectacle commence","-"
"Que le meilleur l'emporte","N/A"
"Que la lumière soit!","-"
"Que la fête commence","-"
"Que la chasse commence !","-"
"Que la bête meure","-"
"Que justice soit faite","64 020"
"Que faisaient les femmes pendant que l'homme marchait sur la lune ?","26 612"
"Que Dios nos perdone","67 682"
"Le Quatuor à cornes Là-haut sur la montagne","12 670"
"Le Quatuor à cornes","4 605"
"Le Quatuor","11 167"
"Le Quatrième protocole","-"
"Le Quatrième mur","33 816"
"Le Quatrième pouvoir","-"
"Le Quatrième homme","-"
"La Quatrième dimension","-"
"Quatre zizis au garde à vous","-"
"Les Quatre vérités","-"
"Les Quatre saisons d'Espigoule","-"
"Les Quatre plumes blanches","-"
"Quatre minutes","47 304"
"Quatre mariages et un enterrement","215 195"
"Les Quatre malfrats","-"
"Quatre jours à Paris","-"
"Quatre heures du matin","-"
"Quatre garçons pleins d'avenir","115 708"
"Quatre Garçons dans le vent","-"
"Quatre frères","118 305"
"Les Quatre fils de Katie Elder","-"
"Quatre filles et un jean","2 306"
"Quoi?","-"
"Quoi de neuf, Pussycat ?","-"
"Quoi de neuf, Bob ?","-"
"Quo Vadis?","-"
"Quiz Show","144 892"
"Quitte ou double","-"
"Quintet","-"
"Quills, la plume et le sang","26 167"
"Qui voilà ?","4 477"
"Qui vive","14 879"
"Qui veut la peau de Roger Rabbit?","-"
"Qui plume la lune ?","38 076"
"Qui perd gagne!","276 501"
"Qui m'aime me suive!","107 993"
"Qui m'aime me suive","44 435"
"Qui êtes-vous, Polly Magoo?","-"
"Qui Ju, une femme chinoise","-"
"Qui est Harry Kellerman ?","-"
"Qui c'est les plus forts ?","77 422"
"Qui a tué le président ?","N/A"
"Qui a tué Lady Winsley ?","25 051"
"Qui a tué Bambi?","63 642"
"Qui a peur de Virginia Woolf?","-"
"Qui a envie d'être aimé?","55 948"
"Qui ?","-"
"La Question humaine","32 256"
"Querelle","-"
"Quelques minutes après minuit","54 497"
"Quelques messieurs trop tranquilles","-"
"Quelques jours pas plus","28 201"
"Quelques jours en septembre","39 760"
"Quelques jours avec moi","-"
"Quelques heures de printemps","100 221"
"Quelque chose à te dire","170 718"
"Quelque part dans le temps","N/A"
"Quelqu'un derrière la porte","-"
"Quelqu'un de bien","272 794"
"Quelle vie de chien","N/A"
"Quelle joie de vivre","-"
"Quelle heure est-il?","-"
"Queimada","-"
"Queer","38 684"
"Queens","120 348"
"Queen Size Bed","646"
"Queen of Montreuil","21 389"
"Queen and Country","34 012"
"Queen & Slim","61 717"
"Que vienne la nuit","-"
"Que sait-on vraiment de la réalité !?","-"
"Les Quatre filles du docteur March","-"
"Quatre étoiles","395 708"
"Quatre du Texas","-"
"Les Quatre de l'Ave Maria","-"
"Quatre dans une jeep","-"
"Quatre Charlots mousquetaires","-"
"Les Quatre cents coups","-"
"Les Quatre Cavaliers de l'Apocalypse (1962)","-"
"Les Quatre cavaliers de l'Apocalypse","N/A"
"Quatre aventures de Reinette et Mirabelle","-"
"Quasimodo d'el Paris","543 099"
"Quartier VIP","43 376"
"Le Quartier interdit - La Reine des vampires","N/A"
"Quartier disciplinaire pour femmes","-"
"Quartet (2013)","110 743"
"Quartet","-"
"Le Quart d'heure américain","-"
"Les Quarantièmes rugissants","-"
"Quai des Orfèvres","-"
"Le Quai des brumes","N/A"
"Quai des blondes","-"
"Quai d'Orsay","372 944"
"Quadrille","-"
"Qu'un seul tienne et les autres suivront","12 438"
"Qu'un sang impur...","8 569"
"Qu'est-il arrivé à Baby Jane ?","-"
"Qu'est-ce qui fait courir David ?","-"
"Qu'est-ce que maman comprend à l'amour ?","-"
"Qu'est-ce que je vois ?","N/A"
"Qu'est-ce que j'ai fait pour mériter çà?","-"
"Qu'est-ce qu'on a tous fait au Bon Dieu ?","874 683"
"Qu'est-ce qu'on attend pour être heureux !","N/A"
"Qu'est-ce qu'on a fait au Bon Dieu ?","1 680 249"
"Qu'est-ce qu'on a encore fait au Bon Dieu ?","2 153 093"
"Qu'elle était verte ma vallée","-"
"Qu'Allah bénisse la France","75 089"
"Les Palmes de M. Schutz","-"
"Palindromes","5 537"
"Palerme","11 240"
"Le Palanquin des larmes","-"
"Pale Rider","-"
"Palais Royal!","953 105"
"Palace pour chiens","105 128"
"Le Palace en délire","-"
"Palace (1999)","-"
"Palace","-"
"Pair et impair","-"
"Pain,amour et jalousie","-"
"Pain, tulipes et comédie","33 632"
"Pain,amour et fantaisie","-"
"Pain, amour, ainsi soit-il","-"
"Pain noir","9 615"
"Pain et chocolat","-"
"Paiement cash","-"
"Pai","12 973"
"La Page blanche","56 502"
"La Pagaille","N/A"
"Padre padrone","-"
"Padmaavat","6 483"
"Paddy, la petite souris","13 223"
"Paddington au Pérou","436 825"
"Paddington 2","420 344"
"Paddington","570 040"
"Le Pactole","-"
"Le Pacte du silence","45 637"
"Le Pacte du sang","33 563"
"Le Pacte des loups","1 924 934"
"Pacte avec un tueur","N/A"
"Le Pacte","253 128"
"Paco de Lucía, légende du flamenco","7 235"
"Pacifiction - Tourment sur les îles","19 015"
"Le Pacificateur","336 220"
"Pacific Rim Uprising","331 767"
"Pacific Rim","510 094"
"Pachamama","64 582"
"Pacific Palissade","-"
"Le Pacha","-"
"P.S. I Love You","148 178"
"La P... respectueuse","-"
"Les P'tits Schtroumpfs","-"
"Les p'tits génies 2","N/A"
"P'tits génies","-"
"Les P'tits explorateurs","7 343"
"P'tite Tête de Trouffion","-"
"La P'tite arnaqueuse","-"
"Les Ogres","35 270"
"P'tit con","-"
"Ogre","16 198"
"Oggy et les cafards","61 730"
"Officier et gentleman","-"
"Office","1 899"
"L'Oeuvre sans auteur","22 172"
"L'Oeuf et moi","N/A"
"L'Oeuf","-"
"Oeil pour œil","-"
"L'Oeil du monocle","-"
"L'Oeil du mal","176 480"
"L'Oeil du cyclone","3 576"
"L'Odyssée du sous-marin Nerka","-"
"L'Odyssée du Hindenburg","N/A"
"L'Odyssée du Docteur Wassel","-"
"L'Odyssée de Pi","426 112"
"L'Odyssée de Choum","13 619"
"L'Odyssée","445 363"
"L'Odeur du vent","8 528"
"L'Odeur de la papaye verte","37 415"
"L'Odeur de la mandarine","71 477"
"Odette Toulemonde","317 479"
"Odette, agent S 23","-"
"Octopussy","-"
"Océans, notre planète bleue","-"
"Océans","774 586"
"Oceanosaures 3D: Voyage au Temps des Dinosaures","3 115"
"Ocean's Twelve","1 202 262"
"Ocean's Thirteen","871 826"
"Ocean's Eleven","1 502 148"
"Ocean's 8","318 773"
"Occupe-toi d'Amélie","-"
"Obvious Child","5 790"
"Obsessions torrides","N/A"
"Obsession fatale","-"
"Obsession (1954)","-"
"Obsession","-"
"Oblivion","598 132"
"L'Obsédé","-"
"L'Objet de mon affection","-"
"Objectif Terrienne","N/A"
"Objectif Mars","6 583"
"Objectif lune","N/A"
"O'Hara's Wife","N/A"
"O'Brother","442 253"
"O Jérusalem","140 834"
"O Grande Circo Místico","3 133"
"O Fantasma","11 267"
"O Cangaceiro (1953)","-"
"O Cangaceiro","-"
"Natty Gann","-"
"La Nativité","33 737"
"Native Son - Un enfant du pays","N/A"
"Nationale 7","13 610"
"National Security","80 556"
"National Gallery","14 043"
"Nathalie, agent secret","-"
"Nathalie Granger","-"
"Nathalie (1957)","-"
"Natacha (presque) hôtesse de l’air","-"
"Nathalie","222 987"
"Nashville Lady","-"
"Nashville","-"
"NASCAR - Le Sport automobile au summum","N/A"
"Naruto : The Last","41 421"
"Naruto - Le Film : Road to Ninja","N/A"
"Narco","346 119"
"Napoléon II,l'Aiglon","-"
"Narc","54 690"
"Napoléon en Australie","12 801"
"Napoleon and Samantha","N/A"
"Napoléon (et moi)","12 564"
"Napoleon (2023)","764 419"
"Napoléon (1955)","-"
"Nanou, fils de la jungle","-"
"Nanny McPhee et le big bang","191 170"
"Nanny McPhee","173 666"
"Nannerl, Soeur de Mozart","22 593"
"Les Nanas","-"
"Nana","-"
"La Nana","11 881"
"Naked in New York","-"
"Naked","32 743"
"Naissance des pieuvres","34 466"
"La Naissance des oasis","5 529"
"Naïs","-"
"Le Naïf aux quarante enfants","-"
"Nahid","34 297"
"La Nage indienne","-"
"Nag la bombe","-"
"Nadine","-"
"Nadia","60 716"
"Nada","-"
"Na","-"
"N.W.A - Straight Outta Compton","219 830"
"N'oublie pas ton père au vestiaire","-"
"N'oublie pas que tu vas mourir","-"
"N'oublie jamais","42 375"
"N'importe qui","85 291"
"N'écoute pas","N/A"
"Ma sorcière bien-aimée","346 788"
"Ma saison préférée","156 591"
"Ma Reum","247 679"
"Ma première fois","108 071"
"Ma place au soleil","78 346"
"Ma petite planète verte","6 114"
"Ma petite planète chérie","8 784"
"Ma petite entreprise","168 984"
"Ma part du gâteau","530 847"
"Ma nuit chez Maud","-"
"Ma mère, moi et ma mère","-"
"Ma Mère, Dieu et Sylvie Vartan","525 005"
"Ma mère est un gorille (et alors?)","10 500"
"Ma mère est folle","41 613"
"Ma mère","63 183"
"Ma meilleure ennemie","275 103"
"Ma meilleure amie, sa soeur et moi","14 632"
"Ma meilleure amie","43 102"
"Ma maman est en Amérique, elle a rencontré Buffalo Bill","40 760"
"Ma ma","12 629"
"Ma Loute","181 386"
"Ma langue au chat","52 377"
"Ma France à moi","14 595"
"Ma fille, mon ange","N/A"
"Ma fille","-"
"Ma femme s'appelle reviens","-"
"Ma femme s'appelle Maurice","308 317"
"Ma femme me quitte","-"
"Ma femme est une panthère","-"
"Ma femme est une actrice","255 897"
"Ma femme est formidable","-"
"Ma femme est dingue","-"
"Ma Famille t'adore déjà","307 513"
"Ma Famille et le Loup","29 007"
"Ma compagne de nuit","7 933"
"Ma brillante carrière","-"
"Ma bonne étoile","72 911"
"Ma belle-famille, Noël, et moi","N/A"
"Ma 6-T va cracker","37 134"
"Ma","160 898"
"M3gan","218 120"
"M.S. Dhoni: The Untold Story","522"
"M.A.L.: Mutant Aquatique en Liberté","-"
"M.15 demande protection","N/A"
"M. Popper et ses pingouins","384 956"
"M. Butterfly","32 351"
"M. & Mme Adelman","126 787"
"M et le 3ème secret","2 156"
"M (2017)","35 112"
"Lame de fond","44 487"
"Lame de fond (1948)","-"
"Lamborghini, l'homme derrière la légende","N/A"
"Lambada","N/A"
"Lamb (2021)","13 930"
"Lamb","N/A"
"Lake Placid","97 951"
"Le Lait de la tendresse Humaine","57 889"
"Laissez-passer","130 630"
"Laissez tirer les tireurs","-"
"Laisse-moi entrer","64 832"
"Laisse tes mains sur mes hanches","115 981"
"Laisse aller, c'est une valse","-"
"Le Lagon bleu","-"
"Ladykillers","409 006"
"Ladyhawke, la femme de la nuit","-"
"Ladygrey","3 117"
"Ladybird","38 381"
"Lady vengeance","19 863"
"Lady Vegas - Les Mémoires d'une joueuse","16 256"
"Lady Sings the Blues","N/A"
"Lady Oscar","29 337"
"Lady L","-"
"Lady Jane","74 436"
"Lady Hamilton","-"
"Lady Chatterley","45 223"
"Lady Chance","23 613"
"Lady Bird","133 169"
"Ladies Man","2 383"
"Lacombe Lucien","-"
"Lâcher les bolides","-"
"Lache-moi les baskets","45 489"
"Lacenaire","-"
"Le Lac aux oies sauvages","68 436"
"Le Labyrinthe du silence","92 635"
"Le Labyrinthe des passions","-"
"Le Labyrinthe de Pan","177 058"
"Le Labyrinthe : le remède mortel","751 040"
"Le Labyrinthe : La Terre brûlée","1 190 062"
"Labyrinthe","-"
"Le Labyrinthe","887 190"
"Laal Singh Chaddha","6 840"
"Là-haut","1 301 980"
"Là-bas, mon pays","147 742"
"Là où chantent les écrevisses","110 381"
"L.I.E Long Island Expressway","22 072"
"L.A. Story","-"
"L.A. Rush","N/A"
"L.A. Confidential","182 141"
"L.627","-"
"Katyn","7 228"
"Katia Ismailova","-"
"Katia","-"
"Kate et Leopold","63 743"
"Kate","N/A"
"Katak, le brave beluga","55 112"
"Karnaval","41 494"
"Karma","365"
"Karate Tiger","-"
"Karate Kid: Legends","N/A"
"Karate Kid III","-"
"Karaté Kid II","-"
"Karaoké","116 784"
"Kapo","-"
"Kaos","-"
"Kanzo Sensei","-"
"Kansas City Bomber","N/A"
"Kansas City","-"
"Kansas blues","N/A"
"Kansas","N/A"
"Kangaroo Jack","57 467"
"Kandahar","63 746"
"Kamikaze","-"
"Kama Sutra","31 493"
"Kalki 2898 AD","-"
"Kalifornia","-"
"Kalidor, la légende du talisman","-"
"Kalank","2 714"
"Kalahari - A la poursuite des chasseurs d'ivoire","26 627"
"Kajillionaire","15 401"
"Kaizen - 1 an pour gravir l'Everest","311 710"
"Kairo","13 502"
"Killing Bono","41 227"
"Killers of the Flower Moon","418 140"
"Killer Joe","61 091"
"Killer Elite","161 843"
"Kill Your Friends","11 400"
"Kill the Gringo","N/A"
"Kill me Please","5 310"
"Kill Me Again","-"
"Kill List","13 091"
"Kill Bobby Z","N/A"
"Kill Bill: Volume 2","202 201"
"Kill Bill: Volume 1","651 264"
"Kill","18 051"
"Kiki, la petite sorcière","146 351"
"Kika","189 354"
"Kié la petite peste","14 475"
"Kids Return","-"
"Kids in the Hall","-"
"Kids","-"
"Kidon","21 008"
"Les Kidnappeurs","-"
"Le Kid et le roi","N/A"
"Le Kid en kimono","-"
"Le Kid de la plage","-"
"Le Kid de Cincinnati","-"
"Le Kid","N/A"
"Kickboxer","-"
"Kick-Ass 2","375 017"
"Kick Ass","291 506"
"Kick","1 481"
"Ki lo sa ?","N/A"
"Khumba","183 762"
"Komodo","60 767"
"Kolya","42 413"
"Kompromat","205 447"
"Koko, le gorille qui parle","-"
"Koenigsmark","-"
"Kodachrome","N/A"
"Kochadaiiyaan","N/A"
"Koati","39 343"
"Knock Knock","70 589"
"Knock at the Cabin","109 685"
"Knock (2017)","279 670"
"Knock","-"
"Knight of Cups","19 152"
"Klute","-"
"Klimt","26 180"
"Kitty","-"
"Kitchen Stories","15 830"
"Kiss of Death","103 461"
"Kiss Kiss, Bang Bang","154 354"
"Kiss & Kill","289 852"
"Kirikou et les hommes et les femmes","227 806"
"Kirikou et les bêtes sauvages","366 252"
"Kirikou et la sorcière","50 025"
"Kippour","22 219"
"Kinjite, sujet tabou","-"
"King’s Land","N/A"
"Kingsman : Services secrets","566 643"
"Kingsman 2 : Le Cercle d'or","641 173"
"Kings","45 150"
"Kingdom of Heaven","586 771"
"King Rising","N/A"
"King of the Hill","-"
"Kuzco, l'empereur mégalo","329 103"
"Kursk","78 122"
"Kung Fu Zohra","28 119"
"Kung Fu Panda 4","825 898"
"Kung Fu Panda 2","865 935"
"Kundun","151 711"
"Kung Fu Panda 3","775 628"
"Kumbh Mela, Sur Les Rives Du Fleuve Sacré","13 485"
"Kuffs","N/A"
"Kubo et l'armure magique","142 109"
"Kull le conquérant","12 297"
"Kung Fu Panda","955 571"
"Krull","-"
"Krrish 3","1 798"
"Krypto et les Super-Animaux","333 361"
"Kung Fu Nanny","45 537"
"Kraven The Hunter","158 001"
"Krampus","2 639"
"Kramer contre Kramer","-"
"Krach","29 131"
"Kong: Skull Island","625 572"
"King of New York","N/A"
"King of California","18 825"
"King Kong s'est échappé","-"
"King Kong II","N/A"
"King Kong contre Godzilla","-"
"King Kong (2005)","1 441 705"
"King Kong (1933)","N/A"
"King Kong","-"
"King Guillaume","141 566"
"King","228 478"
"Kinds of Kindness","53 265"
"Kinatay","4 591"
"Kina & Yuk : renards de la banquise","135 637"
"Kin - Le Commencement","198 034"
"KIMI","N/A"
"Kim","-"
"Killing Zoe","36 844"
"Killing Fields","52 175"
"Khartoum","-"
"Keys to Tulsa","N/A"
"Key Largo","-"
"Les Keufs","-"
"Kesari","N/A"
"Kes","-"
"La Kermesse des aigles","-"
"La Kermesse de l'ouest","-"
"Kerity, la maison des contes","139 803"
"Kenshin : L’achèvement","N/A"
"Kennedy et moi","127 063"
"Ken Park","43 502"
"Keetje Tippel","N/A"
"Kedma","32 424"
"Kedi - Des chats et des hommes","28 245"
"Kebab connection","1 487"
"Keane","26 330"
"Kazaam","N/A"
"Les Kaïra","415 022"
"Kaine le Mercenaire","N/A"
"Kafka, le dernier été","10 165"
"Kagemusha","-"
"Kaboom","54 729"
"Kaamelott – Premier volet","1 015 247"
"Kaena, la prophétie","58 230"
"Kabir Singh","783"
"Kadosh (sacré)","40 236"
"Kafka","-"
"Kabali","11 023"
"K.O. - Bleed For This","N/A"
"K.O.","93 920"
"K.G.F: Chapter 2","N/A"
"K-19: Le Piège des profondeurs","171 479"
"K-Pax, l'homme qui venait de loin","126 589"
"K contraire","7 539"
"Jack the Bear","N/A"
"K","195 837"
"Jack Reacher 2","489 442"
"Jack Reacher","642 306"
"Jack Mimoun et les secrets de Val Verde","257 163"
"Jack le tueur de géants","300 004"
"Jack l'éclair","51 401"
"Jack Frost","-"
"Jack et la mécanique du cœur","195 432"
"Jack et Julie","54 296"
"Jack & Sarah","-"
"Jack","59 814"
"Jabberwocky","-"
"J.F. partagerait appartement","-"
"J. Edgar","627 624"
"J'veux pas que tu t'en ailles","154 632"
"J'veux du soleil","74 619"
"J'me sens pas belle","130 905"
"J'irai où tu iras","228 843"
"J'irai dormir à Hollywood","109 484"
"J'irai cracher sur vos tombes","-"
"J'irai comme un cheval fou","-"
"J'irai au paradis car l'enfer est ici","15 511"
"J'invente rien","30 903"
"J'enrage de son absence","55 429"
"J'embrasse pas","-"
"J'avancerai vers toi avec les yeux d'un sourd","6 232"
"J'avais cinq fils","-"
"J'attends quelqu'un","67 017"
"J'aurais voulu être un danseur","4 546"
"J'arrête quand je veux","2 963"
"J'aimerais pas crever un dimanche","-"
"J'aime regarder les filles","24 229"
"J'ai vu tuer Ben Barka","21 925"
"J'ai tué Raspoutine","-"
"J'ai tué ma mère","18 082"
"J'ai toujours rêvé d'être un gangster","79 238"
"J'ai rencontré le Père Noël","-"
"J'ai rencontré le Diable","11 192"
"J'ai perdu mon corps","70 068"
"J'ai perdu Albert","33 558"
"J'ai oublié de te dire...","21 272"
"J'ai pas sommeil","-"
"J'ai horreur de l'amour","-"
"J'ai faim!!!","218 247"
"J'ai épousé une ombre","-"
"J'ai épousé une extra-terrestre","-"
"J'ai 17 ans","-"
"J'adore Huckabees","17 854"
"J'adore ce que vous faites","72 462"
"J'accuse","501 228"
"Idiocraty","555"
"Identity","138 606"
"Identification d'une femme","-"
"Identité Secrète","295 438"
"L'Idéal","84 210"
"Ici-bas","20 055"
"Ida Red","N/A"
"Ice Road","57 091"
"Icare","18 155"
"Ice Storm","22 651"
"Ibrahim","19 626"
"L'Idéaliste","65 574"
"Ida","110 510"
"Ici et là-bas","156 824"
"Ibiza","300 924"
"L'Ibis rouge","-"
"I.T.","N/A"
"L'I.A. du mal","48 190"
"I, Robot","788 519"
"I, Frankenstein","166 331"
"I'm Still Here - The Lost Year of Joaquin Phoenix","3 742"
"I'm Not There","48 837"
"I'm Dancing as Fast as I Can","N/A"
"I'll Do Anything","N/A"
"I Wish (nos voeux secrets)","16 753"
"I Wish - Faites un vœu","167 240"
"I Want You","-"
"I want to go home","-"
"I Saw the TV Glow","N/A"
"I Love You, Man","5 382"
"I love you, je t'aime","-"
"I Love You, I Love You Not","-"
"I Love You, Beth Cooper","2 454"
"I Love You Phillip Morris","180 264"
"I Love You","-"
"I Love L.A","-"
"I Love America","N/A"
"I like it like that","-"
"I Feel Pretty","N/A"
"I Feel Good !","22 669"
"I Feel Good","204 931"
"I Comete","9 083"
"I comme Icare","-"
"I am Not Your Negro","19 347"
"I am Your Man","16 932"
"I Am Not Madame Bovary","6 569"
"I Am Not a Witch","15 426"
"I Am Mother","N/A"
"I Am Greta","11 802"
"Hannah et ses sœurs","-"
"Hannah Arendt","87 234"
"Hannah","6 355"
"Hanna K.","-"
"Hanna","59 174"
"Handia, le géant d'Alto","1 259"
"Hancock","1 265 163"
"Hana-Bi","29 292"
"Hammam","12 197"
"Hamlet 2","703"
"Hammett","-"
"Hamlet (2000)","3 197"
"Hamlet (1997)","-"
"Hamlet (1992)","-"
"Hamlet (1948)","-"
"Hamburger Hill","-"
"Hamburger film sandwich","-"
"L'Halluciné","-"
"Halloween: Resurrection","79 754"
"Halloween Kills","128 699"
"Halloween, 20 ans après","178 846"
"Halloween II","-"
"Halloween III, le sang du sorcier","-"
"Halloween Ends","187 689"
"Halloween 6","N/A"
"Halloween 4","-"
"Halloween 5","-"
"Hallelujah, les mots de Leonard Cohen","8 594"
"Halloween 9","47 420"
"Halfaouine, l'enfant des terrasses","-"
"Halloween (2018)","413 854"
"Half Nelson","22 746"
"Harry Brown","28 608"
"Harrison's Flowers","80 594"
"Harriet la petite espionne","-"
"Harold et Maud","-"
"Harold et le crayon magique","19 747"
"Harold et Kumar s'évadent de Guantanamo","1 681"
"Harmonium","23 441"
"Harley Davidson et l'homme aux santiags","-"
"Les Harkis","18 899"
"Le Harem de Madame Osmane","10 822"
"Harem","-"
"Hardi Pardaillan !","-"
"Hardcore Henry","32 575"
"Hardcore","N/A"
"Hardball","17 049"
"Hard Way","N/A"
"Hard Eight","-"
"Hard Day","14 747"
"Hard Country","N/A"
"Hard Cash","N/A"
"Hard Candy","44 431"
"Harcelés","140 811"
"Harcèlement","446 488"
"Happy Together (1990)","N/A"
"Happy Together","16 150"
"Happy Times","9 304"
"Happy Texas","-"
"Happy New Year","232 819"
"Happy hour","17 762"
"Happy Few","54 407"
"Happy Feet 2","168 873"
"Happy Feet","375 210"
"Heimat: Chronique d'un rêve - L'exode","30 068"
"Heidi","262 095"
"Hedi, un vent de liberté","18 701"
"Hector et la recherche du bonheur","N/A"
"Hécate","-"
"Heavy","-"
"Heaven (1987)","N/A"
"Heaven","9 356"
"Heat","482 236"
"Head-On","31 429"
"Head Office","N/A"
"He Said, She Said","N/A"
"He Got Game","-"
"He Arnold! Le film","8 921"
"Hawaii (2023)","71 825"
"Hawaï","-"
"Le Havre","141 227"
"Havana","-"
"Les Hauts de Hurlevent (2012)","9 422"
"Les Hauts murs","24 398"
"Haute voltige","616 881"
"Les Hauts de Hurlevent","N/A"
"Haute tension","93 308"
"Hautre trahison","-"
"Haute sécurité","-"
"Haut les flingues","-"
"Haut les mains","16 810"
"Haut les cœurs!","51 368"
"Haunt","N/A"
"Hathi","-"
"Le Haut du panier","N/A"
"Haute couture","92 692"
"Heroic Losers","N/A"
"Hero","329 213"
"L'Hermine","324 441"
"Les Héritiers (1960)","-"
"Les Héritières (2019)","8 512"
"Les Héritiers","127 352"
"Les Héritières","-"
"L'Héritière","-"
"L'Héritier de Zorro","-"
"L'Héritier de la Panthère Rose","N/A"
"L'Héritier","-"
"L'Héritage de la haine","-"
"Héritage","15 897"
"Le Hérisson","204 716"
"Heretic","90 358"
"Hérédité","89 652"
"Here – Les plus belles années de notre vie","41 482"
"Hercule se déchaîne","-"
"Hercule et Sherlock","255 404"
"Hercule et la reine de Lydie","-"
"Hercule contre les vampires","-"
"Hercule à New York","N/A"
"Hercule (2014)","447 389"
"Hercule (1984)","-"
"Hercule","749 436"
"Les Herbes sèches","32 179"
"Les Herbes folles","190 223"
"Héroïnes","42 152"
"Her Story","-"
"Her","158 100"
"Henry V","-"
"Henry & June","-"
"Hiroshima, mon amour","-"
"Les Hirondelles de Kaboul","95 918"
"Hippocrate","238 994"
"Hipótesis","10 563"
"Himalaya, l'enfance d'un chef","313 913"
"Hijacking","25 871"
"Hijack stories","15 834"
"Highwaymen : la poursuite infernale","31 086"
"Highlander le retour","-"
"Highlander Endgame","152 422"
"Highlander","-"
"Highlander 3","378 823"
"High-Rise","15 347"
"High Spirits","-"
"High School Musical 3 : nos années lycée","720 522"
"High Life","18 950"
"High Hopes","-"
"High Fidelity","57 785"
"Hier,aujourd'hui et demain","-"
"Hidden Universe","4 295"
"Hidden Agenda","-"
"Hidden","-"
"Hidalgo","136 617"
"Hibou","7 958"
"Hibernatus","-"
"Hi, Mom!","N/A"
"HHhH","101 379"
"Heureux qui comme Ulysse","-"
"Heureux comme Lazzaro","31 729"
"Heureux Gagnants","136 628"
"L'Heureuse élue","206 815"
"Les Heures sombres","218 083"
"Le Hobbit : la Désolation de Smaug","1 619 507"
"Le Hobbit : la Bataille des Cinq Armées","1 789 196"
"Hoa Binh","-"
"Ho!","-"
"HLM Pussy","13 806"
"L'Hiver féérique","2 038"
"L'Hiver d'Edmond et Lucy","6 175"
"Hiver à Sokcho","52 013"
"Hiver 54 - L'Abbé Pierre","-"
"Hitman: Agent 47","343 418"
"Hitman (2007)","381 525"
"Hitman & Bodyguard 2","214 788"
"Hitman & Bodyguard","237 815"
"Hitman","-"
"Hitler-Mein Kampf","-"
"Hitler, connais pas","-"
"Hitcher (2007)","62 419"
"Hitcher","-"
"Hitch expert en séduction","861 055"
"Hitchcock","128 371"
"Hit The Road","25 480"
"Hit & Run","68 987"
"History Boys","11 333"
"Historias minimas","22 432"
"Histoires extraordinaires","-"
"Histoires enchantées","211 885"
"Histoires de vies brisées","1 947"
"Les Histoires d'amour finissent mal... en général","-"
"Histoire très bonne et très joyeuse de Colinot Trousse-chemise","-"
"L'Histoire sans fin 3, retour à Fantasia","-"
"L'Histoire sans fin - un nouveau chapitre","-"
"L'Histoire sans fin","-"
"L'Homme aux ciseaux","N/A"
"L'Homme aux abois","-"
"L'Homme au pistolet d'or","-"
"L'Homme au masque de fer","633 588"
"L'Homme au masque de cire","-"
"L'Homme au masque d'or","-"
"L'Homme au fusil","-"
"L'Homme araignée","-"
"L'Homme à peau de serpent","-"
"L'Homme à la tête fêlée","-"
"L'Homme à la chaussure rouge","N/A"
"L'Homme à la buick","-"
"L'Homme à l'imperméable","-"
"L'Homme à femmes","-"
"L'Homme à femmes (1960)","-"
"Homicides incontrôlés","N/A"
"Homicide","N/A"
"Homefront","218 906"
"Homeboy","-"
"Home Team","N/A"
"Home (2009)","112 426"
"Home","38 044"
"Hombre","-"
"Holy Smoke","72 806"
"Holy Motors","61 441"
"Holy Lola","159 434"
"Holy Lands","24 230"
"Holy Camp!","N/A"
"Hollywoodland","74 139"
"Hollywood… Hollywood !","-"
"Hollywood-Monster","N/A"
"Hollywood sunrise","1 758"
"L'Homme aux clés d'or","-"
"L'Homme qui a vendu sa peau","N/A"
"L'Homme qu'on aimait trop","144 601"
"L'Homme pressé","-"
"L'Homme parfait","N/A"
"L'Homme parfait (2022)","55 577"
"L'Homme orchestre","-"
"L'Homme irrationnel","354 687"
"L'Homme le plus dangereux du monde","-"
"L'Homme idéal","96 793"
"L'Homme fragile","-"
"L'Homme fidèle","63 670"
"L'Homme et l'enfant","-"
"L'Homme est une femme comme les autres","154 170"
"L'Homme en colère","-"
"L'Homme d’argile","15 574"
"L'Homme du train","124 506"
"L'Homme du peuple","19 204"
"L'Homme du Labyrinthe","N/A"
"L'Homme des vallées perdues","-"
"L'Homme des hautes plaines","-"
"L'Homme des cavernes","N/A"
"L'Homme debout","14 949"
"L'Homme de sa vie","155 745"
"L'Homme de Rio","-"
"L'Homme de marbre","-"
"L'Homme de ma vie (1999)","-"
"L'Homme de ma vie","-"
"L'Homme de la rivière d'argent","-"
"L'Homme de la loi","-"
"L'Homme de la Riviera","34 756"
"L'Homme de la cave","30 792"
"L'Homme de l'Ouest","-"
"La Honte de la jungle","-"
"Honoré de Marseille","-"
"L'Honorable Stanislas agent secret","-"
"Honni soit qui mal y pense","-"
"L'Honneur perdu de Katharina Blum","-"
"L'Honneur du dragon","216 132"
"L'Honneur des Winslow","12 627"
"L'Honneur des Prizzi","-"
"L'Honneur de la tribu","-"
"Honkytonk Man","-"
"L'Honneur d'un capitaine","-"
"Honeyland","9 045"
"Honey","148 345"
"Honey Boy","N/A"
"Hondo, l'homme du désert","-"
"Les Hommes préfèrent les grosses","-"
"Les Hommes préfèrent les blondes","-"
"Les Hommes ne pensent qu'à ça","-"
"Les Hommes libres","80 217"
"Hommes femmes mode d'emploi","525 048"
"Hommes et loups","-"
"Les Hommes en blanc","-"
"Les Hommes du président","-"
"Les Hommes du feu","92 357"
"Les Hommes de main","61 540"
"Les Hommes de l'ombre","43 591"
"Les Hommes contre","-"
"Hommes au bord de la crise de nerfs","102 659"
"L'Homme voilé","-"
"L'Homme tranquille","-"
"L'Homme sauvage","-"
"L'Homme sans visage","98 339"
"Hot Shots!","-"
"Hot Rod","92"
"Hot Fuzz","101 302"
"Hot Dog…","N/A"
"Hostiles","167 355"
"Hostel 2","64 374"
"Hostel","125 609"
"Hostage Game","N/A"
"Hospitalité","8 442"
"Horton","433 603"
"Horse Soldiers","58 961"
"La Horse","-"
"Hors-saison","114 495"
"Hors-la-loi (2010)","195 242"
"Hors Satan","12 837"
"Hors normes","618 775"
"Hors limites","172 273"
"Hors la vie","-"
"Hors la loi","-"
"Hors jeu","-"
"Hors du temps (2009)","30 935"
"Hors du temps","15 150"
"Hors de prix","527 454"
"Hors de portée","N/A"
"Hors de controle","209 517"
"Hors d'atteinte","181 957"
"Hors contrôle","128 267"
"Horror Show","N/A"
"Horror kid","N/A"
"L'Horrible invasion","N/A"
"Horribilis","40 640"
"Horreur dans la ville","-"
"Hulk revient","-"
"Hulk","815 461"
"Le Huitième jour","332 776"
"Huit têtes dans un sac","21 125"
"Les Huit salopards","759 450"
"Les Huit Montagnes","29 347"
"Huit millions de façons de mourir","-"
"Huit folles nuits d'Adam Sandler","N/A"
"Huit et demi","-"
"Hui Buh, le fantôme du château","N/A"
"Hugo Cabret","371 751"
"Hudson Hawk","-"
"Hubie Halloween","N/A"
"Hubble - Au-delà des étoiles","1 767"
"HS, hors service","92 037"
"Howl","2 347"
"Howard, une nouvelle race de héros","-"
"How To Talk To Girls At Parties","12 541"
"How to Have Sex","34 062"
"How It Ends","N/A"
"Housefull 4","1 306"
"Housefull 3","N/A"
"House Party","-"
"House of Gucci","293 474"
"House II La deuxième histoire","N/A"
"House","N/A"
"Houria","47 403"
"Houla-Houla","-"
"L'Hôtesse voyage sans slip","-"
"Hôtesse à tout prix","14 531"
"Hôtel Woodstock","78 441"
"Hôtel Transylvanie : changements monstres","N/A"
"Hyper tension 2","N/A"
"L'Hypothèse du tableau volé","-"
"L'Hypnotiseur","17 194"
"Hypnotic (2004)","63 259"
"Hypnotic","189 754"
"Hypnose","225 739"
"Hyper tension","127 061"
"Hyper Noël","100 457"
"Hustler White","9 337"
"Hustle & Flow","11 702"
"Les Hussards","-"
"Le Hussard sur le toit","620 486"
"Husbands","-"
"Hurry Up or I'll Be 30","N/A"
"Hurricane Carter","160 514"
"Hurricane","138 886"
"Hurlements","-"
"Hunter Killer","50 126"
"Hungry Hearts","15 668"
"Hunger Games: la Ballade du serpent et de l'oiseau chanteur","613 191"
"Hunger Games – La Révolte : Partie 2","1 231 013"
"Hunger Games - La Révolte : Partie 1","1 538 201"
"Hunger Games - L'embrasement","1 425 123"
"Hunger Games","509 426"
"Hunger","40 285"
"Humpday","N/A"
"L'Humanité","30 102"
"Human Traffic","40 551"
"Human Nature","83 238"
"Human Flow","10 183"
"Human","20 678"
"Humains","34 876"
"Hôtel Transylvanie 3 : Des vacances monstrueuses","823 158"
"Hotel Transylvanie 2","459 772"
"Hôtel Transylvanie","427 257"
"Hôtel Singapura","13 222"
"Hotel Rwanda","53 785"
"Hotel Paradiso, une maison sérieuse","4 309"
"Hotel Normandy","77 006"
"Hôtel International","-"
"Hotel New Hampshire","-"
"Hôtel du paradis","N/A"
"Hôtel des Amériques","-"
"L'Hôtel de la plage","-"
"Hôtel de France","N/A"
"Hotel Artemis","54 098"
"Hotel","2 195"
"Hot Summer","N/A"
"Hot Shots! 2","591 361"
"Hot Spot","-"
"Horns","110 016"
"L'Horloger de Saint-Paul","-"
"Les Horizons perdus","-"
"Horizons lointains (1956)","-"
"Horizons lointains","-"
"Horizon : une saga américaine Chapitre 2","N/A"
"Horizon : une saga américaine Chapitre 1","121 617"
"La Horde sauvage","-"
"La Horde","48 098"
"Horace 62","-"
"Hopper et le hamster des ténèbres","211 019"
"L'Hôpital","N/A"
"Hopeless","6 694"
"Hope and Glory : La Guerre à 7 ans","-"
"Hope","12 564"
"Hooligans","73 862"
"Hop","196 944"
"Hook","-"
"L'Homme sans passé","170 525"
"L'Homme sans ombre","675 352"
"L'Homme sans âge","55 001"
"L'Homme qui voulait vivre sa vie","454 568"
"L'Homme qui voulut être roi","-"
"L'Homme qui venait d'ailleurs","-"
"L'Homme qui valait des milliards","-"
"L'Homme qui tua Liberty Valance","-"
"L'Homme qui tua Don Quichotte","40 212"
"L'Homme qui rit","143 987"
"L'Homme qui plantait des arbres","N/A"
"L'Homme qui n'a pas d'étoile","-"
"L'Homme qui murmurait à l'oreille des chevaux","511 833"
"L'Homme qui en savait trop peu","6 787"
"L'Homme qui en savait trop","-"
"L'Homme qui défiait l'infini","N/A"
"L'Homme qui aimait les femmes","-"
"L'homme qui aimait la guerre","-"
"L'Homme de Kiev","N/A"
"L'Homme de guerre","25 271"
"L'Homme de fer","-"
"L'Homme de Dieu","1 515"
"L'Homme de chevet","114 463"
"L'Homme dauphin, sur les traces de Jacques Mayol","6 447"
"L'Homme d'Istanbul","-"
"L'Homme blessé","-"
"L'Homme bicentenaire","82 272"
"L'Homme aux yeux d'argent","-"
"L'Homme aux poings de fer","21 552"
"L'Homme aux nerfs d'acier","-"
"L'Homme Aux Mille Visages","17 785"
"L'Homme aux mille visages (2017)","26 464"
"L'Homme aux mains d'acier","-"
"L'Homme aux deux cerveaux","-"
"L'Homme aux colts d'or","-"
"Hollywood Shuffle","N/A"
"Hollywood Mistress","-"
"Hollywood Homicide","105 415"
"Hollywood Hollywood","N/A"
"Hollywood cow-boy","-"
"Hollywood Ending","260 804"
"Hollywoo","733 365"
"Holland","N/A"
"Holiday (2014)","335"
"Holiday","50 045"
"Hold-Up en 120 secondes","-"
"Hold up","875 028"
"Hola Frida","41 531"
"Hoffa","73 316"
"Hokusai","52 791"
"Hocus Pocus – Les trois sorcières","68 411"
"Hocus Pocus 2","N/A"
"Le Hobbit : un voyage inattendu","1 434 119"
"L'Histoire officielle","-"
"L'Histoire du géant timide","15 494"
"L'Histoire du garçon qui voulait qu'on l'embrasse","-"
"L'Histoire du chameau qui pleure","65 250"
"Histoire de trois amours","-"
"L'Histoire de Souleymane","126 075"
"L'Histoire de Pierra","-"
"Histoire de Marie et Julien","19 497"
"L'Histoire de ma femme","21 259"
"Histoire de la vitesse","-"
"L'Histoire de l'Amour","62 398"
"Histoire de Judas","12 980"
"Histoire de détective","-"
"Histoire d'un regard","17 777"
"Histoire d'un amour","-"
"Histoire d'O","-"
"L'Histoire d'Adèle H.","-"
"Hirune hime, rêves éveillés","8 931"
"L'Heure zéro","240 164"
"L'Heure magique","-"
"L'Heure du crime","8 677"
"L'Heure du cochon","-"
"L'Heure des nuages","N/A"
"L'Heure de la sortie","40 701"
"L'Heure d'été","151 227"
"Herostratus","-"
"Les Héros sont fatigués","-"
"Les Héros n'ont pas froid aux oreilles","-"
"Héros malgré lui","283 387"
"Les Héros de Telemark","-"
"Le Héros de la famille","226 552"
"Héros (1988)","-"
"Héros (1979)","-"
"Héros","8 125"
"Henri","50 567"
"Hénaut Président","3 854"
"Hellraiser 4","-"
"Hellraiser 3","N/A"
"Hellraiser 2 : les écorchés","-"
"Hellraiser","-"
"Hellphone","172 357"
"Hello Goodbye","55 850"
"Hello Dolly","-"
"Hellé","-"
"Hellboy II les légions d'or maudites","408 413"
"Hellboy (2019)","152 683"
"Hellboy","337 501"
"Hell Driver","145 778"
"Hell","71 287"
"Helga, la vie intime d'une jeune femme","-"
"Helga et Michael: De la vie intime du couple","-"
"Hélène de Troie","-"
"Hélas pour moi","27 784"
"Hatchi","95 198"
"Hatari","-"
"Hasta la vista","37 253"
"Hasards ou coïncidences","98 601"
"Le Hasard et la violence","-"
"Harvey Milk","235 246"
"Harvard Story","75 111"
"Harvard à tout prix","N/A"
"Harry, un ami qui vous veut du bien","60 318"
"Harry Potter et les reliques de la mort - partie 2","3 129 485"
"Harry Potter et les reliques de la mort - partie 1","2 537 450"
"Harry Potter et le prisonnier d'Azkaban","2 503 699"
"Harry Potter et le Prince de sang-mêlé","2 882 397"
"Harry Potter et la coupe de feu","3 088 796"
"Harry Potter et la chambre des secrets","2 728 766"
"Harry Potter et l'Ordre du Phénix","2 486 291"
"Harry Potter à l'école des sorciers","2 316 734"
"Harry dans tous ses états","417 673"
"Happy End (2017)","45 026"
"Happy End","14 953"
"Happy Birthdead 2 You","159 080"
"Happy Birthdead","230 654"
"Happy Birthday (2019)","N/A"
"Happy Birthday","N/A"
"Happiness Therapy","283 208"
"Happiness","-"
"Hanuman","219 596"
"Hantise","430 531"
"Hanté par ses ex","80 886"
"Hansel et Gretel, agents secrets","N/A"
"Hansel et Gretel","357 266"
"Hans le marin","-"
"Hannibal Lecter : les origines du mal","321 940"
"Hannibal","1 197 707"
"Hannah Montana et Miley Cyrus : le concert événement en 3 D","6 230"
"Hannah Montana - le film","135 334"
"Half Light","2 099"
"Halal police d'Etat","403 883"
"Hairspray (2007)","217 088"
"Hairspray","-"
"Hair","-"
"Haine,amour et trahison","-"
"La Haine","365 426"
"Hail, Hero!","N/A"
"HAIKYÛ !! La Guerre des Poubelles","64 242"
"Hacker","92 018"
"Les Habitants","30 028"
"L'Habilleur","N/A"
"Habib, la grande aventure","-"
"Habemus Papam","190 066"
"H6","11 838"
"H2G2: Le Guide du voyageur galactique","240 257"
"H Story","-"
"H H H, portrait de Hou Hsiao-Hsien","-"
"Gangsters","146 168"
"Gangsterdam","215 260"
"Le Gangster, le flic & l'assassin","56 029"
"Gangster Squad","305 704"
"Gangs of New York","869 475"
"Le Gang des otages","-"
"Le Gang des Newton","N/A"
"Le Gang des frères James","-"
"Le gang des BMX","-"
"Le Gang des Antillais","18 079"
"Falling","57 572"
"Fallait pas!","340 090"
"Fall (2022)","N/A"
"Falcon Lake","12 118"
"Falbalas","-"
"Faites-moi confiance","-"
"Faites-le avec les doigts","N/A"
"Faites sauter la banque","-"
"Faites le mur","35 124"
"L'Héroïque Monsieur Boniface","-"
"Faites donc plaisir aux amis","-"
"Fait d'hiver","-"
"Fais-moi plaisir","61 272"
"Fais-moi des vacances","24 642"
"Fais gaffe à la gaffe","-"
"Gang de requins","630 561"
"Le Gang Anderson","-"
"Le Gang","-"
"Gandhi","-"
"Les Gamins","462 231"
"Gamines","39 147"
"La Gamine","-"
"Le Gamin au vélo","107 763"
"Gamer (2001)","77 778"
"Game Night","75 209"
"Gambit, arnaque à l’anglaise","69 734"
"La Gamberge","-"
"Galveston","15 958"
"Gallows","68 730"
"Gallipoli","-"
"Galindez","383"
"Galia","-"
"Fantomas se déchaîne","-"
"Fantomas contre Scotland Yard","-"
"Fantomas","-"
"Les Fantastiques livres volants de M. Morris Lessmore","6 274"
"Fantastic Mr. Fox","128 167"
"Les Fantasmes","60 910"
"Fantasmes","-"
"Fantasia chez les ploucs","-"
"Fantasia 2000","111 237"
"Fantasia","-"
"Les Fant4stiques","657 288"
"Fanny et Alexandre","-"
"Fanny (1962)","-"
"Fanny","49 438"
"Fanfan la Tulipe","473 568"
"Fanfan la Tulipe (1952)","-"
"Fanfan","188 577"
"Fandango (1949)","-"
"Le Fan","96 995"
"Fan","4 000"
"Family Man","155 673"
"Family Switch","N/A"
"Family Life","-"
"La Famille Wolberg","23 462"
"Family Business","-"
"La Famille Trapp en Amérique","-"
"La Famille Trapp","-"
"La Famille Tenenbaum","148 781"
"La Famille Suricate","57 717"
"La Famille Savage","10 858"
"Famille recomposée","N/A"
"La Famille Pierrafeu","165 655"
"Fatal games","-"
"Fatal Beauty","N/A"
"Fatal","376 835"
"Fat City - La Dernière chance","-"
"Fat Albert","2 589"
"Fastlife","194 754"
"Faster","31 302"
"Fast Times at Ridgemont High","N/A"
"Fast Food, Fast Women","45 438"
"Fast Food Nation","35 285"
"Fast and Furious","378 261"
"Fast & Furious X","1 140 846"
"Fast & Furious : Hobbs & Shaw","1 131 141"
"Fast & Furious 9","1 301 589"
"Fast & Furious 8","1 861 108"
"Fast & Furious 7","2 158 508"
"Fast & Furious 6","1 546 806"
"Fast & Furious 5","1 179 765"
"Fast & Furious 4","1 020 741"
"Fast & Furious 3: Tokyo Drift","320 808"
"Fast","-"
"Fashion victime","86 639"
"Fashion maman","5 670"
"Farinelli","213 187"
"Fario","13 114"
"Farang","79 426"
"Fargo","125 303"
"Le Far West","-"
"Far from Home","N/A"
"Fantômes en fête","-"
"Les Fantômes d’Ismaël","173 994"
"Les Fantômes du Titanic","16 247"
"Les Fantômes du passé","N/A"
"La Favorite","166 719"
"Favelas","67 254"
"Faux témoin","-"
"Faux-semblants","-"
"Les Faux jetons","-"
"Faux frères, vrais jumeaux","15 151"
"Faux et usage de faux","-"
"Les Faux durs","-"
"Le Faux Coupable","-"
"Faux amis","38 076"
"Les Fauves (2019)","11 662"
"Les Fauves","-"
"Le Fauve est lâché","-"
"Le Fauve","-"
"Les Fautes d'orthographe","121 973"
"Fauteuils d'orchestre","601 163"
"Faute de preuves","-"
"La Faute de l'abbé Mouret","-"
"Faute d'amour","68 330"
"La Faute à Voltaire","-"
"Faut trouver le joint","N/A"
"Faut s'faire la malle","N/A"
"Faut que ça danse !","122 819"
"Faut pas prendre les enfants du bon dieu pour des canards sauvages","-"
"Faut pas lui dire","103 484"
"Faut pas jouer avec les vierges","-"
"Faut pas en faire un drame","-"
"Fausto","18 448"
"Faustine, apôtre de la miséricorde","13 763"
"Faustine et le bel été","-"
"Fausta","11 403"
"Faust","23 835"
"La Femme et le pantin","-"
"La Femme est l'avenir de l'homme","18 505"
"La Femme en bleu","-"
"La Femme du Vème","23 602"
"La Femme du prêtre","N/A"
"La Femme du pasteur","N/A"
"La Femme du Gange","N/A"
"La Femme du ferrailleur","2 171"
"La Femme du déserteur","N/A"
"La Femme des steppes, le flic et l'oeuf","18 400"
"La Femme du cosmonaute","28 661"
"La Femme défendue","-"
"La Femme de Tchaïkovski","79 463"
"La Femme de paille","-"
"La Femme de mon pote","-"
"La Femme de mon frère","66 137"
"La Femme de mes amours","-"
"La Femme de ma vie","-"
"La Femme de l'aviateur","-"
"La Femme de l'autre","-"
"La Femme de Jean","-"
"La Femme de Gilles","18 485"
"La Femme de chambre du Titanic","-"
"La Femme aux chimères","-"
"La Femme d'à côté","-"
"La Femme aux bottes rouges","-"
"La Femme à la fenêtre","N/A"
"La Femme au tableau","101 006"
"La Femme à abattre","-"
"Fellini: Je suis un grand menteur","2 142"
"Fermer les yeux","14 004"
"La Ferme, une comédie bio","469"
"La Ferme se rebelle","222 382"
"La Ferme en folie","160 674"
"La Ferme du pendu","-"
"La Ferme du mauvais sort","N/A"
"La Ferme des Bertrand","61 087"
"Ferdinand","455 707"
"La Ferme de la terreur","-"
"Fenêtre sur Pacifique","-"
"Fenêtre sur cour","-"
"Fenêtre secrète","277 963"
"La Fenêtre d'en face","4 206"
"Fences","65 336"
"Les Femmes… ou les enfants d'abord","116 162"
"Femmes sans nom","-"
"Les Femmes du square","105 828"
"Les Femmes sont marrantes","-"
"Les Femmes du général","-"
"Les Femmes du Bus 678","61 176"
"Les Femmes du 6e étage","502 481"
"Les Femmes de ses rêves","266 966"
"Les femmes s'en balancent","-"
"Femmes de Paris","-"
"Femmes de médecins","-"
"Femmes de personne","-"
"Les Femmes de l'ombre","285 711"
"Femmes du Caire","15 844"
"Femmes dans la nuit","-"
"Femmes damnées","-"
"Femmes d'un été","-"
"Les Femmes d'abord","-"
"La Fièvre de l'or","-"
"La Fièvre dans le sang","-"
"La Fièvre d'aimer","-"
"La Fièvre au corps","-"
"Fièvre à Columbus University","-"
"Fievel au Far-West","-"
"Fievel et le nouveau monde","-"
"La Fière Tzigane","-"
"Le Fier Rebelle","-"
"Fido","15 238"
"La Fidélité","100 325"
"Fidelio, l’odyssée d’Alice","20 627"
"Le Fidèle Vagabond","-"
"Le Fidèle","33 044"
"La Fiancée syrienne","32 019"
"La Fiancée du poète","67 913"
"La Fiancée qui venait du froid","-"
"La Fiancée du pirate","-"
"La Fiancée du désert","13 915"
"La Fiancée de Chucky","183 410"
"La Fiancée de Papa","-"
"Les Feux sauvages","13 803"
"Feux rouges","97 872"
"Les Feux de la rampe","-"
"Les Feux de la nuit","-"
"Les Feux de la Chandeleur","-"
"Les Feux de l'été","-"
"Les Feux de l'enfer","-"
"Feux croisés","-"
"Les Feuilles mortes","111 219"
"Le Feu sur la glace","N/A"
"Le Feu de Saint-Elmo","N/A"
"Les Filles de Grenoble","-"
"Les Filles d'Avril","21 242"
"Filles de bonne famille","1 069"
"La Fille sur la banquette arrière","N/A"
"La Fille sur le pont","154 881"
"La Fille qui croyait aux miracles","N/A"
"La Fille seule","-"
"La Fille Inconnue","84 067"
"La Fille prodigue","-"
"La Fille en rouge","N/A"
"La Fille d’un grand amour","46 818"
"La Fille d’Albino Rodrigue","10 538"
"La Fille du train","256 506"
"La Fille du RER","107 837"
"La Fille du puisatier","468 552"
"La Fille du patron","23 064"
"La Fille du fleuve","-"
"La Fille du 14 Juillet","13 014"
"La Fille de tes rêves","7 165"
"La Fille de son père (2023)","31 016"
"La Fille de son père","2 895"
"La Fille de Ryan","-"
"La Fille de Monaco","305 632"
"La Fille de la rue Petrovka","N/A"
"La Fille de la jungle","-"
"La Fille de Hambourg","-"
"La Fille de d'Artagnan","552 961"
"La Fille de Brest","167 114"
"La Fille de 15 ans","-"
"La Fille dans la vitrine","-"
"Fille dangereuse","-"
"La Fille d'un soldat ne pleure jamais","-"
"La Fine fleur","116 388"
"La Fine équipe","13 666"
"Finch","N/A"
"Finalement","77 007"
"La Finale","244 610"
"Final Fantasy, les créatures de l'esprit","774 733"
"Final Cut (2005)","56 020"
"Final Cut","-"
"La Fin des temps","511 835"
"Fin de partie","5 043"
"La Fin de Freddy - L'Ultime cauchemar","-"
"La Fin d'une liaison","36 513"
"Fin août, début septembre","65 035"
"Les Fils du vent","324 144"
"Le Fils préféré","100 815"
"Le Fils du Mékong","-"
"Le Fils du Mask","196 506"
"Les Fils du dragon","-"
"Le Fils du Français","171 452"
"Le Fils du Cqpitaine Blood","-"
"Le Fils du cheik","-"
"Les Fils des Mousquetaires","-"
"Le Fils de Zorro","-"
"Le Fils de Spartacus","-"
"Le Fils de Saul","85 022"
"Le Fils de Robin des Bois","-"
"Le Fils de Lagardère","-"
"Le Fils de personne","-"
"Le Fils de la panthère rose","N/A"
"Les Fils de l'homme","128 672"
"Le Fils de l'épicier","78 001"
"Finestkind","N/A"
"Le Fils de l'autre","88 017"
"La Fleur de l'âge (1966)","N/A"
"La Fleur de l'âge","89 871"
"Fleur de cactus","-"
"La Fleur de Buriti","13 764"
"Fleur d'oseille","-"
"Fleur bleue","N/A"
"Fletch","N/A"
"Flesh and Bone","-"
"Flesh","-"
"Flee","14 556"
"La Flèche noire de Robin des bois","-"
"La Flèche et le flambeau","-"
"La Flèche brisée","-"
"Flashdance","-"
"Flash Gordon","-"
"Flandres","32 293"
"Flammes sur l'Asie","-"
"Flammes sur l'Adriatique","-"
"Flamenco","-"
"La Flambeuse de Las Vegas","-"
"Les Flambeurs","-"
"Flagrant délire","7 540"
"Flag Day","36 741"
"Flag","-"
"Five Thirteen","24 342"
"Five Minutes Of Heaven","-"
"Five Nights at Freddy's","493 993"
"Five Corners","N/A"
"Five","237 226"
"Fitzcarraldo","-"
"Fiston","921 751"
"Fist of Legend","111 509"
"La Foire des ténèbres","N/A"
"La Foire aux cancres","-"
"Fog (2006)","73 105"
"La Foire aux illusions","N/A"
"Fog","-"
"Fly Me to the Moon","101 548"
"La Flûte enchantée (2006)","21 658"
"La Flûte enchantée","-"
"La Flûte à six Schtroumpfs","-"
"Flubber","301 651"
"Flow: Le chat qui n'avait plus peur de l'eau","150 499"
"Floride","177 102"
"Florence Foster Jenkins","55 876"
"Flora and Son","N/A"
"La Flor","4 077"
"Flo","149 707"
"Flirter avec les embrouilles","22 432"
"Flipper","95 215"
"Les Flingueuses","151 684"
"Le Flingueur (2011)","122 671"
"Le Flingueur","-"
"Flight to Fury","N/A"
"Flight Plan","379 588"
"Flight","274 127"
"Les Flics ne dorment pas la nuit","-"
"Les Flics de Miami","-"
"Flicka","1 104"
"Flic story","-"
"Flic ou Zombie","N/A"
"Flic ou voyou","-"
"Le Flic était presque parfait","-"
"Flic et rebelle","N/A"
"Forever, Lulu","N/A"
"Forever Young","285 642"
"Forever Mine","76"
"La Forêt enchantée","12 879"
"La Forêt de Quinconces","7 910"
"La Forêt de mon père","4 542"
"La Forêt de Mogari","29 385"
"La Forêt d'émeraude","-"
"Forces spéciales","133 098"
"La Forêt contre-attaque","72 392"
"Forces de la nature","7 325"
"Force majeure","-"
"La Force du silence","-"
"Force de frappe","N/A"
"Les Forçats de la gloire","-"
"For Your Consideration","616"
"For the Boys","-"
"Footloose (2011)","977"
"Footloose","-"
"Foon","31 920"
"Fool for Love","-"
"Food, Inc.","1 622"
"Food of Love","-"
"Fonzy","226 676"
"La Fontaine fait son cinéma","10 733"
"Fondu au noir","-"
"Le Fondateur","45 991"
"Follow_dead","35 528"
"Following (Le suiveur)","-"
"Folles de lui","N/A"
"Folles de joie","47 709"
"Les Folles années du twist","-"
"Franck Spadone","-"
"Le Franciscain de Bourges","-"
"Francis dans la marine","N/A"
"Les Francis","205 642"
"Frances Ha","56 547"
"Frances","-"
"France Société Anonyme","-"
"France Boutique","222 611"
"France","75 033"
"La France","8 542"
"La Française et l'amour","-"
"Française","38 233"
"Franc-parler","N/A"
"Frames from the Edge","N/A"
"Les Fragments d'Antonin","14 647"
"Fragments","N/A"
"Fragile(s)","92 736"
"La Fracture du myocarde","-"
"La Fracture (2021)","119 307"
"La Fracture","N/A"
"Foxtrot","25 961"
"Foxfire, confessions d'un gang de filles","57 769"
"Foxcatcher","80 741"
"Les Fous du stade","-"
"Les Fous du roi","26 161"
"Fous d'Irène","383 417"
"Fourbi","-"
"Fourmiz","421 717"
"Les Fourberies de Scapin","-"
"Fourmi","64 216"
"Le Fou du labo IV","-"
"Francofonia, le Louvre sous l’Occupation","11 236"
"Le Fou du cirque","-"
"Frère des ours","706 876"
"Fréquence meurtre","-"
"Fréquence Interdite","117 703"
"Frenzy","-"
"Frénésie d'été","N/A"
"French Lover","-"
"French Postcards","-"
"French Kiss","204 462"
"French Connection II","-"
"French cancan","-"
"French Connection","-"
"La French","521 078"
"Freeway","96 657"
"Freejack","-"
"Free Zone","31 502"
"Free State of Jones","68 009"
"Free Speech, Parler sans peur","525"
"Free Love","25 790"
"Free Guy","174 093"
"Free Dance","82 192"
"Free Fire","6 650"
"Free Angela and All Political Prisoners","12 145"
"Freddy sort de la nuit","-"
"Freddy contre Jason","211 082"
"Freddy 5 - L'enfant du cauchemar","-"
"Freddy 3, Les Griffes du cauchemar","-"
"Freddy - Les Griffes de la nuit (2010)","292 939"
"Freda","11 074"
"Fred","47 542"
"Freaky Friday - Dans la peau de ma mère","243 106"
"Freaky","33 783"
"Freaks Out","23 855"
"Full Metal Jacket","-"
"Full River Red","2 267"
"Full Frontal","38 841"
"Full Contact","-"
"Fugueuses","-"
"Les Fugueurs","-"
"Fugues marocaines","N/A"
"La Fugue de Monsieur Perle","-"
"La Fugue","-"
"Les Fugitifs","-"
"Le Fugitif","633 114"
"Fucking Åmål","-"
"Fucking Fernand","-"
"Fruitvale Station","20 720"
"Le Fruit défendu","-"
"Frozen River","41 824"
"Frou-Frou","-"
"Frost Nixon L'Heure de vérité","31 005"
"Frost","2 355"
"Frontière(s)","54 605"
"Frontière interdite","N/A"
"From Paris With Love","201 554"
"From Hell","281 170"
"Froide vengeance","N/A"
"Fritz le chat","-"
"Fritz Bauer, un héros allemand","35 037"
"Frissons","-"
"Fripouillards et compagnie","-"
"Fright Night","107 771"
"Friends With Money","50 924"
"Friend Request","66 114"
"Friends with Kids","65 517"
"F… comme Fairbanks","-"
"Futures Vedettes","-"
"FX, effets de choc","N/A"
"Future Cop","N/A"
"Futur immédiat Los Angeles 1991","-"
"Fusion - The Core","105 390"
"Fusillé à l'aube","-"
"Le Fusil de bois","-"
"Furyo","-"
"Fury","339 311"
"Furiosa: une saga Mad Max","358 804"
"Furtif","185 384"
"La Furie du karaté","N/A"
"La Furie du désir","-"
"Furie","-"
"Furia a Bahia pour OSS 117","-"
"Furia","6 774"
"La Fureur du juste","-"
"La Fureur du dragon","-"
"La Fureur du danger","-"
"La Fureur des hommes","-"
"La Fureur de vivre","-"
"La Fureur de vaincre","-"
"Fureur Apache","-"
"Fureur","34 957"
"Le Furet","37 912"
"Fur : un portrait imaginaire de Diane Arbus","23 348"
"Fuocoammare, par-delà Lampedusa","17 744"
"Funny People","34 650"
"Funny Lady","-"
"Funny Girl","-"
"Funny Games U.S.","52 136"
"Funny Games (1998)","-"
"Funny Bones - Les Drôles de Blackpool","-"
"Funan","9 141"
"Full Tilt Boogie","-"
"Frida","102 767"
"Fumer fait tousser","87 446"
"Les Frères McMullen","-"
"Les Frères Pétard","-"
"Fresa y Chocolate","17 427"
"Les Frères Sisters","298 782"
"Fresh","-"
"Les Frères Grimm","506 944"
"Les Frères Sœur","-"
"Frères Ennemis","100 281"
"Freud, passions secrètes","-"
"Frères de sang","N/A"
"Frères de sang (2005)","24 313"
"Frères du désert","7 397"
"Les Frères Karamazov","-"
"Frères","233 838"
"Frère et soeur","73 784"
"Frère Noël","6 246"
"Le Frère du guerrier","204 270"
"Fratè","36 400"
"Franz","-"
"Frantz","161 533"
"Frantic","-"
"Franklin et le trésor du lac","67 968"
"Frankie Starlight","N/A"
"Frankie et Johnny","-"
"Frankie (2019)","40 611"
"Frankie","4 491"
"Frankenweenie","326 230"
"Frankenstein Junior","-"
"Frankenstein 90","-"
"Frankenstein","510 869"
"Frank","4 525"
"Frangins malgré eux","21 139"
"Francorusse","-"
"François Truffaut, portraits volés","-"
"Le Fou de guerre","-"
"Fortunata","15 405"
"Fortunat","-"
"Fortuna","14 234"
"Fortress 2 : réincarnation","39 055"
"Fortress (2022)","N/A"
"Fortress","327 787"
"La Forteresse noire","-"
"Forte","N/A"
"Fort Saganne","-"
"Fort du fou","-"
"Fort Bravo","-"
"Forrest Gump","500 885"
"La Formule","-"
"La Forme de l'eau - The Shape of Water","334 932"
"Forgotten Silver","-"
"Forgiven","16 112"
"Forget Paris","-"
"La Folle journée de Ferris Bueller","-"
"La Folle histoire du monde","-"
"La Folle Histoire de Max et Léon","102 223"
"La Folle histoire de l'espace","-"
"La Folle histoire d'amour de Simon Eskenazy","32 753"
"La Folle escapade","-"
"Folle embellie","-"
"Folle d'elle","76 614"
"Folle à tuer","-"
"Folies-Bergères","-"
"Les Folies fermières","64 286"
"Folies d'Avril","-"
"Les Folies bourgeoises","-"
"La Folie du roi George","-"
"La Folie douce","-"
"La Folie des hommes","41 320"
"La Folie des grandeurs","-"
"La Folie aux trousses","N/A"
"Le Flic de San Francisco","297 659"
"Flic de haut vol","140 162"
"Le Flic de Beverly Hills : Axel F.","N/A"
"Le Flic de Beverly Hills 3","709 142"
"Le Flic de Beverly Hills 2","-"
"Le Flic de Beverly Hills","-"
"Le Flic de Belleville","248 868"
"La Flibustière des Antilles","-"
"Le Fleuve de la mort","N/A"
"Fleuve noir","117 809"
"Les Fleurs du soleil","N/A"
"Les Fleurs de Shangaï","-"
"La Fleur du mal","445 798"
"Les Fleurs bleues","12 843"
"Fleur du désert","66 699"
"Fleur de Tonnerre","19 031"
"First Man - le premier homme sur la Lune","318 668"
"Fleur de poison","N/A"
"La Fleur de mon secret","127 749"
"Fisherman's Friends","11 797"
"Fisher King","-"
"Fish Tank","66 606"
"Fish and Chips","55 344"
"First Love","N/A"
"First Date","13 067"
"First Cow","26 646"
"La Firme","323 950"
"Fireworks","8 266"
"Firewall","77 647"
"Firestarter (2022)","75 109"
"Firelight","92 425"
"Fire Birds","-"
"Firefox, l'Arme absolue","-"
"Fire","N/A"
"Fiorile","24 711"
"Le Fils de Joseph","13 050"
"Le Fils de Jean","108 116"
"Le Fils de Géronimo","-"
"Le Fils de Chucky","94 206"
"Le Fils de Caroline chérie","-"
"Le Fils à Jo","338 436"
"Le Fils d'Elias","26 041"
"Le Fils (1973)","-"
"Le Fils","79 989"
"Filles uniques","82 786"
"Film Socialisme","8 955"
"Filles perdues, cheveux gras","132 932"
"Les Filles d’Olfa","39 587"
"Les Filles du soleil","21 474"
"Les Filles du régiment","-"
"Les Filles du Docteur March","242 663"
"Les Filles du botaniste","50 488"
"Filles de joie","-"
"La fille coupée en deux","247 078"
"La Fille aux yeux gris","-"
"La Fille au bracelet","144 499"
"La Fille à la casquette","-"
"Le Fil du rasoir","-"
"Le Fil à la patte","-"
"Le Fil","212 457"
"Les Figures de l'ombre","230 488"
"Fighting","13 749"
"Fighter (2024)","-"
"Fight Club","381 606"
"Fighter","137 534"
"Fifi","17 284"
"La Fièvre monte à El Pao","-"
"La Fièvre du samedi soir","-"
"La Fièvre du roller","393"
"La Fièvre du pétrole","-"
"Feu de glace","43 231"
"La Fièvre de Petrov","8 947"
"Le Feu aux poudres","-"
"Feu à volonté","-"
"Les Fêtes galantes","-"
"La Fête sauvage","-"
"La Fête est finie","15 659"
"La Fête des pères","-"
"La Fête des mères","76 125"
"Fête de famille","153 691"
"La Fête à Henriette","-"
"Festin de requin","N/A"
"Le Festin nu","-"
"Le Festin de Babette","-"
"Festen","53 769"
"Ferrari","N/A"
"Féroce","16 793"
"Fernand Cowboy","-"
"Fernand clochard","-"
"Femmes coupables","-"
"Femmes au bord de la crise de nerfs","-"
"Les Femmes au balcon","45 741"
"Les Femmes","-"
"La Femme-spectacle","N/A"
"La Femme secrète","-"
"Femme sans passé","-"
"La Femme qui pleure","-"
"La Femme qui est partie","2 704"
"La Femme publique","-"
"La Femme invisible","4 703"
"La Femme intégrale","N/A"
"La Femme infidèle","-"
"La Femme gauchère","N/A"
"La Femme flic","-"
"Femme Fatale","69 330"
"La Femme fardée","-"
"Femme et Mari","161"
"Fellini Roma","-"
"Félix et Meira","18 340"
"Félix et Lola","39 322"
"Félins, le royaume du courage","206 683"
"Les Félins","-"
"La Féline (1942)","N/A"
"La Féline","-"
"Félicité","23 628"
"La Felicita, le bonheur ne coûte rien","-"
"Felicità","13 933"
"Félicie Nanteuil","-"
"Fêlés","63 362"
"Feeling Minnesota","-"
"Les Feebles","-"
"Fée malgré lui","1 605"
"La Fée blanche","-"
"La Fée","30 940"
"Fedora","-"
"Fear","44 603"
"La Fayette","-"
"Fausses rumeurs","68 705"
"La Fausse suivante","-"
"Fausse donne","-"
"Les Faussaires de Manhattan","48 604"
"Les Faussaires (2008)","17 545"
"Les Faussaires","58 097"
"Le Faussaire","-"
"Faussaire","31 206"
"Les Faucons de la nuit","-"
"La Faucon maltais","-"
"Le Faucon","-"
"Faubourg 36","438 976"
"Fatso","N/A"
"Fatima (2021)","12 767"
"Fatima","66 812"
"Fathers & Sons","N/A"
"Fatherland","-"
"Fatale","-"
"Les Fantômes du chapelier","-"
"Les Fantomes de Goya","24 919"
"Fantômes contre fantômes","99 119"
"Les Fantômes","53 857"
"Le Fantôme du Bengale","42 495"
"Le Fantôme de Zorro","-"
"Le Fantôme de Sarah Williams","26 822"
"Le Fantôme de mon ex-fiancée","N/A"
"Le Fantôme de Milburn","N/A"
"Le Fantôme de la liberté","-"
"Le Fantôme de l'Opéra (1999)","31 542"
"Le Fantôme de l'Opéra (1990)","-"
"Le Fantôme de l'Opéra","81 562"
"Le fantôme de Barbe Noire","-"
"Le Fantôme de Cat Dancing","-"
"Le Fantôme de Canterville","169 473"
"Fantôme avec chauffeur","169 191"
"La Famille Jones","46 019"
"La Famille Hennedricks","120 211"
"La Famille Foldingue","327 112"
"La Famille Fenouillard","-"
"La Famille Fang","N/A"
"La Famille Delajungle","96 786"
"La Famille Bélier","972 689"
"La Famille Addams 2 : une virée d'enfer","156 133"
"La Famille Asada","51 420"
"La Famille Addams (2019)","325 851"
"La Famille Addams","-"
"Famille à louer","2 615"
"La Famille","-"
"La Fameuse invasion des ours en Sicile","57 404"
"Fame (2009)","284 464"
"Fame","-"
"Falling in Love Again","N/A"
"Falling in Love","-"
"Les Galettes de Pont Aven","-"
"La Galette des rois","-"
"Les Galets d'Etretat","-"
"Fais de beaux rêves","42 042"
"Fais comme chez toi!","-"
"Fair Play","51 246"
"Fair Game (2010)","117 377"
"Fair Game","105 531"
"La Faille","327 920"
"Faibles femmes","-"
"Fahrenheit 9/11","622 659"
"Fahrenheit 451","-"
"Fahim","115 825"
"Factotum","15 075"
"Le Facteur sonne toujours deux fois","-"
"Le facteur s'en va-t-en guerre","-"
"Le Facteur","161 239"
"La Face cachée de Margo","210 483"
"Faces","-"
"La Face cachée","58 107"
"Face à face (1992)","-"
"Face au crime","-"
"Les Galères de Charlie Brown","N/A"
"Galaxy Quest","7 309"
"Galactica, la bataille de l'espace","-"
"GAL","33 872"
"Gainsbourg - (vie héroïque)","511 713"
"La Gagne","N/A"
"Les Gags de la marine","N/A"
"Les Gagnants","35 199"
"Le Gagnant","-"
"Gadjo Dilo","61 438"
"Gagarine","26 007"
"Gadar 2","N/A"
"Gabrielle (2013)","27 238"
"Gabrielle","103 731"
"Gabriel et la montagne","28 951"
"G.I. Joe : Conspiration","437 058"
"G.I. Joe - Le réveil du Cobra","463 111"
"Face à face","-"
"Face","70 169"
"Le Fabuleux destin de Madame Petlet","-"
"Le Fabuleux destin d'Amélie Poulain","1 185 945"
"La Fabuleuse histoire de Mickey","-"
"La Fabuleuse histoire de Donald et des castors juniors","-"
"La Fabuleuse Gilly Hopkins","6 841"
"La Fabuleuse aventure de Marco Polo","-"
"La Fabrique du mensonge","24 638"
"La Fabrique des sentiments","53 087"
"Les Fables de Monsieur Renard","3 942"
"Fabiola","-"
"F1","N/A"
"F/X2, effets très spéciaux","N/A"
"F.I.S.T.","-"
"F.B.I fausses blondes infiltrées","129 829"
"G.H.B.","112"
"F comme Flint","-"
"L'Economie du couple","58 616"
"L'Ecole pour tous","137 261"
"Ecole paternelle","203 655"
"Ecole paternelle 2","22 729"
"L'Ecole fantastique, Sky High","N/A"
"L'Ecole est finie (2018)","60 500"
"L'Ecole est finie","-"
"L'Ecole est à nous","112 901"
"L'Ecole du bout du monde","15 192"
"L'Ecole des lapins","13 580"
"L'Ecole des jeunes mariés","N/A"
"L'école des héros","N/A"
"L'Ecole des cocottes","-"
"L'Ecole des dragueurs","13 433"
"L'Ecole de la chair","80 901"
"L'Ecole buissonnière (2017)","351 303"
"L'Ecole buissonnière","-"
"L'Eclipse","-"
"L'Eclair noir","1 552"
"Echoes of a Summer","N/A"
"Eclair de lune","-"
"Echo","69 118"
"Echo Park, L.A.","17 363"
"L'Echine du diable","42 461"
"L'Echelle de Jacob","-"
"Échec et mort","N/A"
"Echec au roi","-"
"Echec au porteur","-"
"Echec au hold-up","-"
"Echec à la Gestapo","-"
"Echec à Borgia","-"
"Echec à l'organisation","-"
"Echappement libre","-"
"Ecoute le temps","1 750"
"El cielito","9 585"
"El Clan","46 592"
"El Chino","14 710"
"El buen patrón","57 333"
"El Autor","N/A"
"Ek Villain","N/A"
"Einstein Junior","-"
"Eiffel","408 803"
"Eh mec, elle est où ma caisse ?","64 071"
"Les Egouts du paradis","-"
"Egon Schiele","15 624"
"Eglantine","-"
"Les Egarés","182 181"
"Effroyables jardins","308 054"
"L'Effrontée","-"
"Effraction (2011)","101 567"
"Effraction","-"
"Effets spéciaux","-"
"Effets secondaires","198 310"
"L'Effet papillon","238 772"
"L'Effet aquatique","69 876"
"L'Effaceur","583 598"
"Effacer l’historique","256 355"
"Edy","11 757"
"Edward aux mains d'argent","49 229"
"L'Educatrice et le tyran","-"
"L'Education de Rita","-"
"Education anglaise","-"
"L'Education amoureuse de Valentin","-"
"Edouard et Caroline","-"
"El Club","15 007"
"Edmond","247 500"
"Elle s'en va","128 354"
"Elle s'appelle RUBY","27 469"
"Elle s'appelait Sarah","255 461"
"Elle n'a dansé qu'un seul été","-"
"Elle l'adore","204 698"
"Elle et moi","-"
"Elle et lui au 14ème étage","-"
"Elle et lui","-"
"Elle est trop bien","145 278"
"Elle court, elle court, la banlieue","-"
"Elle cause plus, elle flingue","-"
"Elle boit pas, elle fume pas, elle drague pas, mais… elle cause","-"
"Elle (1980)","-"
"Elle","213 665"
"Ella au pays enchanté","1 754"
"Elizabeth : l'âge d'or","61 154"
"Elizabeth","-"
"Eliza's Horoscope","N/A"
"L'Elite de Brooklyn","192 641"
"Elise ou la vraie vie","-"
"Elisa, vida mia","-"
"Elisa","563 314"
"Elio","N/A"
"Les Elfkins : Opération pâtisserie","68 039"
"Elfe","50 834"
"L'Elève Ducobu","353 369"
"L'Elève","-"
"Elephant man","-"
"Elephant","246 419"
"Eléonore","20 445"
"Eleni","-"
"Elena et les hommes","-"
"L'Empire","48 695"
"L'Empereur et l'assassin","9 881"
"L'Empereur de Paris","268 859"
"L'Empereur","112 978"
"Les Emotifs anonymes","321 969"
"Emmett Till","31 818"
"L'Emmerdeur (2008)","144 299"
"L'Emmerdeur","-"
"Emmenez-moi","18 063"
"Emmène-moi","-"
"Emmanuelle V","-"
"Emmanuelle IV","-"
"Emmanuelle II","-"
"Emmanuelle au 7ème ciel","N/A"
"Emmanuelle 6","N/A"
"Emmanuelle (2024)","44 381"
"Emmanuelle","-"
"Emma Peeters","239"
"Emma l'entremetteuse","-"
"Emily Dickinson, A Quiet Passion","25 459"
"Emily","47 695"
"Emilie Jolie","64 428"
"Emilia Perez","256 771"
"Les Emigrants","-"
"Emile l'Africain","-"
"Embuscade","N/A"
"L'Embrouille est dans le sac","-"
"Embraye, bidasse, ça fume","-"
"Embrassez qui vous voudrez","480 951"
"Embrasse-moi, je te quitte","N/A"
"Embrasse-moi vampire","-"
"Embrasse-moi Pasqualino","-"
"En plein cauchemar","N/A"
"En patrouille","-"
"En même temps","70 112"
"En marge de l'enquête","-"
"En Mai, fais ce qu'il te plaît","109 773"
"En mai fais ce qu'il te plait","-"
"En liberté !","328 195"
"En légitime défense","-"
"En Guerre","100 977"
"En fanfare","446 772"
"En face","-"
"En équilibre","171 786"
"En eaux troubles (2018)","710 798"
"En effeuillant la marguerite","-"
"En eaux troubles","N/A"
"En eaux (très) troubles","696 823"
"En direct sur EdTV","86 057"
"En corps","332 971"
"En compagnie des hommes","-"
"En cloque mode d'emploi","117 583"
"En chair et en os","140 720"
"En cas de malheur","-"
"En cavale","N/A"
"En bonne compagnie","70 398"
"En avoir (ou pas)","-"
"En avant la musique","-"
"En avant","515 381"
"En attendant les Hirondelles","20 278"
"En attendant le déluge","823"
"En attendant la nuit","12 454"
"En attendant la neige","4 431"
"En Attendant Bojangles","228 476"
"Les Enfants de la chance","24 079"
"Les Enfants de l'amour","-"
"Les Enfants de Belle Ville","17 633"
"Les Enfants (1985)","-"
"Les Enfants","95 639"
"L'Enfant sauvage","-"
"L'Enfant rêvé","30 218"
"L'Enfant qui mesurait le monde","27 911"
"L'Enfant qui voulait être un ours","53 842"
"L'Enfant lion","76 532"
"L'Enfant miroir","-"
"L'Enfant des neiges","-"
"L'Enfant d'en haut","60 208"
"L'Enfant au violon","17 797"
"L'Enfant au grelot","-"
"Enfant 44","66 441"
"L'Enfant","137 403"
"L'Enfance de l'art","-"
"L'Enfance d'un chef","N/A"
"Enfance clandestine","20 221"
"Enemy (1986)","-"
"Enemy","99 480"
"Endurance","21 024"
"Endiablé","168 696"
"End of Watch","67 342"
"End of the Line","N/A"
"Encore un baiser","21 501"
"Encore heureux","224 459"
"Encore","55 600"
"Les Enchaînés","-"
"Encanto, la fantastique famille Madrigal","526 906"
"Les Enfants de la mer","24 250"
"En toute innocence","-"
"L'Ennemie","-"
"L'Ennemi silencieux","-"
"L'Ennemi public N°1","-"
"L'Ennemi dans l'ombre","-"
"L'Ennemi intime","189 075"
"Ennemi d'Etat","605 801"
"L'Ennemi","6 436"
"L'enlèvement de Michel Houellebecq","N/A"
"L'Enlèvement (2023)","85 243"
"L'Enlèvement","36 109"
"L'Enjeu","160 660"
"L'Enigme Velázquez","18 147"
"L'Enigme du Chicago Express","-"
"L'Enigme de Kaspar Hauser","-"
"Enigma (1983)","N/A"
"Engrenages","-"
"Les Engagés","19 609"
"Enfin l'amour","N/A"
"Enfin veuve","619 085"
"Enfermés dehors","255 592"
"L'Enfer est pour les héros","-"
"L'Enfer du dimanche","227 763"
"L'Enfer du devoir","66 707"
"L'Enfer de la violence","-"
"L'Enfer des hommes","-"
"L'Enfer des tropiques","-"
"L'Enfer (2005)","43 689"
"L'Enfer","309 966"
"Les Enfants terribles","-"
"L'Enfer (HG Clouzot)","18 090"
"Enfants non accompagnés","N/A"
"Les Enfants Loups, Ame & Yuki","36 672"
"L'Envol (Scarlet)","14 978"
"L'Envol","6 505"
"Envers et contre tous","N/A"
"Entretien avec un vampire","495 935"
"Entre onze heures et minuit","-"
"Entre ses mains","191 616"
"Entre nos mains","13 478"
"Entre les murs","447 015"
"Entre la vie et la mort","31 723"
"Entre deux rives","132 903"
"Entre les lignes","21 941"
"Entre chiens et loups","77 276"
"Entre ciel et terre","125 175"
"Entre chiens et chats","-"
"Entre les jambes","-"
"Entre amis et voisins","-"
"Entre amis","301 214"
"Entre Les Bras - La cuisine en héritage","12 729"
"Entre adultes","25 104"
"L'Entraînement du champion avant la course","-"
"L'Entourloupe","-"
"Entourage","24 573"
"Enter The Void","19 878"
"L'Entente cordiale","102 968"
"Les Ensorceleuses","158 188"
"Les Ensorcelés","-"
"Ensemble, nous allons vivre une très, très grande histoire d'amour...","64 195"
"Ensemble, c'est tout","657 191"
"Les Enragés","-"
"Ensemble c'est trop","184 397"
"Enragés","40 037"
"Enragé","144 754"
"L'Escadron blanc","-"
"Escadrille Lafayette","N/A"
"Erreur de la banque en votre faveur","304 692"
"Errance","5 744"
"Erotissimo","-"
"Eros thérapie","49 548"
"Eros","25 877"
"Ernest et Célestine en hiver","36 136"
"Ernest et Célestine : le voyage en Charabie","171 967"
"Ernest Shackleton: naufragé de l'Antarctique","5 725"
"Ernest et Célestine","170 049"
"Ernest Cole, photographe","16 050"
"Erin Brockovich","668 065"
"Erik le Viking","-"
"Eric Clapton: Life in 12 Bars","8 937"
"Erendira","-"
"Eraserhead (Labyrinth Man)","-"
"L'Equipier","215 977"
"L'Equipée du Cannonball","-"
"L'Equipée sauvage","-"
"L'Equipe des casse-gueule","N/A"
"L'Equipe de secours, en route pour l'aventure !","2 351"
"Equilibrium","39 646"
"Eragon","792 503"
"Equateur","-"
"Equalizer 3","378 764"
"Equalizer","315 099"
"L'Epreuve de force","-"
"L'Epreuve","29 276"
"L'Epouvantail","-"
"Epouse-moi mon pote","970 435"
"Epouse-moi","-"
"Est-ce bien raisonnable ?","-"
"Est-Ouest","134 148"
"Essential Killing","14 919"
"Essaye-moi","286 519"
"Esquisses de Franck Gehry","4 336"
"L'Esquive","39 062"
"Esprits rebelles","401 050"
"L'Esprit s'amuse","N/A"
"L'Esprit de famille","-"
"L'Esprit de famille (2020)","122 373"
"L'Esprit d'équipe","N/A"
"Esprit de famille","189 085"
"L'Esprit Coubertin","16 103"
"Esprit libre","3 554"
"Les Espions meurent à Beyrouth","-"
"Les Espions de l'aube","N/A"
"Les Espions d'à côté","N/A"
"L'Esprit de Caïn","-"
"Les Espions","-"
"L'Espionne des Ardennes","-"
"Espionne à bord","-"
"Espionnage à Hong Kong","-"
"Espionnage à Bangkok pour U-92","-"
"Espion(s)","205 586"
"L'Espion qui venait du froid","-"
"L'Espion qui m'aimait","-"
"Espion mais pas trop","22 902"
"L'Espion qui m'a larguée","99 529"
"Espion et demi","108 025"
"Espion lève-toi","-"
"L'Étau de Munich","N/A"
"L'Etau","-"
"Les Etats-Unis d'Albert","3 044"
"Etats d'âme","-"
"Etat second","61 817"
"L'Etat sauvage","-"
"Etat des lieux","-"
"L'Etat des choses","-"
"Etat de siège","-"
"Etat de guerre","N/A"
"L'Etat de grâce","-"
"Etat de choc","N/A"
"L'Etalon noir","-"
"L'étalon d'argent","N/A"
"L'Etalon","-"
"L'Établi","27 911"
"Et vogue le navire","-"
"Et vive la liberté","-"
"Et toi, t'es sur qui ?","34 191"
"Et vint le jour de la vengeance","-"
"Et ta soeur","81 813"
"Et soudain, tout le monde me manque","106 713"
"Et si on vivait tous ensemble ?","186 533"
"Et si on le gardait?","N/A"
"Et si c'était vrai","294 433"
"Et Satan conduit le bal","-"
"Et puis nous danserons","12 408"
"Et pour quelques dollars de plus","-"
"Et plus si affinités (1999)","-"
"Et plus si affinités","149 749"
"Et mourir de plaisir","-"
"Et maintenant, on l'appelle El Magnifico","-"
"Etugen","6 651"
"L'Etudiante et Monsieur Henri","194 469"
"L'Etudiante","-"
"Etroite surveillance","-"
"Etreintes brisées","295 775"
"L'Etreinte du serpent","20 309"
"L'Etreinte","9 818"
"Etre prof","3 071"
"Etre sans destin","-"
"Etre et avoir","160 337"
"L'Etrangleur de Boston (2023)","N/A"
"L'Etrangleur de Boston","-"
"L'Etrangère (1992)","-"
"L'Etrangère","19 087"
"Etrange séduction","-"
"L'Etrange pouvoir de Norman","137 124"
"L'Etrange Noël de Mr. Jack","70 658"
"L'Etrange Monsieur Stève","-"
"L'Etrange histoire de Benjamin Button","826 315"
"L'Étrange forêt de Bert et Joséphine","5 197"
"L'Etrange désir de Monsieur Bard","-"
"L'Etrange affaire Angelica","13 094"
"L'Etoile noire","-"
"L'Etoile du Sud","-"
"L'Etoile du soir","-"
"L'Etoile du destin","-"
"L'Etoile du nord","-"
"L'Etoile de Noël","94 568"
"L'Etoile de Laura","15 390"
"L'Etoffe des héros","-"
"Ethan Frome","N/A"
"Etes-vous fiancée à un marin grec ou à un pilote de ligne?","-"
"Les Ex de mon mec","2 245"
"L'Ex de ma vie","119 677"
"Evolution","399 608"
"Les Ex","185 922"
"Evil Dead Rise","235 926"
"Evita","-"
"Evil Dead III - L'Armée des ténèbres","63 433"
"Evil Dead 2","-"
"Evil Dead (2013)","170 913"
"Evil Dead","-"
"Everything, Everything","129 162"
"Everyone else","641"
"Everything Everywhere All At Once","132 121"
"Everybody Wants Some!!","16 837"
"Everybody knows","391 207"
"Everybody Loves Touda","17 684"
"Every Time We Say Goodbye","N/A"
"Every Thing Will Be Fine","32 241"
"Every Breath You Take","N/A"
"Everest (2015)","313 160"
"Everest","-"
"Event Horizon, le vaisseau de l'au-delà","67 488"
"L'Evènement le plus important depuis que l'homme a marché sur la lune","-"
"L'Evènement","62 150"
"Even Cowgirls Get the Blues","-"
"Evelyn","10 765"
"L'Eveil","-"
"Eve...","-"
"Evasion","196 671"
"Evangelion: 1.0 You Are (Not) Alone","723"
"Evan tout puissant","150 994"
"Evasion 3","N/A"
"Exterminator II","N/A"
"Extension du domaine de la lutte","-"
"Extra : Allan, Britney et le vaisseau spatial","21 988"
"Extérieur nuit","-"
"L'Extême limite","-"
"Éxtasis","-"
"L'Express du colonel Von Ryan","-"
"Explosion immédiate","-"
"Explorers","-"
"Les Explorateurs: l'aventure fantastique","43 742"
"Les Exploits d'un jeune Don Juan","-"
"Les Experts","207 239"
"L'Expert","580 857"
"Experimenter","3 216"
"Expériences sexuelles de Flossie","-"
"L'Expérience interdite (2017)","143 410"
"L'Expérience interdite","-"
"L'Expérience","46 672"
"Expendables : unité spéciale","773 121"
"Expendables 2: unité spéciale","935 219"
"Expend4bles","154 647"
"Expédition Nil bleu","5 099"
"Exotica","-"
"L'Exorciste: au commencement","168 761"
"L'Exorciste- la suite","-"
"L'Exorciste II: L'Hérétique","-"
"L'Exorciste du Vatican","162 899"
"L'Exorciste - Dévotion","264 818"
"L'Exorciste","627 727"
"L'Exorcisme de Hannah Grace","80 934"
"L'Exorcisme d'Emily Rose","168 625"
"Exodus: Gods And Kings","783 838"
"Exodus","-"
"Exit to Eden","N/A"
"Exit","N/A"
"eXistenz","265 405"
"Exils","120 805"
"Exfiltrés","28 438"
"Exhibition","-"
"L'Exercice de l'Etat","170 924"
"Eyjafjallajökull","545 928"
"Eyes Wide Shut","612 882"
"Eyes of War","24 140"
"Extremities","N/A"
"Extrêmes limites","-"
"Extrêmement fort et incroyablement près","134 454"
"L'Extravagant voyage du jeune et prodigieux T.S. Spivet","230 490"
"Extremely Wicked, Shockingly Evil and Vile","N/A"
"L'Extravagant Mr. Deeds","N/A"
"L'Extravagant Homme de mer","N/A"
"L'Extravagant Docteur Dolittle","-"
"Extravagances","-"
"L'Extraterrestre","198 297"
"Les Extraordinaires aventures de Morph","5 743"
"L'Extraordinaire voyage du Fakir","80 690"
"L'Extraordinaire Voyage de Marona","12 065"
"L'Extraordinaire Mr. Rogers","N/A"
"L'Exécuteur de Hong Kong","N/A"
"Excess Baggage","1 218"
"Excès de confiance","-"
"Excalibur- L'Epée magique","44 982"
"L'Exception à la règle","N/A"
"Excalibur","-"
"L'Examen de minuit","-"
"L'Exam","352"
"Ex Machina","29 883"
"L'Ex-femme de ma vie","371 284"
"Les Evadés de la planète des singes","-"
"Les Evadés (1955)","-"
"Les Evadés","67 058"
"L'Evadé d'Alcatraz","-"
"L'Evadé","-"
"Eva en août","13 362"
"Eva ne dort pas","6 815"
"Eva","87 548"
"Eurovision Song Contest: The Story of Fire Saga","N/A"
"Les Européens","-"
"Europa, Europa","-"
"Eureka (2024)","5 318"
"Europa","-"
"Eureka","N/A"
"Eugenio Voltati","-"
"Eugenio","-"
"Euforia","12 605"
"L'Eternité et un jour","-"
"Eternité","50 697"
"Eugénie Grandet","70 150"
"Les Eternels (Ash is purest white)","50 846"
"Les Eternels","775 467"
"Eternal Sunshine of the Spotless Mind","158 850"
"Eternal Daughter","17 362"
"L'Eté prochain","-"
"L'Eté où j'ai grandi","22 873"
"L'Eté meurtrier","-"
"L'Eté en pente douce","-"
"L'Eté du bac","N/A"
"L'Été dernier","58 358"
"L'Eté de nos quinze ans","-"
"L'Ete de mes 27 baisers","9 268"
"L'Eté de la peur","-"
"L'Eté de Kikujiro","84 776"
"Eté 93","15 321"
"Eté 85","137 684"
"Et maintenant on va où?","101 055"
"Et les mistrals gagnants","56 034"
"Et la tendresse? Bordel!","-"
"Et la lumière fut","-"
"Et la fête continue !","78 090"
"Et la femme créa l'homme parfait","-"
"ET L'Extra-terrestre","-"
"Et l'homme créa la femme","165 836"
"Et l'amour dans tout ça ?","30 113"
"Et Dieu créa la femme","-"
"Et au milieu coule une rivière","134 041"
"Et après","161 400"
"Et (beaucoup) plus si affinités","18 123"
"Estouffade à la Caraïbe","-"
"Les Estivants","65 158"
"Esther 2 : Les Origines","140 678"
"Esther Kahn","48 717"
"L'Espion de Dieu","5 854"
"Esther","259 097"
"L'Espion aux pattes de velours","-"
"Les Espiègles","15 043"
"Espion amateur","86 191"
"Espace détente","701 031"
"Escrocs","548"
"Escroc(s) en herbe","N/A"
"Escort girl","-"
"Escrocs mais pas trop","369 372"
"Escobar","141 268"
"Esclaves de New York","-"
"L'Esclave libre","-"
"L'Esclave","-"
"Escape Game 2 - Le Monde est un piège","82 707"
"Escape Game","300 315"
"Escapade au Japon","-"
"Escapade à New York","-"
"L'Escapade","-"
"Escalier de service","-"
"Escalier C","-"
"Epouse et concubines","-"
"L'Epine dans le coeur","1 116"
"Epidemic","N/A"
"Les Epices de la passion","-"
"Epic : la bataille du royaume secret","413 571"
"Eperdument","113 006"
"L'Epée sauvage","N/A"
"L'Epee Du Vaillant","N/A"
"EO","47 210"
"L'Epée de Monte-Cristo","-"
"Enzo le Croco","132 431"
"Envoyés très spéciaux","274 472"
"Les Envoûtés (1987)","N/A"
"Les Envoûtés","18 717"
"Envole-moi (2021)","158 495"
"L'Envolée sauvage","47 028"
"Envole-moi","-"
"L'Envol de Ploé","54 586"
"Les Enquêtes du Département V : Profanation","34 163"
"Les Enquiquineurs","-"
"Les Enquêtes du Département V : Délivrance","N/A"
"Enquête sur une passion","-"
"Enquête sur un scandale d'état","101 542"
"Enquête sur un citoyen au-dessus de tout soupçon","-"
"L'Enquête mystérieuse","-"
"L'Enquête corse","679 754"
"L'Enquête (2015)","145 380"
"L'Enquête","129 131"
"Enorme","62 177"
"Enola Holmes","N/A"
"L'Ennui","74 450"
"Ennnemis jurés","N/A"
"Ennio","21 563"
"Ennemis rapprochés","471 679"
"Ennemis intimes","-"
"Les Ennemis","-"
"Les Enfants invisibles","3 105"
"Les Enfants du temps","95 545"
"Les Enfants du silence","-"
"Les Enfants du siècle","170 106"
"Les Enfants du pays","45 921"
"Les Enfants du paradis","-"
"Les Enfants du naufrageur","-"
"Les Enfants du marais","374 542"
"Les Enfants du désordre","-"
"Enfants des Nuages, la dernière colonie","389"
"Les Enfants du capitaine Grant","-"
"Les Enfants des autres","142 402"
"Les Enfants de Timpelbach","230 866"
"Enfants de salauds","-"
"Enfants de salaud","-"
"Les Enfants de lumière","-"
"Les Enfants de la pluie","111 967"
"En toute complicité","46 366"
"En tongs au pied de l'Himalaya","42 406"
"En territoire indien","4 385"
"En territoire ennemi","103 872"
"En terre étrangère","515"
"En sursis","271 694"
"En sortant de l'école","2 312"
"En Solitaire","323 245"
"En route vers le Sud","-"
"En route vers Manhattan","20 678"
"En route !","311 292"
"En roue libre","36 624"
"En quarantaine","N/A"
"En pleine tempête","652 897"
"En plein vol","N/A"
"En plein feu","20 637"
"En plein cœur","125 553"
"En plein cirage","-"
"En amont du fleuve","4 549"
"L'Emprise du démon","85 068"
"L'Emprise du crime","-"
"L'Emprise des ténèbres","-"
"L'Empreinte de la mort","19 005"
"L'Emprise","N/A"
"L'Empreinte de l'ange","234 105"
"L'Emploi du temps","71 132"
"Empire Records","-"
"Emprise","70 722"
"Empire of Light","107 051"
"Empire du soleil","-"
"L'Empire des sens","-"
"L'Empire des loups","429 165"
"L'Empire de la Perfection","3 736"
"L'Empire de la passion","-"
"L'Empire de la nuit","-"
"L'Empire contre-attaque","474 578"
"Embrasse-moi !","19 302"
"L'Embarras du choix","291 171"
"Emancipation","N/A"
"Ema","-"
"Elysium","608 085"
"Elyas","102 095"
"Elvis & Nixon","28 311"
"L'Elue","70 357"
"Elvis (2022)","343 596"
"Elser, un héros ordinaire","20 564"
"Elsa, Elsa","-"
"Eloge de l'amour","-"
"Elmo au pays des grincheux","-"
"Elles ne pensent qu'à ça !","-"
"Elles n'oublient jamais","71 122"
"Elles (2012)","41 491"
"Elles","-"
"Elle voit des nains partout","-"
"Elena","40 666"
"Elémentaire, mon cher... Lock Holmes","-"
"Elémentaire","426 818"
"Elektra","241 007"
"Elefante Blanco","20 308"
"Eldorado","32 421"
"El Reino","72 084"
"El Profesor","28 041"
"El presidente","46 962"
"El Perdido","-"
"El Mercenario","-"
"El Mariachi","18 762"
"El Lobo","5 368"
"El laberinto griego","N/A"
"El Dorado (1967)","-"
"El Dorado","32 281"
"El Condor","-"
"Edith et Marcel","-"
"Edison","49 967"
"Edge of Tomorrow","425 198"
"Edge of the World","N/A"
"Eden Log","14 615"
"Eden Lake","49 717"
"Eden à l'ouest","66 019"
"Eden (2001)","25 434"
"Eden","31 663"
"Eddie the Eagle","51 964"
"Eddie Murphy Show","-"
"Eddie","N/A"
"Ed Wood","126 849"
"L'Ecume des jours","391 386"
"Ecrit dans le ciel","-"
"Ecrire pour exister","163 878"
"Ecoute voir","-"
"Ecoute ma chanson","-"
"L'Echappée Belle","8 840"
"L'Echappée belle (2018)","30 522"
"Echange standard","89 384"
"L'Echange des princesses","123 056"
"L'Echange (2001)","75 740"
"L'Echange","452 651"
"Ecarts de conduite","24 662"
"Les Éblouis","81 678"
"Eaux profondes (2022)","N/A"
"Eaux profondes","-"
"L'Eau vive","-"
"L'Eau froide","-"
"L'eau et les hommes","2 975"
"Easy Money (2011)","34 316"
"Easy Rider","-"
"Eastern Boys","18 285"
"Dames galantes","-"
"Damien, la malédiction II","-"
"Les Dames du bois de Boulogne","-"
"Damien veut changer le monde","69 426"
"Les Dames de Cornouailles","35 680"
"La Dame en Noir 2 : L’Ange de la Mort","120 782"
"La Dame en noir","272 453"
"La Dame de Windsor","7 648"
"La Dame de fer","238 257"
"La Dame de cœur","-"
"La Dame dans l'auto avec des lunettes et un fusil","51 138"
"La Dame aux camélias (1953)","-"
"Dalva","24 408"
"La Dame aux camélias","-"
"Dalton Trumbo","57 651"
"Les Dalton en cavale","-"
"Les Dalton","704 768"
"Dallas, ville frontière","-"
"Dallas Buyers Club","106 158"
"Dalida","346 642"
"Daisy Clover","-"
"Le Daim","94 460"
"Le Dahlia noir","231 815"
"Dahomey","25 854"
"Daddio","7 148"
"Daffy et Porky sauvent le monde","45 018"
"Daddy Nostalgie","-"
"Daaaaaali !","209 546"
"Daddy Cool (2015)","31 001"
"Da 5 Bloods","N/A"
"D-Day, Normandie 1944","2 774"
"Dabangg 3","2 110"
"D'une vie à l'autre","31 755"
"D'une femme à l'autre","-"
"D.A.R.Y.L.","N/A"
"D'une pierre deux coups","11 859"
"D'une vie à l'autre (2014)","64 354"
"Da Vinci code","1 707 373"
"Daddy Cool","159 402"
"D'une famille à l'autre","8 775"
"D'un rêve à l'autre","57 581"
"D'un film à l'autre","2 171"
"D'où l'on vient","27 128"
"D'homme à hommes","-"
"D'où viens-tu Johnny ?","-"
"D'autres mondes","2 715"
"D'Artagnan et les trois Mousquetaires","20 012"
"D'Artagnan","142 496"
"D'amour et d'eau fraîche","20 326"
"D'après une Histoire Vraie","67 631"
"Ca commence par la fin","23 561"
"Ca commence aujourd'hui","135 666"
"Ca commence à Vera Cruz","-"
"Ça Chapitre 2","635 024"
"Ça casse à Caracas","-"
"Ça c'est la vie","N/A"
"Ça c'est du cirque !","-"
"Ca aussi c'est Paris","N/A"
"Ca","908 589"
"C.R.A.Z.Y","91 203"
"C.H.U.D","-"
"C'étaient des hommes","-"
"C'était demain","-"
"C'est tout pour moi","250 306"
"C'est toujours oui quand elles disent non","-"
"C'est quoi la vie?","50 795"
"C'est quoi cette mamie?!","425 378"
"C'est quoi cette famille?!","193 222"
"C'est quoi ce papy ?!","131 132"
"C'est pas parce qu'on a rien à dire qu'il faut fermer sa gueule","-"
"C'est pas mon jour","-"
"C'est pas moi, c'est lui","-"
"C'est pas moi c'est l'autre","-"
"C'est pas ma faute","185 479"
"C'est nous, les héros","N/A"
"C'est magnifique !","90 935"
"C'est ma vie après tout!","-"
"C'est ma chance","-"
"C'est le monde à l'envers !","163 431"
"C'est le bouquet!","187 748"
"C'est la vie parisienne","-"
"Café Society","365 813"
"Café Europa en uniforme","-"
"C'est la vie (2021)","84 440"
"Le Café du pont","37 592"
"Le Café du Cadran","-"
"Café de Flore","47 611"
"Cafard","4 323"
"Les Cadors","51 550"
"Cadillac Man","-"
"Cadet-Rousselle","-"
"Cadences obstinées","3 990"
"Cadence de combat","N/A"
"Cadence","-"
"Les Cadeaux","100 213"
"Le Cadeau","-"
"Caddyshack II","N/A"
"Les Cadavres ne portent pas de costard","-"
"Cadavres exquis","-"
"Cadavres à la Pelle","12 842"
"Cactus Jack","-"
"Le Cactus","136 957"
"Cache cash","-"
"Caché","170 754"
"Cache ta femme, prends ton fusil, voici les Scavengers !","-"
"La Cache","75 543"
"Cabrini","-"
"Cabin Fever","67 248"
"Cabaret Paradis","105 666"
"Le Cabaret du grand large","-"
"Cabaret","-"
"La Cabane dans les bois","154 872"
"La Cabane aux souvenirs","-"
"La Cabane aux oiseaux","5 556"
"La cabane à histoires","3 965"
"Cabal","-"
"Ca$h","456 073"
"Camille redouble","244 443"
"Camille Claudel 1915","44 536"
"Camille Claudel","-"
"Camille","22 694"
"Camera kids","4 206"
"La Caméra de Claire","11 402"
"Caméléone","35 347"
"Le Caméléon","26 908"
"Cambio de sexo (Je veux être femme)","454"
"Calvary","10 827"
"Calvaire d'un enfant","-"
"Calmos","-"
"Calme blanc","-"
"Callas Forever","84 449"
"Callaghan remet ça...","-"
"Call-girls","-"
"Call Me by Your Name","108 500"
"Caligula","-"
"Le Californien","-"
"Californie, terre promise","-"
"La Californie","85 785"
"Californie en flammes","-"
"California Man","38 729"
"California Hotel","-"
"Le Calice d'argent","-"
"Calendrier meurtrier","-"
"Le Calendrier","27 119"
"Calendar Girls","102 919"
"Calculs meurtriers","201 857"
"Calamity, une enfance de Martha Jane Cannary","60 051"
"Cal","-"
"Le Camion","-"
"Cake","24 050"
"Capitaine Casse-Cou","-"
"Capitaine Blomet","-"
"Le Capitaine Ardant","-"
"Capitaine Alatriste","11 263"
"Capharnaüm","108 057"
"Capelito le champignon magique","19 617"
"Cape et poignard","-"
"Cap sur les étoiles","-"
"Caótica Ana","3 006"
"Le Cap de l'Espérance","-"
"Caos Calmo","23 652"
"Cantique de la racaille","-"
"Les Canons de Navarone","-"
"Les Canons de Batasi","N/A"
"La Canonnière du Yang-Tsé","-"
"Canon City","-"
"Cannonball 2","-"
"Cannonball","-"
"Canicule","-"
"Canicule (2021)","N/A"
"La Cane aux œufs d'or","N/A"
"Candyman Day of the Dead","-"
"Candyman 2","21 978"
"Candyman","75 750"
"Candyman (2021)","74 266"
"Candy","-"
"Candleshoe","N/A"
"Candide ou l'optimisme au XXe siècle","-"
"Candidature et les trois théatres","3 142"
"Le Candidat","40 156"
"Canary Black","N/A"
"Le Cancre","4 218"
"Captive State","79 311"
"Captive parmi les fauves","-"
"La Captive du désert","-"
"La Captive aux yeux clairs","-"
"Captive","9 931"
"Captifs","26 265"
"Captain Ron","N/A"
"Captain Marvel","1 254 628"
"Captain Fantastic","111 259"
"Captain Avenger","-"
"Captain America: Civil War","1 354 401"
"Captain America: Brave New World","648 110"
"Captain America, le soldat de l'hiver","769 959"
"Captain America (1990)","-"
"Captain America","444 480"
"Capricorn One","N/A"
"Les Caprices de Suzanne","-"
"Les Caprices de Marie","-"
"Les Caprices d'un fleuve","163 421"
"Caprice","64 046"
"Capri-Revolution","848"
"Le Caporal Epingle","-"
"Capone (2020)","N/A"
"Capone","-"
"Le Capitan (1960)","-"
"Le Capitan (1946)","-"
"Capitalism : A Love Story","65 531"
"Le Capital au XXIe siècle","-"
"Capitaines d'avril","27 846"
"Le Capital","202 565"
"Capitaines !","10 547"
"Captives","57 149"
"Le Capitaine Volkonogov s'est échappé","12 018"
"Le Carnaval des dieux","-"
"Le Carnaval de la petite taupe","5 024"
"Carnaval au Texas","-"
"Carnaval","-"
"Carnages","7 479"
"Carnage chez les Puppets","13 732"
"Carnage (1972)","-"
"Carnage","179 370"
"Carmina!","10 921"
"Carmen Jones","-"
"Carmen et Lola","12 271"
"Carmen de Grenada","-"
"Carmen 63","-"
"Carmen (Rosi)","-"
"Carmen (2023)","24 397"
"Carmen (1945)","-"
"Carmen","-"
"Carlos","21 794"
"Carla's Song","85 220"
"Carillons sans joie","-"
"Cargaison noire pour négriers","-"
"Cargaison dangereuse","-"
"Cargaison blanche","-"
"Cargaison Clandestine","-"
"Le Cardinal","-"
"Carbone","334 791"
"La Carcasse et le Tord-Cou","-"
"Carbon Copy","N/A"
"La Caravane héroïque","-"
"La Caravane du désert","-"
"Caravane vers le soleil","-"
"Casanova","N/A"
"Casablanca, nid d'espions","-"
"Casablanca Driver","30 467"
"Casablanca","-"
"Casabianca","-"
"Casa Grande","6 450"
"Le Cas Richard Jewell","385 394"
"Le Cas du docteur Laurent","-"
"Cas de conscience","-"
"Le Cas 39","N/A"
"Caruso, légende d'une voix","-"
"Cartouches gauloises","33 828"
"Cartouche, roi de Paris","-"
"Cartouche","-"
"Carton rouge - Mean Machine","-"
"Le Carton","170 495"
"Carton jaune","-"
"Cartes sur table","-"
"Carthage en flammes","-"
"Les Cartes du mal","128 286"
"Cartel","343 622"
"La Carte du cœur","32 211"
"Carte des sons de Tokyo","2 122"
"Cars 3","950 353"
"Cars 2","1 047 200"
"Cars","438 793"
"Carry-On","N/A"
"Le Carrosse d'or","-"
"Le Carrousel fantastique","-"
"Carrington","-"
"La Carrière d'une femme de chambre","-"
"Casanova '70","-"
"Carrie, la vengeance","113 256"
"Cause toujours!","120 379"
"Cause toujours mon lapin","-"
"Le Cauchemar de Freddy","-"
"Le Cauchemar de Dracula","-"
"Le Cauchemar de Darwin","30 092"
"Catwoman","334 500"
"Cats","40 091"
"Catherine, il suffit d'un amour","-"
"Catherine et cie","-"
"Catherine de Russie","-"
"Catch-22","-"
"Catacombes","103 006"
"Cat's Eye","N/A"
"Cat Ballou","N/A"
"La Castiglione","-"
"Les Casseurs de gangs","N/A"
"La Castagne","-"
"Les Casseurs","-"
"Casses en tous genres","-"
"Casse-tête chinois pour le Judoka","-"
"Casse-tête chinois","513 407"
"Les Casse-pieds","-"
"Casse-noisette et les quatre royaumes","254 939"
"Casse-cou Mademoiselle","-"
"Le Casse-cou","-"
"Le Casse du siècle","N/A"
"Le Casse de Central Park","97 963"
"Le Casse (2016)","N/A"
"Le Casse (2003)","N/A"
"Le Casse","-"
"Cassandre","-"
"Casque d'or","-"
"Ce soir les souris dansent","-"
"Ce soir les jupons volent","-"
"Ce soir je dors chez toi","261 274"
"Ce sentiment de l'été","21 112"
"Ce qui vous attend si vous attendez un enfant","210 052"
"Ce qui nous lie","189 571"
"Ce que pensent les hommes","310 809"
"Ce que veulent les femmes","959 614"
"Ce que mes yeux ont vu","21 396"
"Ce que je veux de plus","20 130"
"Ce que le jour doit à la nuit","105 783"
"Ce que je sais d'elle… d'un simple regard","71 455"
"Ce que femme veut","-"
"Ce plaisir que l'on dit charnel","-"
"Ce n'est qu'un début","24 947"
"Ce n'est pas une vie, Jerry","-"
"Ce n'est qu'un au revoir","-"
"Ce jour-là","40 854"
"Ce joli monde","-"
"Ce dont rêvent les filles","35 553"
"Ce corps tant désiré","-"
"Ce coquin d'Anatole","-"
"Ce cher intrus","-"
"Cayenne palace","-"
"Les Caves du Majestic","-"
"Le Cave se rebiffe","-"
"Les Cavaliers rouges","-"
"Les Cavaliers de l'orage","-"
"Les Cavaliers de l'Apocalypse","29 171"
"Les Cavaliers de l'enfer","-"
"Les Cavaliers (1959)","-"
"Les Cavaliers","-"
"Le Cercle des poètes disparus","-"
"Le Cercle des neiges","N/A"
"Le Cercle des amies","-"
"Le Cercle de feu","-"
"Le Cercle - The Ring 2","310 690"
"Le Cercle - The Ring","238 526"
"Le Cercle - Rings","235 611"
"Le Cercle","49 199"
"Les Centurions","-"
"Centurion","3 104"
"Cents jours à Palerme","-"
"Centre terre: 7eme continent","-"
"Central do Brasil","91 212"
"Cent mille dollars au soleil","-"
"Cent mille dollars pour Ringo","-"
"Cent francs par seconde","-"
"Les Cent fusils","-"
"Les Cent et une nuits","-"
"Cent dollars pour un shérif","-"
"Cent francs l'amour","-"
"Cent briques et des tuiles","-"
"Cendrillon aux grands pieds","-"
"Cendrillon au Far West","14 345"
"Cendrillon (2021)","N/A"
"Cendrillon (2015)","636 418"
"Cendrillon & le prince (pas trop) charmant","114 688"
"Cendrillon","-"
"Les Cendres du temps","-"
"Les Cendres du paradis","-"
"Les Cendres d'Angela","54 235"
"Celui qui doit mourir","-"
"Cemetery of Splendour","17 503"
"Cette nuit-là","-"
"Cette nuit et toujours","-"
"Cette musique ne joue pour personne","51 677"
"Cette folle jeunesse","-"
"Cette femme-là","77 901"
"Cet obscur objet du désir","-"
"Cet homme est dangereux","-"
"Cet été-là","394"
"Cet été là","45 250"
"Cet amour-là","31 647"
"Cet âge dangereux","-"
"Cessez-le-feu","50 556"
"Cesária Évora, la diva aux pieds nus","8 668"
"César et Cléopâtre","-"
"César et Rosalie","-"
"César doit mourir","17 728"
"Ces sacrés gosses","-"
"Ces sacrées vacances","-"
"Ces messieurs de la gâchette","-"
"Ces messieurs dames","-"
"Ces Messieurs de la famille","-"
"Ces merveilleux fous volants dans leur drôles de machines","-"
"Ces drôles de provinciaux","N/A"
"Ces enfants sont à moi","N/A"
"Ces dames s'en mêlent","-"
"Ces dames préfèrent le mambo","-"
"Ces dames aux chapeaux verts","-"
"Ces amours-là","131 364"
"Les Cerveaux","55 757"
"Ces garçons qui venaient du Brésil","-"
"Le Cerveau des enfants","-"
"Le Cerveau","-"
"Chamboultout","312 336"
"La Chambre ardente","-"
"Chambre 212","139 312"
"Chambre à part","-"
"Chambord","12 566"
"Chamanka","-"
"La Chamade","-"
"Challengers","185 933"
"Challenger","172 138"
"Le Challenger","N/A"
"Le Challenge","54 361"
"Challenge One","-"
"Chambre 1408","162 862"
"Châleur et poussière","-"
"Les Chaises musicales","31 881"
"Chair pour Frankenstein","-"
"Chala, une enfance cubaine","28 532"
"La Chair et le sang","-"
"La Chair et le diable","-"
"Chair de poule 2 : Les Fantômes d'Halloween","300 034"
"Chair de poule (2016)","184 400"
"Chair de poule","-"
"La Chair de l'orchidée","-"
"Le Chaînon manquant","-"
"Les Chaînes du sang","-"
"Chaînes conjugales","-"
"La Chaîne","-"
"Chaînes du destin","-"
"Le Chagrin et la pitié","-"
"Chacun son cinéma","6 265"
"Chacun son tour","-"
"Chacun sa vie","207 383"
"Le Chaos","N/A"
"Chacun son alibi","-"
"Chaos","366 179"
"Chantons sous la pluie","-"
"La Chanteuse et le milliardaire","-"
"Le Chanteur inconnu","-"
"Le Chanteur de Gaza","19 712"
"Le Chanteur de Mexico","-"
"Chantage","-"
"Le Chantage","41 882"
"Le Chant du monde","-"
"Le Chant du Missouri","-"
"Le Chant de la mer","74 378"
"Le Chant du loup","448 755"
"Le Chant de la forêt","15 093"
"Le Chant de Bernadette","-"
"Le Chant de la fidele Chunhyang","14 592"
"Les Chansons que mes frères m’ont apprises","20 103"
"Les Chansons d'amour","108 002"
"Chanson païenne","-"
"La Chanson du souvenir","-"
"La Chanson du passé","-"
"La Chanson de l'orphelin","-"
"Chanson Douce","111 704"
"Chanson d'avril","-"
"Changement de saisons","-"
"Changement d'adresse","61 080"
"Change moi ma vie","44 610"
"Les chandelles noires","N/A"
"Chanel Solitaire","N/A"
"La Chance et l'amour","-"
"La Chance sourit à Madame Nikuko","15 105"
"La Chance de ma vie","382 283"
"Le Charme discret de la bourgeoisie","-"
"Chasing Dreams","N/A"
"Chasing Mavericks","25 259"
"La Chartreuse de Parme","-"
"Les Charognards","-"
"Charmants Garçons","-"
"Charlotte et sa bande : vers l'âge adulte","N/A"
"Charlotte","11 017"
"Les Charlots font l'Espagne","-"
"Les Charlots en folie! A nous quatre Cardinal","-"
"Les Charlots en délire","-"
"Les Charlots contre Dracula","-"
"Charlots connection","-"
"Charlie, mon héros","-"
"Charlie, les filles lui disent merci","69 804"
"Charlie's Country","11 273"
"Charlie's Angels: Les anges se déchaînent","666 221"
"Charlie's Angels (2019)","138 428"
"Charlie Mortdecai","128 410"
"Charlie et ses drôles de dames","711 821"
"Charlie et ses deux nénettes","-"
"Charlie et la chocolaterie","766 547"
"Charlie Countryman","5 826"
"Charlie Chan sur la piste sanglante","-"
"Charlie (1984)","N/A"
"Charlie Chan et la malédiction de la reine-dragon","N/A"
"Charley and the Angel","N/A"
"Charles mort ou vif","-"
"Charité biz'ness","78 311"
"Les Chariots de feu","-"
"La Charge sauvage","-"
"La Charge héroïque","-"
"La Charge fantastique","-"
"Chaussette surprise","-"
"Chaude Journée à L.A.","N/A"
"Le Chaud lapin","-"
"La Chatte sur un toit brûlant","-"
"La Chatte sort ses griffes","-"
"La Chatte","-"
"Les Chats persans","64 967"
"Les Chats au musée","-"
"Les Chatouilles","123 605"
"Les Châtiments","100 375"
"La Châtelaine du Liban","-"
"Les Châteaux de sable","40 910"
"Le Château Solitaire dans le Miroir","20 761"
"Château en Suède","-"
"Le Château des singes","26 829"
"Le Château des Carpathes","N/A"
"Le Château de verre (2017)","18 785"
"Le Château de ma mère","-"
"Le Chateau de verre","-"
"Le Château de cartes","N/A"
"Le Château de Cagliostro","-"
"Le Château dans le ciel","227 573"
"Le Château ambulant","345 633"
"Le Chat qui vient de l'espace","-"
"Le Chat Potté 2 : la dernière quête","495 040"
"Chat noir, chat blanc","112 626"
"Le Chat Potté","1 089 789"
"Le Chat miaulera trois fois","-"
"Le Chat et la souris","-"
"Le Chat croque les diamants","-"
"Le Chat du rabbin","173 060"
"Le Chat chapeauté","44 812"
"Le Cheval d'orgueil","-"
"Le Cheval aux sabots d'or","-"
"Chet Baker - Let's Get Lost","-"
"Cherry Blossoms","12 725"
"Cherry 2000","N/A"
"Cherry","N/A"
"Chérie, vote pour moi","N/A"
"Chérie, j'ai rétréci les gosses","-"
"Chérie je me sens rajeunir","-"
"Chéri, fais moi peur","-"
"Chérie j'ai agrandi le bébé","236 441"
"Chère Martha","4 708"
"Chéri","90 899"
"Chère Louise","-"
"Chère Léa","24 517"
"Chère inconnue","-"
"Chère Brigitte","-"
"Cherchez la femme","101 789"
"Cherchez l'idole","-"
"Cherchez Hortense","173 443"
"Chercher le garçon","10 617"
"Cherche fiancé tous frais payés","105 132"
"Cher papa","-"
"Cher John","78 863"
"Cher Evan Hansen","3 700"
"Chennai Express","N/A"
"Le Chêne","53 196"
"Les Chenapans","-"
"Chemins de traverse","45 747"
"Les Chemins de la liberté","391 619"
"Les Chemins de la hauteville","-"
"Cheval de guerre","320 448"
"Les Chemins de la gloire","N/A"
"Chienne de vie","-"
"Le Chien, le général et les oiseaux","30 812"
"Le Chien jaune de mongolie","54 153"
"Chien Pourri, la vie à Paris !","15 304"
"Chien et Chat","314 952"
"Le Chien du Tibet","9 454"
"Le Chien des Baskerville","-"
"Chien de pique","-"
"Chien de la casse","20 877"
"Chien de flic","-"
"Chien","8 120"
"Chien blanc","17 971"
"Chicken Run : la Menace Nuggets","N/A"
"Chicken Run","520 026"
"Chicken Little","624 517"
"Chicas","21 236"
"Chico & Rita","28 868"
"Chicanos, chasseur de têtes","-"
"Chicago, Chicago","N/A"
"Chicago Joe et la showgirl","N/A"
"Chicago","358 350"
"Chic !","46 320"
"Chhichhore","178"
"Chez nous c'est trois !","11 646"
"Chez Nous","144 010"
"Chez les heureux du monde","17 466"
"Chez Gino","74 070"
"Les Cheyennes","-"
"Les Chèvres du Pentagone","165 394"
"Les Chèvres !","108 258"
"Les Chèvres de ma mère","11 870"
"La Chèvre","-"
"Chorus line","-"
"Les Choristes","786 220"
"Chopper","22 271"
"Chonchon, le plus mignon des cochons","6 286"
"Le Chômeur de Clochemerle","-"
"Choke","4 510"
"Chok Dee","111 590"
"Le Choix du destin","N/A"
"Le Choix des armes","-"
"Le Choix de Sophie","-"
"Le Choix d'aimer","-"
"Le Choix d'une vie","-"
"Le Choix","24 526"
"Choices","N/A"
"Chocolat (2016)","619 509"
"Choeur de Rockers","125 465"
"Chocolat","-"
"Le Chocolat","161 893"
"Le Choc des Titans (2010)","955 263"
"Le Choc des Titans","-"
"Le Choc des générations","402"
"Le Choc","-"
"Chobizenesse","-"
"Chloe","64 037"
"La Chinoise","-"
"Les Chinois à Paris","-"
"Chisum","-"
"Le Chinois","-"
"La Chose d'un autre monde","-"
"Chinatown","-"
"La Chine","-"
"Chino Valdez Horses","-"
"La Chute de l'empire romain","-"
"La Chute","210 915"
"La Chute de la Maison Blanche","173 658"
"Chut, chut, chère Charlotte","-"
"Churchill","29 457"
"Chungking Express","-"
"Chupa","N/A"
"Chinese Box","37 778"
"Chucky, la poupée de sang","-"
"Chucky 3","N/A"
"Chrysalis","99 590"
"Les Chroniques de Viy: Le Chasseur de démons","N/A"
"Les Chroniques de Viy: Le Cavalier Noir","N/A"
"Les Chroniques de Viy - Les origines du mal","N/A"
"Chroniques de Téhéran","33 572"
"Chroniques de Tchernobyl","74 209"
"Les Chroniques de Spiderwick","334 691"
"Les Chroniques de Riddick","334 301"
"Les chroniques de Noël","N/A"
"Chronique des événements amoureux","-"
"Chronique des années de braise","-"
"Chronique d'une mort annoncée","-"
"Chronique d'une liaison passagère","119 790"
"Chronique d'un scandale","82 448"
"Chronicle","458 842"
"Chromosome 3","-"
"Chromophobia","31 821"
"Christophe… définitivement","9 018"
"Christine (1958)","-"
"Christine","-"
"Christina's House","46 292"
"Christina Noble","20 282"
"Circus","-"
"Circulez y a rien à voir","-"
"La Ciociara","-"
"Le Cinquième élément","1 813 448"
"Le Cinquième commando","-"
"La Cinquième colonne","-"
"Cinquante nuances plus sombres","1 618 110"
"Le Cinquième pouvoir","27 280"
"Cinquante nuances plus claires","1 257 650"
"Cinquante Nuances de Grey","2 081 638"
"Les Cinq Secrets du désert","-"
"Cinq pour l'enfer","-"
"Cinq pièces faciles","-"
"Cinq minutes de détente","-"
"Cinq Millions comptant!","-"
"Les Cinq légendes","571 590"
"Cinq jours en juin","-"
"Cinq jours ce printemps-là","-"
"Cinq gars pour Singapour","-"
"Cinq femmes marquées","-"
"Cinq femmes à abattre","-"
"Les Cinq Diables (The Five Devils)","32 452"
"Cinglée","-"
"Cinéman","216 142"
"Cinéma paradiso","-"
"Le Cinéma de papa","-"
"Les Cigognes n'en font qu'à leur tête","-"
"Cigarettes, whisky et p'tites pépées","-"
"Cigognes et compagnie","197 528"
"Le Ciel, les oiseaux et… ta mère","244 480"
"Cigarettes et chocolat chaud","64 971"
"Le Ciel sur la tête","-"
"Classe tous risques","-"
"La Clé","-"
"Claude et Greta","-"
"Classico","N/A"
"La Classe ouvrière va au paradis","-"
"La Classe de neige","-"
"Class Action: Affaire non classée","-"
"Class 1984","-"
"Clara et moi","61 905"
"Class","-"
"Clara et les méchants","N/A"
"Clara et les chics types","-"
"Les Clandestins","-"
"Clan of Violence","N/A"
"Le Clan des siciliens","-"
"Le Clan des irréductibles","-"
"Le Clan","101 291"
"Les clameurs se sont tues","-"
"Les Clairons sonnent la charge","-"
"Civil War","284 103"
"Clair de femme","-"
"City of Life and Death","6 478"
"City of Hope","-"
"City of Darkness","27 344"
"City of crime","87 784"
"City Island","19 765"
"City Hall","-"
"Les Citronniers","47 047"
"Citoyens du monde","13 217"
"Citoyen d'honneur","23 853"
"Citoyen d'honneur (2022)","57 538"
"Citizenfour","20 796"
"Citizen Welles","550"
"Le Club des cinq et le Secret de la Pyramide","N/A"
"Le Club des cinq en péril","N/A"
"Le Club des cinq - L'île aux pirates","N/A"
"Le Club de la chance","-"
"Les Clowns","-"
"Clown","N/A"
"Cloverfield","410 455"
"Cloud Atlas","202 952"
"Closet Land","-"
"Closer - Entre adultes consentants","425 266"
"Closed Circuit","6 183"
"Close","82 750"
"Clones","508 980"
"CloClo","1 006 479"
"Le Clône","63 806"
"Clockwise","-"
"Clockers","-"
"Clochette et le secret des fées","260 050"
"Clochette et la fée pirate","259 292"
"Clochette et la créature légendaire","166 323"
"Les Cloches de Sainte-Marie","-"
"Clochemerle","-"
"Le Clochard de Beverly Hills","-"
"La Cloche a sonné","132 199"
"La Clinique de l'amour !","47 212"
"Climax","26 729"
"Climats","-"
"Les Climats","34 163"
"Clifford","163 178"
"Cliffhanger","748 898"
"Cliente","284 058"
"Le Client (1994)","134 530"
"Le Club des Cinq, le film","N/A"
"Le Client","115 172"
"Cold in July","61 231"
"Cold Blood Legacy - La mémoire du sang","77 596"
"Coiffeur pour dames","-"
"Cogan : Killing Them Softly","125 555"
"Coffee and Cigarettes","61 364"
"Coexister","243 818"
"Coeurs Inconnus","N/A"
"Coeurs ennemis","52 072"
"Le Coeur régulier","26 599"
"Le Coeur à l'ouvrage","9 620"
"Le Coeur en braille","88 299"
"Cody Banks: agent secret 2 destination Londres","995"
"Cody Banks: agent secret","52 353"
"Code Mercury","238 948"
"Code inconnu","22 174"
"Code Ennemi","N/A"
"Le Code a changé","762 912"
"CODA","N/A"
"Cocorico","584 706"
"Cocoon 2, le retour","-"
"Cocoon","-"
"Coco Chanel & Igor Stravinsky","73 922"
"Coco avant Chanel","443 370"
"Coco (2017)","948 846"
"Coco","1 806 263"
"Cocktail Molotov","-"
"Cocktail","-"
"Le Cochon, le renard et le moulin","7 970"
"Le Cochon de Gaza","62 291"
"La Coccinelle revient","379 298"
"La Coccinelle à Monte Carlo","-"
"La Coccinelle à Mexico","-"
"Le Combat ordinaire","29 270"
"Le Combat du Capitaine Newman","-"
"Le Combat mortel de Tarzan","-"
"Combat d'amour en songe","1 917"
"Les Comancheros","-"
"Comancheria","87 138"
"Coma - Esprits prisonniers","N/A"
"Coluche, l'histoire d'un mec","294 041"
"Les Colts des sept mercenaires","-"
"Colt 45","46 845"
"Le Colosse de Rhodes","-"
"Colors","-"
"Colorado","-"
"Color of Night","180 570"
"Les Colons","25 953"
"Colonia","54 959"
"Colonel Redl","-"
"Le Colonel Chabert","270 734"
"Colombiana","284 215"
"Colocs de choc","-"
"La Colo des gourmands","N/A"
"Collision","180 564"
"Les Collines de la terreur","-"
"La Colline des potences","-"
"La Colline oubliée","10 843"
"La Colline des hommes perdus","-"
"La Colline de l'adieu","-"
"La Colline aux Coquelicots","116 084"
"La Colline aux cailloux","6 517"
"La Colline a des Yeux II","N/A"
"La Colline a des yeux 2","193 755"
"Combats de maître","-"
"La Colline a des yeux (2006)","269 271"
"Comme un lundi","28 162"
"Comme un lion","11 888"
"Comme un homme libre","-"
"Comme un homme","21 662"
"Comme un fils","55 026"
"Comme un chien enragé","-"
"Comme un cheveu sur la soupe","-"
"Comme un cheval fou","N/A"
"Comme un chef","171 863"
"Comme un boomerang","-"
"Comme un avion","147 598"
"Comme un aimant","94 593"
"Comme tout le monde","7 720"
"Comme ton père","37 902"
"Comme t'y es belle!","340 551"
"Comme si de rien n'était","14 004"
"Comme s'il en pleuvait","-"
"Comme par magie","101 739"
"Comme les cinq doigts de la main","230 290"
"Comme les autres","204 088"
"Comme elle respire","67 075"
"Comme des rois (2018)","42 393"
"Comme des rois","-"
"Comme des garçons","59 758"
"Comme des frères","154 012"
"Comme des bêtes 2","710 881"
"Comme des bêtes","1 093 363"
"Comme chiens et chats - La Revanche de Kitty Galore","178 908"
"Comme chiens et chats","304 882"
"Comme Cendrillon","N/A"
"Comme au bon vieux temps","N/A"
"Les Commandos passent à l'attaque","-"
"Compartiment tueurs","-"
"Compartiment N°6","42 636"
"Company Man","-"
"Company Business","N/A"
"Company","69 059"
"Companion","99 968"
"Compañeros","26 157"
"Les Compagnons de la marguerite","-"
"Compagnons","54 164"
"La Compagnie des loups","-"
"Les Compagnes de la nuit","-"
"La Communion","38 246"
"La Communion solennelle","-"
"La Communauté","30 357"
"Les Commitments","-"
"Commis d'office","33 763"
"Comment voler un million de dollars","-"
"Comment tuer un oncle à héritage","-"
"Comment tuer son Boss ?","245 150"
"Comment tuer son Boss 2?","151 232"
"Comment tuer sa mère","67 081"
"Comment tuer le chien de son voisin","4 037"
"Comment trouvez-vous ma sœur ?","-"
"Comment se faire réformer","-"
"Comment se faire larguer en dix leçons","96 861"
"Comment savoir ?","75 105"
"Comment se débarrasser de son patron","-"
"Comment réussir quand on est con et pleurnichard","-"
"Comment réussir en amour","-"
"Comment qu' elle est?","-"
"Comment l'esprit vient aux femmes","-"
"Comment je suis devenu super-héros","N/A"
"Les Confessions","9 515"
"Le Confessionnal","-"
"Confession d'un enfant du siècle","18 575"
"La Confession","91 007"
"Confession d'un dragueur","19 518"
"La Conférence","33 680"
"Coneheads","-"
"Condorman","-"
"Les Condés","171 463"
"Concurrence déloyale","2 392"
"Concrete Cowboy","N/A"
"Le Concours (1981)","-"
"Le Concours","13 414"
"Concours","N/A"
"Concorde Airport 80","-"
"Conclave","266 652"
"Le Concile de Pierre","133 365"
"Le Concierge de Bradbury","-"
"Le Concierge","-"
"Le Concert","390 181"
"Conan le Destructeur","-"
"Conan le Barbare","-"
"Conan","163 409"
"La Comtesse de Hong-Kong","-"
"La Comtesse blanche","N/A"
"La Comtesse aux pieds nus","-"
"La Comtesse","43 294"
"Le Comte de Monte-Cristo (2024)","1 187 240"
"Le Comte de Monte Cristo (1961)","-"
"Le Comte de Monte Cristo (1955)","-"
"Le Comte","N/A"
"Le Computer aux souliers de tennis","N/A"
"Conte de la folie ordinaire","-"
"Conte d'hiver","-"
"Conte d'été","75 636"
"Conte d'automne","106 953"
"Contagion","394 179"
"Contact","369 566"
"Le Consul honoraire","-"
"Constantine","555 362"
"La Constante","-"
"La Conspiration du Caire","153 906"
"La Conspiration des belettes","5 541"
"Conspiracy","122 691"
"Les Conséquences de l'amour","-"
"La Conséquence","N/A"
"Consentement mutuel","52 498"
"Le Consentement","59 266"
"Conseil de famille","-"
"La Conquête de la planète des singes","-"
"La Conquête de l'Ouest","-"
"La Conquête","265 896"
"Les Conquérants d'un nouveau monde","-"
"Les Conquérants de la vallée sauvage","-"
"Les Conquérants","12 499"
"Les Conquérantes","9 588"
"Le Conquérant","-"
"Connie et Carla","2 470"
"Connectés","N/A"
"Connasse, Princesse des coeurs","509 815"
"Conjuring : Les dossiers Warren","377 560"
"Conjuring 3 : sous l'emprise du diable","665 476"
"Conjuring 2 : Le Cas Enfield","742 528"
"Le Congrès","18 080"
"Les Copains du dimanche","N/A"
"Les Copains d'abord","-"
"Les Copains","-"
"Copain copine (1995)","-"
"Copain copine","N/A"
"Copacabana","85 719"
"Cop Land","260 461"
"Cool World","-"
"Cookie's Fortune","63 249"
"Cookie","64 872"
"Les Convoyeurs attendent","72 239"
"Le Convoyeur","220 511"
"Convoi exceptionnel","81 523"
"Le Convoi de la peur","-"
"Convoi de femmes","-"
"Le Convoi (2016)","96 050"
"Le Convoi","-"
"La Convocation","17 508"
"Conviction","4 426"
"Conversation(s) avec une femme","-"
"Conversation secrète","-"
"Conversation animée avec Noam Chomsky","11 986"
"Contrôle parental","365"
"Control","39 402"
"Contre-jour","-"
"Contrebande","96 382"
"Contre-espionnage à Gibraltar","N/A"
"Contre-enquête (1990)","-"
"Contre-enquête","323 499"
"Contre-attaque","73 554"
"Contre une poignée de diamants","-"
"Contre toute attente","-"
"Cotton Club","-"
"Les Côtelettes","60 557"
"Le Costaud des Batignolles","-"
"Cosmos","4 323"
"Cosmopolis","134 570"
"Les Cosaques","-"
"Cosa Nostra","-"
"Corto Maltese","121 351"
"Cortex","121 858"
"Les Corsaires du bois de Boulogne","-"
"Le Corsaire rouge","-"
"Corsage","35 145"
"Le Corrupteur","65 010"
"Les Corrompus","-"
"Corrina, Corrina","105 751"
"Corrida pour un espion","-"
"Correspondant 17","-"
"Le Correspondant","48 433"
"Corrective Measures : Mutants Surpuissants","N/A"
"Les Corps impatients","67 050"
"Corps et biens","N/A"
"Corps et âme","27 364"
"Le Corps de mon ennemi","-"
"Corps à corps","47 371"
"Corporate","82 630"
"Cornouaille","128 162"
"Corniche Kennedy","19 300"
"Le Corniaud","124 038"
"Corentin ou les infortunes conjugales","-"
"La Cordillère des songes","18 687"
"Cordes et Discordes","-"
"Les Cordes de la potence","-"
"Le Couperet","260 436"
"La Coupe d'or","45 586"
"La Coupe","-"
"Coupable ressemblance","-"
"Le Coupable","7 365"
"Coup monté","N/A"
"Le Coup du siècle (2019)","120 378"
"Le Coup du siècle","N/A"
"Le Coup du parapluie","-"
"Coup double","-"
"Coup de vice","-"
"Coup de torchon","-"
"Coup de théâtre","56 893"
"Coup de tête","-"
"Le Coup de sirocco","-"
"Coup de sang","603"
"Coup de peigne","8 902"
"Le Coup de l'escalier","-"
"Coup de jeune","56 980"
"Le Coup de grâce","-"
"Coup de fouet en retour","-"
"Coup de foudre par SMS","N/A"
"Coup de foudre et conséquences","-"
"Coup de foudre à Rhode Island","134 661"
"Coup de foudre à Notting Hill","1 270 698"
"Coup de foudre à Manhattan","463 509"
"Coup de foudre à Bollywood","79 334"
"Coup de foudre","-"
"Coup de cœur","-"
"Coup de chaud","40 827"
"Coup de chance","72 623"
"Coupez !","100 526"
"Le Crabe tambour","-"
"CQ","14 621"
"Coyote Girls","306 790"
"Cowboys & envahisseurs","453 467"
"Les Cowboys","114 382"
"Cowboy","54 162"
"Le Cow-boy","-"
"Couvre-feu","336 394"
"Le Couvent","-"
"Le Couturier de ces dames","-"
"Le Couteau par la lame","N/A"
"Le Couteau dans la plaie","-"
"Le Couteau dans l'eau","-"
"Le Coût de la vie","311 801"
"Les Cousins","-"
"Cousins","-"
"Cousin cousine","-"
"Cousin Bette","N/A"
"Le Cousin","224 237"
"La Courtisane","89 364"
"Courte-tête","-"
"Coursier","146 264"
"La Course du siècle","18 795"
"La Course du lièvre à travers les champs","-"
"La Course aux oeufs","17 797"
"La Course au jouet","97 477"
"La Course à la mort de l'an 2000","-"
"Course à la mort","95 769"
"La Course à l'échalote","-"
"Cours toujours Dennis","6 664"
"Cours toujours","-"
"Cours privé","-"
"Crime City","N/A"
"La Crime","-"
"Cria cuervos","-"
"Le Cri du cormoran le soir au-dessus des jonques","-"
"Le Cri du hibou","-"
"Le Cri de la soie","21 491"
"Les Crevettes pailletées","253 409"
"Crève, Smoochy crève","N/A"
"Crésus","-"
"Le Crépuscule des dieux","-"
"Le Crépuscule des aigles","-"
"La Crème de la Crème","94 149"
"Creepy","17 090"
"Creepshow 2","N/A"
"Creepshow","-"
"Creep","88 334"
"Creed III","1 105 921"
"Creed II","832 553"
"Creed - L'Héritage de Rocky Balboa","644 093"
"Le Credo de la violence","-"
"Créatures féroces","191 132"
"Créatures célestes","42 728"
"Les Créatures","-"
"La Créature du cimetière","-"
"La Créature des marais","-"
"Creator","N/A"
"Creation of the Gods I: Kingdom of Storms","27 676"
"Creation of the Gods 2: Demon Force","14 321"
"Création","716"
"Le Créateur","59 769"
"Créance de sang","175 023"
"Crazy/Beautiful","17 136"
"Crazy, Stupid, Love","226 931"
"Croque la vie","-"
"Crooklyn","-"
"Les Croods","500 528"
"Les Croods 2 : une nouvelle ère","500 697"
"Croix de fer","-"
"Croisière pour l'inconnu","-"
"La Croisière","250 724"
"Croisades","N/A"
"Crocodiles, amis pour la vie","N/A"
"Crocodile Dundee II","-"
"Crocodile Dundee 3","221 852"
"Le Crocodile du Botswanga","582 916"
"Crocodile Dundee","-"
"Crock of Gold","-"
"Croc-Blanc (2018)","163 155"
"Croc Blanc","-"
"Cro Man","191 950"
"Critters 2","-"
"Critters 3","-"
"Critters","N/A"
"Cristeros","25 606"
"Le Cristal magique","83 845"
"La Crise","259 726"
"Cris et chuchotements","-"
"Crimson Peak","156 318"
"Les Criminels de Londres","-"
"Criminal Squad : Pantera","78 428"
"Criminal - Un espion dans la tête","94 036"
"Criminal Squad","130 352"
"Criminal (2005)","12 358"
"Crimes of the Future","N/A"
"Crimes et pouvoir","139 340"
"Cyrano","2 350"
"Cyprien","360 301"
"Cypher","71 998"
"Le Cygne noir","-"
"Le Cygne du destin","-"
"Le Cygne et la princesse","-"
"Cyclo","-"
"Les Cyclades","170 382"
"Cyborg","-"
"Cut","102 418"
"Cutter's Way (la blessure)","-"
"Cursus fatal","74 875"
"Cursed","14 327"
"Cunningham","12 155"
"La Curée","-"
"Les Culottes rouges","-"
"Cul-de-sac","-"
"Cul et chemise","-"
"Cujo","N/A"
"Le Cuisinier, le voleur, sa femme et son amant","-"
"Cuisine et dépendances","123 072"
"La Cuisine au beurre","-"
"Cuisine américaine","125 058"
"Cube","147 198"
"Cube 2: Hypercube","221 326"
"Cuban Network","89 408"
"Cuba mon amour","-"
"Cuba","N/A"
"La Crypte","84 559"
"Crying Freeman","218 686"
"Cry-Baby","-"
"Cry Wolf","N/A"
"Cœurs vaillants","11 488"
"Cœurs purs","13 081"
"Cœurs perdus en Attantide","19 642"
"Cœurs perdus","53 720"
"Cœurs","223 082"
"Le Cœur sur la main","-"
"Cœur sauvage","-"
"Le Cœur des hommes 3","265 764"
"Le Cœur des hommes 2","580 779"
"Le Cœur des hommes","332 508"
"Cœur de tonnerre","-"
"Cœur de métisse","-"
"Cœur de dragon","256 538"
"Cœur de coq","-"
"Cœur d'encre","112 619"
"C’est mon homme","-"
"Cyrus","9 911"
"Cyrano et d'Artagnan","-"
"Cry Macho","126 797"
"Cyrano de Bergerac","-"
"Cry freedom le cri de la liberté","-"
"Crustacés et coquillages","66 193"
"Crush, le club des frustrées","8 747"
"Crush (2022)","N/A"
"Crush","N/A"
"Cruella","379 133"
"Croupier","-"
"Crosswind - La croisée des vents","20 436"
"Crossroads","167 324"
"Crossing the Bridge : The Sound of Istanbul","5 555"
"Crossing Istanbul","12 780"
"Crossing Guard","137 864"
"Cross","-"
"Croquette le chat merveilleux","149 220"
"Croquemitoufle","-"
"Les croque-morts en folie","-"
"Le Croque-mitaine","101 134"
"Crimes et délits","-"
"Les Crimes du Futur","52 886"
"Crimes du cœur","-"
"Crimes à Oxford","143 230"
"Le Crime, c'est notre business","-"
"Le Crime ne paie pas","-"
"Le Crime farpait","43 814"
"Le Crime était signé","-"
"Le Crime était presque parfait","-"
"Crime et châtiment","-"
"Le Crime est notre affaire","314 658"
"Le Crime du Père Amaro","7 496"
"Le Crime du sommelier","1 825"
"Le Crime de l'Orient Express (2017)","351 400"
"Le Crime de l'Orient Express","-"
"Le Crime d'amour","-"
"Crime contre l'humanité","815"
"Crime d'amour","176 475"
"Crazy Rich Asians","55 935"
"Crazy night","254 856"
"Crazy kung-fu","155 625"
"Crazy Day","-"
"Crazy Bear","75 915"
"Crawl","225 438"
"Crazy Amy","39 574"
"Crazy Heart","21 450"
"Crazy Joe","95 660"
"Crash","189 566"
"Cracks","4 779"
"Cravate Club","77 312"
"Crash Test Aglaé","49 046"
"La Cravate","22 078"
"Crazy Dad","N/A"
"Les Cracks","-"
"Crackers","N/A"
"Cours Lola cours","-"
"Le Cours de la vie","38 549"
"Cours après moi shériff","-"
"Cours après moi que je t'attrape","-"
"Courir avec des ciseaux","N/A"
"Courage fuyons","-"
"Le Courage d'aimer","47 136"
"La Cour des miracles","20 495"
"La Cour de récré: Vive les vacances !","-"
"La Cour de Babel","60 052"
"Coups pour coups","-"
"Coups de feu sur Broadway","230 899"
"Coups de feu dans la Sierra","-"
"Couples et amants","-"
"Couple de stars","367 749"
"Le Couple témoin","-"
"Le Couple à quatre","N/A"
"Coup d'éclat (2011)","63 051"
"Coup d'éclat","149 585"
"Country Strong","2 550"
"Country","N/A"
"Countdown (2019)","151 196"
"Coulez le Bismarck!","-"
"Couleurs de l'incendie","302 030"
"La Couleur Pourpre (2024)","49 322"
"La Couleur pourpre","-"
"La Couleur du vent","-"
"La Couleur du mensonge","147 722"
"La Couleur du crime","N/A"
"La Couleur des sentiments","279 906"
"Couleur de peau : miel","7 843"
"La Couleur de la victoire","82 572"
"La Couleur de l'arnaque","N/A"
"La Couleur de l'argent","-"
"Le Cou de la girafe","108 500"
"Le Coucou","-"
"La Corde raide","-"
"La Corde","-"
"Le Corbillard de Jules","-"
"Coraline","167 353"
"Le Corbeau","-"
"Copycat","180 401"
"Cops - Les Forces du désordre","74 099"
"Coplan sauve sa peau","-"
"Copper Mountain","N/A"
"Coplan prend des risques","-"
"Coplan ouvre le feu à Mexico","-"
"Coplan FX 18 casse tout","-"
"Coplan - Agent Secret FX 18","-"
"La Copine de mon meilleur ami","85 519"
"Copie conforme (1947)","-"
"Copie conforme","70 876"
"Copains pour toujours 2","72 381"
"Copains pour toujours","106 408"
"Contre toi","16 551"
"Contre l'oubli","-"
"Le Contrat (2007)","74 260"
"Contrat sur un terroriste","48 560"
"Le Contrat (1986)","-"
"Le Contrat","-"
"Continuer","23 142"
"Contes Italiens","14 954"
"Contes immoraux","-"
"Contes du hasard et autres fantaisies","55 324"
"Les Contes de Terremer","86 135"
"Contes de Printemps","8 221"
"Les Contes de la nuit","142 877"
"Les Contes de l'âge d'or (Partie 1)","21 695"
"Les Contes de Grimm pour grandes personnes","-"
"Conte de printemps","-"
"Les Contes de Canterbury","-"
"Le Conte de la princesse Kaguya","74 916"
"Congorama","22 197"
"Congo","245 248"
"La Confusion des genres","52 992"
"La Confrérie des larmes","30 227"
"Le Conformiste","-"
"Les Confins du monde","22 746"
"Confident Royal","72 053"
"Le Confident de ces dames","-"
"Confidences trop intimes","300 226"
"Confidences sur l'oreiller","-"
"Confidences pour confidences","-"
"Confidences à un inconnu","-"
"Confidence","55 759"
"La Confiance règne","303 325"
"Les Confessions du chevalier d'industrie Félix Krull","N/A"
"Confessions d'une accro au shopping","207 149"
"Confessions d'un homme dangereux","87 945"
"Confessions d'un barjo","-"
"Compte à rebours mortel","41 554"
"Comptes à rebours","-"
"Complots","456 461"
"Compromising Positions","N/A"
"Le Complot diabolique du docteur Fu Manchu","-"
"Complot de famille","-"
"Le Complot (1989)","-"
"Le Complot","-"
"Les Complices (2023)","72 930"
"Complices","58 878"
"Les Complices","121 558"
"Compliance","12 825"
"Le Complexe du Kangourou","N/A"
"Complètement cramé !","112 355"
"Le Complexe du Castor","91 336"
"Compétition officielle","61 295"
"La Compétition","N/A"
"Comment je me suis disputé... ma vie sexuelle","46 114"
"Les Compères","-"
"Comment j'ai tué mon père","118 601"
"Comment j'ai détesté les Maths","11 718"
"Comment j'ai rencontré mon père","25 217"
"Comment font les gens","-"
"Comment draguer toutes les filles","-"
"Comment épouser un millionnaire","-"
"Comment devenir riche (grâce à sa grand-mère)","N/A"
"Comment claquer un million de dollars par jour","-"
"Comment c'est loin","98 370"
"Comme une louve","4 073"
"Comme une image","590 485"
"Comme un voleur","-"
"Comme un torrent","-"
"Comme un prince","119 238"
"Comme un poisson hors de l'eau","-"
"Comme un poisson dans l'eau","-"
"Comme un oiseau sur la branche","-"
"Commandos","-"
"Commando pour un homme seul","-"
"Commando en Corée","-"
"Commando (1983)","N/A"
"Commando","-"
"Coming Home (2014)","19 330"
"Le Comédien","4 665"
"Comédie érotique d'une nuit d'été","-"
"Comédie de l'innocence","41 165"
"Comédie d'amour","-"
"Comedian Harmonists","-"
"Le Come back","414 487"
"Come as you are","18 457"
"Combien tu m'aimes?","294 836"
"Les Combinards","-"
"Combattre le futur","873 491"
"Les Combattants","127 237"
"La Colline a des yeux","-"
"Le Collier rouge","143 627"
"Les Collègues","132 029"
"Les Collégiennes","-"
"College Rock Stars","58 677"
"College attitude","86 808"
"Le Collectionneur","208 585"
"La Colle","102 968"
"Collateral","592 916"
"Le Colibri","31 238"
"Colette","75 393"
"Colère noire","N/A"
"Colère froide","-"
"La Colère d’un homme patient","29 115"
"La Colère des Titans","363 480"
"La Colère de Dieu","-"
"Coldwater","34 511"
"Cold War","115 723"
"Cocagne","-"
"Cobra Verde","-"
"Cobra","1 118 647"
"Cobb","-"
"Le Cobaye 2 : Cyberspace","198 142"
"Le Cobaye","-"
"Coast Guards","79 041"
"Coach Carter","81 541"
"Le Coach","278 860"
"Cluedo","N/A"
"Clueless","-"
"Clubbed to Death (Lola)","-"
"Club Zero","9 222"
"Club Paradise","N/A"
"Le Club des ex","177 209"
"Le Club des empereurs","29 963"
"Le Club des crocodiles","N/A"
"Click : telecommandez votre vie","102 686"
"Cleveland contre Wall Street","24 066"
"Les Clés du royaume","-"
"Les Clés du paradis","-"
"Clerks III","N/A"
"Clerks 2","8 469"
"Clerks","28 051"
"Clérambard","-"
"Cléopâtre","-"
"Clémentine chérie","-"
"Les Clefs de la maison","7 084"
"Les Clefs de bagnole","101 764"
"La Clef","105 928"
"Cleaner","143 131"
"Clean","118 975"
"La Clé sur la porte","-"
"La Clé des champs","30 417"
"Citizen Kane","-"
"La Cité rose","89 642"
"La Cité interdite","427 400"
"La Cité disparue","-"
"La Cité des hommes","30 807"
"La Cité des femmes","-"
"La Cité des enfants perdus","274 499"
"La Cité des dangers","-"
"La Cité des anges","460 016"
"La Cité de la violence","-"
"La Cité de la peur","525 758"
"La Cité de la joie","-"
"La Cité de l'ombre","53 882"
"La Cité de Dieu","47 019"
"Le Cirque fantastique","-"
"Cirque du Soleil 3D : le voyage imaginaire","N/A"
"Le Cirque du soleil","-"
"Le Ciel s'est trompé","-"
"Le Ciel rouge","27 500"
"Le Ciel peut attendre","-"
"Le Ciel est à nous","97 273"
"Le Ciel de Paris","-"
"Ciel d'octobre","-"
"Le Ciel Attendra","88 756"
"Le Cid","-"
"La Cible étoilée","N/A"
"Cible émouvante","19 590"
"Ciao Stefano","24 234"
"La Ch’tite famille","2 429 906"
"Chute libre","224 405"
"Chute en enfer","N/A"
"La Chute du président","188 852"
"La Chute du faucon noir","299 043"
"La Chute de l’Empire américain","72 788"
"La Chute de Londres","193 923"
"Christelle et l'Empereur","-"
"Christ(Off)","61 405"
"Le Christ s'est arrêté à Eboli","-"
"Chouquette","37 248"
"Chouf","120 259"
"Chouette, un jeu d'enfants","6 822"
"La Chouette et le pussycat","-"
"La Chouette équipe se révolte","N/A"
"La Chouette Equipe","N/A"
"La Chouette entre veille et sommeil","27 074"
"La Chouette en toque","11 185"
"Chouchou","1 003 469"
"Les Chouans (1947)","-"
"Les Chouans","-"
"Les Choses simples","222 130"
"Les Choses qu’on dit, les choses qu’on fait","77 092"
"Les Choses humaines","89 353"
"Les Choses de la vie","-"
"China Strike Force","21 201"
"Les Chimpanzés de l'Espace 2","79 931"
"Les Chimpanzés de l'espace","325 382"
"Chimpanzés","201 333"
"La Chimère","26 496"
"Chili con carne","91 298"
"Chili 1976","21 613"
"Children of the Revolution","-"
"Child's Play : La poupée du mal","87 030"
"Le Chignon d'Olga","12 131"
"Chiens, à vous de crever","-"
"Le Chihuahua de Beverly Hills","119 666"
"Chiens perdus sans collier","-"
"Chiens des neiges","152 195"
"Chiens de paille (2011)","N/A"
"Les Chiens de paille","-"
"Les Chiens de guerre","N/A"
"Les Chiens","-"
"Les Chevaux de Dieu","13 149"
"La Chevauchée sauvage","-"
"La Chevauchée de l'honneur","-"
"Les Chevaliers du Zodiaque - La Légende du Sanctuaire","146 763"
"Chevauchée avec le diable","30 740"
"Les Chevaliers du Zodiaque","41 841"
"Les Chevaliers du ciel","622 019"
"Les Chevaliers de la table ronde","-"
"Les Chevaliers blancs","96 619"
"Le Chevalier Rouillé, un héros au grand coeur","N/A"
"Le Chevalier de Pardaillan","-"
"Le Chevalier de la vengeance","-"
"Le Chevalier Black","24 076"
"Chevalier (2023)","N/A"
"Chevalier","194 347"
"Le Cheval venu de la mer","-"
"Le Cheval de Turin","6 302"
"Les Chemins de la dignité","101 151"
"Les Chemins de Katmandou","-"
"Chemins croisés","-"
"Le Chemin des écoliers","-"
"Le Chemin de la liberté","19 231"
"Chef de réseau","-"
"Chef de patrouille","-"
"Le Chef d'orchestre","-"
"Chef","13 798"
"Cheeseburger Film Sandwich","-"
"Checking Out","N/A"
"Checkered Flag or Crash","N/A"
"Cheba Louisa","54 404"
"Che - L'Argentin","234 589"
"Che - 2ème partie : Guerilla","87 934"
"Chavela Vargas","8 554"
"La Chauve-souris","-"
"Les Chaussons rouges","-"
"Le Chat","-"
"Chasseurs de vagues 2","-"
"Les Chasseurs de scalps","-"
"Chasseurs de primes","N/A"
"Chasseurs de dragons","215 015"
"Le Chasseur et la reine des glaces","391 290"
"Le Chasseur de primes","149 251"
"Le Chasseur de chez Maxim's","-"
"Chasseur blanc, cœur noir","-"
"Le Chasseur","-"
"Chassé-croisé","-"
"Chasse gardée","329 408"
"La Chasse aux sorcières","-"
"La Chasse à l'Ours","13 615"
"La Chasse à l'homme","-"
"Chasse à l'homme","270 535"
"La Chasse (2012)","61 747"
"La Chasse","-"
"La Charge du 7ème lanciers","-"
"La Charge des tuniques bleues","-"
"La Charge des Cosaques","-"
"La Charge de Syracuse","-"
"La Charge de la huitième brigade","-"
"Le Chardonneret","26 000"
"Le Charcutier de Machonville","-"
"Charade","-"
"Le Char et l'olivier, une autre histoire de la Palestine","7 331"
"Chaque jour a son secret","-"
"Chappie","263 937"
"Chaplin","97 659"
"Le Chaperon Rouge","170 969"
"La Chapelle du Diable","44 287"
"Chapeau melon et bottes de cuir","771 939"
"Chaos Walking","N/A"
"Champions","45 052"
"Chaos (2006)","100 296"
"Le Champion (1949)","-"
"Le Champion","-"
"Champagne !","120 164"
"Champ d'honneur","-"
"Les Chambres rouges","14 171"
"La Chambre verte","-"
"Chambre sept cent dix-neuf","N/A"
"La Chambre interdite","-"
"La Chambre d’à côté","228 277"
"La Chambre du fils","75 985"
"La Chambre des officiers","198 226"
"La Chambre des morts","85 043"
"La Chambre des merveilles","298 308"
"La Chambre des magiciennes","-"
"La Chambre de Mariana","N/A"
"La Chambre bleue","52 453"
"Chambre avec vue","-"
"Chacun sa chance","-"
"Chacun pour tous","170 481"
"Chacun pour toi","-"
"Chacun chez soi","89 041"
"Chacun cherche son chat","72 617"
"Les Chacals meurent à l'aube","-"
"Le Chacal","420 487"
"Chacal","N/A"
"Cézanne et moi","224 092"
"Ceux qui travaillent","75 470"
"Ceux qui restent","141 185"
"Ceux qui m'aiment prendront le train","76 785"
"Ceux du voyage","-"
"Ceux de Cordura","-"
"Cette terre qui est mienne","-"
"Cette sacrée gamine","-"
"Cette sacrée famille","-"
"Certifiée Halal","12 200"
"Certains l'aiment froide","-"
"Certains l'aiment court 4","-"
"Certains l'aiment chaud","-"
"Certaines Femmes","16 092"
"La Cerise sur le gâteau","32 762"
"Cerise","50 714"
"La Cerisaie","-"
"Les Cerfs-volants de Kaboul","42 604"
"Cerf-volant du bout du monde","-"
"Le Cerf-volant bleu","16 057"
"La Cérémonie","217 344"
"Le Cercle rouge","-"
"Le Cercle parfait","20 387"
"Le Cercle noir","-"
"Le Cercle littéraire de Guernesey","61 610"
"Cercle intime","15 017"
"Le Cercle infernal","-"
"Celui qu'on n'attendait plus","-"
"Celui par qui le scandale arrive","-"
"Cellule 2455, couloir de la mort","-"
"Cellule 211","24 469"
"Cellular","182 469"
"Celles qu'on n'a pas eues","-"
"Celle que vous croyez","113 432"
"Celle que j'aime","114 079"
"Céline et Julie vont en bateau","-"
"Céline","-"
"Célibataire, mode d'emploi","185 011"
"Le Célibataire","64 795"
"Céleste","-"
"Celebrity","295 558"
"Cela s'appelle l'aurore","-"
"Ceinture noire","-"
"Cecil B. Demented","35 066"
"Ceci est mon corps","15 727"
"Le Cavalier noir (1962)","-"
"Le Cavalier noir","-"
"Le Cavalier fantôme","-"
"Le Cavalier électrique","-"
"Le Cavalier du Kansas","-"
"Le Cavalier du diable","N/A"
"Le Cavalier du désert","-"
"Le Cavalier de la mort","-"
"Le Cavalier au masque","-"
"Le Cavalier à l'armure d'or","-"
"Le Cavaleur","-"
"Cavale sans issue","384 329"
"La Cavale des Fous","34 946"
"Cavale (La trilogie 2)","35 310"
"La Cavale","-"
"Cavalcade","46 483"
"Causeway","N/A"
"Cause toujours, tu m'intéresses","-"
"Casque bleu","185 313"
"Casper","395 424"
"Casino Royale (2006)","1 260 348"
"Casino Royale","-"
"Casino de Paris","-"
"Casino","558 477"
"Casimir","-"
"Cash-cash","N/A"
"Cashback","67 614"
"Cash Express","N/A"
"Case départ","571 106"
"La Case de l'oncle Tom","-"
"Casbah","-"
"Casanova Variations","13 021"
"Casanova adolescent à Venise","-"
"Casanova (1977)","-"
"Carrie 2: La Haine","95 032"
"Casanova (1955)","-"
"Carrie","-"
"Carrement à l'ouest","19 380"
"Carrefour du crime","-"
"Carrefour des passions","-"
"Le Carrefour de la mort","-"
"Carré de valets","-"
"Carré 35","26 096"
"Caroline chérie (1968)","-"
"Les Carottes sont cuites","-"
"Caroline chérie","-"
"Carole Matthieu","2 719"
"Carol","167 192"
"Carnivores","28 539"
"Les Carnets du major Thompson","-"
"Carny","-"
"Carnets de voyage","148 254"
"Le carnet de Sara","N/A"
"La Caravane des hommes traqués","-"
"La Caravane de l'enfer","-"
"La Caravane de feu","-"
"Caravane","-"
"Caravage","95 358"
"La Caraque blonde","-"
"La Carapate","-"
"Carandiru","2 771"
"Carancho","36 646"
"Caramel","160 206"
"Carambolages","-"
"Les Carabiniers","-"
"Car Wash","N/A"
"Car sauvage est le vent","-"
"Capturez cet homme","-"
"Captivity","32 273"
"Captives à Bornéo","-"
"Captives (2024)","47 251"
"Capitaine Superslip","103 937"
"Capitaine Sky et le monde de demain","70 097"
"Capitaine Sindbad","-"
"Capitaine Scarlett","-"
"Capitaine sans peur","-"
"Capitaine sans loi","-"
"Capitaine Phillips","239 104"
"Capitaine Pantoufle","-"
"Capitaine Mystère","-"
"Le Capitaine noir","-"
"Capitaine Morten et la reine des araignées","2 281"
"Le Capitaine Morgan","-"
"Capitaine King","-"
"Capitaine Kidd","-"
"Le Capitaine Fracasse","-"
"Capitaine de Castille","-"
"Capitaine Corelli","71 152"
"Capitaine Conan","119 833"
"Le Canard en fer-blanc","-"
"Le Canardeur","-"
"Les Canailles","-"
"Canailles","36 523"
"Canadian Bacon","-"
"Can-Can","-"
"Can I Do It 'Till I Need Glasses?","N/A"
"Campus","-"
"Camping sauvage","N/A"
"Camping car","55 491"
"Camping à la ferme","123 090"
"Camping 3","1 382 023"
"Camping 2","1 357 109"
"Camping","1 879 507"
"Camorra","-"
"Les Camisards","-"
"Le Camion de la mort","-"
"Le Caire Confidentiel","74 528"
"Le Caïman","20 792"
"Les Caïds","-"
"Le Caïd de Champignol","-"
"Le Caïd (1949)","-"
"Le Caïd","-"
"Le Cahier volé","-"
"Le Cahier","21 346"
"Cagliostro","-"
"La Cage Dorée","288 750"
"La Cage aux souris","-"
"La Cage aux rossignols","-"
"La Cage aux poules","-"
"La Cage aux folles III - Elles se marient","-"
"La Cage aux folles 2","-"
"La Cage aux folles","-"
"La Cage","-"
"La Cage aux filles","-"
"Ca va être ta fête","-"
"Ca va cogner","-"
"Ca va barder","-"
"Ça tourne à Séoul ! Cobweb","13 756"
"Ca tourne à Manhattan","-"
"Ca se soigne ?","97 071"
"Ca s'est passé à Rome","-"
"Ça restera entre nous","N/A"
"Ca reste entre nous","59 144"
"Ca plane les filles","-"
"Ça n'arrive qu'aux vivants","-"
"Ca n'arrive qu'à moi","-"
"Ca n'arrive qu'aux autres","-"
"Ca ira mieux demain","262 075"
"Ça fait tilt","-"
"C'est la vie","205 565"
"C'est la tangente que je préfère","N/A"
"C'est la fin","36 050"
"C'est la faute de Freud","N/A"
"C'est la faute d'Adam","-"
"C'est la faute à Rio","-"
"C'est jeune et ça sait tout","-"
"C'est dur pour tout le monde","-"
"C'est ça l'amour?","-"
"C'est ça l'amour","48 291"
"C'est beau la vie quand on y pense","140 490"
"C'est arrivé près de chez vous","-"
"C'est arrivé demain","-"
"C'est arrivé dans la Cinquième Avenue","-"
"C'est arrivé à Trente-Six Chandelles","-"
"C'est arrivé à Paris","-"
"C'est arrivé à Naples","-"
"C'est arrivé à Aden","-"
"Bad Boys","339 543"
"Bad Billy","-"
"Bacurau","42 605"
"Backtrack - Les Revenants","N/A"
"Backstreet Dogs","N/A"
"Backstage","26 068"
"Back to school (retour à la fac)","5 134"
"Backdraft","313 777"
"Back to School","238"
"Back to Business","N/A"
"Back To Black","367 818"
"Back Street","-"
"Back Roads","N/A"
"Back home (1997)","9 237"
"Back Home","36 794"
"Back Door to Hell","N/A"
"Bachelorette","101 311"
"Baccalauréat","49 823"
"Bac Nord","483 381"
"Babysitting 2","801 212"
"Babysitting","543 729"
"Babylon","508 796"
"Babylon A.D.","408 410"
"Babycall","13 319"
"Babygirl","132 656"
"Baby-sittor","272 617"
"Baby-Sitter malgré lui","485"
"Baby Phone","58 908"
"Baby Driver","302 528"
"Baby Boy","10 421"
"Baby Boss 2 : une affaire de famille","362 162"
"Baby Boss","1 059 393"
"Baby Boom","-"
"Baby Blues","30 577"
"Baby Blood","-"
"Baby : Le secret de la légende oubliée","N/A"
"Babette s'en va-t-en guerre","-"
"Babel (1999)","50 612"
"Babel","200 643"
"Babe, le cochon devenu berger","282 915"
"Babe, le cochon dans la ville","126 320"
"Les Babas Cool","-"
"Babar, roi des éléphants","-"
"Bab el-oued city","22 652"
"Bab el Web","35 270"
"Baaria","16 396"
"Baahubali 2 : La Conclusion","N/A"
"Baar Baar Dekho","N/A"
"Baaghi 2 - Le Rebelle","N/A"
"B.A.T. (Bon à Tirer)","186 354"
"A fleur de peau","-"
"A feu et à sang","-"
"A double tranchant","-"
"A double tour","-"
"A dirty shame","20 300"
"A Deriva","12 596"
"A demain","-"
"A Dangerous Method","149 627"
"À cœur ouvert","40 311"
"A cœur battant","16 233"
"A Cure for Life","152 375"
"À couteaux tirés (2019)","283 889"
"A couteaux tirés (1964)","-"
"A couteaux tirés","37 005"
"A couteau tiré","-"
"A coup sûr","99 018"
"A corps perdus","26 221"
"À contretemps","28 720"
"A coeur joie","-"
"A coeur ouvert","N/A"
"A chacun son enfer","-"
"A cinq heures de l'après-midi","15 933"
"A ce soir","11 051"
"A chacun son destin","-"
"A ceux qui nous ont offensés","17 770"
"A chacun sa guerre","-"
"A Christmas Story","N/A"
"A ciel ouvert","6 854"
"À cause des filles…?","17 054"
"A Chiara","14 821"
"A cause d'un assassinat","-"
"A Casa Nostra","-"
"À bras ouverts","411 403"
"A bout pourtant","-"
"A bout portant (2010)","302 664"
"A bout de souffle made in USA","-"
"A bout de souffle","-"
"A bout de force","-"
"A bout de course","-"
"A bord du Darjeeling Limited","155 971"
"A boire","41 406"
"A Bittersweet Life","19 367"
"A Bigger Splash","17 560"
"A bicyclette !","163 292"
"A Beautiful Planet","1 581"
"A Beautiful Day","89 169"
"A armes égales","271 041"
"A armes égales (1982)","-"
"A 5 heures de Paris","25 421"
"A 23 pas du mystère","-"
"5 ans de réflexion","18 229"
"5ème Set","28 769"
"5 enfants et moi","77 079"
"La 5ème vague","428 597"
"5x2","196 277"
"5 cartes à abattre","-"
"5 est le numéro parfait","4 723"
"5 hectares","32 433"
"4 bassets pour 1 danois","-"
"4 zéros","202 962"
"4 New-yorkaises","-"
"Les 4 Fantastiques","952 331"
"4L","N/A"
"4 filles et un jean 2","N/A"
"4h44 Dernier jour sur Terre","7 200"
"4 Little Girls","N/A"
"4 mois, 3 semaines, 2 jours","105 928"
"Les 4 Fantastiques et le Surfeur d'Argent","710 287"
"4 dinosaures et le cirque magique","-"
"Les 3 p'tits cochons","51 561"
"3h10 pour Yuma","112 959"
"3 amis","296 947"
"3h10 pour Yuma (1957)","-"
"Les 3 rois mages","82 325"
"3 petites filles","81 064"
"3 jours max","872 669"
"3 Billboards, Les Panneaux de la vengeance","239 977"
"3 jours à Quiberon","22 365"
"3 amis mènent l'enquête","14 710"
"Les 3 crimes de West Memphis","N/A"
"3 Zéros","509 201"
"Les 3 ninjas contre-attaquent","-"
"3 coeurs","160 854"
"2 Guns","158 696"
"Les 2 papas et la maman","302 620"
"2.0","-"
"2 automnes 3 hivers","15 138"
"2ème sous-sol","19 174"
"2 Soeurs","27 652"
"2 Fast 2 Furious","804 821"
"1,2,3 soleil","112 421"
"1 chance sur 2","430 015"
"1 cheval pour 2","-"
"1 duplex pour 3","101 217"
