title,image,date,broadcast_place,genres,certificate,synopsis,directors,scenarists,actors,average_notes_press,average_notes_spectators,nationality,distributor,awards,year_production,movie_type,language,entrance_number_fr
Médecin De Campagne,https://fr.web.img3.acsta.net/c_310_420/pictures/16/02/01/11/03/192862.jpg,23 mars 2016,en salle,Comédie dramatique,Tout public,"Tous les habitants, dans ce coin de campagne, peuvent compter sur Jean-Pierre, le médecin qui les ausculte, les soigne et les rassure jour et nuit, 7 jours sur 7. Malade à son tour, Jean-Pierre voit débarquer Nathalie,  médecin depuis peu, venue de l’hôpital pour le seconder. Mais parviendra-t-elle à s’adapter à cette nouvelle vie et à remplacer celui qui se croyait… irremplaçable ?",Thomas Lilti,"Thomas Lilti,Baya Kasmi","François Cluzet,Marianne Denicourt,Isabelle Sadoyan","3,7","3,6",France,Le Pacte,1 nomination,2016,Long métrage,Français,1 508 642 entrées
Ad Astra,https://fr.web.img5.acsta.net/c_310_420/pictures/19/08/13/14/44/4638430.jpg,18 septembre 2019,en salle,"Drame,Science Fiction",Tout public,"L’astronaute Roy McBride s’aventure jusqu’aux confins du système solaire à la recherche de son père disparu et pour résoudre un mystère qui menace la survie de notre planète. Lors de son voyage, il sera confronté à des révélations mettant en cause la nature même de l’existence humaine, et notre place dans l’univers.",James Gray,"James Gray,Ethan Gross","Brad Pitt,Tommy Lee Jones,Ruth Negga","4,4","3,2",U.S.A.,Twentieth Century Fox France,2 nominations,2019,Long métrage,Anglais,1 039 973 entrées
Once Upon a Time… in Hollywood,https://fr.web.img6.acsta.net/c_310_420/pictures/19/07/22/08/51/0719990.jpg,14 août 2019,en salle,"Comédie,Drame",Interdit - 12 ans,"En 1969, la star de télévision Rick Dalton et le cascadeur Cliff Booth, sa doublure de longue date, poursuivent leurs carrières au sein d’une industrie qu’ils ne reconnaissent plus.,",Quentin Tarantino,Quentin Tarantino,"Leonardo DiCaprio,Brad Pitt,Margot Robbie","4,1","3,8",U.S.A.,Sony Pictures Releasing France,7 prix et 25 nominations,2019,Long métrage,20/11/2019,2 633 185 entrées
Le Sens de la fête,https://fr.web.img3.acsta.net/c_310_420/pictures/17/07/12/11/50/570288.jpg,4 octobre 2017,en salle,Comédie,Tout public,"Max est traiteur depuis trente ans. Des fêtes il en a organisé des centaines, il est même un peu au bout du parcours. Aujourd'hui c'est un sublime mariage dans un château du 17ème siècle, un de plus, celui de Pierre et Héléna. Comme d'habitude, Max a tout coordonné : il a recruté sa brigade de serveurs, de cuisiniers, de plongeurs, il a conseillé un photographe, réservé l'orchestre, arrangé la décoration florale, bref tous les ingrédients sont réunis pour que cette fête soit réussie... Mais la loi des séries va venir bouleverser un planning sur le fil où chaque moment de bonheur et d'émotion risque de se transformer en désastre ou en chaos. Des préparatifs jusqu'à l'aube, nous allons vivre les coulisses de cette soirée à travers le regard de ceux qui travaillent et qui devront compter sur leur unique qualité commune : Le sens de la fête.","Eric Toledano,Olivier Nakache","Olivier Nakache,Eric Toledano","Jean-Pierre Bacri,Gilles Lellouche,Eye Haïdara","3,7","4,0",France,Gaumont Distribution,1 prix et 16 nominations,2017,Long métrage,Français,3 020 694 entrées
30 jours max,https://fr.web.img2.acsta.net/c_310_420/pictures/21/05/06/11/39/3560897.jpg,14 octobre 2020,en salle,"Comédie,Policier",Tout public,"Rayane est un jeune flic trouillard et maladroit sans cesse moqué par les autres policiers. Le jour où son médecin lui apprend à tort qu’il n’a plus que trente jours à vivre, Il comprend que c’est sa dernière chance pour devenir un héros au sein de son commissariat et impressionner sa collègue Stéphanie. L’éternel craintif se transforme alors en véritable tête brûlée qui prendra tous les risques pour coincer un gros caïd de la drogue…",Tarek Boudali,"Tarek Boudali,Pierre Dudan (II)","Tarek Boudali,Philippe Lacheau,Julien Arruti","2,4","2,2",France,StudioCanal,1 nomination,2019,Long métrage,19/05/2021,1 324 525 entrées
The Greatest Showman,https://fr.web.img3.acsta.net/c_310_420/pictures/17/12/22/14/45/3862832.jpg,24 janvier 2018,en salle,"Drame,Comédie musicale",Tout public,"The Greatest Showman célèbre la naissance du show-business et l’émerveillement que l’on éprouve lorsque les rêves deviennent réalité. Inspirée par l’ambition et l’imagination de P.T Barnum, voici l’histoire d’un visionnaire parti de rien qui a créé un spectacle devenu un phénomène planétaire.",Michael Gracey,"Bill Condon,Jenny Bicks","Hugh Jackman,Zac Efron,Michelle Williams","2,7","4,2",U.S.A.,Twentieth Century Fox France,1 prix et 3 nominations,2017,Long métrage,Anglais,591 849 entrées
"Vaiana, la légende du bout du monde",https://fr.web.img6.acsta.net/c_310_420/pictures/16/09/14/09/17/148002.jpg,30 novembre 2016,en salle,"Animation,Famille",Tout public,"Il y a 3 000 ans, les plus grands marins du monde voyagèrent dans le vaste océan Pacifique, à la découverte des innombrables îles de l'Océanie. Mais pendant le millénaire qui suivit, ils cessèrent de voyager. Et personne ne sait pourquoi...,Vaiana, la légende du bout du monde raconte l'aventure d'une jeune fille téméraire qui se lance dans un voyage audacieux pour accomplir la quête inachevée de ses ancêtres et sauver son peuple. Au cours de sa traversée du vaste océan, Vaiana va rencontrer Maui, un demi-dieu. Ensemble, ils vont accomplir un voyage épique riche d'action, de rencontres et d'épreuves... En accomplissant la quête inaboutie de ses ancêtres, Vaiana va découvrir la seule chose qu'elle a toujours cherchée : elle-même.","John Musker,Ron Clements",Jared Bush,"Cerise Calixte,Auli'i Cravalho,Anthony Kavanagh","3,6","4,2",U.S.A.,The Walt Disney Company France,7 nominations,2016,Long métrage,Anglais,5 582 587 entrées
Le Mans 66,https://fr.web.img6.acsta.net/c_310_420/pictures/19/10/14/09/06/5193325.jpg,13 novembre 2019,en salle,"Biopic,Drame",Tout public,"Basé sur une histoire vraie, le film suit une équipe d'excentriques ingénieurs américains menés par le visionnaire Carroll Shelby et son pilote britannique Ken Miles, qui sont envoyés par Henry Ford II pour construire à partir de rien une nouvelle automobile qui doit détrôner la Ferrari à la compétition du Mans de 1966.",James Mangold,"Jez Butterworth,John-Henry Butterworth","Matt Damon,Christian Bale,Caitriona Balfe","3,8","4,3",U.S.A.,Twentieth Century Fox France,4 prix et 7 nominations,2019,Long métrage,Anglais,1 138 077 entrées
Get Out,https://fr.web.img2.acsta.net/c_310_420/pictures/17/03/16/13/25/487327.jpg,3 mai 2017,en salle,Thriller,Interdit - 12 ans,"Couple mixte, Chris et sa petite amie Rose  filent le parfait amour. Le moment est donc venu de rencontrer la belle famille, Missy et Dean lors d’un week-end sur leur domaine dans le nord de l’État. Chris commence par penser que l’atmosphère tendue est liée à leur différence de couleur de peau, mais très vite une série d’incidents de plus en plus inquiétants lui permet de découvrir l’inimaginable.",Jordan Peele,Jordan Peele,"Daniel Kaluuya,Allison Williams,Catherine Keener","4,0","4,1",U.S.A.,Universal Pictures International France,1 prix et 14 nominations,2017,Long métrage,Anglais,1 145 664 entrées
The Strangers,https://fr.web.img5.acsta.net/c_310_420/pictures/16/05/03/10/18/265733.jpg,6 juillet 2016,en salle,"Policier,Drame,Epouvante-horreur,Thriller",Interdit - 12 ans avec avertissement,"La vie d’un village de montagne est bouleversée par une série de meurtres, aussi sauvages qu’inexpliqués. L’enquête de police piétine alors qu’une épidémie de fièvre se propage et mène à la folie meurtrière les habitants de la petite communauté. Sans explication rationnelle à ce phénomène, les soupçons se portent sur un vieil étranger qui vit en ermite dans les bois attisant rumeurs et superstitions.,",Na Hong-jin,Na Hong-jin,"Do-Won Kwak,Hwang Jeong-min,Jun Kunimura","4,1","3,9",Corée du Sud,Metropolitan FilmExport,1 nomination,2016,Long métrage,Coréen,61 153 entrées
Cendrillon,https://fr.web.img4.acsta.net/c_310_420/pictures/14/11/19/15/31/350162.jpg,25 mars 2015,en salle,"Fantastique,Romance",Tout public,"Le père d’Ella, un marchand, s’est remarié après la mort tragique de la mère de la jeune fille. Pour l’amour de son père, Ella accueille à bras ouverts sa nouvelle belle-mère et les filles de celle-ci, Anastasie et Javotte. Mais lorsque le père d’Ella meurt à son tour, la jeune fille se retrouve à la merci de sa nouvelle famille, jalouse et cruelle. Les trois méchantes femmes font d’elle leur servante, et la surnomment avec mépris Cendrillon parce qu’elle est toujours couverte de cendres. Pourtant, malgré la cruauté dont elle est victime, Ella est déterminée à respecter la promesse faite à sa mère avant de mourir : elle sera courageuse et bonne. Elle ne se laissera aller ni au désespoir, ni au mépris envers ceux qui la maltraitent. Un jour, Ella rencontre un beau jeune homme dans la forêt. Ignorant qu’il s’agit d’un prince, elle le croit employé au palais. Ella a le sentiment d’avoir trouvé l’âme soeur. Une lueur d’espoir brûle dans son coeur, car toutes les jeunes filles du pays ont été invitées à assister à un bal au palais. Espérant y rencontrer à nouveau le charmant Kit, Ella attend avec impatience de se rendre à la fête. Hélas, sa belle-mère lui défend d’y assister et réduit sa robe en pièces… Pendant ce temps, le Grand Duc complote avec la méchante belle-mère pour empêcher le Prince de retrouver celle qu’il aime... Heureusement, comme dans tout bon conte de fées, la chance finira par sourire à Ella : une vieille mendiante fait son apparition, et à l’aide d’une citrouille et de quelques souris, elle va changer le destin de la jeune fille…",Kenneth Branagh,Chris Weitz,"Lily James,Cate Blanchett,Richard Madden","3,0","3,5",U.S.A.,The Walt Disney Company France,3 nominations,2015,Long métrage,Anglais,1 665 240 entrées
L'Embarras Du Choix,https://fr.web.img3.acsta.net/c_310_420/pictures/17/02/14/12/56/161798.jpg,15 mars 2017,en salle,"Comédie,Romance",Tout public,"Frites ou salade ? Amis ou amants ? Droite ou gauche ? La vie est jalonnée de petites et grandes décisions à prendre. LE problème de Juliette c’est qu’elle est totalement incapable de se décider sur quoi que ce soit. Alors, même à 40 ans, elle demande encore à son père et à ses deux meilleures amies de tout choisir pour elle. Lorsque sa vie amoureuse croise la route de Paul puis d’Etienne, aussi charmants et différents l’un que l’autre, forcément, le cœur de Juliette balance. Pour la première fois, personne ne pourra décider à sa place…",Eric Lavaine,"Laurent Turner,Laure Hennequart","Alexandra Lamy,Arnaud Ducret,Jamie Bamber","2,8","2,7",France,Pathé Films,1 nomination,2016,Long métrage,Français,441 071 entrées
Né quelque part,https://fr.web.img2.acsta.net/c_310_420/pictures/210/077/21007796_20130523110959763.jpg,19 juin 2013,en salle,Comédie dramatique,Tout public,"Farid, jeune Français de 26 ans, doit aller en Algérie pour sauver la maison de son père. Découvrant ce pays où il n’a jamais mis les pieds, il tombe sous le charme d’une galerie de personnages étonnants dont l’humour et la simplicité vont profondément le toucher. Parmi eux, son cousin, un jeune homme vif et débrouillard qui nourrit le rêve de pouvoir rejoindre la France...",Mohamed Hamidi,"Alain-Michel Blanc,Mohamed Hamidi","Tewfik Jallab,Jamel Debbouze,Fatsah Bouyahmed","3,4","3,4",France,Mars Films,1 nomination,2012,Long métrage,"ARABIC, Français",424 520 entrées
Pirates des Caraïbes : la Vengeance de Salazar,https://fr.web.img6.acsta.net/c_310_420/pictures/17/03/02/10/13/106609.jpg,24 mai 2017,en salle,"Action,Aventure,Fantastique",Tout public,"Les temps sont durs pour le Capitaine Jack, et le destin semble même vouloir s’acharner lorsqu’un redoutable équipage fantôme mené par son vieil ennemi, le terrifiant Capitaine Salazar, s’échappe du Triangle du Diable pour anéantir tous les flibustiers écumant les flots… Sparrow compris ! Le seul espoir de survie du Capitaine Jack est de retrouver le légendaire Trident de Poséidon, qui donne à celui qui le détient tout pouvoir sur les mers et les océans. Mais pour cela, il doit forger une alliance précaire avec Carina Smyth, une astronome aussi belle que brillante, et Henry, un jeune marin de la Royal Navy au caractère bien trempé. À la barre du Dying Gull, un minable petit rafiot, Sparrow va tout entreprendre pour contrer ses revers de fortune, mais aussi sauver sa vie face au plus implacable ennemi qu’il ait jamais eu à affronter…","Joachim Rønning,Espen Sandberg",Jeff Nathanson,"Johnny Depp,Javier Bardem,Brenton Thwaites","2,8","3,4",U.S.A.,The Walt Disney Company France,3 nominations,2017,Long métrage,Anglais,3 583 699 entrées
Wonder,https://fr.web.img4.acsta.net/c_310_420/pictures/17/11/17/09/50/4929138.jpg,20 décembre 2017,en salle,"Drame,Famille",Tout public,"August Pullman est un petit garçon né avec une malformation du visage qui l’a empêché jusqu’à présent d’aller normalement à l’école. Aujourd’hui, il rentre en CM2 à l’école de son quartier. C’est le début d’une aventure humaine hors du commun. Chacun, dans sa famille, parmi ses nouveaux camarades de classe, et dans la ville tout entière, va être confronté à ses propres limites, à sa générosité de coeur ou à son étroitesse d’esprit. L’aventure extraordinaire d’Auggie finira par unir les gens autour de lui.",Stephen Chbosky,"Steve Conrad,Jack Thorne","Julia Roberts,Jacob Tremblay,Owen Wilson","3,0","4,1",U.S.A.,Metropolitan FilmExport,2 nominations,2017,Long métrage,Anglais,348 793 entrées
La Forme de l'eau - The Shape of Water,https://fr.web.img2.acsta.net/c_310_420/pictures/18/03/06/09/10/1293980.jpg,21 février 2018,en salle,"Drame,Fantastique,Romance",Tout public,"Modeste employée d’un laboratoire gouvernemental ultrasecret, Elisa mène une existence solitaire, d’autant plus isolée qu’elle est muette. Sa vie bascule à jamais lorsqu’elle et sa collègue Zelda découvrent une expérience encore plus secrète que les autres…",Guillermo del Toro,"Guillermo del Toro,Vanessa Taylor","Sally Hawkins,Michael Shannon,Richard Jenkins","4,1","3,8",U.S.A.,Twentieth Century Fox France,10 prix et 27 nominations,2017,Long métrage,Anglais,1 362 606 entrées
Black Panther,https://fr.web.img6.acsta.net/c_310_420/pictures/17/10/16/15/40/0883250.jpg,14 février 2018,en salle,"Action,Aventure,Fantastique,Science Fiction",Tout public,"Après les événements qui se sont déroulés dans Captain America : Civil War, T’Challa revient chez lui prendre sa place sur le trône du Wakanda, une nation africaine technologiquement très avancée. Mais lorsqu’un vieil ennemi resurgit, le courage de T’Challa est mis à rude épreuve, aussi bien en tant que souverain qu’en tant que Black Panther. Il se retrouve entraîné dans un conflit qui menace non seulement le destin du Wakanda, mais celui du monde entier…",Ryan Coogler,"Joe Robert Cole,Ryan Coogler","Chadwick Boseman,Michael B. Jordan,Lupita Nyong'o","3,1","3,8",U.S.A.,The Walt Disney Company France,6 prix et 8 nominations,2018,Long métrage,Anglais,3 616 851 entrées
Moonlight,https://fr.web.img6.acsta.net/c_310_420/pictures/17/03/02/11/56/134486.jpg,1 février 2017,en salle,Drame,Tout public,"Après avoir grandi dans un quartier difficile de Miami, Chiron, un jeune homme tente de trouver sa place dans le monde. Moonlight évoque son parcours, de l’enfance à l’âge adulte.",Barry Jenkins,Barry Jenkins,"Alex R. Hibbert,Ashton Sanders,Trevante Rhodes","4,2","4,0",U.S.A.,Mars Films,8 prix et 20 nominations,2016,Long métrage,Anglais,563 442 entrées
Le Discours d'un roi,https://fr.web.img3.acsta.net/c_310_420/medias/nmedia/18/82/28/51/19634452.jpg,2 février 2011,en salle,"Biopic,Drame,Historique",Tout public,"D’après l’histoire vraie et méconnue du père de l’actuelle Reine Elisabeth, qui va devenir, contraint et forcé, le Roi George VI, suite à l’abdication de son frère Edouard VIII. D’apparence fragile, incapable de s’exprimer en public, considéré par certains comme inapte à la fonction, George VI tentera de surmonter son handicap grâce au soutien indéfectible de sa femme et d’affronter ses peurs avec l’aide d’un thérapeute du langage aux méthodes peu conventionnelles. Il devra vaincre son bégaiement pour assumer pleinement son rôle, et faire de son empire le premier rempart contre l’Allemagne nazie.",Tom Hooper,David Seidler,"Colin Firth,Helena Bonham Carter,Derek Jacobi","4,0","4,3",Grande-Bretagne,Wild Bunch Distribution,21 prix et 30 nominations,2010,Long métrage,Anglais,2 983 712 entrées
Un Amour impossible,https://fr.web.img5.acsta.net/c_310_420/pictures/18/09/26/11/08/3665502.jpg,7 novembre 2018,en salle,Drame,Tout public,"À la fin des années 50 à Châteauroux, Rachel, modeste employée de bureau, rencontre Philippe, brillant jeune homme issu d'une famille bourgeoise. De cette liaison passionnelle mais brève naîtra une petite fille, Chantal. Philippe refuse de se marier en dehors de sa classe sociale. Rachel devra élever sa fille seule. Peu importe, pour elle Chantal est son grand bonheur, c'est pourquoi elle se bat pour qu'à défaut de l'élever, Philippe lui donne son nom. Une bataille de plus de dix ans qui finira par briser sa vie et celle de sa fille.",Catherine Corsini,"Catherine Corsini,Laurette Polmanss","Virginie Efira,Niels Schneider,Iliana Zabeth","3,7","3,8",France,Le Pacte,7 nominations,2018,Long métrage,Français,220 500 entrées
La Reine des neiges,https://fr.web.img3.acsta.net/c_310_420/pictures/210/521/21052146_20131023144339759.jpg,20 novembre 2013,en salle,"Aventure,Animation,Fantastique,Comédie musicale",Tout public,"Anna, une jeune fille aussi audacieuse qu’optimiste, se lance dans un incroyable voyage en compagnie de Kristoff, un montagnard expérimenté, et de son fidèle renne, Sven, à la recherche de sa sœur, Elsa, la Reine des Neiges qui a plongé le royaume d’Arendelle dans un hiver éternel… En chemin, ils vont rencontrer de mystérieux trolls et un drôle de bonhomme de neige nommé Olaf, braver les conditions extrêmes des sommets escarpés et glacés, et affronter la magie qui les guette à chaque pas.","Chris Buck,Jennifer Lee","Jennifer Lee,Shane Morris","Emmylou Homs,Kristen Bell,Anaïs Delva","3,5","3,9",U.S.A.,The Walt Disney Company France,5 prix et 1 nomination,2013,Long métrage,Anglais,4 951 627 entrées
Noé,https://fr.web.img4.acsta.net/c_310_420/pictures/14/03/12/18/33/096867.jpg,9 avril 2014,en salle,"Aventure,Fantastique,Péplum",Tout public,"Russell Crowe est Noé, un homme promis à un destin exceptionnel alors qu’un déluge apocalyptique va détruire le monde. La fin du monde… n’est que le commencement.",Darren Aronofsky,"Darren Aronofsky,Ari Handel","Russell Crowe,Jennifer Connelly,Emma Watson","3,0","2,6",U.S.A.,Paramount Pictures France,1 nomination,2014,Long métrage,Anglais,1 318 800 entrées
Wonder Woman,https://fr.web.img6.acsta.net/c_310_420/pictures/17/05/09/17/15/350974.jpg,7 juin 2017,en salle,"Action,Aventure,Fantastique",Tout public,"C'était avant qu'elle ne devienne Wonder Woman, à l'époque où elle était encore Diana, princesse des Amazones et combattante invincible. Un jour, un pilote américain s'écrase sur l'île paradisiaque où elle vit, à l'abri des fracas du monde. Lorsqu'il lui raconte qu'une guerre terrible fait rage à l'autre bout de la planète, Diana quitte son havre de paix, convaincue qu'elle doit enrayer la menace. En s'alliant aux hommes dans un combat destiné à mettre fin à la guerre, Diana découvrira toute l'étendue de ses pouvoirs… et son véritable destin.",Patty Jenkins,Allan Heinberg,"Gal Gadot,Chris Pine,Connie Nielsen","3,1","3,7",U.S.A.,Warner Bros. France,1 nomination,2017,Long métrage,Anglais,2 165 068 entrées
Deepwater,https://fr.web.img3.acsta.net/c_310_420/pictures/16/07/22/09/34/543663.jpg,12 octobre 2016,en salle,"Action,Drame",Tout public,"D’après l’incroyable histoire vraie de la plus grande catastrophe pétrolière de l’histoire.,La plateforme Deepwater Horizon tourne non-stop pour tirer profit des 800 millions de litres de pétrole présents dans les profondeurs du golfe du Mexique. Mike Williams, électricien sur la plateforme et père de famille, connaît les risques de son métier mais fait confiance au professionnalisme de son patron Jimmy Harrell. En revanche, tous se méfient de la société locataire de la plateforme dirigée par Donald Vidrine, qui ne pense qu’à son bénéfice. Lorsque cette société décide contre l’avis des techniciens de la déplacer trop rapidement, il sont loin de se douter que les 5 millions de barils sous leurs pieds sont prêts à exploser... Le seul courage de Mike et ses collègues suffira-t-il à limiter les dégâts et sauver ce qui peut encore l’être ?",Peter Berg,"Matthew Sand,Matthew Michael Carnahan","Mark Wahlberg,Dylan O'Brien,Kate Hudson","3,3","3,8",U.S.A.,SND,3 nominations,2016,Long métrage,Anglais,314 957 entrées
Rémi Sans Famille,https://fr.web.img6.acsta.net/c_310_420/pictures/18/06/21/10/49/5560173.jpg,12 décembre 2018,en salle,"Aventure,Drame,Famille",Tout public,"Les aventures du jeune Rémi, orphelin recueilli par la douce Madame Barberin. A l’âge de 10 ans, il est arraché à sa mère adoptive et confié au Signor Vitalis, un mystérieux musicien ambulant. A ses côtés, il va apprendre la rude vie de saltimbanque et à chanter pour gagner son pain. Accompagné du fidèle chien Capi et du petit singe Joli-Cœur, son long voyage à travers la France, fait de rencontres, d’amitiés et d’entraide, le mène au secret de ses origines…",Antoine Blossier,Antoine Blossier,"Daniel Auteuil,Maleaume Paquin,Virginie Ledoyen","3,4","4,0",France,Mars Films,1 nomination,2018,Long métrage,Français,857 515 entrées
Nous Finirons Ensemble,https://fr.web.img5.acsta.net/c_310_420/pictures/19/03/22/10/28/1786889.jpg,1 mai 2019,en salle,Comédie dramatique,Tout public,"Préoccupé, Max est parti dans sa maison au bord de la mer pour se ressourcer. Sa bande de potes, qu’il n’a pas vue depuis plus de 3 ans débarque par surprise pour lui fêter son anniversaire ! La surprise est entière mais l’accueil l’est beaucoup moins...,Max s’enfonce alors dans une comédie du bonheur qui sonne faux, et qui mettra le groupe dans des situations pour le moins inattendues.,Les enfants ont grandi,  d’autres sont nés, les parents n’ont plus les mêmes priorités...  Les séparations, les accidents de la vie... Quand tous décident de ne plus mettre de petits mouchoirs sur les gros bobards, que reste-t-il de l’amitié ?",Guillaume Canet,"Guillaume Canet,Rodolphe Lauga","François Cluzet,Marion Cotillard,Gilles Lellouche","2,7","3,6",France,Pathé Films,1 nomination,2018,Long métrage,Français,2 759 732 entrées
La source des femmes,https://fr.web.img6.acsta.net/c_310_420/medias/nmedia/18/83/59/39/19737747.jpg,2 novembre 2011,en salle,Comédie dramatique,Tout public,"Cela se passe de nos jours dans un petit village, quelque part entre l'Afrique du Nord et le Moyen-Orient. Les femmes vont chercher l'eau à la source, en haut de la montagne, sous un soleil de plomb, et ce depuis la nuit des temps. Leila, jeune mariée, propose aux femmes de faire la grève de l'amour : plus de câlins, plus de sexe tant que les hommes n’apportent pas l’eau au village.",Radu Mihaileanu,"Radu Mihaileanu,Alain-Michel Blanc","Leïla Bekhti,Hafsia Herzi,Hiam Abbass","2,4","3,7",France,EuropaCorp Distribution,8 nominations,2011,Long métrage,ARABIC,602 629 entrées
Tout nous sourit,https://fr.web.img6.acsta.net/c_310_420/pictures/21/05/26/15/28/1144494.jpg,20 octobre 2021,en salle,Comédie,Tout public,"Tout sourit à Audrey et Jérôme. Ils ont trois merveilleux enfants et leurs métiers les passionnent. Le temps d’un week-end, ils partent chacun de leur côté... Avec leurs amants respectifs. Sauf qu’ils ont la même idée : aller dans leur maison de campagne. Quand ils se retrouvent nez à nez, c'est l'explosion. Arrivent alors les parents d’Audrey, puis leurs enfants et enfin sa sœur. Le quatuor n’a pas d’autre choix que jouer la comédie pour sauver les apparences. Mais très vite le vernis et les nerfs craquent...",Melissa Drigeard,"Melissa Drigeard,Vincent Juillet","Elsa Zylberstein,Stéphane De Groodt,Guy Marchand","3,4","3,0",France,UGC Distribution,# prix,2019,Long métrage,Français,149 141 entrées
Pas son genre,https://fr.web.img4.acsta.net/c_310_420/pictures/14/03/12/15/46/479126.jpg,30 avril 2014,en salle,"Comédie,Romance",Tout public,"Clément, jeune professeur de philosophie parisien est affecté à Arras pour un an. Loin de Paris et ses lumières, Clément ne sait pas à quoi occuper son temps libre. C'est alors qu'il rencontre Jennifer, jolie coiffeuse, qui devient sa maîtresse. Si la vie de Clément est régie par Kant ou Proust, celle de Jennifer est rythmée par la lecture de romans populaires, de magazines « people » et de soirées karaoké avec ses copines. Cœurs et corps sont libres pour vivre le plus beau des amours mais cela suffira-t-il à renverser les barrières culturelles et sociales ?",Lucas Belvaux,Lucas Belvaux,"Emilie Dequenne,Loïc Corbery,Sandra Nkaké","3,5","3,4",France,Diaphana Distribution,6 prix et 11 nominations,2013,Long métrage,Français,345 107 entrées
Larguées,https://fr.web.img4.acsta.net/c_310_420/pictures/18/01/30/16/48/0392226.jpg,18 avril 2018,en salle,Comédie,Tout public,"Rose et Alice sont deux sœurs très différentes. Rose est libre et rock n’roll. Alice est rangée et responsable. Elles ne sont d’accord sur rien, à part sur l’urgence de remonter le moral de Françoise, leur mère, fraîchement larguée par leur père pour une femme beaucoup plus jeune. La mission qu’elles se sont donnée est simple « sauver maman » et le cadre des opérations bien défini : un club de vacances sur l’Ile de la Réunion…",Eloïse Lang,"Eloïse Lang,Philippe Lefebvre","Camille Cottin,Camille Chamoux, Miou-Miou","3,2","3,2",France,Pathé Films,# prix,2018,Long métrage,Français,801 803 entrées
Les Beaux Jours,https://fr.web.img3.acsta.net/c_310_420/pictures/210/035/21003556_20130506125321643.jpg,19 juin 2013,en salle,Romance,Tout public,"A Dunkerque, Caroline est une belle sexagénaire qui a choisi de prendre sa retraite de dentiste. Coincée dans sa vie monotone entre Philippe, son mari bourru, ses deux filles et ses petits-enfants, elle accepte le cadeau de ses enfants : une inscription à un club d'activités pour seniors. D'abord dubitative, Caroline se plaît finalement à se rendre à cet atelier où elle fait la rencontre de Julien, la trentaine, qui devient bientôt son amant. Entre eux, naît une histoire passionnelle grâce à laquelle Caroline s'émancipe et retrouve une réelle joie de vivre. Mais Philippe ne tarde pas à comprendre que sa femme entretient une liaison. Une formidable romance, à la fois sensuelle, drôle, pudique et touchante, servie par des interprétations exceptionnelles.",Marion Vernoux,"Marion Vernoux,Fanny Chesnel","Fanny Ardant,Laurent Lafitte,Patrick Chesnais","3,9","3,3",France,Le Pacte,3 nominations,2013,Long métrage,"Anglais, Français",472 201 entrées
Le Chant du Loup,https://fr.web.img3.acsta.net/c_310_420/pictures/18/12/10/09/46/3892829.jpg,20 février 2019,en salle,"Action,Thriller,Guerre",Tout public,"Un jeune homme a le don rare de reconnaître chaque son qu’il entend. A bord d’un sous-marin nucléaire français, tout repose sur lui, l’Oreille d’Or.,Réputé infaillible, il commet pourtant une erreur qui met l’équipage en danger de mort. Il veut retrouver la confiance de ses camarades mais sa quête les entraîne dans une situation encore plus dramatique.,Dans le monde de la dissuasion nucléaire et de la désinformation, ils se retrouvent tous pris au piège d’un engrenage incontrôlable.",Antonin Baudry,Antonin Baudry,"François Civil,Omar Sy,Mathieu Kassovitz","3,5","4,2",France,Pathé Films,1 prix et 2 nominations,2019,Long métrage,Français,1 522 395 entrées
Parasite,https://fr.web.img5.acsta.net/c_310_420/pictures/20/02/12/13/58/3992754.jpg,5 juin 2019,en salle,"Drame,Thriller",Tout public,"Toute la famille de Ki-taek est au chômage, et s’intéresse fortement au train de vie de la richissime famille Park. Un jour, leur fils réussit à se faire recommander pour donner des cours particuliers d’anglais chez les Park. C’est le début d’un engrenage incontrôlable, dont personne ne sortira véritablement indemne...",Bong Joon Ho,"Bong Joon Ho,Jin Won Han","Song Kang-Ho,Woo-sik Choi,Park So-Dam","4,8","4,5",Corée du Sud,The Jokers Films,9 prix et 9 nominations,2019,Long métrage,01/03/2025,1 884 582 entrées
Alliés,https://fr.web.img5.acsta.net/c_310_420/pictures/16/11/03/14/27/203752.jpg,23 novembre 2016,en salle,"Historique,Romance,Thriller",Tout public,"Casablanca 1942.  Au service du contre-espionnage allié, l’agent Max Vatan rencontre la résistante française Marianne Beauséjour lors d’une mission à haut risque. C’est le début d’une relation passionnée. Ils se marient et entament une nouvelle vie à Londres. Quelques mois plus tard, Max est informé par les services secrets britanniques que Marianne pourrait être une espionne allemande. Il a 72 heures pour découvrir la vérité sur celle qu’il aime.",Robert Zemeckis,Steven Knight,"Brad Pitt,Marion Cotillard,Jared Harris","2,8","3,5",U.S.A.,Paramount Pictures France,2 nominations,2016,Long métrage,Anglais,988 625 entrées
Hors Normes,https://fr.web.img4.acsta.net/c_310_420/pictures/19/08/20/16/22/2633779.jpg,23 octobre 2019,en salle,Comédie,Tout public,"Bruno et Malik vivent depuis 20 ans dans un monde à part, celui des enfants et adolescents autistes. Au sein de leurs deux associations respectives, ils forment des jeunes issus des quartiers difficiles pour encadrer ces cas qualifiés ""d'hyper complexes"". Une alliance hors du commun pour des personnalités hors normes.","Eric Toledano,Olivier Nakache","Eric Toledano,Olivier Nakache","Vincent Cassel,Reda Kateb,Hélène Vincent","3,9","4,2",France,Gaumont Distribution,11 nominations,2019,Long métrage,Français,2 108 551 entrées
Invincible,https://fr.web.img3.acsta.net/c_310_420/pictures/14/11/06/14/39/212413.jpg,7 janvier 2015,en salle,"Biopic,Drame,Guerre",Tout public,"L'incroyable destin du coureur olympique et héros de la Seconde Guerre mondiale Louis ""Louie"" Zamperini dont l'avion s'est écrasé en mer en 1942, tuant huit membres de l'équipage et laissant les trois rescapés sur un canot de sauvetage où deux d'entre eux survécurent 47 jours durant, avant d'être capturés par la marine japonaise et envoyés dans un camp de prisonniers de guerre.",Angelina Jolie,"William Nicholson,Richard LaGravenese","Jack O'Connell,Domhnall Gleeson,Garrett Hedlund","3,0","4,0",U.S.A.,Universal Pictures International France,3 nominations,2014,Long métrage,Anglais,669 732 entrées
The Dead Don't Die,https://fr.web.img4.acsta.net/c_310_420/pictures/19/04/10/16/21/2574607.jpg,14 mai 2019,en salle,"Comédie,Epouvante-horreur",Interdit - 12 ans,"Dans la sereine petite ville de Centerville, quelque chose cloche. La lune est omniprésente dans le ciel, la lumière du jour se manifeste à des horaires imprévisibles et les animaux commencent à avoir des comportements inhabituels. Personne ne sait vraiment pourquoi. Les nouvelles sont effrayantes et les scientifiques sont inquiets. Mais personne ne pouvait prévoir l’évènement le plus étrange et dangereux qui allait s’abattre sur Centerville : THE DEAD DON’T DIE – les morts sortent de leurs tombes et s’attaquent sauvagement aux vivants pour s’en nourrir. La bataille pour la survie commence pour les habitants de la ville.",Jim Jarmusch,Jim Jarmusch,"Bill Murray,Adam Driver,Tilda Swinton","3,1","2,1",U.S.A.,Universal Pictures International France,2 nominations,2019,Long métrage,Anglais,333 032 entrées
La Promesse de l'aube,https://fr.web.img2.acsta.net/c_310_420/pictures/17/08/29/09/55/254375.jpg,20 décembre 2017,en salle,"Biopic,Drame",Tout public,"De son enfance difficile en Pologne en passant par son adolescence sous le soleil de Nice, jusqu’à ses exploits d’aviateur en Afrique pendant la Seconde Guerre mondiale… Romain Gary a vécu une vie extraordinaire. Mais cet acharnement à vivre mille vies, à devenir un grand homme et un écrivain célèbre, c’est à Nina, sa mère, qu’il le doit. C’est l’amour fou de cette mère attachante et excentrique qui fera de lui un des romanciers majeurs du XXème siècle, à la vie pleine de rebondissements, de passions et de mystères. Mais cet amour maternel sans bornes sera aussi son fardeau pour la vie…",Eric Barbier,"Eric Barbier,Marie Eynard","Charlotte Gainsbourg,Pierre Niney,Didier Bourdon","3,3","4,1",France,Pathé Films,3 prix et 5 nominations,2017,Long métrage,Français,1 053 288 entrées
Astérix - Le Secret de la Potion Magique,https://fr.web.img4.acsta.net/c_310_420/pictures/23/12/12/16/57/3092330.jpg,5 décembre 2018,en salle,"Aventure,Animation,Famille",Tout public,"À la suite d’une chute lors de la cueillette du gui, le druide Panoramix décide qu’il est temps d’assurer l’avenir du village. Accompagné d’Astérix et Obélix, il entreprend de parcourir le monde gaulois à la recherche d’un jeune druide talentueux à qui transmettre le Secret de la Potion Magique…","Louis Clichy,Alexandre Astier",Alexandre Astier,"Bernard Alane,Christian Clavier,Guillaume Briat","3,7","3,9",France,SND,1 nomination,2018,Long métrage,07/02/2024,3 923 364 entrées
L'Immortel,https://fr.web.img6.acsta.net/c_310_420/medias/nmedia/18/73/28/01/19237620.jpg,19 mars 2010,en salle,Policier,Interdit - 12 ans,"Charly Matteï a tourné la page de son passé de hors la loi. Depuis trois ans, il mène une vie paisible et se consacre à sa femme et ses deux enfants. Pourtant, un matin d'hiver, il est laissé pour mort dans le parking du vieux port à Marseille avec 22 balles dans le corps. Contre toute attente, il ne va pas mourir... Cette histoire est inspirée de faits réels, mais où tout est inventé, au cœur du Milieu marseillais.",Richard Berry,"Richard Berry,Alexandre De La Patellière","Jean Reno,Kad Merad,Marina Foïs","2,4","3,3",France,EuropaCorp Distribution,1 prix et 7 nominations,2010,Long métrage,"Anglais, Français",1 127 458 entrées
Mother!,https://fr.web.img2.acsta.net/c_310_420/pictures/17/09/08/09/41/2636970.jpg,13 septembre 2017,en salle,Thriller,Interdit - 12 ans,"Une jeune femme, soucieuse de son bonheur conjugal, a voulu faire de sa maison un paradis en soignant la décoration dans les moindres détails. L'existence tranquille et parfaite du couple est bouleversée quand un homme frappe à la porte. Pour le mari, rien de plus naturel que de l'accueillir pour la nuit...",Darren Aronofsky,Darren Aronofsky,"Jennifer Lawrence,Javier Bardem,Ed Harris","2,8","2,9",U.S.A.,Paramount Pictures France,5 nominations,2017,Long métrage,Anglais,349 555 entrées
Brillantissime,https://fr.web.img6.acsta.net/c_310_420/pictures/17/12/12/16/58/1772950.jpg,17 janvier 2018,en salle,Comédie,Tout public,"Angela pense avoir une vie idéale. Elle vit à Nice, dans un bel appartement, avec un beau mari et une charmante ado. Mais le soir de Noël, sa fille la laisse pour rejoindre son petit copain, son mari la quitte et sa meilleure amie préfère prendre des somnifères plutôt que de passer la soirée avec elle. Le choc ! Angela n’a plus d’autre choix que celui de se reconstruire... et ce n’est pas simple avec une mère tyrannique, une meilleure amie hystérique et un psy aux méthodes expérimentales.",Michèle Laroque,"Michèle Laroque,Benjamin Morgaine","Michèle Laroque,Kad Merad,Françoise Fabian","2,2","1,7",France,StudioCanal,1 nomination,2017,Long métrage,Français,612 565 entrées
Warrior,https://fr.web.img6.acsta.net/c_310_420/medias/nmedia/18/83/50/33/19794371.jpg,14 septembre 2011,en salle,"Action,Drame,Évènement Sportif",Tout public,"Ancien Marine brisé, Tommy Conlon rentre au pays et demande à son père de le préparer pour un tournoi d’arts martiaux mixtes qui lui permettrait de gagner une fortune. Personne ne sait ce qu’il espère faire de cet argent. Le propre frère de Tommy, Brendan, décide lui aussi de s’engager dans la compétition pour essayer de sauver sa famille. Entre les deux frères, les années n’ont pas adouci les rancœurs.,Immanquablement, les routes de Tommy et de Brendan vont bientôt se croiser. Au-delà de l’affrontement qui s’annonce, pour chacun, quelle que soit la cause qu’ils défendent, il n’est pas seulement question de remporter un prix, mais de mener le combat d’une vie…",Gavin O'Connor,"A.M. Tambakis,Gavin O'Connor","Joel Edgerton,Tom Hardy,Jennifer Morrison","3,6","4,3",U.S.A.,Metropolitan FilmExport,2 nominations,2011,Long métrage,Anglais,196 439 entrées
Argo,https://fr.web.img2.acsta.net/c_310_420/medias/nmedia/18/87/65/00/20273151.jpg,7 novembre 2012,en salle,"Drame,Espionnage,Thriller",Tout public,"Le 4 novembre 1979, au summum de la révolution iranienne, des militants envahissent l’ambassade américaine de Téhéran, et prennent 52 Américains en otage. Mais au milieu du chaos, six Américains réussissent à s’échapper et à se réfugier au domicile de l’ambassadeur canadien. Sachant qu’ils seront inévitablement découverts et probablement tués, un spécialiste de ""l’exfiltration"" de la CIA du nom de Tony Mendez monte un plan risqué visant à les faire sortir du pays. Un plan si incroyable qu’il ne pourrait exister qu’au cinéma.",Ben Affleck,Chris Terrio,"Ben Affleck,Bryan Cranston,John Goodman","3,7","4,1",U.S.A.,Warner Bros. France,14 prix et 15 nominations,2012,Long métrage,Anglais,1 367 509 entrées
Star Wars: L'Ascension de Skywalker,https://fr.web.img5.acsta.net/c_310_420/pictures/20/10/02/12/21/3764004.png,18 décembre 2019,en salle,"Aventure,Science Fiction",Tout public,La conclusion de la saga Skywalker. De nouvelles légendes vont naître dans cette bataille épique pour la liberté.,J.J. Abrams,"Chris Terrio,J.J. Abrams","Daisy Ridley,Adam Driver,Oscar Isaac","3,1","3,0",U.S.A.,The Walt Disney Company France,6 nominations,2019,Long métrage,Anglais,5 911 207 entrées
Eden,https://fr.web.img3.acsta.net/c_310_420/pictures/14/10/10/17/00/513445.jpg,19 novembre 2014,en salle,"Biopic,Drame,Musical",Tout public,"Au début des années 90, la musique électronique française est en pleine effervescence. Paul, un DJ, fait ses premiers pas dans le milieu de la nuit parisienne et créé avec son meilleur ami le duo «Cheers».,Ils trouveront leur public et joueront dans les plus grands clubs de la capitale. C’est le début pour eux d’une ascension euphorique, vertigineuse, dangereuse et éphémère.,C’est aussi le parcours sentimental d’un jeune homme qui accumule les histoires d’amour et qui n’arrive pas à construire.,Eden tente de faire revivre l’euphorie des années 90 et l’histoire de la French Touch : cette génération d’artistes français qui continue de briller dans le monde entier.",Mia Hansen-Løve,Mia Hansen-Løve,"Félix de Givry,Pauline Etienne,Hugo Conzelmann","3,0","2,6",France,Ad Vitam,1 nomination,2014,Long métrage,"Anglais, Français",56 137 entrées
Hostiles,https://fr.web.img2.acsta.net/c_310_420/pictures/18/02/02/17/23/5152324.jpg,14 mars 2018,en salle,"Drame,Western",Tout public,"En 1892, le capitaine de cavalerie Joseph Blocker, ancien héros de guerre devenu gardien de prison, est contraint d’escorter Yellow Hawk, chef de guerre Cheyenne mourant, sur ses anciennes terres tribales. Peu après avoir pris la route, ils rencontrent Rosalee Quaid. Seule rescapée du massacre de sa famille par les Comanches, la jeune femme traumatisée se joint à eux dans leur périple.,Façonnés par la souffrance, la violence et la mort, ils ont en eux d’infinies réserves de colère et de méfiance envers autrui. Sur le périlleux chemin qui va les conduire du Nouveau-Mexique jusqu’au Montana, les anciens ennemis vont devoir faire preuve de solidarité pour survivre à l’environnement et aux tribus comanches qu’ils rencontrent.",Scott Cooper,Scott Cooper,"Christian Bale,Rosamund Pike,Wes Studi","4,0","4,1",U.S.A.,Metropolitan FilmExport,1 nomination,2017,Long métrage,Anglais,370 330 entrées
Jojo Rabbit,https://fr.web.img6.acsta.net/c_310_420/pictures/19/10/15/10/55/1009759.jpg,29 janvier 2020,en salle,"Comédie,Drame,Guerre",Tout public,"Jojo est un petit allemand solitaire. Sa vision du monde est mise à l’épreuve quand il découvre que sa mère cache une jeune fille juive dans leur grenier. Avec la seule aide de son ami aussi grotesque qu'imaginaire, Adolf Hitler, Jojo va devoir faire face à son nationalisme aveugle.",Taika Waititi,Taika Waititi,"Roman Griffin Davis,Thomasin McKenzie,Scarlett Johansson","3,1","3,9",U.S.A.,Twentieth Century Fox France,2 prix et 15 nominations,2019,Long métrage,Anglais,395 926 entrées
Pixels,https://fr.web.img3.acsta.net/c_310_420/pictures/15/06/19/11/04/234477.jpg,22 juillet 2015,en salle,"Action,Comédie,Science Fiction",Tout public,"À l’époque de leur jeunesse, dans les années 80, Sam Brenner, Will Cooper, Ludlow Lamonsoff et Eddie « Fire Blaster » Plant ont sauvé le monde des milliers de fois… en jouant à des jeux d’arcade à 25 cents la partie. Mais aujourd’hui, ils vont devoir le faire pour de vrai… Lorsque des aliens découvrent des vidéos d’anciens jeux et les prennent pour une déclaration de guerre, ils lancent l’assaut contre la Terre. Ces mêmes jeux d’arcade leur servent de modèles pour leurs attaques. Cooper, qui est désormais Président des États-Unis, fait alors appel à ses vieux potes pour empêcher la destruction de la planète par PAC-MAN, Donkey Kong, Galaga, Centipede et les Space Invaders… Les gamers pourront compter sur l’aide du lieutenant-colonel Violet Van Patten, une spécialiste qui va leur fournir des armes uniques...",Chris Columbus,"Timothy Dowling,Tim Herlihy","Adam Sandler,Michelle Monaghan,Kevin James","3,2","2,7",U.S.A.,Sony Pictures Releasing France,6 nominations,2015,Long métrage,Anglais,714 198 entrées
Baywatch - Alerte à Malibu,https://fr.web.img5.acsta.net/c_310_420/pictures/17/08/04/23/23/176634.jpg,21 juin 2017,en salle,"Action,Comédie",Tout public,"Le légendaire sauveteur Mitch Buchannon  est contraint de s’associer à une nouvelle recrue, Matt Brody, aussi ambitieux que tête brûlée ! Ensemble, ils vont tenter de déjouer un complot criminel qui menace l'avenir de la Baie…",Seth Gordon,"Damian Shannon,Mark Swift","Dwayne Johnson,Zac Efron,Alexandra Daddario","1,8","2,6",U.S.A.,Paramount Pictures France,4 nominations,2017,Long métrage,Anglais,1 564 810 entrées
It Follows,https://fr.web.img4.acsta.net/c_310_420/pictures/14/12/08/15/41/424397.jpg,4 février 2015,en salle,Epouvante-horreur,Interdit - 12 ans,"Dans une banlieue pavillonnaire de Detroit, Jay, étudiante insouciante d’une vingtaine d’années, se rend au cinéma avec Hugh, un garçon de son âge qu’elle a commencé à fréquenter. Mais ce dernier écourte la séance, pris de panique devant une étrange vision. Lors d’un second rendez-vous au bord du lac, les deux jeunes gens font l’amour pour la première fois. À la fin de leurs ébats, Hugh endort sa partenaire avec du chloroforme... Quand Jay reprend conscience, elle est attachée dans un fauteuil roulant. Face à elle, un Hugh apeuré lui explique qu’une ""chose"", qui se présentera sous différentes formes, connues ou inconnues, la suit désormais dans le but de la tuer. Si elle parvient à ses fins, la malédiction s’abattra alors sur la personne qui la lui a transmise. Pour s’en libérer, Jay n’a qu’une solution : coucher avec quelqu’un d’autre, qui deviendra cible à sa place…",David Robert Mitchell,David Robert Mitchell,"Maika Monroe,Keir Gilchrist,Daniel Zovatto","4,4","3,5",U.S.A.,Metropolitan FilmExport,2 prix et 4 nominations,2014,Long métrage,Anglais,129 953 entrées
"Mange, prie, aime",https://fr.web.img3.acsta.net/c_310_420/medias/nmedia/18/77/01/84/19472721.jpg,22 septembre 2010,en salle,Drame,Tout public,"Après un divorce difficile, Liz Gilbert décide de prendre une année sabbatique et de changer de vie. Elle entame alors un périple initiatique qui va l’emmener au bout du monde et d’elle-même. Lors d’un voyage aussi exotique que merveilleux, elle retrouve l’appétit de vivre et le plaisir de manger en Italie, le pouvoir de la prière et de l’esprit en Inde, et de façon tout à fait inattendue, elle trouvera la paix intérieure et l’amour à Bali.",Ryan Murphy,"Jennifer Salt,Ryan Murphy","Julia Roberts,Richard Jenkins,Javier Bardem","1,7","2,5",U.S.A.,Sony Pictures Releasing France,1 nomination,2010,Long métrage,"Anglais, Italien, Portugais",663 969 entrées
Le Monde est à toi,https://fr.web.img6.acsta.net/c_310_420/pictures/18/06/27/12/24/2222279.jpg,15 août 2018,en salle,"Action,Comédie",Tout public,"François, petit dealer, a un rêve : devenir le distributeur officiel de Mr Freeze au Maghreb. Cette vie, qu’il convoite tant, vole en éclat quand il apprend que Dany, sa mère, a dépensé toutes ses économies. Poutine, le caïd lunatique de la cité propose à François un plan en Espagne pour se refaire. Mais quand tout son entourage : Lamya son amour de jeunesse, Henri un ancien beau-père à la ramasse tout juste sorti de prison, les deux jeunes Mohamed complotistes et sa mère chef d’un gang de femmes pickpockets, s’en mêle, rien ne va se passer comme prévu !",Romain Gavras,"Romain Gavras,Karim Boukercha","Karim Leklou,Isabelle Adjani,Vincent Cassel","3,6","3,5",France,StudioCanal,1 prix et 4 nominations,2017,Long métrage,Français,338 992 entrées
After Earth,https://fr.web.img6.acsta.net/c_310_420/medias/nmedia/18/92/13/97/20509208.jpg,5 juin 2013,en salle,"Action,Aventure,Science Fiction",Tout public,"Après un atterrissage forcé, Kitai Raige et son père, Cypher, se retrouvent sur Terre, mille ans après que l’humanité a été obligée d’évacuer la planète, chassée par des événements cataclysmiques. Cypher est grièvement blessé, et Kitai s’engage dans un périple à haut risque pour signaler leur présence et demander de l’aide. Il va explorer des lieux inconnus, affronter les espèces animales qui ont évolué et dominent à présent la planète, et combattre une créature extraterrestre redoutable qui s’est échappée au moment du crash.,Pour avoir une chance de rentrer chez eux, père et fils vont devoir apprendre à œuvrer ensemble et à se faire confiance…",M. Night Shyamalan,"Gary Whitta,M. Night Shyamalan","Jaden Smith,Will Smith,Sophie Okonedo","2,4","2,2",U.S.A.,Sony Pictures Releasing France,2 prix et 2 nominations,2013,Long métrage,Anglais,1 267 639 entrées
Le Nouveau,https://fr.web.img3.acsta.net/c_310_420/pictures/15/12/10/10/50/594663.jpg,23 décembre 2015,en salle,Comédie dramatique,Tout public,"La première semaine de Benoit dans son nouveau collège ne se passe pas comme il l’aurait espéré. Il est malmené par la bande de Charles, des garçons populaires, et les seuls élèves à l’accueillir avec bienveillance sont des « ringards ».,Heureusement, il y a Johanna, jolie suédoise avec qui Benoit se lie d’amitié et tombe sous le charme. Hélas, celle-ci s'éloigne peu à peu pour intégrer la bande de Charles. Sur les conseils de son oncle, Benoit organise une soirée et invite toute sa classe. L’occasion de devenir populaire et de retrouver Johanna.",Rudi Rosenberg,Rudi Rosenberg,"Réphaël Ghrenassia,Joshua Raccah,Johanna Lindstedt","3,8","3,3",France,Mars Films,1 nomination,2015,Long métrage,Français,388 407 entrées
Camille,https://fr.web.img3.acsta.net/c_310_420/pictures/19/09/10/15/50/3078855.jpg,16 octobre 2019,en salle,"Biopic,Drame",Tout public,"Jeune photojournaliste éprise d'idéal, Camille part en Centrafrique couvrir la guerre civile qui se prépare. Très vite, elle se passionne pour ce pays et sa jeunesse emportée par la tourmente. Désormais, son destin se jouera là-bas.",Boris Lojkine,"Boris Lojkine,Bojina Panayotova","Nina Meurisse,Fiacre Bindala,Bruno Todeschini","3,7","4,0",France,Pyramide Distribution,3 prix et 2 nominations,2019,Long métrage,Français,62 055 entrées
La Fille du train,https://fr.web.img5.acsta.net/c_310_420/pictures/16/08/31/16/21/296548.jpg,26 octobre 2016,en salle,Thriller,Interdit - 12 ans,"Rachel prend tous les jours le même train et passe tous les jours devant la même maison. Dévastée par son divorce, elle fantasme sur le couple qui y vit et leur imagine une vie parfaite… jusqu’au jour où elle est le témoin d’un événement extrêmement choquant et se retrouve malgré elle étroitement mêlée à un angoissant mystère.",Tate Taylor,Erin Cressida Wilson,"Emily Blunt,Rebecca Ferguson,Haley Bennett","2,4","3,3",U.S.A.,Metropolitan FilmExport,2 nominations,2016,Long métrage,Anglais,479 172 entrées
Yves Saint-Laurent,https://fr.web.img2.acsta.net/c_310_420/pictures/13/12/03/12/25/245119.jpg,8 janvier 2014,en salle,"Biopic,Drame",Tout public,"Paris, 1957. A tout juste 21 ans, Yves Saint Laurent est appelé à prendre en main les destinées de la prestigieuse maison de haute couture fondée par Christian Dior, récemment décédé. Lors de son premier défilé triomphal, il fait la connaissance de Pierre Bergé, rencontre qui va bouleverser sa vie. Amants et partenaires en affaires, les deux hommes s’associent trois ans plus tard pour créer la société Yves Saint Laurent. Malgré ses obsessions et ses démons intérieurs, Yves Saint Laurent s’apprête à révolutionner le monde de la mode avec son approche moderne et iconoclaste.",Jalil Lespert,"Jalil Lespert,Marie-Pierre Huster","Pierre Niney,Guillaume Gallienne,Charlotte Le Bon","3,1","3,6",France,SND,1 prix et 7 nominations,2014,Long métrage,"ARABIC, Anglais, Français, Russe",1 639 214 entrées
Downsizing,https://fr.web.img2.acsta.net/c_310_420/pictures/17/11/28/14/01/3443617.jpg,10 janvier 2018,en salle,"Comédie,Comédie dramatique",Tout public,"Pour lutter contre la surpopulation, des scientifiques mettent au point un processus permettant de réduire les humains à une taille d’environ 12 cm : le ""downsizing"". Chacun réalise que réduire sa taille est surtout une bonne occasion d’augmenter de façon considérable son niveau de vie. Cette promesse d’un avenir meilleur décide Paul Safranek  et sa femme à abandonner le stress de leur quotidien à Omaha (Nebraska), pour se lancer dans une aventure qui changera leur vie pour toujours.",Alexander Payne,"Alexander Payne,Jim Taylor","Matt Damon,Kristen Wiig,Christoph Waltz","3,2","2,2",U.S.A.,Paramount Pictures France,5 nominations,2017,Long métrage,"Anglais, Islandais, Norvégien, Espagnol",563 847 entrées
Vice,https://fr.web.img4.acsta.net/c_310_420/pictures/19/02/14/17/04/0258747.jpg,13 février 2019,en salle,"Biopic,Drame",Tout public,"Fin connaisseur des arcanes de la politique américaine, Dick Cheney a réussi, sans faire de bruit, à se faire élire vice-président aux côtés de George W. Bush. Devenu l'homme le plus puissant du pays, il a largement contribué à imposer un nouvel ordre mondial dont on sent encore les conséquences aujourd'hui…",Adam McKay,Adam McKay,"Christian Bale,Amy Adams,Steve Carell","3,9","4,0",U.S.A.,Mars Films,4 prix et 22 nominations,2018,Long métrage,Anglais,319 126 entrées
Starbuck,https://fr.web.img2.acsta.net/c_310_420/medias/nmedia/18/82/31/84/20079900.jpg,27 juin 2012,en salle,Comédie,Tout public,"Alors qu’il s’apprête à être père, David Wosniak, éternel adolescent de 42 ans, découvre être le géniteur anonyme de 533 enfants déterminés à le retrouver.",Ken Scott,"Ken Scott,Martin Petit","Patrick Huard,Julie LeBreton,Antoine Bertrand","3,4","4,2",Canada,Diaphana Distribution,3 prix et 2 nominations,2011,Long métrage,"Français, Espagnol",464 383 entrées
BlacKkKlansman - J'ai infiltré le Ku Klux Klan,https://fr.web.img3.acsta.net/c_310_420/pictures/18/06/18/15/48/0814411.jpg,22 août 2018,en salle,"Biopic,Policier",Tout public,"Au début des années 70, au plus fort de la lutte pour les droits civiques, plusieurs émeutes raciales éclatent dans les grandes villes des États-Unis. Ron Stallworth devient le premier officier Noir américain du Colorado Springs Police Department, mais son arrivée est accueillie avec scepticisme, voire avec une franche hostilité, par les agents les moins gradés du commissariat. Prenant son courage à deux mains, Stallworth va tenter de faire bouger les lignes et, peut-être, de laisser une trace dans l'histoire. Il se fixe alors une mission des plus périlleuses : infiltrer le Ku Klux Klan pour en dénoncer les exactions.,En se faisant passer pour un extrémiste, Stallworth contacte le groupuscule : il ne tarde pas à se voir convier d'en intégrer la garde rapprochée. Il entretient même un rapport privilégié avec le ""Grand Wizard"" du Klan, David Duke, enchanté par l'engagement de Ron en faveur d'une Amérique blanche. Tandis que l'enquête progresse et devient de plus en plus complexe, Flip Zimmerman, collègue de Stallworth, se fait passer pour Ron lors des rendez-vous avec les membres du groupe suprémaciste et apprend ainsi qu'une opération meurtrière se prépare. Ensemble, Stallworth et Zimmerman font équipe pour neutraliser le Klan dont le véritable objectif est d'aseptiser son discours ultra-violent pour séduire ainsi le plus grand nombre.",Spike Lee,"Charlie Wachtel,David Rabinowitz","John David Washington,Adam Driver,Topher Grace","3,7","4,0",U.S.A.,Universal Pictures International France,3 prix et 19 nominations,2018,Long métrage,Anglais,1 302 067 entrées
Dans la maison,https://fr.web.img4.acsta.net/c_310_420/medias/nmedia/18/91/17/25/20133111.jpg,10 octobre 2012,en salle,Thriller,Tout public,"Un garçon de 16 ans s'immisce dans la maison d'un élève de sa classe, et en fait le récit dans ses rédactions à son professeur de français. Ce dernier, face à cet élève doué et différent, reprend goût à l'enseignement, mais cette intrusion va déclencher une série d'événements incontrôlables.",François Ozon,François Ozon,"Fabrice Luchini,Ernst Umhauer,Kristin Scott Thomas","3,5","3,7",France,Mars Films,4 prix et 14 nominations,2012,Long métrage,Français,1 195 518 entrées
Maléfique : Le Pouvoir du Mal,https://fr.web.img2.acsta.net/c_310_420/pictures/19/09/23/11/24/3125098.jpg,16 octobre 2019,en salle,"Aventure,Fantastique",Tout public,"Plusieurs années après avoir découvert pourquoi la plus célèbre méchante Disney avait un cœur si dur et ce qui l’avait conduit à jeter un terrible sort à la princesse Aurore, « Maléfique : Le Pouvoir du Mal » continue d’explorer les relations complexes entre la sorcière et la future reine, alors qu’elles nouent d’autres alliances et affrontent de nouveaux adversaires dans leur combat pour protéger leurs terres et les créatures magiques qui les peuplent.",Joachim Rønning,"Linda Woolverton,Noah Harpster","Angelina Jolie,Elle Fanning,Harris Dickinson","2,7","3,6",U.S.A.,The Walt Disney Company France,1 nomination,2019,Long métrage,Anglais,2 637 086 entrées
Du sang et des larmes,https://fr.web.img6.acsta.net/c_310_420/pictures/210/592/21059262_20131119172933967.jpg,1 janvier 2014,en salle,"Action,Drame,Guerre",Interdit - 12 ans avec avertissement,"Le 28 juin 2005, un commando de quatre Navy Seals prend part à l’opération ""Red Wing"", qui a pour but de localiser et éliminer le leader taliban Ahmad Shah. Mais rapidement repérés et encerclés, les quatre soldats vont se retrouver pris au piège.",Peter Berg,Peter Berg,"Mark Wahlberg,Taylor Kitsch,Emile Hirsch","2,9","4,2",U.S.A.,SND,1 prix et 3 nominations,2013,Long métrage,Anglais,235 370 entrées
Sauver ou périr,https://fr.web.img5.acsta.net/c_310_420/pictures/18/08/31/14/28/2124798.jpg,28 novembre 2018,en salle,Drame,Tout public,"Franck est Sapeur-Pompier de Paris. Il sauve des gens. Il vit dans la caserne avec sa femme qui accouche de jumelles. Il est heureux. Lors d’une intervention sur un incendie, il se sacrifie pour sauver ses hommes. A son réveil dans un centre de traitement des Grands Brûlés, il comprend que son visage a fondu dans les flammes. Il va devoir réapprendre à vivre, et accepter d’être sauvé à son tour.",Frédéric Tellier,"David Oelhoffen,Frédéric Tellier","Pierre Niney,Anaïs Demoustier,Chloé Stefani","3,3","4,1",France,Mars Films,# prix,2018,Long métrage,Français,1 014 439 entrées
Un Heureux Événement,https://fr.web.img5.acsta.net/c_310_420/medias/nmedia/18/84/82/69/19792498.jpg,28 septembre 2011,en salle,Comédie dramatique,Tout public,"""Elle m’a poussée dans mes retranchements, m’a fait dépasser toutes mes limites, m’a confrontée à l’absolu : de l’amour, du sacrifice, de la tendresse, de l’abandon. Elle m’a disloquée, transformée. Pourquoi personne ne m’a rien dit ? Pourquoi on n’en parle pas ?"",Un heureux événement ou la vision intime d’une maternité, sincère et sans tabous.",Rémi Bezançon,"Rémi Bezançon,Vanessa Portal","Louise Bourgoin,Pio Marmaï,Josiane Balasko","3,1","3,5",France,Gaumont Distribution,7 nominations,2011,Long métrage,Français,461 682 entrées
Joy,https://fr.web.img6.acsta.net/c_310_420/pictures/15/12/15/14/27/354746.jpg,30 décembre 2015,en salle,"Biopic,Drame",Tout public,"Inspiré d'une histoire vraie, JOY décrit le fascinant et émouvant parcours, sur 40 ans, d'une femme farouchement déterminée à réussir, en dépit de son excentrique et dysfonctionnelle famille, et à fonder un empire d’un milliard de dollars. Au-delà de la femme d’exception, Joy incarne le rêve américain dans cette comédie dramatique, mêlant portrait de famille, trahisons, déraison et sentiments.",David O. Russell,David O. Russell,"Jennifer Lawrence,Robert De Niro,Bradley Cooper","3,0","3,5",U.S.A.,Twentieth Century Fox France,1 prix et 2 nominations,2015,Long métrage,Anglais,510 032 entrées
The Florida Project,https://fr.web.img4.acsta.net/c_310_420/pictures/17/09/18/14/51/1594606.jpg,20 décembre 2017,en salle,Drame,Tout public,"Moonee a 6 ans et un sacré caractère.,Lâchée en toute liberté dans un motel de la banlieue de Disney world, elle y fait les 400 coups avec sa petite bande de gamins insolents.,Ses incartades ne semblent  pas trop inquiéter Halley, sa très jeune mère.,En situation précaire comme tous les habitants du motel, celle-ci est en effet trop concentrée sur des plans plus ou moins honnêtes pour assurer leur quotidien…",Sean Baker,"Sean Baker,Chris Bergoch","Brooklynn Prince,Bria Vinaite,Willem Dafoe","3,7","3,8",U.S.A.,Le Pacte / ARP Sélection,7 nominations,2017,Long métrage,24/07/2024,167 914 entrées
Hugo Cabret,https://fr.web.img6.acsta.net/c_310_420/medias/nmedia/18/85/64/27/19846315.jpg,14 décembre 2011,en salle,"Aventure,Drame,Famille",Tout public,"Dans le Paris des années 30, le jeune Hugo est un orphelin de douze ans qui vit dans une gare. Son passé est un mystère et son destin une énigme. De son père, il ne lui reste qu’un étrange automate dont il cherche la clé - en forme de cœur - qui pourrait le faire fonctionner. En rencontrant Isabelle, il a peut-être trouvé la clé, mais ce n’est que le début de l’aventure…",Martin Scorsese,John Logan,"Asa Butterfield,Chloë Grace Moretz,Ben Kingsley","4,1","3,8",U.S.A.,Metropolitan FilmExport,11 prix et 27 nominations,2011,Long métrage,Anglais,1 285 647 entrées
Rogue One: A Star Wars Story,https://fr.web.img4.acsta.net/c_310_420/pictures/16/10/19/14/33/069648.jpg,14 décembre 2016,en salle,"Action,Aventure,Science Fiction",Tout public,"Situé entre les épisodes III et IV de la saga Star Wars, le film nous entraîne aux côtés d’individus ordinaires qui, pour rester fidèles à leurs valeurs, vont tenter l’impossible au péril de leur vie. Ils n’avaient pas prévu de devenir des héros, mais dans une époque de plus en plus sombre, ils vont devoir dérober les plans de l’Étoile de la Mort, l’arme de destruction ultime de l’Empire.",Gareth Edwards (V),"Chris Weitz,Tony Gilroy","Felicity Jones,Diego Luna,Ben Mendelsohn","3,7","4,1",U.S.A.,The Walt Disney Company France,4 nominations,2016,Long métrage,Anglais,4 974 699 entrées
Ted,https://fr.web.img6.acsta.net/c_310_420/medias/nmedia/18/89/57/28/20196214.jpg,10 octobre 2012,en salle,Comédie,Tout public,"À 8 ans, le petit John Bennett fit le voeu que son ours en peluche de Noël s’anime et devienne son meilleur ami pour la vie, et il vit son voeu exaucé. Presque 30 ans plus tard, l’histoire n’a plus vraiment les allures d’un conte de Noël. L’omniprésence de Ted aux côtés de John pèse lourdement sur sa relation amoureuse avec Lori. Bien que patiente, Lori voit en cette amitié exclusive, consistant principalement à boire des bières et fumer de l’herbe devant des programmes télé plus ringards les uns que les autres, un handicap pour John qui le confine à l’enfance, l’empêche de réussir professionnellement et de réellement s’investir dans leur couple. Déchiré entre son amour pour Lori et sa loyauté envers Ted, John lutte pour devenir enfin un homme, un vrai !",Seth MacFarlane,"Seth MacFarlane,Alec Sulkin","Mark Wahlberg,Mila Kunis, JoeyStarr","3,6","3,2",U.S.A.,Universal Pictures International France,2 nominations,2012,Long métrage,Anglais,1 378 875 entrées
L'Art d'aimer,https://fr.web.img3.acsta.net/c_310_420/medias/nmedia/18/85/80/32/19820611.jpg,23 novembre 2011,en salle,Comédie,Tout public,"Au moment où l’on devient amoureux, à cet instant précis, il se produit en nous une musique particulière. Elle est pour chacun différente et peut survenir à des moments inattendus...",Emmanuel Mouret,Emmanuel Mouret,"François Cluzet,Julie Depardieu,Ariane Ascaride","3,2","2,7",France,Pyramide Distribution,7 nominations,2011,Long métrage,Français,205 036 entrées
"Crazy, Stupid, Love",https://fr.web.img2.acsta.net/c_310_420/medias/nmedia/18/85/84/05/19808153.jpg,14 septembre 2011,en salle,"Comédie,Romance",Tout public,"A tout juste quarante ans, Cal Weaver mène une vie de rêve - bonne situation, belle maison, enfants formidables et mariage parfait avec sa petite amie du lycée. Mais lorsqu’il apprend que sa femme, Emily, le trompe et demande le divorce, sa vie « parfaite » s’écroule. Pire, dans le monde des célibataires d’aujourd’hui, Cal, qui n’a plus dragué depuis des lustres, se révèle un modèle d’anti séduction. Passant désormais ses soirées à bouder tout seul au bar du coin, l’infortuné Cal est pris en main comme complice et protégé d’un séduisant trentenaire, Jacob Palmer. Pour l’aider à oublier sa femme et à commencer une nouvelle vie, Jacob tente de faire découvrir à Cal les nombreuses perspectives qui s’offrent à lui : femmes en quête d’aventures, soirées arrosées entre copains et un chic supérieur à la moyenne.,Cal et Emily ne sont pas les seuls en quête d’amour: le fils de Cal, Robbie, 13 ans, est fou de sa babysitter de 17 ans, Jessica, laquelle a jeté son dévolu… sur Cal ! Et en dépit de la transformation de Cal et de ses nombreuses nouvelles conquêtes, la seule chose qu’il ne peut changer reste son coeur, qui semble toujours le ramener à son point de départ.","John Requa,Glenn Ficarra",Dan Fogelman,"Steve Carell,Ryan Gosling,Julianne Moore","3,1","3,8",U.S.A.,Warner Bros. France,5 nominations,2011,Long métrage,Anglais,530 606 entrées
Prometheus,https://fr.web.img2.acsta.net/c_310_420/medias/nmedia/18/85/32/85/20022460.jpg,30 mai 2012,en salle,"Science Fiction,Thriller",Interdit - 12 ans,"Une équipe d’explorateurs découvre un indice sur l’origine de l’humanité sur Terre. Cette découverte les entraîne dans un voyage fascinant jusqu’aux recoins les plus sombres de l’univers. Là-bas, un affrontement terrifiant qui décidera de l’avenir de l’humanité les attend.",Ridley Scott,"Damon Lindelof,Jon Spaihts","Noomi Rapace,Michael Fassbender,Charlize Theron","3,4","3,3",U.S.A.,Twentieth Century Fox France,2 nominations,2012,Long métrage,Anglais,1 830 935 entrées
Les Tuche 3,https://fr.web.img3.acsta.net/c_310_420/pictures/17/11/30/10/40/0534331.jpg,31 janvier 2018,en salle,Comédie,Tout public,"Jeff Tuche, se réjouit de l’arrivée du TGV dans son cher village. Malheureusement, le train à grande vitesse ne fait que passer, sans s’arrêter à Bouzolles. Déçu, il tente de joindre le président de la République pour que son village ne reste pas isolé du reste du territoire. Sans réponse de l’Élysée, Jeff ne voit plus qu’une seule solution pour se faire entendre : se présenter à l’élection présidentielle... Profitant de circonstances politiques imprévisibles, Jeff Tuche et toute sa famille vont s’installer à l’Élysée pour une mission à haut risque : gouverner la France.",Olivier Baroux,"Olivier Baroux,Jean-Paul Rouve","Jean-Paul Rouve,Isabelle Nanty,Claire Nadeau","2,5","1,9",France,Pathé Films,# prix,2017,Long métrage,Français,5 646 988 entrées
Mon beau-père et nous,https://fr.web.img6.acsta.net/c_310_420/medias/nmedia/18/79/37/38/19618059.jpg,22 décembre 2010,en salle,Comédie,Tout public,"Il aura fallu 10 ans, deux enfants avec sa femme Pam et d’innombrables obstacles pour que Greg soit enfin accepté par son beau-père. Les doutes de Jack réapparaissent lorsque Greg, à court d’argent, travaille au noir pour un laboratoire... Quand l’ensemble du clan Furniker, y compris Kevin, l’ex de Pam, se retrouve pour l’anniversaire des jumeaux, Greg doit prouver à Jack qu’il est un vrai chef de famille. Mais après tous les malentendus, l'espionnage et les missions secrètes, Greg va-t-il réussir l’examen final de Jack  et  lui succéder à la tête du clan…ou le cercle de confiance sera t-il brisé pour toujours ?",Paul Weitz,"John Hamburg,Larry Stuckey","Robert De Niro,Ben Stiller,Owen Wilson","2,3","2,6",U.S.A.,Paramount Pictures France,1 prix et 1 nomination,2010,Long métrage,Anglais,1 277 762 entrées
Spotlight,https://fr.web.img2.acsta.net/c_310_420/pictures/16/01/21/16/04/118433.jpg,27 janvier 2016,en salle,"Policier,Drame",Tout public,"Adapté de faits réels, Spotlight retrace la fascinante enquête du,– couronnée par le prix Pulitzer – qui a mis à jour un scandale sans précédent au sein de l’Eglise Catholique. Une équipe de journalistes d’investigation, baptisée Spotlight, a enquêté pendant 12 mois sur des suspicions d’abus sexuels au sein d’une des institutions les plus anciennes et les plus respectées au monde. L’enquête révèlera que L’Eglise Catholique a protégé pendant des décennies les personnalités religieuses, juridiques et politiques les plus en vue de Boston, et déclenchera par la suite une vague de révélations dans le monde entier.",Tom McCarthy,"Josh Singer,Tom McCarthy","Michael Keaton,Mark Ruffalo,Rachel McAdams","4,0","4,2",U.S.A.,Warner Bros. France,10 prix et 13 nominations,2015,Long métrage,Anglais,616 158 entrées
Mon Roi,https://fr.web.img2.acsta.net/c_310_420/pictures/15/09/16/10/19/316779.jpg,21 octobre 2015,en salle,"Drame,Romance",Tout public,"Tony est admise dans un centre de rééducation après une grave chute de ski. Dépendante du personnel médical et des antidouleurs, elle prend le temps de se remémorer l’histoire tumultueuse qu’elle a vécue avec Georgio. Pourquoi se sont-ils aimés ? Qui est réellement l’homme qu’elle a adoré? Comment a-t-elle pu se soumettre à cette passion étouffante et destructrice ? Pour Tony c’est une difficile reconstruction qui commence désormais, un travail corporel qui lui permettra peut-être de définitivement se libérer …",Maïwenn," Maïwenn,Etienne Comar","Vincent Cassel,Emmanuelle Bercot,Louis Garrel","3,2","3,9",France,StudioCanal,1 prix et 12 nominations,2015,Long métrage,Français,745 483 entrées
Effets secondaires,https://fr.web.img6.acsta.net/c_310_420/medias/nmedia/18/94/94/59/20455382.jpg,3 avril 2013,en salle,"Policier,Drame",Tout public,"Jon Banks est un psychiatre ambitieux. Quand une jeune femme, Emilie, le consulte pour dépression, il lui prescrit un nouveau médicament. Lorsque la police trouve Emilie couverte de sang, un couteau à la main, le cadavre de son mari à ses pieds, sans aucun souvenir de ce qui s’est passé, la réputation du docteur Banks est compromise…",Steven Soderbergh,Scott Z. Burns,"Rooney Mara,Channing Tatum,Jude Law","3,6","3,6",U.S.A.,ARP Sélection,1 nomination,2013,Long métrage,Anglais,485 823 entrées
Première année,https://fr.web.img6.acsta.net/c_310_420/pictures/18/05/14/17/51/5693900.jpg,12 septembre 2018,en salle,Drame,Tout public,"Antoine entame sa première année de médecine pour la troisième fois. Benjamin arrive directement du lycée, mais il réalise rapidement que cette année ne sera pas une promenade de santé. Dans un environnement compétitif violent, avec des journées de cours ardues et des nuits dédiées aux révisions plutôt qu'à la fête, les deux étudiants devront s’acharner et trouver un juste équilibre entre les épreuves d’aujourd’hui et les espérances de demain.",Thomas Lilti,Thomas Lilti,"Vincent Lacoste,William Lebghil,Michel Lerousseau","3,7","3,8",France,Le Pacte,4 nominations,2018,Long métrage,Français,1 014 821 entrées
Django,https://fr.web.img5.acsta.net/c_310_420/pictures/17/02/09/11/32/053359.jpg,26 avril 2017,en salle,"Biopic,Drame,Musical",Tout public,"En 1943 pendant l’occupation allemande, le tsigane Django Reinhardt, véritable “guitare héros”, est au sommet de son art. Chaque soir il fait vibrer le tout Paris aux Folies Bergères avec sa musique swing alors qu’en Europe, ses frères sont pourchassés et massacrés. Lorsque la propagande allemande veut l’envoyer à Berlin pour une série de concerts, il sent le danger et décide de s’évader en Suisse aidé par une de ses admiratrices, Louise de Klerk. Pour passer, il se rend à Thonon-les-Bains, sur les bords du lac Léman, avec sa femme enceinte, Naguine et sa mère Negros. Mais l’évasion est plus compliquée que prévue, Django et ses proches se retrouvent plongés dans la guerre. Pendant cette période dramatique, il n’en demeure pas moins un musicien exceptionnel qui résiste avec sa musique, son humour, et qui cherche à approcher la perfection musicale...",Etienne Comar,"Alexis Salatko,Etienne Comar","Reda Kateb,Cécile de France,Bea Palya","3,0","3,3",France,Pathé Films,1 prix et 4 nominations,2016,Long métrage,Français,480 475 entrées
Last days of Summer,https://fr.web.img3.acsta.net/c_310_420/pictures/210/592/21059277_2013111918242545.jpg,30 avril 2014,en salle,"Drame,Romance",Tout public,"Lors du dernier week-end de l’été, Frank, un détenu évadé, condamné pour meurtre, oblige Adèle et son fils Henry à le cacher chez eux.,Très vite, la relation entre le ravisseur et la jeune femme prend une tournure inattendue. Pendant ces quatre jours, ils vont révéler de lourds secrets et réapprendre à aimer...",Jason Reitman,Jason Reitman,"Kate Winslet,Josh Brolin,Gattlin Griffith","3,2","3,9",U.S.A.,Paramount Pictures France,1 nomination,2013,Long métrage,Anglais,67 670 entrées
La Piel que Habito,https://fr.web.img6.acsta.net/c_310_420/medias/nmedia/18/83/22/52/19757039.jpg,17 août 2011,en salle,"Drame,Thriller",Tout public,"Depuis que sa femme a été victime de brûlures dans un accident de voiture, le docteur Robert Ledgard, éminent chirurgien esthétique, se consacre à la création d’une nouvelle peau, grâce à laquelle il aurait pu sauver son épouse. Douze ans après le drame, il réussit dans son laboratoire privé à cultiver cette peau : sensible aux caresses, elle constitue néanmoins une véritable cuirasse contre toute agression, tant externe qu’interne, dont est victime l’organe le plus étendu de notre corps. Pour y parvenir, le chirurgien a recours aux possibilités qu’offre la thérapie cellulaire.,Outre les années de recherche et d’expérimentation, il faut aussi à Robert une femme cobaye, un complice et une absence totale de scrupules. Les scrupules ne l’ont jamais étouffé, il en est tout simplement dénué. Marilia, la femme qui s’est occupée de Robert depuis le jour où il est né, est la plus fidèle des complices. Quant à la femme cobaye…",Pedro Almodóvar,Pedro Almodóvar,"Antonio Banderas,Elena Anaya,Marisa Paredes","3,7","3,9",Espagne,Pathé Films,5 prix et 9 nominations,2011,Long métrage,19/06/2019,708 319 entrées
La Délicatesse,https://fr.web.img4.acsta.net/c_310_420/medias/nmedia/18/85/93/42/19824192.jpg,21 décembre 2011,en salle,"Comédie,Romance",Tout public,"Nathalie a tout pour être heureuse. Elle est jeune, belle, et file le parfait amour. La mort accidentelle de son mari va couper son élan. Pendant des années, elle va s'investir dans son travail, se sentir en parenthèse de sa vie sensuelle. Mais subitement, sans qu'elle comprenne vraiment pourquoi, elle embrasse un de ses collègues. Markus, un homme très atypique. S'ensuit alors la valse sentimentale de ce couple hautement improbable qui va susciter interrogation et agressivité au sein de l'entreprise. Choisit-on vraiment par quel moyen on renaît à la vie ? Nathalie et Markus vont finir par fuir pour vivre leur histoire et leur émerveillement à l'abri de tout. Cette histoire de renaissance est aussi celle de l'étrangeté amoureuse.","David Foenkinos,Stéphane Foenkinos",David Foenkinos,"Audrey Tautou,François Damiens,Bruno Todeschini","2,5","3,4",France,StudioCanal,1 prix et 10 nominations,2011,Long métrage,Français,770 579 entrées
Oh My God !,https://fr.web.img2.acsta.net/c_310_420/medias/nmedia/18/85/91/14/19840999.jpg,14 décembre 2011,en salle,"Comédie,Romance",Tout public,"Dans l’Angleterre Victorienne, Mortimer Granville, jeune et séduisant médecin entre au service du Dr. Dalrymple, spécialiste de l’hystérie féminine. Le traitement préconisé est simple mais d’une redoutable efficacité : donner du plaisir pour soulager les troubles ! Le docteur Mortimer y met toute sa ferveur mais bientôt une vilaine crampe à la main l’empêche de pratiquer… Avec la complicité de son meilleur ami, un passionné de nouvelles technologies, il met au point un objet révolutionnaire : le premier vibromasseur…",Tanya Wexler,"Stephen Dyer,Jonah Lisa Dyer","Maggie Gyllenhaal,Hugh Dancy,Jonathan Pryce","2,6","3,5",Grande-Bretagne,Haut et Court,3 nominations,2011,Long métrage,Anglais,74 246 entrées
12 Years a Slave,https://fr.web.img4.acsta.net/c_310_420/pictures/210/415/21041568_2013091910085449.jpg,22 janvier 2014,en salle,"Drame,Historique",Tout public,"Les États-Unis, quelques années avant la guerre de Sécession.,Solomon Northup, jeune homme noir originaire de l’État de New York, est enlevé et vendu comme esclave.,Face à la cruauté d’un propriétaire de plantation de coton, Solomon se bat pour rester en vie et garder sa dignité.",Steve McQueen (II),John Ridley,"Chiwetel Ejiofor,Michael Fassbender,Benedict Cumberbatch","4,2","4,3",U.S.A.,Mars Films,13 prix et 27 nominations,2013,Long métrage,Anglais,1 696 935 entrées
Victoria,https://fr.web.img5.acsta.net/c_310_420/pictures/15/06/09/14/32/425117.jpg,1 juillet 2015,en salle,"Drame,Thriller",Tout public,"Berlin. Sortie de boîte de nuit, Victoria, espagnole fraîchement débarquée, rencontre Sonne et son groupe de potes. Emportée par la fête et l'alcool, elle décide de les suivre dans leur virée nocturne. Elle réalise soudain que la soirée est en train de sérieusement déraper.",Sebastian Schipper,"Sebastian Schipper,Olivia Neergaard-Holm","Laia Costa,Frederick Lau,Franz Rogowski","4,0","4,0",Allemagne,Jour2fête / Version Originale / Condor,2 prix et 4 nominations,2015,Long métrage,"Anglais, Allemand, Espagnol",85 488 entrées
Magic Mike,https://fr.web.img2.acsta.net/c_310_420/medias/nmedia/18/87/64/98/20140028.jpg,15 août 2012,en salle,"Comédie,Drame",Tout public,"Mike a trente ans et multiplie les petits boulots : maçon, fabricant de meubles, etc…,Il se rêve entrepreneur. Il est surtout strip-teaseur.,Chaque soir, sur scène, dans un club de Floride, il devient Magic Mike.,Lorsqu’il croise Adam, il se retrouve en lui, l’intègre au club et décide d’en faire le Kid.,Mais le Kid a une sœur, qui n’est pas prête à trouver Mike irrésistible…",Steven Soderbergh,Reid Carolin,"Channing Tatum,Alex Pettyfer,Matthew McConaughey","3,4","3,0",U.S.A.,ARP Sélection,2 prix et 1 nomination,2012,Long métrage,Anglais,285 400 entrées
Bis,https://fr.web.img6.acsta.net/c_310_420/pictures/15/01/09/14/18/041740.jpg,18 février 2015,en salle,Comédie,Tout public,"Éric et Patrice sont amis depuis le lycée. Au fil des années, chacun a pris un chemin très différent : d’un côté Éric, hédoniste sans attaches aux multiples conquêtes, et de l’autre Patrice, père de famille « monogame » à la vie bien rangée. Après une soirée bien arrosée, les deux amis d’enfance se retrouvent propulsés en 1986 alors qu’ils n’ont que 17 ans. Ce retour dans le passé est l’occasion rêvée pour tenter de changer le cours de leur vie. Que vont-ils faire de cette seconde chance ?",Dominique Farrugia,"Dominique Farrugia,Nans Delgado","Franck Dubosc,Kad Merad,Alexandra Lamy","3,2","2,7",France,EuropaCorp Distribution,2 nominations,2015,Long métrage,Français,1 506 009 entrées
Dark Waters,https://fr.web.img4.acsta.net/c_310_420/pictures/20/01/23/14/05/1683095.jpg,26 février 2020,en salle,"Biopic,Drame",Tout public,"Robert Bilott est un avocat spécialisé dans la défense des industries chimiques. Interpellé par un paysan, voisin de sa grand-mère, il va découvrir que la campagne idyllique de son enfance est empoisonnée par une usine du puissant groupe chimique DuPont, premier employeur de la région. Afin de faire éclater la vérité sur la pollution mortelle due aux rejets toxiques de l’usine, il va risquer sa carrière, sa famille, et même sa propre vie...",Todd Haynes,"Matthew Carnahan,Mario Correa","Mark Ruffalo,Anne Hathaway,Tim Robbins","4,0","4,1",U.S.A.,Le Pacte,1 nomination,2019,Long métrage,Anglais,301 730 entrées
Nous trois ou rien,https://fr.web.img2.acsta.net/c_310_420/pictures/15/09/21/10/57/328187.jpg,4 novembre 2015,en salle,Comédie dramatique,Tout public,"D’un petit village du sud de l’Iran aux cités parisiennes, Kheiron nous raconte le destin hors du commun de ses parents Hibat et Fereshteh, éternels optimistes, dans une comédie aux airs de conte universel qui évoque l’amour familial, le don de soi et surtout l’idéal d’un vivre-ensemble.",Kheiron,Kheiron," Kheiron,Leïla Bekhti,Gérard Darmon","3,6","4,2",France,Gaumont Distribution,1 nomination,2014,Long métrage,Français,627 669 entrées
Raiponce,https://fr.web.img4.acsta.net/c_310_420/medias/nmedia/18/78/47/32/19539636.jpg,1 décembre 2010,en salle,"Animation,Famille",Tout public,"Lorsque Flynn Rider, le bandit le plus recherché du royaume, se réfugie dans une mystérieuse tour, il se retrouve pris en otage par Raiponce, une belle et téméraire jeune fille à l’impressionnante chevelure de 20 mètres de long, gardée prisonnière par Mère Gothel. L’étonnante geôlière de Flynn cherche un moyen de sortir de cette tour où elle est enfermée depuis des années. Elle passe alors un accord avec le séduisant brigand… C’est le début d’une aventure délirante bourrée d’action, d’humour et d'émotion, au cours de laquelle l’improbable duo va rencontrer un cheval super-flic, un caméléon à l’instinct de protection surdéveloppé, et une drôle de bande de malfaiteurs.","Byron Howard,Nathan Greno",Dan Fogelman,"Maeva Méline,Mandy Moore,Romain Duris","3,8","4,2",U.S.A.,The Walt Disney Company France,5 nominations,2010,Long métrage,Anglais,3 827 661 entrées
Sous Les Jupes Des Filles,https://fr.web.img2.acsta.net/c_310_420/pictures/14/04/03/14/03/446077.jpg,4 juin 2014,en salle,Comédie,Tout public,"Paris. 28 premiers jours du printemps. 11 femmes.,Mères de famille, femmes d'affaires, copines, maîtresses ou épouses...,Toutes représentent une facette de la femme d'aujourd'hui : Complexes, joyeuses, complexées, explosives, insolentes, surprenantes... Bref, un être paradoxal, totalement déboussolé, définitivement vivant, FEMMES tout simplement !",Audrey Dana,"Audrey Dana,Murielle Magellan","Isabelle Adjani,Vanessa Paradis,Sylvie Testud","2,3","2,6",France,Wild Bunch Distribution,# prix,2014,Long métrage,Français,1 349 860 entrées
"Moi, moche et méchant",https://fr.web.img4.acsta.net/c_310_420/medias/nmedia/18/73/23/03/19494202.jpg,6 octobre 2010,en salle,Animation,Tout public,"Dans un charmant quartier résidentiel délimité par des clôtures de bois blanc et orné de rosiers fleurissants se dresse une bâtisse noire entourée d’une pelouse en friche. Cette façade sinistre cache un secret : Gru, un méchant vilain, entouré d’une myriade de sous-fifres et armé jusqu’aux dents, qui, à l’insu du voisinage, complote le plus gros casse de tous les temps : voler la lune (Oui, la lune !)...,Gru affectionne toutes sortes de sales joujoux. Il possède une multitude de véhicules de combat aérien et terrestre et un arsenal de rayons immobilisants et rétrécissants avec lesquels il anéantit tous ceux qui osent lui barrer la route... jusqu’au jour où il tombe nez à nez avec trois petites orphelines qui voient en lui quelqu’un de tout à fait différent : un papa.,Le plus grand vilain de tous les temps se retrouve confronté à sa plus dure épreuve : trois fillettes prénommées Margo, Edith et Agnes.","Chris Renaud,Pierre Coffin","Cinco Paul,Ken Daurio","Gad Elmaleh,Steve Carell,Jason Segel","3,4","4,0",U.S.A.,Universal Pictures International France,11 nominations,2010,Long métrage,Anglais,3 008 069 entrées
Mommy,https://fr.web.img4.acsta.net/c_310_420/pictures/14/08/29/16/30/166201.jpg,8 octobre 2014,en salle,Drame,Tout public,"Une veuve mono-parentale hérite de la garde de son fils, un adolescent TDAH impulsif et violent. Au coeur de leurs emportements et difficultés, ils tentent de joindre les deux bouts, notamment grâce à l’aide inattendue de l’énigmatique voisine d’en face, Kyla. Tous les trois, ils retrouvent une forme d’équilibre et, bientôt, d’espoir.",Xavier Dolan,Xavier Dolan,"Anne Dorval,Antoine-Olivier Pilon,Suzanne Clément","4,3","4,4",Canada,MK2 / Diaphana,2 prix et 2 nominations,2014,Long métrage,"Anglais, Français",1 194 684 entrées
Les Misérables,https://fr.web.img3.acsta.net/c_310_420/medias/nmedia/18/91/00/76/20364091.jpg,13 février 2013,en salle,"Drame,Musical",Tout public,"Dans la France du 19e siècle, une histoire poignante de rêves brisés, d'amour malheureux, de passion, de sacrifice et de rédemption : l'affirmation intemporelle de la force inépuisable de l'âme humaine.,Quand Jean Valjean promet à Fantine de sauver sa fille Cosette du destin tragique dont elle est elle-même victime, la vie du forçat et de la gamine va en être changée à tout jamais.",Tom Hooper,"Bill Nicholson,Alain Boublil","Hugh Jackman,Russell Crowe,Anne Hathaway","2,3","3,1",Grande-Bretagne,Universal Pictures International France,11 prix et 16 nominations,2012,Long métrage,Anglais,218 983 entrées
Spider-Man : New Generation,https://fr.web.img5.acsta.net/c_310_420/pictures/18/11/13/11/42/1696141.jpg,12 décembre 2018,en salle,"Action,Animation,Famille",Tout public,"Spider-Man : New Generation suit les aventures de Miles Morales, un adolescent afro-américain et portoricain qui vit à Brooklyn et s’efforce de s’intégrer dans son nouveau collège à Manhattan. Mais la vie de Miles se complique quand il se fait mordre par une araignée radioactive et se découvre des super-pouvoirs : il est désormais capable d’empoisonner ses adversaires, de se camoufler, de coller littéralement aux murs et aux plafonds ; son ouïe est démultipliée... Dans le même temps, le plus redoutable cerveau criminel de la ville, le Caïd, a mis au point un accélérateur de particules nucléaires capable d’ouvrir un portail sur d’autres univers. Son invention va provoquer l’arrivée de plusieurs autres versions de Spider-Man dans le monde de Miles, dont un Peter Parker plus âgé, Spider-Gwen, Spider-Man Noir, Spider-Cochon et Peni Parker, venue d’un dessin animé japonais.","Bob Persichetti,Peter Ramsey,Rodney Rothman","Phil Lord,Rodney Rothman","Stéphane Bak,Shameik Moore,Jake Johnson","4,2","4,4",U.S.A.,Sony Pictures Releasing France,3 prix et 1 nomination,2018,Long métrage,Anglais,788 767 entrées
Pattaya,https://fr.web.img2.acsta.net/c_310_420/pictures/16/02/26/19/00/039546.jpg,24 février 2016,en salle,Comédie,Tout public,"Franky et Krimo rêvent de quitter la grisaille de leur quartier pour partir en voyage dans la célèbre et sulfureuse station balnéaire thaïlandaise de PATTAYA. Pour pouvoir s’y rendre à moindre coût, les deux amis ont la folle idée d’inscrire à son insu le nain de leur quartier au championnat du monde de Boxe Thaï des Nains. Mais ce qui devait être pour eux des vacances de rêves va se transformer en l’aventure la plus dingue et périlleuse de leurs vies.",Franck Gastambide,"Franck Gastambide,Stéphane Kazandjian","Franck Gastambide,Malik Bentalha,Anouar Toubali","3,0","2,1",France,Gaumont Distribution,1 nomination,2016,Long métrage,Français,1 939 718 entrées
Inséparables,https://fr.web.img5.acsta.net/c_310_420/pictures/19/07/30/09/20/1991246.jpg,4 septembre 2019,en salle,Comédie,Tout public,"Mika, un petit escroc, a fait un rapide tour en prison, où il a fait la connaissance de « Poutine », un détenu cinglé et imprévisible. Sitôt sa peine purgée, il décide de repartir à zéro et de refaire sa vie. Alors qu’il s’apprête à épouser la fille d’un riche homme d’affaires, son passé le rattrape : Poutine débarque sans prévenir ! Mika va vite réaliser qu’on ne se débarrasse pas aisément d’un tel boulet...",Varante Soudjian,Varante Soudjian,"Ahmed Sylla,Alban Ivanov,Judith El Zein","2,5","3,2",France,SND,1 nomination,2018,Long métrage,Français,1 037 582 entrées
13 Hours,https://fr.web.img2.acsta.net/c_310_420/pictures/16/03/25/16/30/517554.jpg,30 mars 2016,en salle,Action,Interdit - 12 ans,"Benghazi (Libye), 11 septembre 2012. Face à des assaillants sur-armés et bien supérieurs en nombre, six hommes ont eu le courage de tenter l’impossible. Leur combat a duré 13 heures. Ceci est une histoire vraie.",Michael Bay,Chuck Hogan,"John Krasinski,James Badge Dale,Max Martini","3,0","3,8",U.S.A.,Paramount Pictures France,1 nomination,2016,Long métrage,Anglais,106 354 entrées
Jusqu’à la Garde,https://fr.web.img6.acsta.net/c_310_420/pictures/17/11/08/10/30/5236618.jpg,7 février 2018,en salle,"Drame,Thriller",Tout public,"Le couple Besson divorce. Pour protéger son fils d’un père qu’elle accuse de violences, Miriam en demande la garde exclusive. La juge en charge du dossier accorde une garde partagée au père qu’elle considère bafoué. Pris en otage entre ses parents, Julien va tout faire pour empêcher que le pire n’arrive.",Xavier Legrand,Xavier Legrand,"Léa Drucker,Denis Ménochet,Thomas Gioria","4,2","4,2",France,Haut et Court,10 prix et 11 nominations,2017,Long métrage,Français,401 447 entrées
Wind River,https://fr.web.img2.acsta.net/c_310_420/pictures/17/07/24/15/54/498276.jpg,30 août 2017,en salle,"Drame,Thriller",Interdit - 12 ans,"Cory Lambert est pisteur dans la réserve indienne de Wind River, perdue dans l’immensité sauvage du Wyoming. Lorsqu’il découvre le corps d’une femme en pleine nature, le FBI envoie une jeune recrue élucider ce meurtre. Fortement lié à la communauté amérindienne, il va l’aider à mener l’enquête dans ce milieu hostile, ravagé par la violence et l’isolement, où la loi des hommes s’estompe face à celle impitoyable de la nature…",Taylor Sheridan,Taylor Sheridan,"Jeremy Renner,Elizabeth Olsen,Kelsey Asbille","3,5","4,0",U.S.A.,Metropolitan FilmExport,1 prix et 2 nominations,2017,Long métrage,Anglais,296 601 entrées
Minuit à Paris,https://fr.web.img2.acsta.net/c_310_420/medias/nmedia/18/83/07/18/19702766.jpg,11 mai 2011,en salle,"Comédie,Romance",Tout public,"Un jeune couple d'américains dont le mariage est prévu à l'automne se rend pour quelques jours à Paris. La magie de la capitale ne tarde pas à opérer, tout particulièrement sur le jeune homme amoureux de la Ville-lumière et qui aspire à une autre vie que la sienne...",Woody Allen,Woody Allen,"Owen Wilson,Rachel McAdams,Michael Sheen","4,2","3,7",U.S.A.,Mars Films,3 prix et 17 nominations,2011,Long métrage,Anglais,1 739 215 entrées
Patients,https://fr.web.img6.acsta.net/c_310_420/pictures/16/12/19/15/00/385646.jpg,1 mars 2017,en salle,"Comédie,Drame",Tout public,"Se laver, s'habiller, marcher, jouer au basket, voici ce que Ben ne peut plus faire à son arrivée dans un centre de rééducation suite à un grave accident. Ses nouveaux amis sont tétras, paras, traumas crâniens.... Bref, toute la crème du handicap. Ensemble ils vont apprendre la patience. Ils vont résister, se vanner, s'engueuler, se séduire mais surtout trouver l'énergie pour réapprendre à vivre. Patients est l'histoire d'une renaissance, d'un voyage chaotique fait de victoires et de défaites, de larmes et d’éclats de rire, mais surtout de rencontres : on ne guérit pas seul."," Grand Corps Malade,Mehdi Idir"," Grand Corps Malade,Fadette Drouard","Pablo Pauly,Soufiane Guerrab,Moussa Mansaly","3,8","4,2",France,Gaumont Distribution,2 prix et 7 nominations,2016,Long métrage,Français,1 201 075 entrées
J'ai rencontré le Diable,https://fr.web.img4.acsta.net/c_310_420/medias/nmedia/18/82/79/34/19637299.jpg,6 juillet 2011,en salle,"Drame,Thriller",Interdit - 16 ans avec avertissement,"Un agent secret recherche le,qui a tué sa fiancée...",Kim Jee-Woon,Hoon-Jung Park,"Lee Byung-Hun,Min-sik Choi,Oh San-ha","4,2","4,3",Corée du Sud,ARP Sélection,1 prix et 7 nominations,2010,Long métrage,Coréen,28 344 entrées
Lady Bird,https://fr.web.img2.acsta.net/c_310_420/pictures/17/12/06/16/57/3052992.jpg,28 février 2018,en salle,"Comédie,Drame",Tout public,"Christine « Lady Bird » McPherson se bat désespérément pour ne pas ressembler à sa mère, aimante mais butée et au fort caractère, qui travaille sans relâche en tant qu’infirmière pour garder sa famille à flot après que le père de Lady Bird a perdu son emploi.",Greta Gerwig,Greta Gerwig,"Saoirse Ronan,Laurie Metcalf,Tracy Letts","3,8","3,7",U.S.A.,Universal Pictures International France,2 prix et 14 nominations,2017,Long métrage,Anglais,305 698 entrées
Alice au Pays des Merveilles,https://fr.web.img6.acsta.net/c_310_420/medias/nmedia/18/69/73/20/19212735.jpg,24 mars 2010,en salle,"Aventure,Famille,Fantastique",Tout public,"Alice, désormais âgée de 19 ans, retourne dans le monde fantastique qu'elle a découvert quand elle était enfant. Elle y retrouve ses amis le Lapin Blanc, Bonnet Blanc et Blanc Bonnet, le Loir, la Chenille, le Chat du Cheshire et, bien entendu, le Chapelier Fou. Alice s'embarque alors dans une aventure extraordinaire où elle accomplira son destin : mettre fin au règne de terreur de la Reine Rouge.",Tim Burton,Linda Woolverton,"Johnny Depp,Mia Wasikowska,Michael Sheen","3,5","3,3",U.S.A.,The Walt Disney Company France,4 prix et 12 nominations,2010,Long métrage,Anglais,4 402 371 entrées
120 battements Par Minute,https://fr.web.img2.acsta.net/c_310_420/pictures/17/06/30/16/06/184359.jpg,23 août 2017,en salle,Drame,Tout public,"Début des années 90. Alors que le sida tue depuis près de dix ans, les militants d'Act Up-Paris multiplient les actions pour lutter contre l'indifférence générale.,Nouveau venu dans le groupe, Nathan va être bouleversé par la radicalité de Sean.",Robin Campillo,Robin Campillo,"Nahuel Perez Biscayart,Arnaud Valois,Adèle Haenel","4,6","4,2",France,Memento,11 prix et 16 nominations,2017,Long métrage,29/11/2017,855 148 entrées
Zootopie,https://fr.web.img6.acsta.net/c_310_420/pictures/15/12/11/14/34/280851.jpg,17 février 2016,en salle,"Animation,Comédie,Famille",Tout public,"Zootopie est une ville qui ne ressemble à aucune autre : seuls les animaux y habitent ! On y trouve des quartiers résidentiels élégants comme le très chic Sahara Square, et d’autres moins hospitaliers comme le glacial Tundratown. Dans cette incroyable métropole, chaque espèce animale cohabite avec les autres. Qu’on soit un immense éléphant ou une minuscule souris, tout le monde a sa place à Zootopia !,Lorsque Judy Hopps fait son entrée dans la police, elle découvre qu’il est bien difficile de s’imposer chez les gros durs en uniforme, surtout quand on est une adorable lapine. Bien décidée à faire ses preuves, Judy s’attaque à une épineuse affaire, même si cela l’oblige à faire équipe avec Nick Wilde, un renard à la langue bien pendue et véritable virtuose de l’arnaque…","Byron Howard,Rich Moore,Jared Bush","Jared Bush,Phil Johnston","Marie-Eugénie Maréchal,Ginnifer Goodwin,Alexis Victor","4,0","4,3",U.S.A.,The Walt Disney Company France,4 prix et 6 nominations,2016,Long métrage,Anglais,4 715 369 entrées
L'Ascension,https://fr.web.img3.acsta.net/c_310_420/pictures/17/01/26/13/22/394590.jpg,25 janvier 2017,en salle,Comédie,Tout public,"« Pour toi, je pourrais gravir l’Everest !» Samy aurait mieux fait de se taire ce jour-là... D’autant que Nadia ne croit pas beaucoup à ses belles paroles. Et pourtant… Par amour pour elle, Samy quitte sa cité HLM et part gravir les mythiques 8848 mètres qui font de l’Everest le Toit du monde. Un départ qui fait vibrer ses copains, puis tout le 9-3 et c’est bientôt la France entière qui suit avec émotion les exploits de ce jeune mec ordinaire mais amoureux. A la clé, un message d’espoir : à chacun d’inventer son avenir, puisque tout est possible.",Ludovic Bernard,"Olivier Ducray,Ludovic Bernard","Ahmed Sylla,Alice Belaïdi,Kevin Razy","3,6","3,9",France,Mars Films,1 nomination,2017,Long métrage,Français,1 136 827 entrées
Les Suffragettes,https://fr.web.img2.acsta.net/c_310_420/pictures/15/10/06/14/15/041661.jpg,18 novembre 2015,en salle,"Drame,Historique",Tout public,"Au début du siècle dernier, en Angleterre, des femmes de toutes conditions décident de se battre pour obtenir le droit de vote. Face à leurs revendications, les réactions du gouvernement sont de plus en plus brutales et les obligent à entrer dans la clandestinité pour une lutte de plus en plus radicale. Puisque les manifestations pacifiques n’ont rien donné, celles que l’on appelle les suffragettes finissent par avoir recours à la violence pour se faire entendre. Dans ce combat pour l’égalité, elles sont prêtes à tout risquer: leur travail, leur maison, leurs enfants, et même leur vie. Maud est l’une de ces femmes. Jeune, mariée, mère, elle va se jeter dans le tourbillon d’une histoire que plus rien n’arrêtera…",Sarah Gavron,Abi Morgan,"Carey Mulligan,Helena Bonham Carter,Meryl Streep","3,3","3,8",Grande-Bretagne,Pathé Films,# prix,2015,Long métrage,Anglais,149 259 entrées
Il était temps,https://fr.web.img3.acsta.net/c_310_420/pictures/210/232/21023225_20130729172913429.jpg,6 novembre 2013,en salle,Romance,Tout public,"À l’âge de 21 ans, Tim Lake découvre qu’il a la capacité de voyager dans le temps... Lors de la nuit d’un énième nouvel an particulièrement raté, le père de Tim apprend à son fils que depuis des générations tous les hommes de la famille maîtrisent le voyage intertemporel. Tim ne peut changer l’histoire, mais a le pouvoir d’interférer dans le cours de sa propre existence, qu’elle soit passée ou à venir... Il décide donc de rendre sa vie meilleure... en se trouvant une amoureuse. Malheureusement les choses s’avèrent plus compliquées que prévu. Tim quitte les côtes de la Cornouailles pour faire un stage de droit à Londres et rencontre la belle et fragile Mary. Alors qu’ils tombent amoureux l’un de l’autre, un voyage temporel malencontreux va effacer cette rencontre. C’est ainsi qu’au fil de ses innombrables voyages temporels il n’a de cesse de ruser avec le destin afin de la rencontrer pour la première fois, encore et encore, jusqu’à ce qu’il arrive à gagner son coeur. Tim se sert alors de son pouvoir afin de créer les conditions idéales pour la demande en mariage parfaite, pour sauver la cérémonie à venir du discours catastrophique du pire des garçons d’honneur imaginable mais aussi pour épargner à son meilleur ami un désastre professionnel. Mais alors que le cours de sa vie inhabituelle se déroule, Tim découvre que ce don exceptionnel ne lui épargne pas la peine et les chagrins qui sont communs à n’importe quelle autre famille partout ailleurs.",Richard Curtis,Richard Curtis,"Domhnall Gleeson,Bill Nighy,Rachel McAdams","3,2","4,2",Grande-Bretagne,Universal Pictures International France,1 prix et 1 nomination,2013,Long métrage,Anglais,217 386 entrées
Burning,https://fr.web.img5.acsta.net/c_310_420/pictures/18/07/09/11/04/1943153.jpg,29 août 2018,en salle,"Drame,Thriller",Tout public,"Lors d’une livraison, Jongsu, un jeune coursier, retrouve par hasard son ancienne voisine, Haemi, qui le séduit immédiatement.,De retour d’un voyage à l’étranger, celle-ci revient cependant avec Ben, un garçon fortuné et mystérieux.,Alors que s’instaure entre eux un troublant triangle amoureux, Ben révèle à Jongsu son étrange secret. Peu de temps après, Haemi disparaît…",Lee Chang-Dong,"Lee Chang-Dong,Oh Jung-mi","Ah-In Yoo,Steven Yeun,Jeon Jong-seo","4,3","3,7",Corée du Sud,Diaphana Distribution,1 prix et 1 nomination,2018,Long métrage,Coréen,188 906 entrées
Creed - L'Héritage de Rocky Balboa,https://fr.web.img4.acsta.net/c_310_420/pictures/15/11/09/16/24/355502.jpg,13 janvier 2016,en salle,Drame,Tout public,"Adonis Johnson n'a jamais connu son père, le célèbre champion du monde poids lourd Apollo Creed décédé avant sa naissance. Pourtant, il a la boxe dans le sang et décide d'être entraîné par le meilleur de sa catégorie. À Philadelphie, il retrouve la trace de Rocky Balboa, que son père avait affronté autrefois, et lui demande de devenir son entraîneur. D'abord réticent, l'ancien champion décèle une force inébranlable chez Adonis et finit par accepter…",Ryan Coogler,"Ryan Coogler,Aaron Covington","Michael B. Jordan,Sylvester Stallone,Tessa Thompson","3,6","4,1",U.S.A.,Warner Bros. France,1 prix et 1 nomination,2015,Long métrage,Anglais,1 633 655 entrées
Detachment,https://fr.web.img2.acsta.net/c_310_420/medias/nmedia/18/85/32/06/19965023.jpg,1 février 2012,en salle,Drame,Tout public,Henry Barthes est un professeur remplaçant. Il est assigné pendant trois semaines dans un lycée difficile de la banlieue new-yorkaise. Lui qui s’efforce de toujours prendre ses distances va voir sa vie bouleversée par son passage dans cet établissement...,Tony Kaye,Carl Lund,"Adrien Brody,Marcia Gay Harden,James Caan","2,8","4,0",U.S.A.,Pretty Pictures,3 prix et 2 nominations,2011,Long métrage,Anglais,215 980 entrées
Les Gardiens de la Galaxie,https://fr.web.img3.acsta.net/c_310_420/pictures/14/08/04/15/09/405662.jpg,13 août 2014,en salle,"Action,Science Fiction",Tout public,"Peter Quill est un aventurier traqué par tous les chasseurs de primes pour avoir volé un mystérieux globe convoité par le puissant Ronan, dont les agissements menacent l’univers tout entier. Lorsqu’il découvre le véritable pouvoir de ce globe et la menace qui pèse sur la galaxie, il conclut une alliance fragile avec quatre aliens disparates : Rocket, un raton laveur fin tireur, Groot, un humanoïde semblable à un arbre, l’énigmatique et mortelle Gamora, et Drax le Destructeur, qui ne rêve que de vengeance. En les ralliant à sa cause, il les convainc de livrer un ultime combat aussi désespéré soit-il pour sauver ce qui peut encore l’être …",James Gunn,"James Gunn,Nicole Perlman","Chris Pratt,Zoe Saldana,Dave Bautista","3,8","4,2",U.S.A.,The Walt Disney Company France,5 nominations,2014,Long métrage,Anglais,2 323 759 entrées
Avengers: Infinity War,https://fr.web.img3.acsta.net/c_310_420/pictures/18/03/16/14/42/0611719.jpg,25 avril 2018,en salle,"Action,Aventure,Science Fiction",Tout public,Les Avengers et leurs alliés devront être prêts à tout sacrifier pour neutraliser le redoutable Thanos avant que son attaque éclair ne conduise à la destruction complète de l’univers.,"Joe Russo,Anthony Russo","Christopher Markus,Stephen McFeely","Robert Downey Jr.,Chris Hemsworth,Mark Ruffalo","3,4","4,3",U.S.A.,The Walt Disney Company France,3 nominations,2018,Long métrage,Anglais,5 044 429 entrées
Night Call,https://fr.web.img2.acsta.net/c_310_420/pictures/14/10/20/18/02/332744.jpg,26 novembre 2014,en salle,"Drame,Thriller",Tout public,"Branché sur les fréquences radio de la police, Lou parcourt Los Angeles la nuit à la recherche d'images choc qu'il vend à prix d'or aux chaînes de TV locales. La course au spectaculaire n'aura aucune limite.",Dan Gilroy,Dan Gilroy,"Jake Gyllenhaal,Rene Russo,Riz Ahmed","3,8","4,1",U.S.A.,Paramount Pictures France,2 prix et 13 nominations,2014,Long métrage,Anglais,422 512 entrées
Seul sur Mars,https://fr.web.img6.acsta.net/c_310_420/pictures/15/09/08/15/20/305329.jpg,21 octobre 2015,en salle,Science Fiction,Tout public,"Lors d’une expédition sur Mars, l’astronaute Mark Watney (Matt Damon) est laissé pour mort par ses coéquipiers, une tempête les ayant obligés à décoller en urgence. Mais Mark a survécu et il est désormais seul, sans moyen de repartir, sur une planète hostile. Il va devoir faire appel à son intelligence et son ingéniosité pour tenter de survivre et trouver un moyen de contacter la Terre. A 225 millions de kilomètres, la NASA et des scientifiques du monde entier travaillent sans relâche pour le sauver, pendant que ses coéquipiers tentent d’organiser une mission pour le récupérer au péril de leurs vies.",Ridley Scott,Drew Goddard,"Matt Damon,Jessica Chastain,Kristen Wiig","3,5","4,0",U.S.A.,Twentieth Century Fox France,2 prix et 17 nominations,2015,Long métrage,Anglais,2 511 458 entrées
Dragons,https://fr.web.img2.acsta.net/c_310_420/medias/nmedia/18/73/01/74/19343191.jpg,31 mars 2010,en salle,"Aventure,Animation,Famille",Tout public,"L'histoire d'Harold, jeune Viking peu à son aise dans sa tribu où combattre les dragons est le sport national. Sa vie va être bouleversée par sa rencontre avec un dragon qui va peu à peu amener Harold et les siens à voir le monde d'un point de vue totalement différent.","Chris Sanders,Dean DeBlois","Chris Sanders,Dean DeBlois","Donald Reignoux,Jay Baruchel,Emmanuel Jacomy","3,9","4,3",U.S.A.,Paramount Pictures France,1 prix et 9 nominations,2010,Long métrage,Anglais,2 250 262 entrées
My Beautiful Boy,https://fr.web.img6.acsta.net/c_310_420/pictures/18/12/07/16/40/2187682.jpg,6 février 2019,en salle,Drame,Tout public,"Pour David Sheff, la vie de son fils, Nicolas, un jeune homme billant, sportif, à l’esprit vif et cultivé, était déjà toute tracée : à ses 18 ans, Nic était promis à une prestigieuse carrière universitaire.,Mais le monde de David s’effondre lorsqu’il réalise que Nic a commencé à toucher à la drogue en secret dès ses 12 ans. De consommateur occasionnel, Nic est devenu accro à l'héroïne et plus rien ne semble possible pour le sortir de sa dépendance.,Réalisant que son fils et devenu avec le temps un parfait étranger, David décide de tout faire pour le sauver. Se confrontant à ses propres limites mais aussi celles de sa famille.",Felix Van Groeningen,"Luke Davies,Felix Van Groeningen","Steve Carell,Timothée Chalamet,Jack Dylan Grazer","3,2","4,0",U.S.A.,Metropolitan FilmExport,4 nominations,2018,Long métrage,Anglais,71 372 entrées
A Star Is Born,https://fr.web.img3.acsta.net/c_310_420/pictures/19/04/05/16/00/1578857.jpg,3 octobre 2018,en salle,"Drame,Romance",Tout public,"Star de country un peu oubliée, Jackson Maine découvre Ally, une jeune chanteuse très prometteuse. Tandis qu'ils tombent follement amoureux l'un de l'autre, Jack propulse Ally sur le devant de la scène et fait d'elle une artiste adulée par le public. Bientôt éclipsé par le succès de la jeune femme, il vit de plus en plus mal son propre déclin…",Bradley Cooper,"Eric Roth,Will Fetters","Lady Gaga,Bradley Cooper,Sam Elliott","3,3","4,1",U.S.A.,Warner Bros. France,3 prix et 27 nominations,2018,Long métrage,Anglais,2 006 777 entrées
American Sniper,https://fr.web.img2.acsta.net/c_310_420/pictures/14/10/14/09/50/570218.jpg,18 février 2015,en salle,"Biopic,Drame,Guerre",Tout public,"Tireur d'élite des Navy SEAL, Chris Kyle est envoyé en Irak dans un seul but : protéger ses camarades. Sa précision chirurgicale sauve d'innombrables vies humaines sur le champ de bataille et, tandis que les récits de ses exploits se multiplient, il décroche le surnom de ""La Légende"". Cependant, sa réputation se propage au-delà des lignes ennemies, si bien que sa tête est mise à prix et qu'il devient une cible privilégiée des insurgés. Malgré le danger, et l'angoisse dans laquelle vit sa famille, Chris participe à quatre batailles décisives parmi les plus terribles de la guerre en Irak, s'imposant ainsi comme l'incarnation vivante de la devise des SEAL : ""Pas de quartier !"" Mais en rentrant au pays, Chris prend conscience qu'il ne parvient pas à retrouver une vie normale.",Clint Eastwood,Jason Dean Hall,"Bradley Cooper,Sienna Miller,Luke Grimes","3,8","4,1",U.S.A.,Warner Bros. France,1 prix et 10 nominations,2015,Long métrage,Anglais,3 102 636 entrées
The Place Beyond the Pines,https://fr.web.img4.acsta.net/c_310_420/medias/nmedia/18/95/48/86/20503476.jpg,20 mars 2013,en salle,"Drame,Thriller",Tout public,"Cascadeur à moto, Luke est réputé pour son spectaculaire numéro du «globe de la mort». Quand son spectacle itinérant revient à Schenectady, dans l’État de New York, il découvre que Romina, avec qui il avait eu une aventure, vient de donner naissance à son fils… Pour subvenir aux besoins de ceux qui sont désormais sa famille, Luke quitte le spectacle et commet une série de braquages. Chaque fois, ses talents de pilote hors pair lui permettent de s’échapper. Mais Luke va bientôt croiser la route d’un policier ambitieux, Avery Cross, décidé à s’élever rapidement dans sa hiérarchie gangrenée par la corruption. Quinze ans plus tard, le fils de Luke et celui d’Avery se retrouvent face à face, hantés par un passé mystérieux dont ils sont loin de tout savoir…",Derek Cianfrance,"Derek Cianfrance,Ben Coccio","Ryan Gosling,Bradley Cooper,Eva Mendes","3,6","4,0",U.S.A.,StudioCanal,1 nomination,2012,Long métrage,Anglais,676 190 entrées
Ce que le jour doit à la nuit,https://fr.web.img3.acsta.net/c_310_420/medias/nmedia/18/91/71/02/20159308.jpg,12 septembre 2012,en salle,"Drame,Historique,Romance",Tout public,"Algérie, années 1930. Younes a 9 ans lorsqu'il est confié à son oncle pharmacien à Oran. Rebaptisé Jonas, il grandit parmi les jeunes de Rio Salado dont il devient l'ami. Dans la bande, il y a Emilie, la fille dont tous sont amoureux. Entre Jonas et elle naîtra une grande histoire d'amour, qui sera bientôt troublée par les conflits qui agitent le pays.",Alexandre Arcady,"Daniel Saint-Hamont,Alexandre Arcady","Nora Arnezeder,Fu'ad Ait Aattou,Anne Parillaud","2,4","4,0",France,Wild Bunch Distribution,# prix,2011,Long métrage,"Algérien, Français",290 978 entrées
La Prochaine fois je viserai le coeur,https://fr.web.img5.acsta.net/c_310_420/pictures/14/12/05/17/32/459922.jpg,12 novembre 2014,en salle,"Policier,Drame",Tout public,"Pendant plusieurs mois, entre 1978 et 1979, les habitants de l’Oise se retrouvent plongés dans l’angoisse et la terreur : un maniaque sévit prenant pour cibles des jeunes femmes.,Après avoir tenté d’en renverser plusieurs au volant de sa voiture, il finit par blesser et tuer des auto-stoppeuses choisies au hasard. L’homme est partout et nulle part, échappant aux pièges des enquêteurs et aux barrages. Il en réchappe d’autant plus facilement qu’il est en réalité un jeune et timide gendarme qui mène une vie banale et sans histoires au sein de sa brigade. Gendarme modèle, il est chargé d’enquêter sur ses propres crimes jusqu’à ce que les cartes de son périple meurtrier lui échappent.,",Cédric Anger,Cédric Anger,"Guillaume Canet,Ana Girardot,Jean-Yves Berteloot","3,7","3,2",France,TF1 Vidéo,4 nominations,2014,Long métrage,Français,490 537 entrées
Sex Friends,https://fr.web.img5.acsta.net/c_310_420/medias/nmedia/18/82/66/93/19631095.jpg,16 février 2011,en salle,"Comédie,Romance",Tout public,"Entre ""Sex Friends"", il faut respecter quelques règles de base :,Ne jamais s’offrir de cadeaux.,Ne pas dîner en tête à tête.,Accepter la concurrence.,Oublier le mot ""chéri(e)"".,Toujours partir avant le petit-déjeuner.,Et surtout, ne jamais tomber amoureux !,Est-ce bien clair pour Emma et Adam ?",Ivan Reitman,Elizabeth Meriwether,"Natalie Portman,Ashton Kutcher,Kevin Kline","2,3","2,8",U.S.A.,Paramount Pictures France,1 nomination,2011,Long métrage,Anglais,942 853 entrées
Avengers,https://fr.web.img6.acsta.net/c_310_420/medias/nmedia/18/85/31/58/20042068.jpg,25 avril 2012,en salle,"Action,Aventure,Science Fiction",Tout public,"Lorsque Nick Fury, le directeur du S.H.I.E.L.D., l'organisation qui préserve la paix au plan mondial, cherche à former une équipe de choc pour empêcher la destruction du monde, Iron Man, Hulk, Thor, Captain America, Hawkeye et Black Widow répondent présents.,Les Avengers ont beau constituer la plus fantastique des équipes, il leur reste encore à apprendre à travailler ensemble, et non les uns contre les autres, d'autant que le redoutable Loki a réussi à accéder au Cube Cosmique et à son pouvoir illimité...",Joss Whedon,"Joss Whedon,Zak Penn","Robert Downey Jr.,Chris Evans,Mark Ruffalo","4,0","4,1",U.S.A.,The Walt Disney Company France,2 nominations,2012,Long métrage,Anglais,4 387 116 entrées
Les Huit salopards,https://fr.web.img3.acsta.net/c_310_420/pictures/15/10/09/16/46/255916.jpg,6 janvier 2016,en salle,Western,Interdit - 12 ans avec avertissement,"Quelques années après la Guerre de Sécession, le chasseur de primes John Ruth, dit Le Bourreau, fait route vers Red Rock, où il conduit sa prisonnière Daisy Domergue se faire pendre. Sur leur route, ils rencontrent le Major Marquis Warren, un ancien soldat lui aussi devenu chasseur de primes, et Chris Mannix, le nouveau shérif de Red Rock. Surpris par le blizzard, ils trouvent refuge dans une auberge au milieu des montagnes, où ils sont accueillis par quatre personnages énigmatiques : le confédéré, le mexicain, le cowboy et le court-sur-pattes. Alors que la tempête s’abat au-dessus du massif, l’auberge va abriter une série de tromperies et de trahisons. L’un de ces huit salopards n’est pas celui qu’il prétend être ; il y a fort à parier que tout le monde ne sortira pas vivant de l’auberge de Minnie…",Quentin Tarantino,Quentin Tarantino,"Samuel L. Jackson,Kurt Russell,Jennifer Jason Leigh","3,3","4,1",U.S.A.,SND,2 prix et 6 nominations,2015,Long métrage,Anglais,1 779 159 entrées
Bohemian Rhapsody,https://fr.web.img5.acsta.net/c_310_420/pictures/18/05/15/16/26/2028013.jpg,31 octobre 2018,en salle,"Biopic,Drame",Tout public,"Bohemian Rhapsody retrace le destin extraordinaire du groupe Queen et de leur chanteur emblématique Freddie Mercury, qui a défié les stéréotypes, brisé les conventions et révolutionné la musique. Du succès fulgurant de Freddie Mercury à ses excès, risquant la quasi-implosion du groupe, jusqu’à son retour triomphal sur scène lors du concert Live Aid, alors qu’il était frappé par la maladie, découvrez la vie exceptionnelle d’un homme qui continue d’inspirer les outsiders, les rêveurs et tous ceux qui aiment la musique.",Bryan Singer,Anthony McCarten,"Rami Malek,Gwilym Lee,Lucy Boynton","3,0","4,3",U.S.A.,Twentieth Century Fox France,9 prix et 8 nominations,2018,Long métrage,Anglais,4 372 279 entrées
Aladdin,https://fr.web.img6.acsta.net/c_310_420/pictures/19/04/19/09/29/4029006.jpg,22 mai 2019,en salle,"Aventure,Famille,Fantastique",Tout public,"Quand un charmant garçon des rues du nom d’Aladdin cherche à conquérir le cœur de la belle, énigmatique et fougueuse princesse Jasmine, il fait appel au tout puissant Génie, le seul qui puisse lui permettre de réaliser trois vœux, dont celui de devenir le prince Ali pour mieux accéder au palais…",Guy Ritchie,"John August,Guy Ritchie","Will Smith,Anthony Kavanagh,Mena Massoud","3,2","3,7",U.S.A.,The Walt Disney Company France,1 nomination,2019,Long métrage,Anglais,2 438 526 entrées
Le Fils de Saul,https://fr.web.img5.acsta.net/c_310_420/pictures/15/09/09/12/37/592916.jpg,4 novembre 2015,en salle,"Drame,Thriller,Guerre",Interdit - 12 ans,"Octobre 1944, Auschwitz-Birkenau.,Saul Ausländer est membre du Sonderkommando, ce groupe de prisonniers juifs isolé du reste du camp et forcé d’assister les nazis dans leur plan d’extermination. Il travaille dans l’un des crématoriums quand il découvre le cadavre d’un garçon dans les traits duquel il reconnaît son fils. Alors que le Sonderkommando prépare une révolte, il décide d’accomplir l’impossible : sauver le corps de l’enfant des flammes et lui offrir une véritable sépulture.",László Nemes,"László Nemes,Clara Royer","Géza Röhrig,Sándor Zsótér,Marcin Czarnik","4,1","3,7",Hongrie,Ad Vitam,5 prix et 3 nominations,2015,Long métrage,"Français, Allemand, Grec, Hébreu, Hongrois, Polonais, Russe, Slovaque, Yiddish",201 720 entrées
Les Petits mouchoirs,https://fr.web.img6.acsta.net/c_310_420/medias/nmedia/18/78/19/23/19505586.jpg,20 octobre 2010,en salle,Comédie dramatique,Tout public,"A la suite d'un événement bouleversant, une bande de copains décide, malgré tout, de partir en vacances au bord de la mer comme chaque année. Leur amitié, leurs certitudes, leur culpabilité, leurs amours en seront ébranlées. Ils vont enfin devoir lever les ""petits mouchoirs"" qu'ils ont posés sur leurs secrets et leurs mensonges.",Guillaume Canet,Guillaume Canet,"François Cluzet,Marion Cotillard,Benoît Magimel","2,9","3,6",France,EuropaCorp Distribution,4 prix et 6 nominations,2010,Long métrage,Français,5 319 709 entrées
Le Monde secret des Emojis,https://fr.web.img5.acsta.net/c_310_420/pictures/17/08/24/10/15/324652.jpg,18 octobre 2017,en salle,"Aventure,Animation,Comédie",Tout public,"Au sein de l’appli de messagerie, la cité de Textopolis fourmille d’activité : c’est là que vivent tous les émojis, chacun porté par l’espoir d’être choisi par l’utilisateur du téléphone… Dans ce monde, chaque émoji ne possède qu’une seule expression faciale. Seul Bof, un émoji exubérant né sans aucun filtre, dispose de multiples expressions. Rêvant désespérément de devenir « normal », pareil aux autres émojis, Bof demande de l’aide à son meilleur ami, Tope-Là, et à la célèbre casseuse de codes, Rebelle. Tous trois s’embarquent dans une « app-venture » épique d’appli en appli, passant d’un monde fou et amusant à l’autre, à la recherche du code qui accomplira le rêve de Bof. Mais un terrible danger menace bientôt le smartphone. Le destin de tous les émojis repose désormais sur les trois amis. À eux de sauver leur monde avant qu’il ne soit effacé à jamais...",Tony Leondis,"Tony Leondis,Eric Siegel","T.J. Miller,James Corden,Anna Faris","1,8","2,0",U.S.A.,Sony Pictures Releasing France,# prix,2017,Long métrage,Anglais,742 474 entrées
Ça,https://fr.web.img5.acsta.net/c_310_420/pictures/17/03/29/14/40/513263.jpg,20 septembre 2017,en salle,"Epouvante-horreur,Thriller",Interdit - 12 ans,"À Derry, dans le Maine, sept gamins ayant du mal à s'intégrer se sont regroupés au sein du ""Club des Ratés"". Rejetés par leurs camarades, ils sont les cibles favorites des gros durs de l'école. Ils ont aussi en commun d'avoir éprouvé leur plus grande terreur face à un terrible prédateur métamorphe qu'ils appellent ""Ça""…,Car depuis toujours, Derry est en proie à une créature qui émerge des égouts tous les 27 ans pour se nourrir des terreurs de ses victimes de choix : les enfants. Bien décidés à rester soudés, les Ratés tentent de surmonter leurs peurs pour enrayer un nouveau cycle meurtrier. Un cycle qui a commencé un jour de pluie lorsqu'un petit garçon poursuivant son bateau en papier s'est retrouvé face-à-face avec le Clown Grippe-Sou …",Andy Muschietti,"Cary Joji Fukunaga,Chase Palmer","Bill Skarsgård,Jaeden Martell,Finn Wolfhard","3,3","3,6",U.S.A.,Warner Bros. France,1 nomination,2017,Long métrage,Anglais,2 223 006 entrées
Dernier train pour Busan,https://fr.web.img6.acsta.net/c_310_420/pictures/16/06/09/15/03/093948.jpg,17 août 2016,en salle,"Action,Epouvante-horreur,Thriller",Interdit - 12 ans,"Un virus inconnu se répand en Corée du Sud, l'état d'urgence est décrété. Les passagers du train KTX se livrent à une lutte sans merci afin de survivre jusqu'à Busan, l'unique ville où ils seront en sécurité...",Sang-Ho Yeon,Joo-Suk Park,"Gong Yoo,Yu-mi Jung,Dong-seok Ma","4,0","4,1",Corée du Sud,ARP Sélection,1 nomination,2016,Long métrage,Coréen,275 938 entrées
Moonrise Kingdom,https://fr.web.img3.acsta.net/c_310_420/medias/nmedia/18/88/64/21/20079610.jpg,16 mai 2012,en salle,"Comédie,Drame",Tout public,"Sur une île au large de la Nouvelle-Angleterre, au cœur de l’été 1965, Suzy et Sam, douze ans, tombent amoureux, concluent un pacte secret et s’enfuient ensemble. Alors que chacun se mobilise pour les retrouver, une violente tempête s’approche des côtes et va bouleverser davantage encore la vie de la communauté.",Wes Anderson,"Wes Anderson,Roman Coppola","Bruce Willis,Edward Norton,Bill Murray","3,7","4,0",U.S.A.,StudioCanal,11 nominations,2012,Long métrage,Anglais,503 175 entrées
Black Swan,https://fr.web.img5.acsta.net/c_310_420/medias/nmedia/18/78/85/13/19627032.jpg,9 février 2011,en salle,"Drame,Thriller",Tout public,"Rivalités dans la troupe du New York City Ballet. Nina est prête à tout pour obtenir le rôle principal du,que dirige l’ambigu Thomas. Mais elle se trouve bientôt confrontée à la belle et sensuelle nouvelle recrue, Lily...",Darren Aronofsky,"Mark Heyman,Andres Heinz","Natalie Portman,Mila Kunis,Vincent Cassel","4,2","4,1",U.S.A.,Twentieth Century Fox France,9 prix et 37 nominations,2010,Long métrage,"Anglais, Français, Italien",2 617 032 entrées
Lucy,https://fr.web.img4.acsta.net/c_310_420/pictures/14/06/05/09/47/324245.jpg,6 août 2014,en salle,"Action,Science Fiction",Tout public,"A la suite de circonstances indépendantes de sa volonté, une jeune étudiante voit ses capacités intellectuelles se développer à l’infini. Elle « colonise » son cerveau, et acquiert des pouvoirs illimités.",Luc Besson,Luc Besson,"Scarlett Johansson,Morgan Freeman,Min-sik Choi","2,7","2,9",France,EuropaCorp Distribution,1 nomination,2014,Long métrage,Anglais,5 191 692 entrées
Maléfique,https://fr.web.img6.acsta.net/c_310_420/pictures/14/04/03/12/56/160545.jpg,28 mai 2014,en salle,"Aventure,Fantastique",Tout public,"Maléfique est une belle jeune femme au coeur pur qui mène une  vie idyllique au sein d’une paisible forêt dans un royaume où règnent le bonheur et l’harmonie. Un jour, une armée d’envahisseurs menace les frontières du pays et Maléfique, n’écoutant que son courage, s’élève en féroce protectrice de cette terre. Dans cette lutte acharnée, une personne en qui elle avait foi va la trahir, déclenchant en elle une souffrance à nulle autre pareille qui va petit à petit transformer son coeur pur en un coeur de pierre. Bien décidée à se venger, elle s’engage dans une bataille épique avec le successeur du roi, jetant une terrible malédiction sur sa fille qui vient de naître, Aurore. Mais lorsque l’enfant grandit, Maléfique se rend compte que la petite princesse détient la clé de la paix du royaume, et peut-être aussi celle de sa propre rédemption…",Robert Stromberg,Linda Woolverton,"Angelina Jolie,Elle Fanning,Sharlto Copley","3,6","3,7",U.S.A.,The Walt Disney Company France,1 nomination,2014,Long métrage,Anglais,1 955 856 entrées
Birdman,https://fr.web.img2.acsta.net/c_310_420/pictures/14/12/30/10/14/511837.jpg,25 février 2015,en salle,"Comédie,Drame",Tout public,"À l’époque où il incarnait un célèbre super-héros, Riggan Thomson était mondialement connu. Mais de cette célébrité il ne reste plus grand-chose, et il tente aujourd’hui de monter une pièce de théâtre à Broadway dans l’espoir de renouer avec sa gloire perdue. Durant les quelques jours qui précèdent la première, il va devoir tout affronter : sa famille et ses proches, son passé, ses rêves et son ego…,S’il s’en sort, le rideau a une chance de s’ouvrir...",Alejandro González Iñárritu,"Alejandro González Iñárritu,Nicolás Giacobone","Michael Keaton,Zach Galifianakis,Edward Norton","4,0","3,9",U.S.A.,Twentieth Century Fox France,14 prix et 27 nominations,2014,Long métrage,Anglais,662 003 entrées
Monsters,https://fr.web.img5.acsta.net/c_310_420/medias/nmedia/18/79/56/45/19543121.jpg,1 décembre 2010,en salle,"Drame,Epouvante-horreur,Science Fiction",Tout public,"Une sonde de la NASA s’écrase dans la jungle mexicaine, libérant sur terre des particules d’une forme de vie extra-terrestre. Six ans plus tard, le Mexique et le Costa-Rica sont devenus des zones de guerre désertées par les populations locales, mises en quarantaine et peuplées de créatures monstrueuses. Un photographe est chargé d’escorter une jeune femme à travers cette zone dévastée. Seuls sur la route, ils vont tenter de rejoindre la frontière américaine...",Gareth Edwards (V),Gareth Edwards (V),"Whitney Able,Scoot McNairy,Annalee Jefferies","3,4","2,6",Grande-Bretagne,SND,2 nominations,2010,Long métrage,"Anglais, Espagnol",67 514 entrées
Petit Paysan,https://fr.web.img3.acsta.net/c_310_420/pictures/17/07/13/10/58/207157.jpg,30 août 2017,en salle,Drame,Tout public,"Pierre, la trentaine, est éleveur de vaches laitières. Sa vie s’organise autour de sa ferme, sa sœur vétérinaire et ses parents dont il a repris l’exploitation. Alors que les premiers cas d’une épidémie se déclarent en France, Pierre découvre que l’une de ses bêtes est infectée. Il ne peut se résoudre à perdre ses vaches. Il n’a rien d’autre et ira jusqu’au bout pour les sauver.",Hubert Charuel,"Claude Le Pape,Hubert Charuel","Swann Arlaud,Sara Giraudeau,Bouli Lanners","4,1","3,9",France,Pyramide Distribution,6 prix et 11 nominations,2017,Long métrage,Français,547 025 entrées
Le Livre de la jungle,https://fr.web.img2.acsta.net/c_310_420/pictures/16/01/08/09/35/538779.jpg,13 avril 2016,en salle,"Aventure,Famille,Fantastique",Tout public,"Les aventures de Mowgli, un petit homme élevé dans la jungle par une famille de loups. Mais Mowgli n’est plus le bienvenu dans la jungle depuis que le redoutable tigre Shere Khan, qui porte les cicatrices des hommes, promet d’éliminer celui qu’il considère comme une menace. Poussé à abandonner le seul foyer qu’il ait jamais connu, Mowgli se lance dans un voyage captivant, à la découverte de soi, guidé par son mentor la panthère Bagheera et l’ours Baloo. Sur le chemin, Mowgli rencontre des créatures comme Kaa, un pyton à la voix séduisante et au regard hypnotique et le Roi Louie, qui tente de contraindre Mowgli à lui révéler le secret de la fleur rouge et insaisissable : le feu.",Jon Favreau,Justin Marks,"Neel Sethi,Ben Kingsley,Bill Murray","3,8","4,0",U.S.A.,The Walt Disney Company France,# prix,2016,Long métrage,Anglais,3 618 601 entrées
Les Filles du Docteur March,https://fr.web.img6.acsta.net/c_310_420/pictures/19/11/19/12/01/5505683.jpg,1 janvier 2020,en salle,"Drame,Romance",Tout public,"Une nouvelle adaptation des ""Quatre filles du Docteur March"" qui s’inspire à la fois du grand classique de la littérature et des écrits de Louisa May Alcott. Relecture personnelle du livre, Les filles du Docteur March est un film à la fois atemporel et actuel où Jo March, alter ego fictif de l’auteur, repense à sa vie.",Greta Gerwig,Greta Gerwig,"Saoirse Ronan,Emma Watson,Florence Pugh","3,7","3,8",U.S.A.,Sony Pictures Releasing France,2 prix et 12 nominations,2019,Long métrage,Anglais,786 593 entrées
Rio,https://fr.web.img5.acsta.net/c_310_420/medias/nmedia/18/78/25/22/19699752.jpg,13 avril 2011,en salle,"Aventure,Animation,Famille",Tout public,"Blu, un perroquet bleu d’une espèce très rare, quitte sa petite ville sous la neige et le confort de sa cage pour s’aventurer au cœur des merveilles exotiques de Rio de Janeiro. Sachant qu’il n’a jamais appris à voler, l’aventure grandiose qui l’attend au Brésil va lui faire perdre quelques plumes ! Heureusement, ses nouveaux amis hauts en couleurs sont prêts à tout pour réveiller le héros qui est en lui, et lui faire découvrir tout le sens de l’expression « prendre son envol ».",Carlos Saldanha,"Don Rhymer,Earl Richey Jones","Laetitia Casta,Anne Hathaway,Lorànt Deutsch","3,4","3,9",U.S.A.,Twentieth Century Fox France,1 prix et 5 nominations,2011,Long métrage,"Anglais, Portugais",2 376 481 entrées
Shéhérazade,https://fr.web.img4.acsta.net/c_310_420/pictures/19/04/24/14/25/1034943.jpg,5 septembre 2018,en salle,"Drame,Romance",Tout public,"Zachary, 17 ans, sort de prison. Rejeté par sa mère, il traîne dans les quartiers populaires de Marseille. C'est là qu'il rencontre Shéhérazade... Sa vie prend alors un tournant inattendu. Présenté à la Semaine de la critique lors du 71ème Festival de Cannes (2018). César 2019 du Meilleur jeune espoir masculin, César du Meilleur jeune espoir féminin et César de la Meilleure première oeuvre. Récompensé en 2019 du prix Jean Vigo et le grand prix du festival d'Angoulême.,",Jean-Bernard Marlin,"Jean-Bernard Marlin,Catherine Paillé","Dylan Robert,Kenza Fortas,Idir Azougli","4,1","4,0",France,Ad Vitam,6 prix et 4 nominations,2018,Long métrage,Français,136 546 entrées
La Momie,https://fr.web.img4.acsta.net/c_310_420/pictures/17/04/11/16/54/286958.jpg,14 juin 2017,en salle,"Aventure,Fantastique,Epouvante-horreur",Tout public,"Bien qu’elle ait été consciencieusement enterrée dans un tombeau au fin fond d’un insondable désert, une princesse de l’ancienne Égypte, dont le destin lui a été injustement ravi, revient à la vie et va déverser sur notre monde des siècles de rancœurs accumulées et de terreur dépassant l’entendement humain. Des sables du Moyen Orient aux pavés de Londres en passant par les ténébreux labyrinthes d’antiques tombeaux dérobés, La Momie nous transporte dans un monde à la fois terrifiant et merveilleux, peuplé de monstres et de divinités, dépoussiérant au passage un mythe vieux comme le monde.",Alex Kurtzman,"David Koepp,Christopher McQuarrie","Tom Cruise,Sofia Boutella,Annabelle Wallis","2,3","2,3",U.S.A.,Universal Pictures International France,1 prix et 6 nominations,2017,Long métrage,Anglais,1 373 537 entrées
Manchester By the Sea,https://fr.web.img6.acsta.net/c_310_420/pictures/16/10/05/10/19/515533.jpg,14 décembre 2016,en salle,Drame,Tout public,"Après le décès soudain de son frère Joe, Lee est désigné comme le tuteur de son neveu Patrick. Il se retrouve confronté à un passé tragique qui l’a séparé de sa femme Randi et de la communauté où il est né et a grandi.",Kenneth Lonergan,Kenneth Lonergan,"Casey Affleck,Michelle Williams,Kyle Chandler","4,5","4,2",U.S.A.,Universal Pictures International France,6 prix et 20 nominations,2016,Long métrage,Anglais,472 364 entrées
Time Out,https://fr.web.img2.acsta.net/c_310_420/medias/nmedia/18/85/59/68/19816803.jpg,23 novembre 2011,en salle,"Action,Science Fiction,Thriller",Tout public,"Bienvenue dans un monde où le temps a remplacé l'argent. Génétiquement modifiés, les hommes ne vieillissent plus après 25 ans. Mais à partir de cet âge, il faut ""gagner"" du temps pour rester en vie. Alors que les riches, jeunes et beaux pour l’éternité, accumulent le temps par dizaines d'années, les autres mendient, volent et empruntent les quelques heures qui leur permettront d'échapper à la mort. Un homme, accusé à tort de meurtre, prend la fuite avec une otage qui deviendra son alliée. Plus que jamais, chaque minute compte.",Andrew Niccol,Andrew Niccol,"Amanda Seyfried,Justin Timberlake,Cillian Murphy","2,7","3,5",U.S.A.,Twentieth Century Fox France,1 nomination,2011,Long métrage,Anglais,1 099 016 entrées
The Bling Ring,https://fr.web.img4.acsta.net/c_310_420/pictures/210/052/21005295_20130513125110571.jpg,12 juin 2013,en salle,Drame,Tout public,"À Los Angeles, un groupe d’adolescents fascinés par le people et l’univers des marques traque via Internet l’agenda des célébrités pour cambrioler leurs résidences. Ils subtiliseront pour plus de 3 millions de dollars d’objets de luxe : bijoux, vêtements, chaussures, etc. Parmi leurs victimes, on trouve Paris Hilton, Orlando Bloom et Rachel Bilson. Les médias ont surnommé ce gang, le ""Bling Ring"".",Sofia Coppola,Sofia Coppola,"Emma Watson,Katie Chang,Israel Broussard","3,1","2,5",U.S.A.,Pathé Films,1 nomination,2013,Long métrage,Anglais,421 159 entrées
Le Prénom,https://fr.web.img3.acsta.net/c_310_420/medias/nmedia/18/86/88/02/20057116.jpg,25 avril 2012,en salle,Comédie,Tout public,"Vincent, la quarantaine triomphante, va être père pour la première fois. Invité à dîner chez Élisabeth et Pierre, sa sœur et son beau-frère, il y retrouve Claude, un ami d’enfance.,En attendant l’arrivée d’Anna, sa jeune épouse éternellement en retard, on le presse de questions sur sa future paternité dans la bonne humeur générale... Mais quand on demande à Vincent s’il a déjà choisi un prénom pour l’enfant à naître, sa réponse plonge la famille dans le chaos.","Alexandre De La Patellière,Matthieu Delaporte","Matthieu Delaporte,Alexandre De La Patellière","Patrick Bruel,Valérie Benguigui,Charles Berling","3,2","4,0",France,Pathé Films,2 prix et 8 nominations,2011,Long métrage,Français,3 272 740 entrées
Nocturnal Animals,https://fr.web.img6.acsta.net/c_310_420/pictures/16/10/28/15/07/415908.jpg,4 janvier 2017,en salle,"Drame,Thriller",Tout public,"Susan Morrow, une galeriste d’art de Los Angeles, s’ennuie dans l’opulence de son existence, délaissée par son riche mari Hutton. Alors que ce dernier s’absente, encore une fois, en voyage d’affaires, Susan reçoit un colis inattendu : un manuscrit signé de son ex-mari Edward Sheffield dont elle est sans nouvelles depuis des années. Une note l’accompagne, enjoignant la jeune femme à le lire puis à le contacter lors de son passage en ville. Seule dans sa maison vide, elle entame la lecture de l’oeuvre qui lui est dédicacée.,Dans ce récit aussi violent que bouleversant, Edwards se met en scène dans le rôle de Tony Hastings, un père de famille aux prises avec un gang de voleurs de voiture ultraviolents, mené par l’imprévisible Ray Marcus.,Après lui avoir fait quitter la route, le gang l’abandonne impuissant sur le bas-côté, prenant sa famille en otage. Ce n’est qu’à l’aube qu’il parvient au commissariat le plus proche, où il est pris en charge par le taciturne officier Bobby Andes . Un lien fort va se créer entre les deux hommes, et lier leurs destins dans la poursuite des suspects, coupables d’avoir donné vie au pire des cauchemars de Tony.,Susan, émue par la plume de son ex-mari, ne peut s’empêcher de se remémorer les moments les plus intimes qu’ils ont partagés. Elle trouve une analogie entre le récit de fiction de son ex-mari et ses propres choix cachés derrière le vernis glacé de son existence. Au fur et à mesure de la progression du roman, la jeune femme y décèle une forme de vengeance, qui la pousse à réévaluer les décisions qui l’ont amenée à sa situation présente, et réveille une flamme qu’elle croyait perdue à jamais.",Tom Ford,Tom Ford,"Amy Adams,Jake Gyllenhaal,Michael Shannon","2,9","3,8",U.S.A.,Universal Pictures International France,2 prix et 14 nominations,2016,Long métrage,Anglais,236 059 entrées
White House Down,https://fr.web.img6.acsta.net/c_310_420/pictures/210/175/21017526_20130731153915065.jpg,4 septembre 2013,en salle,Action,Tout public,"Membre de la police du Capitole, John Cale vient de se voir refuser le job dont il rêvait : assurer la protection du président des États-Unis. Espérant éviter à sa fille une déception lorsqu’il lui apprendra la nouvelle, il l’emmène visiter la Maison-Blanche. C’est à ce moment qu’un groupe paramilitaire lourdement armé attaque le bâtiment. Alors que le gouvernement américain sombre dans le chaos, Cale va tenter de sauver sa fille, le président, et le pays tout entier…",Roland Emmerich,James Vanderbilt,"Channing Tatum,Jamie Foxx,Maggie Gyllenhaal","3,0","3,3",U.S.A.,Sony Pictures Releasing France,1 nomination,2013,Long métrage,Anglais,539 512 entrées
Portrait de la jeune fille en feu,https://fr.web.img5.acsta.net/c_310_420/pictures/19/07/19/11/39/2251576.jpg,18 septembre 2019,en salle,"Drame,Historique",Tout public,"1770. Marianne est peintre et doit réaliser le portrait de mariage d’Héloïse, une jeune femme qui vient de quitter le couvent. Héloïse résiste à son destin d’épouse en refusant de poser. Marianne va devoir la peindre en secret. Introduite auprès d’elle en tant que dame de compagnie, elle la regarde.",Céline Sciamma,Céline Sciamma,"Noémie Merlant,Adèle Haenel,Luàna Bajrami","4,0","4,0",France,Pyramide Distribution,6 prix et 18 nominations,2019,Long métrage,Français,312 481 entrées
Mademoiselle,https://fr.web.img3.acsta.net/c_310_420/pictures/16/09/22/14/47/451429.jpg,1 novembre 2016,en salle,"Drame,Romance",Interdit - 12 ans avec avertissement,"Corée. Années 30, pendant la colonisation japonaise. Une jeune femme (Sookee) est engagée comme servante d’une riche japonaise (Hideko), vivant recluse dans un immense manoir sous la coupe d’un oncle tyrannique. Mais Sookee a un secret. Avec l’aide d’un escroc se faisant passer pour un comte japonais, ils ont d’autres plans pour Hideko…",Park Chan-Wook,"Park Chan-Wook,Seo-kyeong Jeong","Kim Min-Hee,Tae-ri Kim,Jung-woo Ha","3,8","4,2",Corée du Sud,The Jokers / Bac Films,1 prix et 2 nominations,2016,Long métrage,"Japonais, Coréen",301 115 entrées
Des Lendemains qui chantent,https://fr.web.img6.acsta.net/c_310_420/pictures/14/06/24/17/21/587352.jpg,20 août 2014,en salle,Comédie,Tout public,"Olivier et Léon, deux frères qui sont montés à Paris et que la vie a éloigné... Si le premier se voit comme un journaliste sans concessions, le second est un communicant ambitieux et opportuniste. Noémie, une charmante conseillère présidentielle, n’arrive pas, au fil des ans, à choisir entre eux. Sous le regard amusé de Sylvain, leur ami d’enfance, qui a fait fortune dans le minitel rose, leurs destins se croisent sur 20 ans, s’entremêlent, au cours d’une épopée drôle, tendre et nostalgique, dans les années 80/90.",Nicolas Castro,Nicolas Castro,"Pio Marmaï,Laetitia Casta,Ramzy Bedia","3,1","3,0",France,UGC Distribution,1 nomination,2013,Long métrage,Français,85 194 entrées
Certaines Femmes,https://fr.web.img6.acsta.net/c_310_420/pictures/17/02/01/14/25/090314.jpg,22 février 2017,en salle,Drame,Tout public,"Quatre femmes font face aux circonstances et aux challenges de leurs vies respectives dans une petite ville du Montana, chacune s’efforçant à sa façon de s’accomplir.",Kelly Reichardt,Kelly Reichardt,"Kristen Stewart,Michelle Williams,Laura Dern","4,1","3,0",U.S.A.,LFR Films,1 nomination,2016,Long métrage,Anglais,39 218 entrées
Sans un bruit,https://fr.web.img6.acsta.net/c_310_420/pictures/18/03/22/16/48/2454348.jpg,20 juin 2018,en salle,"Epouvante-horreur,Thriller",Interdit - 12 ans,"Une famille tente de survivre sous la menace de mystérieuses créatures qui attaquent au moindre bruit. S’ils vous entendent, il est déjà trop tard.",John Krasinski,"Scott Beck,Bryan Woods","Emily Blunt,John Krasinski,Millicent Simmonds","3,7","3,7",U.S.A.,Paramount Pictures France,1 prix et 6 nominations,2018,Long métrage,"Anglais, Langue des signes",647 910 entrées
Glass,https://fr.web.img6.acsta.net/c_310_420/pictures/19/01/15/12/29/5059914.jpg,16 janvier 2019,en salle,"Fantastique,Thriller",Interdit - 12 ans,"Peu de temps après les événements relatés dans,, David Dunn - l’homme incassable - poursuit sa traque de La Bête, surnom donné à Kevin Crumb depuis qu’on le sait capable d’endosser 23 personnalités différentes. De son côté, le mystérieux homme souffrant du syndrome des os de verre Elijah Price suscite à nouveau l’intérêt des forces de l’ordre en affirmant détenir des informations capitales sur les deux hommes…",M. Night Shyamalan,M. Night Shyamalan,"James McAvoy,Bruce Willis,Anya Taylor-Joy","3,6","3,5",U.S.A.,The Walt Disney Company France,1 nomination,2019,Long métrage,Anglais,1 251 282 entrées
Case départ,https://fr.web.img4.acsta.net/c_310_420/medias/nmedia/18/84/07/26/19760131.jpg,6 juillet 2011,en salle,Comédie,Tout public,"Demi-frères, Joël et Régis n’ont en commun que leur père qu’ils connaissent à peine.,Joël est au chômage et pas vraiment dégourdi. La France, « pays raciste » selon lui, est la cause de tous ses échecs et être noir est l’excuse permanente qu’il a trouvée pour ne pas chercher du travail ou encore payer son ticket de bus.,Régis est de son côté totalement intégré. Tant et si bien, qu’il renie totalement sa moitié noire et ne supporte pas qu’on fasse référence à ses origines. Délinquance et immigration vont de pair si l’on en croit ses paroles.,Réclamés au chevet de leur père mourant aux Antilles, ils reçoivent pour tout héritage l’acte d’affranchissement qui a rendu la liberté à leurs ancêtres esclaves, document qui se transmet de génération en génération.,Faisant peu de cas de  la richesse symbolique de ce document, ils le déchirent.,Décidée à les punir pour  le geste qu’ils viennent de faire, une mystérieuse vieille tante qui les observait depuis leur arrivée aux Antilles décide de leur faire remonter le temps, en pleine période esclavagiste ! Parachutés en 1780, ils seront vendus au marché comme esclaves.   Les deux frères vont alors devoir s’unir, non seulement pour s’évader de la plantation mais aussi pour trouver le moyen de rentrer chez eux, au XXIe siècle.","Thomas Ngijol,Fabrice Eboué,Lionel Steketee","Thomas Ngijol,Fabrice Eboué","Fabrice Eboué,Thomas Ngijol,Stéfi Celma","3,0","2,9",France,Mars Films,1 prix et 3 nominations,2010,Long métrage,Français,1 799 957 entrées
Gainsbourg (Vie héroïque),https://fr.web.img6.acsta.net/c_310_420/medias/nmedia/18/66/71/47/19189713.jpg,20 janvier 2010,en salle,"Biopic,Musical",Tout public,"La vie de Gainsbourg, du jeune Lucien Ginsburg dans le Paris occupé des années 1940, jusqu'au poète, compositeur et chanteur célébré dans le monde entier.,Le film explore son itinéraire artistique, du jeune homme épris de peinture à la consécration de sa musique dont l'avant-gardisme en a fait une véritable icône de la culture française. Mais aussi la complexité de sa vie adulte à travers ses amours tumultueuses.",Joann Sfar,Joann Sfar,"Eric Elmosnino,Lucy Gordon,Laetitia Casta","3,9","3,6",France,Universal Pictures International France,7 prix et 8 nominations,2010,Long métrage,"Anglais, Français, Russe",1 148 928 entrées
Five,https://fr.web.img6.acsta.net/c_310_420/pictures/16/01/18/12/47/335908.jpg,30 mars 2016,en salle,Comédie,Tout public,"Cinq amis d'enfance rêvent depuis toujours d'habiter en colocation. Lorsque l’occasion d’emménager ensemble se présente, Julia, Vadim, Nestor et Timothée n’hésitent pas une seule seconde, surtout quand Samuel se propose de payer la moitié du loyer ! A peine installés, Samuel se retrouve sur la paille mais décide de ne rien dire aux autres et d'assumer sa part en se mettant à vendre de l'herbe. Mais n'est pas dealer qui veut et quand tout dégénère, Samuel n’a d’autres choix que de se tourner vers la seule famille qu'il lui reste : ses amis !",Igor Gotesman,Igor Gotesman,"Pierre Niney,François Civil,Igor Gotesman","3,0","3,8",France,StudioCanal,1 nomination,2016,Long métrage,Français,719 731 entrées
Deux Moi,https://fr.web.img2.acsta.net/c_310_420/pictures/19/06/21/15/42/4929782.jpg,11 septembre 2019,en salle,Drame,Tout public,"Rémy et Mélanie ont trente ans et vivent dans le même quartier à Paris. Elle multiplie les rendez-vous ratés sur les réseaux sociaux pendant qu'il peine à faire une rencontre. Tous les deux victimes de cette solitude des grandes villes, à l’époque hyper connectée où l’on pense pourtant que se rencontrer devrait être plus simple… Deux individus, deux parcours. Sans le savoir, ils empruntent deux routes qui les mèneront dans une même direction… celle d’une histoire amour ?",Cédric Klapisch,"Cédric Klapisch,Santiago Amigorena","Ana Girardot,François Civil,Camille Cottin","3,7","3,6",France,StudioCanal,3 nominations,2018,Long métrage,Français,646 443 entrées
Avengers: Endgame,https://fr.web.img6.acsta.net/c_310_420/pictures/19/04/04/09/04/0472053.jpg,24 avril 2019,en salle,"Action,Aventure,Science Fiction",Tout public,"Thanos ayant anéanti la moitié de l’univers, les Avengers restants resserrent les rangs dans ce vingt-deuxième film des Studios Marvel, grande conclusion d’un des chapitres de l’Univers Cinématographique Marvel.","Joe Russo,Anthony Russo","Christopher Markus,Stephen McFeely","Robert Downey Jr.,Chris Evans,Mark Ruffalo","3,2","4,2",U.S.A.,The Walt Disney Company France,3 nominations,2019,Long métrage,Anglais,6 823 130 entrées
La Vie scolaire,https://fr.web.img2.acsta.net/c_310_420/pictures/19/07/02/10/20/5277092.jpg,28 août 2019,en salle,"Comédie,Drame",Tout public,"Une année au coeur de l'école de la république, de la vie... et de la démerde ! Samia, jeune CPE novice, débarque de son Ardèche natale dans un collège réputé difficile de la ville de Saint-Denis. Elle y découvre les problèmes récurrents de discipline, la réalité sociale pesant sur le quartier, mais aussi l'incroyable vitalité et l'humour, tant des élèves que de son équipe de surveillants. Parmi eux, il y a Moussa, le Grand du quartier et Dylan le chambreur. Samia s'adapte et prend bientôt plaisir à canaliser la fougue des plus perturbateurs. Sa situation personnelle compliquée la rapproche naturellement de Yanis, ado vif et intelligent, dont elle a flairé le potentiel. Même si Yanis semble renoncer à toute ambition en se cachant derrière son insolence, Samia va investir toute son énergie à le détourner d'un échec scolaire annoncé et tenter de l'amener à se projeter dans un avenir meilleur..."," Grand Corps Malade,Mehdi Idir"," Grand Corps Malade,Mehdi Idir","Zita Hanrot,Liam Pierron,Soufiane Guerrab","3,4","3,6",France,Gaumont Distribution,5 nominations,2019,Long métrage,Français,1 808 920 entrées
Winter's Bone,https://fr.web.img5.acsta.net/c_310_420/medias/nmedia/18/78/41/84/19650807.jpg,2 mars 2011,en salle,"Aventure,Drame",Tout public,"Ree Dolly a 17 ans. Elle vit seule dans la forêt des Ozarks avec son frère et sa soeur dont elle s'occupe. Quand son père sort de prison et disparaît sans laisser de traces, elle n'a pas d'autre choix que de se lancer à sa recherche sous peine de perdre la maison familiale, utilisée comme caution. Ree va alors se heurter au silence de ceux qui peuplent ces forêts du Missouri. Mais elle n'a qu'une idée en tête : sauver sa famille. A tout prix.",Debra Granik,"Debra Granik,Anne Rosellini","Jennifer Lawrence,John Hawkes,Kevin Breznahan","4,0","3,5",U.S.A.,Pretty Pictures,4 prix et 12 nominations,2010,Long métrage,Anglais,113 970 entrées
Captain Fantastic,https://fr.web.img2.acsta.net/c_310_420/pictures/16/07/05/10/58/324651.jpg,12 octobre 2016,en salle,Comédie dramatique,Tout public,"Dans les forêts reculées du nord-ouest des Etats-Unis, vivant isolé de la société, un père dévoué a consacré sa vie toute entière à faire de ses six jeunes enfants d’extraordinaires adultes.,Mais quand le destin frappe sa famille, ils doivent abandonner ce paradis qu’il avait créé pour eux. La découverte du monde extérieur va l’obliger à questionner ses méthodes d’éducation et remettre en cause tout ce qu’il leur a appris.",Matt Ross,Matt Ross,"Viggo Mortensen,Frank Langella,George MacKay","3,6","4,3",U.S.A.,Mars Films,2 prix et 7 nominations,2016,Long métrage,Anglais,546 577 entrées
Drive,https://fr.web.img5.acsta.net/c_310_420/medias/nmedia/18/83/93/95/19803697.jpg,5 octobre 2011,en salle,"Action,Thriller",Interdit - 12 ans,"Un jeune homme solitaire, ""The Driver"", conduit le jour à Hollywood pour le cinéma en tant que cascadeur et la nuit pour des truands. Ultra professionnel et peu bavard, il a son propre code de conduite. Jamais il n’a pris part aux crimes de ses employeurs autrement qu’en conduisant - et au volant, il est le meilleur !,Shannon, le manager qui lui décroche tous ses contrats, propose à Bernie Rose, un malfrat notoire, d’investir dans un véhicule pour que son poulain puisse affronter les circuits de stock-car professionnels. Celui-ci accepte mais impose son associé, Nino, dans le projet.,C’est alors que la route du pilote croise celle d’Irene et de son jeune fils. Pour la première fois de sa vie, il n’est plus seul.,Lorsque le mari d’Irene sort de prison et se retrouve enrôlé de force dans un braquage pour s’acquitter d’une dette, il décide pourtant de lui venir en aide. L’expédition tourne mal…,Doublé par ses commanditaires, et obsédé par les risques qui pèsent sur Irene, il n’a dès lors pas d’autre alternative que de les traquer un à un…",Nicolas Winding Refn,Hossein Amini,"Ryan Gosling,Carey Mulligan,Bryan Cranston","4,4","4,1",U.S.A.,Wild Side Films / Le Pacte,4 prix et 29 nominations,2011,Long métrage,Anglais,1 580 623 entrées
Imitation Game,https://fr.web.img6.acsta.net/c_310_420/pictures/15/01/09/16/14/573252.jpg,28 janvier 2015,en salle,"Biopic,Drame",Tout public,"1940 : Alan Turing, mathématicien, cryptologue, est chargé par le gouvernement Britannique de percer le secret de la célèbre machine de cryptage allemande Enigma, réputée inviolable.",Morten Tyldum,Graham Moore,"Benedict Cumberbatch,Keira Knightley,Matthew Goode","3,4","4,3",U.S.A.,StudioCanal,2 prix et 25 nominations,2014,Long métrage,Anglais,1 044 007 entrées
Blue Valentine,https://fr.web.img3.acsta.net/c_310_420/medias/nmedia/18/73/85/38/19719803.jpg,15 juin 2011,en salle,"Drame,Romance",Tout public,"A travers une galerie d’instants volés, passés ou présents, l’histoire d’un amour que l’on pensait avoir trouvé, et qui pourtant s’échappe… Dean et Cindy se remémorent les bons moments de leur histoire et se donnent encore une chance, le temps d’une nuit, pour sauver leur mariage vacillant.",Derek Cianfrance,"Derek Cianfrance,Cami Delavigne","Ryan Gosling,Michelle Williams,Mike Vogel","3,6","3,7",U.S.A.,Films sans Frontières,7 nominations,2010,Long métrage,Anglais,106 409 entrées
Passengers,https://fr.web.img6.acsta.net/c_310_420/pictures/16/12/14/16/45/405336.jpg,28 décembre 2016,en salle,"Action,Romance,Science Fiction",Tout public,"Alors que 5000 passagers endormis pour longtemps voyagent dans l’espace vers une nouvelle planète, deux d’entre eux sont accidentellement tirés de leur sommeil artificiel 90 ans trop tôt. Jim et Aurora doivent désormais accepter l’idée de passer le reste de leur existence à bord du vaisseau spatial. Alors qu’ils éprouvent peu à peu une indéniable attirance, ils découvrent que le vaisseau court un grave danger. La vie des milliers de passagers endormis est entre leurs mains…",Morten Tyldum,Jon Spaihts,"Jennifer Lawrence,Chris Pratt,Michael Sheen","3,2","3,8",U.S.A.,Sony Pictures Releasing France,2 nominations,2016,Long métrage,Anglais,1 302 574 entrées
Coco,https://fr.web.img6.acsta.net/c_310_420/pictures/17/09/15/12/42/0056825.jpg,15 novembre 2017,en salle,"Animation,Famille,Fantastique",Tout public,"Depuis déjà plusieurs générations, la musique est bannie dans la famille de Miguel. Un vrai déchirement pour le jeune garçon dont le rêve ultime est de devenir un musicien aussi accompli que son idole, Ernesto de la Cruz.,Bien décidé à prouver son talent, Miguel, par un étrange concours de circonstances, se retrouve propulsé dans un endroit aussi étonnant que coloré : le Pays des Morts. Là, il se lie d’amitié avec Hector, un gentil garçon mais un peu filou sur les bords. Ensemble, ils vont accomplir un voyage extraordinaire qui leur révèlera la véritable histoire qui se cache derrière celle de la famille de Miguel…","Lee Unkrich,Adrian Molina","Adrian Molina,Matthew Aldrich","Andrea Santamaria,Anthony Gonzalez (VIII),Benjamin Bratt","4,1","4,5",U.S.A.,The Walt Disney Company France,7 prix et 2 nominations,2017,Long métrage,Anglais,4 505 126 entrées
Vice Versa,https://fr.web.img3.acsta.net/c_310_420/pictures/15/04/16/13/58/571071.jpg,17 juin 2015,en salle,"Animation,Comédie,Famille",Tout public,"Au Quartier Général, le centre de contrôle situé dans la tête de la petite Riley, 11 ans, cinq Émotions sont au travail. À leur tête, Joie, débordante d’optimisme et de bonne humeur, veille à ce que Riley soit heureuse. Peur se charge de la sécurité,  Colère s’assure que la justice règne, et Dégoût empêche Riley de se faire empoisonner la vie – au sens propre comme au figuré. Quant à Tristesse, elle n’est pas très sûre de son rôle. Les autres non plus, d’ailleurs… Lorsque la famille de Riley emménage dans une grande ville, avec tout ce que cela peut avoir d’effrayant, les Émotions ont fort à faire pour guider la jeune fille durant cette difficile transition. Mais quand Joie et Tristesse se perdent accidentellement dans les recoins les plus éloignés de l’esprit de Riley, emportant avec elles certains souvenirs essentiels, Peur, Colère et Dégoût sont bien obligés de prendre le relais. Joie et Tristesse vont devoir s’aventurer dans des endroits très inhabituels comme la Mémoire à long terme, le Pays de l’Imagination, la Pensée Abstraite, ou la Production des Rêves, pour tenter de retrouver le chemin du Quartier Général afin que Riley puisse passer ce cap et avancer dans la vie…","Pete Docter,Ronaldo Del Carmen","Pete Docter,Meg LeFauve","Charlotte Le Bon,Amy Poehler,Pierre Niney","4,7","4,3",U.S.A.,The Walt Disney Company France,9 prix et 4 nominations,2015,Long métrage,Anglais,4 305 748 entrées
Zero Dark Thirty,https://fr.web.img6.acsta.net/c_310_420/medias/nmedia/18/94/54/11/20365978.jpg,23 janvier 2013,en salle,"Action,Thriller",Tout public,"Après les attentats du 11 septembre, une poignée d'hommes et de femmes du renseignement américain mettent tout en oeuvre pour débusquer Oussama Ben Laden. En 2003, Maya, fraîchement recrutée par la CIA, est dépêchée au Pakistan, où elle collabore avec des agents qui n'hésitent pas à recourir à la torture...",Kathryn Bigelow,Mark Boal,"Jessica Chastain,Jason Clarke,Joel Edgerton","4,1","3,9",U.S.A.,Universal Pictures International France,10 prix et 17 nominations,2012,Long métrage,Anglais,524 533 entrées
La Belle et la Bête,https://fr.web.img6.acsta.net/c_310_420/pictures/17/01/16/16/04/495776.jpg,22 mars 2017,en salle,"Fantastique,Comédie musicale,Romance",Tout public,"Fin du XVIIIè siècle, dans un petit village français. Belle, jeune fille rêveuse et passionnée de littérature, vit avec son père, un vieil inventeur farfelu. S'étant perdu une nuit dans la fôret, ce dernier se réfugie au château de la Bête, qui le jette au cachot. Ne pouvant supporter de voir son père emprisonné, Belle accepte alors de prendre sa place, ignorant que sous le masque du monstre se cache un Prince Charmant tremblant d'amour pour elle, mais victime d'une terrible malédiction.",Bill Condon,"Evan Spiliotopoulos,Stephen Chbosky","Emma Watson,Dan Stevens,Luke Evans","3,1","3,8",U.S.A.,The Walt Disney Company France,4 nominations,2017,Long métrage,Anglais,3 467 448 entrées
D'amour et d'eau fraîche,https://fr.web.img6.acsta.net/c_310_420/medias/nmedia/18/78/50/08/19465268.jpg,18 août 2010,en salle,Drame,Tout public,"Julie Bataille, 23 ans, Bac +5, les petits boulots, elle n’en veut plus. Elle cherche un vrai travail. Lors d’un entretien d’embauche, elle croise Ben, qui lui a choisi de vivre au jour le jour d’expédients et de petits trafics. Il lui propose de venir passer l’été dans le Sud avec lui. Julie refuse, puis un jour, sur un coup de tête, plaque tout et part le rejoindre.",Isabelle Czajka,Isabelle Czajka,"Pio Marmaï,Anaïs Demoustier,Laurent Poitrenaux","3,3","2,8",France,Bac Films,7 nominations,2010,Long métrage,Français,43 172 entrées
Your Name,https://fr.web.img6.acsta.net/c_310_420/pictures/16/12/12/13/49/295774.jpg,28 décembre 2016,en salle,"Animation,Fantastique",Tout public,"Mitsuha, adolescente coincée dans une famille traditionnelle, rêve de quitter ses montagnes natales pour découvrir la vie trépidante de Tokyo. Elle est loin d’imaginer pouvoir vivre l’aventure urbaine dans la peau de… Taki, un jeune lycéen vivant à Tokyo, occupé entre son petit boulot dans un restaurant italien et ses nombreux amis. À travers ses rêves, Mitsuha se voit littéralement propulsée dans la vie du jeune garçon au point qu’elle croit vivre la réalité... Tout bascule lorsqu’elle réalise que Taki rêve également d’une vie dans les montagnes, entouré d’une famille traditionnelle… dans la peau d’une jeune fille ! Une étrange relation s’installe entre leurs deux corps qu’ils accaparent mutuellement. Quel mystère se cache derrière ces rêves étranges qui unissent deux destinées que tout oppose et qui ne se sont jamais rencontrées ?",Makoto Shinkai,Makoto Shinkai,"Yoann Borg,Ryûnosuke Kamiki,Alice Orsat","4,0","4,5",Japon,Eurozoom,3 nominations,2016,Long métrage,"Chinois, Japonais",250 859 entrées
Polisse,https://fr.web.img4.acsta.net/c_310_420/medias/nmedia/18/83/94/23/19787873.jpg,19 octobre 2011,en salle,Drame,Tout public,"Le quotidien des policiers de la BPM (Brigade de Protection des Mineurs) ce sont les gardes à vue de pédophiles, les arrestations de pickpockets mineurs mais aussi la pause déjeuner où l’on se raconte ses problèmes de couple ; ce sont les auditions de parents maltraitants, les dépositions des enfants, les dérives de la sexualité chez les adolescents, mais aussi la solidarité entre collègues et les fous rires incontrôlables dans les moments les plus impensables ; c’est savoir que le pire existe, et tenter de faire avec… Comment ces policiers parviennent-ils à trouver l’équilibre entre leurs vies privées et la réalité à laquelle ils sont confrontés, tous les jours ? Fred, l’écorché du groupe, aura du mal à supporter le regard de Melissa, mandatée par le ministère de l’intérieur pour réaliser un livre de photos sur cette brigade.",Maïwenn," Maïwenn,Emmanuelle Bercot","Karin Viard, JoeyStarr,Marina Foïs","3,7","4,1",France,Mars Films,10 prix et 23 nominations,2011,Long métrage,"ARABIC, Français, Italien, Roumain",2 414 418 entrées
Sex Tape,https://fr.web.img4.acsta.net/c_310_420/pictures/14/08/12/14/59/426966.jpg,10 septembre 2014,en salle,Comédie,Tout public,"Jay et Annie s’aiment, mais dix ans de mariage et deux enfants ont un peu érodé leur passion. Pour ranimer la flamme, ils décident de filmer leurs ébats lors d’une séance épique. L’idée semble bonne… jusqu’à ce qu’ils s’aperçoivent que la vidéo a été envoyée par erreur à tout leur entourage, familial et professionnel ! Pris de panique, ils sont prêts à tout pour faire disparaître le film à scandale chez chacun des destinataires. Ils jouent leur réputation, leur carrière, leur mariage et leur santé mentale…",Jake Kasdan,"Kate Angelo,Jason Segel","Cameron Diaz,Jason Segel,Rob Corddry","2,2","1,8",U.S.A.,Sony Pictures Releasing France,3 nominations,2014,Long métrage,Anglais,531 501 entrées
Mince alors !,https://fr.web.img6.acsta.net/c_310_420/medias/nmedia/18/87/65/13/19955877.jpg,28 mars 2012,en salle,Comédie,Tout public,"Nina est jeune, jolie et ronde. Malheureusement son mari Gaspard n’aime que les femmes très minces… Surtout depuis qu’ils se sont installés à Paris pour monter leur ligne de maillot de bain ultra pointue. Pour tenter de le séduire à nouveau, Nina accepte à contrecœur le cadeau qu'il lui offre : une cure d’amaigrissement à Brides-les-Bains. Le dernier espoir des gros quand on a tout essayé.,Là-bas, elle va faire la connaissance de Sophie, une belle avocate marseillaise qui veut tout contrôler ; son corps, comme son cœur. Emilie, une mère de famille très enveloppée qui clame partout que « Big is beautiful » alors que sa vie amoureuse est à l’arrêt, et que son poids commence à la mettre en danger. La rencontre de ces trois personnalités va déclencher un raz-de-marée.",Charlotte De Turckheim,"Charlotte De Turckheim,Gladys Marciano","Lola Dewaere,Victoria Abril,Catherine Hosmalin","2,6","2,8",France,UGC Distribution,2 nominations,2012,Long métrage,Français,1 405 576 entrées
Les Infidèles,https://fr.web.img3.acsta.net/c_310_420/medias/nmedia/18/83/85/95/20004868.jpg,29 février 2012,en salle,Comédie,Tout public,"L’infidélité masculine et ses nombreuses variations, vues par 7 réalisateurs.","Jean Dujardin,Gilles Lellouche,Emmanuelle Bercot","Jean Dujardin,Gilles Lellouche","Jean Dujardin,Gilles Lellouche,Alexandra Lamy","3,1","2,2",France,Mars Films,2 nominations,2012,Long métrage,Français,2 301 045 entrées
The Social Network,https://fr.web.img6.acsta.net/c_310_420/medias/nmedia/18/78/52/54/19534550.jpg,13 octobre 2010,en salle,Drame,Tout public,"Une soirée bien arrosée d'octobre 2003, Mark Zuckerberg, un étudiant qui vient de se faire plaquer par sa petite amie, pirate le système informatique de l'Université de Harvard pour créer un site, une base de données de toutes les filles du campus. Il affiche côte à côte deux photos et demande à l'utilisateur de voter pour la plus canon. Il baptise le site Facemash. Le succès est instantané : l'information se diffuse à la vitesse de l'éclair et le site devient viral, détruisant tout le système de Harvard et générant une controverse sur le campus à cause de sa misogynie. Mark est accusé d'avoir violé intentionnellement la sécurité, les droits de reproduction et le respect de la vie privée. C'est pourtant à ce moment qu'est né ce qui deviendra Facebook. Peu après, Mark crée thefacebook.com, qui se répand comme une trainée de poudre d'un écran à l'autre d'abord à Harvard, puis s'ouvre aux principales universités des États-Unis, de l'Ivy League à Silicon Valley, avant de gagner le monde entier...,Cette invention révolutionnaire engendre des conflits passionnés. Quels ont été les faits exacts, qui peut réellement revendiquer la paternité du réseau social planétaire ? Ce qui s'est imposé comme l'une des idées phares du XXIe siècle va faire exploser l'amitié de ses pionniers et déclencher des affrontements aux enjeux colossaux...",David Fincher,Aaron Sorkin,"Jesse Eisenberg,Justin Timberlake,Andrew Garfield","4,4","4,0",U.S.A.,Sony Pictures Home Entertainment,13 prix et 22 nominations,2010,Long métrage,Anglais,1 443 462 entrées
Les Misérables,https://fr.web.img5.acsta.net/c_310_420/pictures/20/03/02/13/58/2855355.jpg,20 novembre 2019,en salle,"Policier,Drame",Tout public,"Stéphane, tout juste arrivé de Cherbourg, intègre la Brigade Anti-Criminalité de Montfermeil, dans le 93. Il va faire la rencontre de ses nouveaux coéquipiers, Chris et Gwada, deux ""Bacqueux"" d’expérience. Il découvre rapidement les tensions entre les différents groupes du quartier. Alors qu’ils se trouvent débordés lors d’une interpellation, un drone filme leurs moindres faits et gestes...,",Ladj Ly,"Ladj Ly,Giordano Gederlini","Damien Bonnard,Alexis Manenti,Djebril Zonga","4,3","4,0",France,Le Pacte,11 prix et 18 nominations,2019,Long métrage,Français,2 181 860 entrées
Le Grand Bain,https://fr.web.img4.acsta.net/c_310_420/pictures/18/08/21/18/41/2636278.jpg,24 octobre 2018,en salle,"Comédie,Drame",Tout public,"C’est dans les couloirs de leur piscine municipale que Bertrand, Marcus, Simon, Laurent, Thierry et les autres s’entraînent sous l’autorité toute relative de Delphine, ancienne gloire des bassins. Ensemble, ils se sentent libres et utiles. Ils vont mettre toute leur énergie dans une discipline jusque-là propriété de la gent féminine : la natation synchronisée. Alors, oui c’est une idée plutôt bizarre, mais ce défi leur permettra de trouver un sens à leur vie...",Gilles Lellouche,"Gilles Lellouche,Ahmed Hamidi","Mathieu Amalric,Guillaume Canet,Benoît Poelvoorde","4,1","3,8",France,StudioCanal,3 prix et 11 nominations,2018,Long métrage,Français,4 269 036 entrées
Revenge,https://fr.web.img5.acsta.net/c_310_420/pictures/17/12/15/16/49/5339594.jpg,7 février 2018,en salle,"Action,Thriller",Interdit - 12 ans avec avertissement,"Trois riches chefs d’entreprise quarantenaires, mariés et bons pères de famille se retrouvent pour leur partie de chasse annuelle dans une zone désertique de canyons. Un moyen pour eux d’évacuer leur stress et d’affirmer leur virilité armes à la main. Mais cette fois, l’un d’eux est venu avec sa jeune maîtresse, une lolita ultra sexy qui attise rapidement la convoitise des deux autres... Les choses dérapent... Dans l'enfer du désert, la jeune femme laissée pour morte reprend vie... Et la partie de chasse se transforme en une impitoyable chasse à l'homme...",Coralie Fargeat,Coralie Fargeat,"Matilda Lutz,Kevin Janssens,Vincent Colombe","3,1","2,8",France,Rezo Films,1 prix et 3 nominations,2018,Long métrage,"Anglais, Français",38 427 entrées
Sicario,https://fr.web.img2.acsta.net/c_310_420/pictures/15/07/29/17/08/261485.jpg,7 octobre 2015,en salle,"Policier,Espionnage,Thriller",Interdit - 12 ans,"La zone frontalière entre les Etats-Unis et le Mexique est devenue un territoire de non-droit. Kate, une jeune recrue idéaliste du FBI, y est enrôlée pour aider un groupe d’intervention d’élite dirigé par un agent du gouvernement dans la lutte contre le trafic de drogues. Menée par un consultant énigmatique, l'équipe se lance dans un périple clandestin, obligeant Kate à remettre en question ses convictions pour pouvoir survivre.",Denis Villeneuve,Taylor Sheridan,"Emily Blunt,Benicio Del Toro,Josh Brolin","4,0","4,0",U.S.A.,Metropolitan FilmExport,10 nominations,2015,Long métrage,"Anglais, Espagnol",443 599 entrées
Gone Girl,https://fr.web.img3.acsta.net/c_310_420/pictures/14/09/11/17/05/508784.jpg,8 octobre 2014,en salle,"Policier,Drame,Thriller",Tout public,"À l’occasion de son cinquième anniversaire de mariage, Nick Dunne signale la disparition de sa femme, Amy. Sous la pression de la police et l’affolement des médias, l’image du couple modèle commence à s’effriter. Très vite, les mensonges de Nick et son étrange comportement amènent tout le monde à se poser la même question : a-t-il tué sa femme ?",David Fincher,Gillian Flynn,"Ben Affleck,Rosamund Pike,Neil Patrick Harris","4,0","4,3",U.S.A.,Twentieth Century Fox France,10 nominations,2014,Long métrage,Anglais,1 901 279 entrées
Django Unchained,https://fr.web.img4.acsta.net/c_310_420/medias/nmedia/18/90/08/59/20366454.jpg,16 janvier 2013,en salle,Western,Interdit - 12 ans,"Dans le sud des États-Unis, deux ans avant la guerre de Sécession, le Dr King Schultz, un chasseur de primes allemand, fait l’acquisition de Django, un esclave qui peut l’aider à traquer les frères Brittle, les meurtriers qu’il recherche. Schultz promet à Django de lui rendre sa liberté lorsqu’il aura capturé les Brittle – morts ou vifs.,Alors que les deux hommes pistent les dangereux criminels, Django n’oublie pas que son seul but est de retrouver Broomhilda, sa femme, dont il fut séparé à cause du commerce des esclaves…,Lorsque Django et Schultz arrivent dans l’immense plantation du puissant Calvin Candie, ils éveillent les soupçons de Stephen, un esclave qui sert Candie et a toute sa confiance. Le moindre de leurs mouvements est désormais épié par une dangereuse organisation de plus en plus proche… Si Django et Schultz veulent espérer s’enfuir avec Broomhilda, ils vont devoir choisir entre l’indépendance et la solidarité, entre le sacrifice et la survie…",Quentin Tarantino,Quentin Tarantino,"Jamie Foxx,Christoph Waltz,Leonardo DiCaprio","4,6","4,5",U.S.A.,Sony Pictures Releasing France,8 prix et 11 nominations,2012,Long métrage,"Anglais, Français, Allemand",4 229 543 entrées
Ready Player One,https://fr.web.img2.acsta.net/c_310_420/pictures/18/02/14/09/15/3437390.jpg,28 mars 2018,en salle,"Action,Science Fiction",Tout public,"2045. Le monde est au bord du chaos. Les êtres humains se réfugient dans l'OASIS, univers virtuel mis au point par le brillant et excentrique James Halliday. Avant de disparaître, celui-ci a décidé de léguer son immense fortune à quiconque découvrira l'œuf de Pâques numérique qu'il a pris soin de dissimuler dans l'OASIS. L'appât du gain provoque une compétition planétaire. Mais lorsqu'un jeune garçon, Wade Watts, qui n'a pourtant pas le profil d'un héros, décide de participer à la chasse au trésor, il est plongé dans un monde parallèle à la fois mystérieux et inquiétant…",Steven Spielberg,"Ernest Cline,Zak Penn","Tye Sheridan,Olivia Cooke,Ben Mendelsohn","4,0","4,2",U.S.A.,Warner Bros. France,2 nominations,2018,Long métrage,Anglais,2 268 439 entrées
Le Roi Lion,https://fr.web.img6.acsta.net/c_310_420/pictures/19/02/25/12/06/2908996.jpg,17 juillet 2019,en salle,"Aventure,Animation,Famille",Tout public,"Au fond de la savane africaine, tous les animaux célèbrent la naissance de Simba, leur futur roi. Les mois passent. Simba idolâtre son père, le roi Mufasa, qui prend à cœur de lui faire comprendre les enjeux de sa royale destinée. Mais tout le monde ne semble pas de cet avis. Scar, le frère de Mufasa, l'ancien héritier du trône, a ses propres plans. La bataille pour la prise de contrôle de la Terre des Lions est ravagée par la trahison, la tragédie et le drame, ce qui finit par entraîner l'exil de Simba. Avec l'aide de deux nouveaux amis, Timon et Pumbaa, le jeune lion va devoir trouver comment grandir et reprendre ce qui lui revient de droit…",Jon Favreau,Jeff Nathanson,"Rayane Bensetti,Donald Glover,Anne Sila","3,4","4,1",U.S.A.,The Walt Disney Company France,4 nominations,2019,Long métrage,Anglais,9 752 589 entrées
Prisoners,https://fr.web.img4.acsta.net/c_310_420/pictures/210/280/21028038_20130813155654441.jpg,9 octobre 2013,en salle,Thriller,Interdit - 12 ans,"Dans la banlieue de Boston, deux fillettes de 6 ans, Anna et Joy, ont disparu. Le détective Loki privilégie la thèse du kidnapping suite au témoignage de Keller, le père d’Anna. Le suspect numéro 1 est rapidement arrêté mais est relâché quelques jours plus tard faute de preuve, entrainant la fureur de Keller. Aveuglé par sa douleur, le père dévasté se lance alors dans une course contre la montre pour retrouver les enfants disparus. De son côté, Loki essaie de trouver des indices pour arrêter le coupable avant que Keller ne commette l’irréparable… Les jours passent et les chances de retrouver les fillettes s’amenuisent…",Denis Villeneuve,Aaron Guzikowski,"Hugh Jackman,Jake Gyllenhaal,Viola Davis","3,8","4,3",U.S.A.,SND,1 nomination,2013,Long métrage,Anglais,1 155 295 entrées
Sexe entre amis,https://fr.web.img4.acsta.net/c_310_420/medias/nmedia/18/82/69/35/19757410.jpg,7 septembre 2011,en salle,"Comédie,Romance",Tout public,"Lorsque Jamie, chasseuse de têtes à New York, tente de recruter Dylan, un directeur artistique de Los Angeles, tous deux s’aperçoivent vite qu’ils sont sur la même longueur d’onde. Leur premier point commun est d’avoir totalement renoncé à l’amour, auquel ils ne croient plus, pour se consacrer uniquement au sexe.,Dylan s’installe à New York, et tous deux commencent à sortir ensemble régulièrement, convaincus que l’amour est un mythe. Ils sont heureux de cette relation adulte, seulement basée sur le physique.,En expérimentant  le ""sexe entre amis"", ces deux célibataires sans attaches pourront-ils éviter tous les pièges qui les guettent ? Ces adultes blasés des promesses trompeuses trop entendues dans les comédies romantiques vont être surpris par la tournure que leur relation risque de prendre…",Will Gluck,"Will Gluck,Keith Merryman","Justin Timberlake,Mila Kunis,Patricia Clarkson","2,6","3,3",U.S.A.,Sony Pictures Releasing France,1 nomination,2011,Long métrage,Anglais,539 953 entrées
Her,https://fr.web.img3.acsta.net/c_310_420/pictures/14/03/10/10/26/014107.jpg,19 mars 2014,en salle,"Drame,Romance,Science Fiction",Tout public,"Los Angeles, dans un futur proche. Theodore Twombly, un homme sensible au caractère complexe, est inconsolable suite à une rupture difficile. Il fait alors l'acquisition d'un programme informatique ultramoderne, capable de s'adapter à la personnalité de chaque utilisateur. En lançant le système, il fait la connaissance de 'Samantha', une voix féminine intelligente, intuitive et étonnamment drôle. Les besoins et les désirs de Samantha grandissent et évoluent, tout comme ceux de Theodore, et peu à peu, ils tombent amoureux…",Spike Jonze,Spike Jonze,"Joaquin Phoenix,Scarlett Johansson,Amy Adams","3,9","4,1",U.S.A.,Wild Bunch Distribution,4 prix et 9 nominations,2013,Long métrage,Anglais,448 841 entrées
À couteaux tirés,https://fr.web.img4.acsta.net/c_310_420/pictures/19/09/20/15/33/1378493.jpg,27 novembre 2019,en salle,"Comédie,Policier,Drame",Tout public,"Célèbre auteur de polars, Harlan Thrombey est retrouvé mort dans sa somptueuse propriété, le soir de ses 85 ans. L’esprit affûté et la mine débonnaire, le détective Benoit Blanc est alors engagé par un commanditaire anonyme afin d’élucider l’affaire. Mais entre la famille d’Harlan qui s'entre-déchire et son personnel qui lui reste dévoué, Blanc plonge dans les méandres d’une enquête mouvementée, mêlant mensonges et fausses pistes, où les rebondissements s'enchaînent à un rythme effréné jusqu'à la toute dernière minute.",Rian Johnson,Rian Johnson,"Daniel Craig,Chris Evans,Ana de Armas","3,8","4,1",U.S.A.,Metropolitan FilmExport,6 nominations,2019,Long métrage,Anglais,1 121 649 entrées
The Gentlemen,https://fr.web.img2.acsta.net/c_310_420/pictures/19/11/15/17/50/0228788.jpg,5 février 2020,en salle,"Action,Policier",Tout public,"Quand Mickey Pearson, baron de la drogue à Londres, laisse entendre qu’il pourrait se retirer du marché, il déclenche une guerre explosive : la capitale anglaise devient le théâtre de tous les chantages, complots, trahisons, corruptions et enlèvements… Dans cette jungle où l’on ne distingue plus ses alliés de ses ennemis, il n’y a de la place que pour un seul roi !",Guy Ritchie,Guy Ritchie,"Matthew McConaughey,Hugh Grant,Charlie Hunnam","3,5","4,1",U.S.A.,SND,1 nomination,2019,Long métrage,Anglais,630 925 entrées
Hunger Games,https://fr.web.img3.acsta.net/c_310_420/medias/nmedia/18/85/51/91/20018884.jpg,21 mars 2012,en salle,"Action,Drame,Science Fiction",Tout public,"Chaque année, dans les ruines de ce qui était autrefois l'Amérique du Nord, le Capitole, l'impitoyable capitale de la nation de Panem, oblige chacun de ses douze districts à envoyer un garçon et une fille - les ""Tributs"" - concourir aux Hunger Games. A la fois sanction contre la population pour s'être rebellée et stratégie d'intimidation de la part du gouvernement, les Hunger Games sont un événement télévisé national au cours duquel les tributs doivent s'affronter jusqu'à la mort. L'unique survivant est déclaré vainqueur.,La jeune Katniss, 16 ans, se porte volontaire pour prendre la place de sa jeune sœur dans la compétition. Elle se retrouve face à des adversaires surentraînés qui se sont préparés toute leur vie. Elle a pour seuls atouts son instinct et un mentor, Haymitch Abernathy, qui gagna les Hunger Games il y a des années mais n'est plus désormais qu'une épave alcoolique. Pour espérer pouvoir revenir un jour chez elle, Katniss va devoir, une fois dans l'arène, faire des choix impossibles entre la survie et son humanité, entre la vie et l'amour...",Gary Ross,"Gary Ross,Suzanne Collins","Jennifer Lawrence,Josh Hutcherson,Liam Hemsworth","3,4","3,8",U.S.A.,Metropolitan FilmExport,3 prix et 5 nominations,2012,Long métrage,Anglais,1 722 542 entrées
Le Loup de Wall Street,https://fr.web.img5.acsta.net/c_310_420/pictures/210/604/21060483_20131125114549726.jpg,25 décembre 2013,en salle,"Biopic,Drame",Interdit - 12 ans,"L’argent. Le pouvoir. Les femmes. La drogue. Les tentations étaient là, à portée de main, et les autorités n’avaient aucune prise. Aux yeux de Jordan et de sa meute, la modestie était devenue complètement inutile. Trop n’était jamais assez…",Martin Scorsese,Terence Winter,"Leonardo DiCaprio,Jonah Hill,Margot Robbie","4,0","4,3",U.S.A.,Metropolitan FilmExport,1 prix et 13 nominations,2013,Long métrage,Anglais,3 009 494 entrées
Blade Runner 2049,https://fr.web.img2.acsta.net/c_310_420/pictures/17/08/24/15/18/597734.jpg,4 octobre 2017,en salle,"Science Fiction,Thriller",Tout public,"En 2049, la société est fragilisée par les nombreuses tensions entre les humains et leurs esclaves créés par bioingénierie. L’officier K est un Blade Runner : il fait partie d’une force d’intervention d’élite chargée de trouver et d’éliminer ceux qui n’obéissent pas aux ordres des humains. Lorsqu’il découvre un secret enfoui depuis longtemps et capable de changer le monde, les plus hautes instances décident que c’est à son tour d’être traqué et éliminé. Son seul espoir est de retrouver Rick Deckard, un ancien Blade Runner qui a disparu depuis des décennies...",Denis Villeneuve,"Michael Green,Hampton Fancher","Ryan Gosling,Harrison Ford,Ana de Armas","3,6","3,9",U.S.A.,Sony Pictures Releasing France,3 prix et 8 nominations,2017,Long métrage,Anglais,1 227 518 entrées
Des Morceaux de Moi,https://fr.web.img3.acsta.net/c_310_420/pictures/210/442/21044220_20130926101452829.jpg,13 février 2013,en salle,"Comédie,Drame",Tout public,"Un père lunaire et vieux avant l’âge, une mère malade et tyrannique, une sœur disparue il y a 4 ans et moi, Erell, qui filme tout, tout le temps … Un beau tableau de famille.,J’habite la même ville ouvrière depuis toujours. On y naît, on y meurt. Et entre les deux, rien à faire sinon traîner avec mes potes, Gabin, Javier et Le Majeur.,Une nuit, ma sœur Sarah réapparait. Les morceaux de moi s’assemblent…",Nolwenn Lemesle,Nolwenn Lemesle,"Zabou Breitman,Adèle Exarchopoulos,Tchéky Karyo","2,3","2,6",France,L.C.J. Editions et Productions,# prix,2012,Long métrage,Français,5 316 entrées
Whiplash,https://fr.web.img6.acsta.net/c_310_420/pictures/14/09/26/17/53/345974.jpg,24 décembre 2014,en salle,"Drame,Musical",Tout public,"Andrew, 19 ans, rêve de devenir l’un des meilleurs batteurs de jazz de sa génération. Mais la concurrence est rude au conservatoire de Manhattan où il s’entraîne avec acharnement. Il a pour objectif d’intégrer le fleuron des orchestres dirigé par Terence Fletcher, professeur féroce et intraitable. Lorsque celui-ci le repère enfin, Andrew se lance, sous sa direction, dans la quête de l’excellence...",Damien Chazelle,Damien Chazelle,"Miles Teller,J.K. Simmons,Paul Reiser","4,1","4,4",U.S.A.,Ad Vitam,12 prix et 9 nominations,2014,Long métrage,Anglais,639 732 entrées
Premier Contact,https://fr.web.img2.acsta.net/c_310_420/pictures/16/10/24/15/52/414639.jpg,7 décembre 2016,en salle,Science Fiction,Tout public,"Lorsque de mystérieux vaisseaux venus du fond de l’espace surgissent un peu partout sur Terre, une équipe d’experts est rassemblée sous la direction de la linguiste Louise Banks afin de tenter de comprendre leurs intentions.,Face à l’énigme que constituent leur présence et leurs messages mystérieux, les réactions dans le monde sont extrêmes et l’humanité se retrouve bientôt au bord d’une guerre absolue. Louise Banks et son équipe n’ont que très peu de temps pour trouver des réponses. Pour les obtenir, la jeune femme va prendre un risque qui pourrait non seulement lui coûter la vie, mais détruire le genre humain…",Denis Villeneuve,Eric Heisserer,"Amy Adams,Jeremy Renner,Forest Whitaker","4,1","4,1",U.S.A.,Sony Pictures Releasing France,3 prix et 20 nominations,2016,Long métrage,Anglais,866 769 entrées
Cinquante Nuances de Grey,https://fr.web.img5.acsta.net/c_310_420/pictures/14/11/14/11/08/371396.jpg,11 février 2015,en salle,"Drame,Romance,Thriller",Interdit - 12 ans,"L'histoire d'une romance passionnelle, et sexuelle, entre un jeune homme riche amateur de femmes, et une étudiante vierge de 22 ans.",Sam Taylor-Johnson,Kelly Marcel,"Jamie Dornan,Dakota Johnson,Jennifer Ehle","2,1","2,0",U.S.A.,Universal Pictures International France,5 prix et 3 nominations,2015,Long métrage,Anglais,4 043 310 entrées
Us,https://fr.web.img6.acsta.net/c_310_420/pictures/19/03/14/10/51/3421837.jpg,20 mars 2019,en salle,"Epouvante-horreur,Thriller",Interdit - 12 ans,"De retour dans sa maison d’enfance, à Santa Cruz sur la côte Californienne, Adelaïde Wilson a décidé de passer des vacances de rêves avec son mari Gabe et leurs deux enfants : Zora et Jason. Un traumatisme aussi mystérieux qu’irrésolu refait surface suite à une série d’étranges coïncidences qui déclenchent la paranoïa de cette mère de famille de plus en plus persuadée qu’un terrible malheur va s’abattre sur ceux qu’elle aime. Après une journée tendue à la plage avec leurs amis les Tyler, les Wilson rentrent enfin à la maison où ils découvrent quatre personnes se tenant la main dans leur allée. Ils vont alors affronter le plus terrifiant et inattendu des adversaires : leurs propres doubles.",Jordan Peele,Jordan Peele,"Lupita Nyong'o,Winston Duke,Elisabeth Moss","3,3","3,1",U.S.A.,Universal Pictures International France,1 nomination,2019,Long métrage,Anglais,702 985 entrées
First Man - le premier homme sur la Lune,https://fr.web.img4.acsta.net/c_310_420/pictures/18/09/12/11/16/3103616.jpg,17 octobre 2018,en salle,"Biopic,Drame",Tout public,"Pilote jugé « un peu distrait » par ses supérieurs en 1961, Neil Armstrong sera, le 21 juillet 1969, le premier homme à marcher sur la lune. Durant huit ans, il subit un entraînement de plus en plus difficile, assumant courageusement tous les risques d’un voyage vers l’inconnu total. Meurtri par des épreuves personnelles qui laissent des traces indélébiles, Armstrong tente d’être un mari aimant auprès d’une femme qui l’avait épousé en espérant une vie normale.",Damien Chazelle,Josh Singer,"Ryan Gosling,Claire Foy,Jason Clarke","3,8","4,0",U.S.A.,Universal Pictures International France,2 prix et 15 nominations,2018,Long métrage,Anglais,806 925 entrées
Qu'est-ce qu'on a fait au Bon Dieu?,https://fr.web.img6.acsta.net/c_310_420/pictures/14/03/04/14/58/474265.jpg,16 avril 2014,en salle,Comédie,Tout public,"Claude et Marie Verneuil, issus de la grande bourgeoisie catholique provinciale sont des parents plutôt ""vieille France"". Mais ils se sont toujours obligés à faire preuve d'ouverture d'esprit...Les pilules furent cependant bien difficiles à avaler quand leur première fille épousa un musulman, leur seconde un juif et leur troisième un chinois.,Leurs espoirs de voir enfin l'une d'elles se marier à l'église se cristallisent donc sur la cadette, qui, alléluia, vient de rencontrer un bon catholique.",Philippe de Chauveron,"Philippe de Chauveron,Guy Laurent","Christian Clavier,Chantal Lauby,Ary Abittan","3,8","3,4",France,UGC Distribution,1 prix et 1 nomination,2014,Long métrage,14/04/2024,12 237 274 entrées
Super 8,https://fr.web.img4.acsta.net/c_310_420/medias/nmedia/18/78/77/24/19757030.jpg,3 août 2011,en salle,Science Fiction,Tout public,"Été 1979, une petite ville de l’Ohio. Alors qu'ils tournent un film en super 8, un groupe d’adolescents est témoin d'une spectaculaire catastrophe ferroviaire. Ils ne tardent pas à comprendre qu'il ne s'agit pas d'un accident. Peu après, des disparitions étonnantes et des événements inexplicables se produisent en ville, et la police tente de découvrir la vérité… Une vérité qu’aucun d’entre eux n’aurait pu imaginer.",J.J. Abrams,J.J. Abrams,"Kyle Chandler,Joel Courtney,Elle Fanning","3,8","3,7",U.S.A.,Paramount Pictures France,2 prix et 3 nominations,2011,Long métrage,Anglais,1 506 877 entrées
Percy Jackson : le voleur de foudre,https://fr.web.img3.acsta.net/c_310_420/medias/nmedia/18/71/92/68/19225578.jpg,10 février 2010,en salle,"Aventure,Fantastique",Tout public,"Un jeune homme découvre qu'il est le descendant d'un dieu grec et s'embarque, avec l'aide d'un satyre et de la fille d'Athena, dans une dangereuse aventure pour résoudre une guerre entre dieux. Sur sa route, il devra affronter une horde d'ennemis mythologiques bien décidés à le stopper.",Chris Columbus,"Craig Titley,Chris Columbus","Logan Lerman,Brandon T. Jackson,Pierce Brosnan","2,5","2,6",U.S.A.,Twentieth Century Fox France,1 nomination,2010,Long métrage,Anglais,1 225 182 entrées
Blanche-Neige et le chasseur,https://fr.web.img5.acsta.net/c_310_420/medias/nmedia/18/85/34/52/20089538.jpg,13 juin 2012,en salle,"Action,Fantastique",Tout public,"Dans des temps immémoriaux où la magie, les fées et les nains étaient monnaie courante, naquit un jour l’unique enfant d’un bon roi et de son épouse chérie : une fille aux lèvres rouge sang, à la chevelure noire comme l’ébène et à la peau blanche comme neige. Et voilà précisément où l’histoire que vous croyiez connaître prend fin et où la nouvelle adaptation épique et envoutante de ce célèbre conte des frères Grimm débute. Notre héroïne, dont la beauté vient entacher la suprématie de l’orgueilleuse Reine Ravenna et déclencher son courroux, n’a plus rien d’une damoiselle en détresse, et la cruelle marâtre en quête de jeunesse éternelle ignore que sa seule et unique rivale a été formée à l’art de la guerre par le chasseur qu’elle avait elle-même envoyé pour la capturer. Alliant leurs forces, Blanche-Neige et le chasseur vont fomenter une rébellion et lever une armée pour reconquérir le royaume de Tabor et libérer son peuple du joug de l’impitoyable Ravenna.",Rupert Sanders,"Evan Daugherty,John Lee Hancock","Kristen Stewart,Chris Hemsworth,Charlize Theron","3,2","3,1",U.S.A.,Universal Pictures International France,5 nominations,2012,Long métrage,Anglais,1 955 857 entrées
La Vie d'Adèle - Chapitres 1 et 2,https://fr.web.img3.acsta.net/c_310_420/pictures/210/359/21035935_20130903173858999.jpg,9 octobre 2013,en salle,"Drame,Romance",Interdit - 12 ans avec avertissement,"À 15 ans, Adèle ne se pose pas de question : une fille, ça sort avec des garçons. Sa vie bascule le jour où elle rencontre Emma, une jeune femme aux cheveux bleus, qui lui fait découvrir le désir et lui permettra de s’affirmer en tant que femme et adulte. Face au regard des autres Adèle grandit, se cherche, se perd, se trouve...",Abdellatif Kechiche,"Abdellatif Kechiche,Ghalya Lacroix","Léa Seydoux,Adèle Exarchopoulos,Salim Kechiouche","4,6","3,6",France,Wild Bunch Distribution,15 prix et 13 nominations,2013,Long métrage,Français,1 006 270 entrées
Shutter Island,https://fr.web.img2.acsta.net/c_310_420/medias/nmedia/18/69/96/84/19151192.jpg,24 février 2010,en salle,Thriller,Interdit - 12 ans,"En 1954, le marshal Teddy Daniels et son coéquipier Chuck Aule sont envoyés enquêter sur l'île de Shutter Island, dans un hôpital psychiatrique où sont internés de dangereux criminels. L'une des patientes, Rachel Solando, a inexplicablement disparu. Comment la meurtrière a-t-elle pu sortir d'une cellule fermée de l'extérieur ? Le seul indice retrouvé dans la pièce est une feuille de papier sur laquelle on peut lire une suite de chiffres et de lettres sans signification apparente. Oeuvre cohérente d'une malade, ou cryptogramme ?",Martin Scorsese,Laeta Kalogridis,"Leonardo DiCaprio,Mark Ruffalo,Ben Kingsley","3,8","4,4",U.S.A.,Paramount Pictures France,4 nominations,2010,Long métrage,"Anglais, Allemand",3 065 428 entrées
Mary,https://fr.web.img3.acsta.net/c_310_420/pictures/17/04/11/16/53/237053.jpg,13 septembre 2017,en salle,Drame,Tout public,"Un homme se bat pour obtenir la garde de sa nièce, qui témoigne d'un don hors du commun pour les mathématiques.",Marc Webb,Tom Flynn,"Chris Evans,Mckenna Grace,Lindsay Duncan","2,6","4,2",U.S.A.,Twentieth Century Fox France,# prix,2017,Long métrage,Anglais,109 477 entrées
Green Book : Sur les routes du sud,https://fr.web.img3.acsta.net/c_310_420/pictures/19/02/25/17/06/0818764.jpg,23 janvier 2019,en salle,"Biopic,Drame",Tout public,"En 1962, alors que règne la ségrégation, Tony Lip, un videur italo-américain du Bronx, est engagé pour conduire et protéger le Dr Don Shirley, un pianiste noir de renommée mondiale, lors d’une tournée de concerts. Durant leur périple de Manhattan jusqu’au Sud profond, ils s’appuient sur le Green Book pour dénicher les établissements accueillant les personnes de couleur, où l’on ne refusera pas de servir Shirley et où il ne sera ni humilié ni maltraité.,Dans un pays où le mouvement des droits civiques commence à se faire entendre, les deux hommes vont être confrontés au pire de l’âme humaine, dont ils se guérissent grâce à leur générosité et leur humour. Ensemble, ils vont devoir dépasser leurs préjugés, oublier ce qu’ils considéraient comme des différences insurmontables, pour découvrir leur humanité commune.",Peter Farrelly,"Nick Vallelonga,Brian Hayes Currie","Viggo Mortensen,Mahershala Ali,Linda Cardellini","4,0","4,5",U.S.A.,Metropolitan FilmExport,7 prix et 12 nominations,2018,Long métrage,Anglais,2 055 324 entrées
Les Figures de l'ombre,https://fr.web.img5.acsta.net/c_310_420/pictures/17/01/10/15/08/573198.jpg,8 mars 2017,en salle,"Biopic,Drame",Tout public,"Le destin extraordinaire des trois scientifiques afro-américaines qui ont permis aux États-Unis de prendre la tête de la conquête spatiale, grâce à la mise en orbite de l’astronaute John Glenn.,Maintenues dans l’ombre de leurs collègues masculins et dans celle d’un pays en proie à de profondes inégalités, leur histoire longtemps restée méconnue est enfin portée à l’écran.",Theodore Melfi,Allison Schroeder,"Taraji P. Henson,Octavia Spencer,Janelle Monáe","3,3","4,3",U.S.A.,Twentieth Century Fox France,1 prix et 10 nominations,2016,Long métrage,Anglais,811 629 entrées
20 ans d'écart,https://fr.web.img3.acsta.net/c_310_420/medias/nmedia/18/96/11/54/20446783.jpg,6 mars 2013,en salle,"Comédie,Romance",Tout public,"Alice Lantins a 38 ans. Elle est belle, ambitieuse et fait preuve d’une impeccable conscience professionnelle au point d’en oublier sa vie privée. Bref, elle a tout pour devenir la prochaine rédactrice en chef du magazine « Rebelle », tout sauf son image de femme coincée. Mais lorsque le jeune et charmant Balthazar, à peine 20 ans, va croiser le chemin d’Alice, le regard de ses collègues va inexplicablement changer. Réalisant qu'elle détient la clef de sa promotion, Alice va feindre la comédie d’une improbable idylle.",David Moreau,"David Moreau,Amro Hamzawi","Virginie Efira,Pierre Niney,Gilles Cohen","3,6","3,6",France,EuropaCorp Distribution,1 prix et 3 nominations,2013,Long métrage,Français,1 390 250 entrées
The Big Short : le Casse du siècle,https://fr.web.img6.acsta.net/c_310_420/pictures/15/11/23/10/59/381070.jpg,23 décembre 2015,en salle,"Biopic,Comédie,Drame",Tout public,"Wall Street. 2005. Profitant de l’aveuglement généralisé des grosses banques, des medias et du gouvernement, quatre outsiders anticipent l’explosion de la bulle financière et mettent au point… le casse du siècle ! Michael Burry, Mark Baum, Jared Vennett et Ben Rickert : des personnages visionnaires et hors du commun qui vont parier contre les banques … et tenter de rafler la mise !",Adam McKay,"Adam McKay,Charles Randolph","Christian Bale,Steve Carell,Ryan Gosling","3,5","3,7",U.S.A.,Universal Pictures France (UPF),4 prix et 17 nominations,2015,Long métrage,Anglais,828 929 entrées
Incendies,https://fr.web.img6.acsta.net/c_310_420/medias/nmedia/18/77/19/59/19628698.jpg,12 janvier 2011,en salle,Drame,Tout public,"A la lecture du testament de leur mère, Jeanne et Simon Marwan se voient remettre deux enveloppes : l’une destinée à un père qu’ils croyaient mort et l‘autre à un frère dont ils ignoraient l’existence.,Jeanne voit dans cet énigmatique legs la clé du silence de sa mère, enfermée dans un mutisme inexpliqué les dernières semaines précédant sa mort. Elle décide immédiatement de partir au Moyen Orient exhumer le passé de cette famille dont elle ne sait presque rien…,Simon, lui, n’a que faire des caprices posthumes de cette mère qui s’est toujours montrée distante. Mais son amour pour sa sœur jumelle le poussera bientôt à rejoindre Jeanne et à sillonner avec elle le pays de leurs ancêtres sur la piste d’une mère bien loin de celle qu’ils ont connue.",Denis Villeneuve,Denis Villeneuve,"Rémy Girard,Lubna Azabal,Mélissa Désormeaux-Poulin","3,8","4,3",Canada,Happiness Distribution,2 prix et 6 nominations,2010,Long métrage,"ARABIC, Français",297 565 entrées
Alibi.com,https://fr.web.img5.acsta.net/c_310_420/pictures/16/12/22/15/06/567544.jpg,15 février 2017,en salle,Comédie,Tout public,"Greg a fondé une entreprise nommée Alibi.com qui crée tout type d'alibi. Avec Augustin son associé, et Medhi son nouvel employé, ils élaborent des stratagèmes et mises en scène imparables pour couvrir leurs clients. Mais la rencontre de Flo, une jolie blonde qui déteste les hommes qui mentent, va compliquer la vie de Greg, qui commence par lui cacher la vraie nature de son activité. Lors de la présentation aux parents, Greg comprend que Gérard, le père de Flo, est aussi un de leurs clients...",Philippe Lacheau,"Philippe Lacheau,Julien Arruti","Philippe Lacheau,Élodie Fontan,Julien Arruti","2,9","3,4",France,StudioCanal,1 nomination,2017,Long métrage,Français,3 581 581 entrées
C'est la vie,https://fr.web.img3.acsta.net/c_310_420/pictures/21/05/06/16/15/2494294.jpg,28 juillet 2021,en salle,Comédie,Tout public,"Pour son dernier jour avant la retraite, Dominique, une sage-femme au caractère bien trempé, est forcée de coopérer avec un jeune obstétricien arrogant. Ensemble, ils vont devoir accompagner cinq femmes à accoucher. Elles s’en souviendront toute leur vie…",Julien Rambaldi,"Thomas Perrier,Julien Rambaldi","Josiane Balasko,Nicolas Maury,Léa Drucker","3,0","2,6",France,Orange Studio Distribution / UGC Distribution,1 nomination,2019,Long métrage,Français,153 771 entrées
Une merveilleuse histoire du temps,https://fr.web.img3.acsta.net/c_310_420/pictures/14/10/31/17/54/461500.jpg,21 janvier 2015,en salle,"Biopic,Drame",Tout public,"1963, en Angleterre, Stephen, brillant étudiant en Cosmologie à l’Université de Cambridge, entend bien donner une réponse simple et efficace au mystère de la création de l’univers. De nouveaux horizons s’ouvrent quand il tombe amoureux d’une étudiante en art, Jane Wilde. Mais le jeune homme, alors dans la fleur de l’âge, se heurte à un diagnostic implacable : une dystrophie neuromusculaire plus connue sous le nom de maladie de Charcot va s’attaquer à ses membres, sa motricité, et son élocution, et finira par le tuer en l’espace de deux ans.,Grâce à l’amour indéfectible, le courage et la résolution de Jane, qu’il épouse contre toute attente, ils entament tous les deux un nouveau combat afin de repousser l’inéluctable. Jane l’encourage à terminer son doctorat, et alors qu’ils commencent une vie de famille, Stephen, doctorat en poche va s’attaquer aux recherches sur ce qu’il a de plus précieux : le temps.,Alors que son corps se dégrade, son cerveau fait reculer les frontières les plus éloignées de la physique. Ensemble, ils vont révolutionner le monde de la médecine et de la science, pour aller au-delà de ce qu’ils auraient pu imaginer : le vingt et unième siècle.",James Marsh,Anthony McCarten,"Eddie Redmayne,Felicity Jones,Tom Prior","3,3","4,2",Grande-Bretagne,Universal Pictures International France,6 prix et 16 nominations,2014,Long métrage,"Anglais, Français",212 143 entrées
Les Chatouilles,https://fr.web.img6.acsta.net/c_310_420/pictures/18/04/27/17/19/4063863.jpg,14 novembre 2018,en salle,Drame,Tout public,"Odette a huit ans, elle aime danser et dessiner. Pourquoi se méfierait-elle d’un ami de ses parents qui lui propose de « jouer aux chatouilles » ? Adulte, Odette danse sa colère, libère sa parole et embrasse la vie...","Andréa Bescond,Eric Métayer","Andréa Bescond,Eric Métayer","Andréa Bescond,Karin Viard,Clovis Cornillac","3,8","4,1",France,Orange Studio Distribution / UGC Distribution,4 prix et 11 nominations,2018,Long métrage,Français,371 505 entrées
Au Revoir Là-haut,https://fr.web.img5.acsta.net/c_310_420/pictures/17/06/26/11/21/196053.jpg,25 octobre 2017,en salle,Comédie dramatique,Tout public,"Novembre 1919. Deux rescapés des tranchées, l'un dessinateur de génie, l'autre modeste comptable, décident de monter une arnaque aux monuments aux morts. Dans la France des années folles, l'entreprise va se révéler aussi dangereuse que spectaculaire..",Albert Dupontel,Albert Dupontel,"Nahuel Perez Biscayart,Albert Dupontel,Laurent Lafitte","3,9","4,3",France,Gaumont Distribution,6 prix et 10 nominations,2017,Long métrage,Français,2 055 669 entrées
Intouchables,https://fr.web.img4.acsta.net/c_310_420/img/bb/32/bb329562d3c57e325dcb4ba23425c3e3.jpg,2 novembre 2011,en salle,"Biopic,Comédie,Drame",Tout public,"A la suite d’un accident de parapente, Philippe, riche aristocrate, engage comme aide à domicile Driss, un jeune de banlieue tout juste sorti de prison. Bref la personne la moins adaptée pour le job. Ensemble ils vont faire cohabiter Vivaldi et Earth Wind and Fire, le verbe et la vanne, les costumes et les bas de survêtement... Deux univers vont se télescoper, s’apprivoiser, pour donner naissance à une amitié aussi dingue, drôle et forte qu’inattendue, une relation unique qui fera des étincelles et qui les rendra... Intouchables.","Eric Toledano,Olivier Nakache","Eric Toledano,Olivier Nakache","François Cluzet,Omar Sy,Anne Le Ny","3,7","4,4",France,Gaumont Distribution,16 prix et 29 nominations,2011,Long métrage,31/07/2024,19 275 425 entrées
Blanche Neige,https://fr.web.img3.acsta.net/c_310_420/medias/nmedia/18/86/19/61/20050064.jpg,11 avril 2012,en salle,"Aventure,Comédie,Fantastique",Tout public,"Lorsque son père, le Roi, meurt, Blanche Neige est en danger. Sa belle-mère, cruelle et avide de pouvoir, l’évince pour s’emparer du trône. Quand la jeune femme attire malgré tout l’attention d’un Prince aussi puissant que séduisant, l’horrible marâtre ne lui laisse aucune chance et la bannit. Blanche Neige se réfugie alors dans la forêt… Recueillie par une bande de nains hors-la-loi au grand cœur, Blanche Neige va trouver la force de sauver son royaume des griffes de la méchante Reine. Avec l’aide de ses nouveaux amis, elle est décidée à passer à l’action pour reconquérir sa place et le cœur du Prince…",Tarsem Singh,"Melisa Wallack,Jason Keller","Julia Roberts,Lily Collins,Armie Hammer","2,4","2,4",U.S.A.,Metropolitan FilmExport,1 nomination,2012,Long métrage,Anglais,817 797 entrées
Les Tuche,https://fr.web.img6.acsta.net/c_310_420/medias/nmedia/18/79/51/22/19732939.jpg,1 juillet 2011,en salle,Comédie,Tout public,"A Bouzolles, tout le monde connaît la famille Tuche. Jeff, Cathy et leurs trois enfants vivent du système D. Respectueuse de la philosophie Tuche, « l’homme n’est pas fait pour travailler », toute la famille s’emploie à être heureuse malgré le cruel manque de revenus.,Leurs vies étaient toutes tracées. Ils seraient toujours pauvres, mais heureux. Mais un bouleversement va mettre en péril ce fragile équilibre. Les Tuche vont devenir riches, très riches. 100 millions d’euros gagnés à « L’Euroloterie » vont tout changer.,Quitte à changer de vie, autant changer de lieu. Quoi de plus logique pour les Tuche que d’aller vivre à Monaco, là où Cathy a toujours rêvé d’habiter.,Ils devront se faire accepter, s’intégrer dans leur nouvelle patrie, changer leurs habitudes sans changer leurs sentiments. La partie n’est pas gagnée pour cette famille qui a comme adage « Tuche pour un, Un pour Tuche ».",Olivier Baroux,"Philippe Mechlen,Chantal Lauby","Jean-Paul Rouve,Isabelle Nanty,Claire Nadeau","2,3","2,4",France,Pathé Films,2 nominations,2010,Long métrage,Français,1 508 966 entrées
Les Crevettes pailletées,https://fr.web.img4.acsta.net/c_310_420/pictures/19/04/17/16/59/2453551.jpg,8 mai 2019,en salle,Comédie,Tout public,"Après avoir tenu des propos homophobes, Mathias Le Goff, vice-champion du monde de natation, est condamné à entraîner ""Les Crevettes Pailletées"", une équipe de water-polo gay, davantage motivée par la fête que par la compétition. Cet explosif attelage va alors se rendre en Croatie pour participer aux Gay Games, le plus grand rassemblement sportif homosexuel du monde. Le chemin parcouru sera l’occasion pour Mathias de découvrir un univers décalé qui va bousculer tous ses repères et lui permettre de revoir ses priorités dans la vie.","Cédric Le Gallo,Maxime Govare","Maxime Govare,Cédric Le Gallo","Nicolas Gob,Alban Lenoir,Michaël Abiteboul","3,4","3,6",France,Universal Pictures International France,# prix,2019,Long métrage,Français,577 413 entrées
Alice et le maire,https://fr.web.img3.acsta.net/c_310_420/pictures/19/05/21/13/42/4985388.jpg,2 octobre 2019,en salle,"Comédie,Comédie dramatique,Drame",Tout public,"Le maire de Lyon, Paul Théraneau, va mal. Il n’a plus une seule idée. Après trente ans de vie politique, il se sent complètement vide. Pour remédier à ce problème, on décide de lui adjoindre une jeune et brillante philosophe, Alice Heimann. Un dialogue se noue, qui rapproche Alice et le maire et ébranle leurs certitudes.,",Nicolas Pariser,Nicolas Pariser,"Fabrice Luchini,Anaïs Demoustier,Nora Hamzawi","3,8","3,2",France,Bac Films,2 prix et 4 nominations,2018,Long métrage,Français,700 885 entrées
The Amazing Spider-Man,https://fr.web.img4.acsta.net/c_310_420/medias/nmedia/18/83/19/35/20158079.jpg,4 juillet 2012,en salle,"Action,Aventure,Fantastique",Tout public,"Abandonné par ses parents lorsqu’il était enfant, Peter Parker a été élevé par son oncle Ben et sa tante May. Il est aujourd’hui au lycée, mais il a du mal à s’intégrer. Comme la plupart des adolescents de son âge, Peter essaie de comprendre qui il est et d’accepter son parcours. Amoureux pour la première fois, lui et Gwen Stacy découvrent les sentiments, l’engagement et les secrets. En retrouvant une mystérieuse mallette ayant appartenu à son père, Peter entame une quête pour élucider la disparition de ses parents, ce qui le conduit rapidement à Oscorp et au laboratoire du docteur Curt Connors, l’ancien associé de son père. Spider-Man va bientôt se retrouver face au Lézard, l’alter ego de Connors. En décidant d’utiliser ses pouvoirs, il va choisir son destin…",Marc Webb,"James Vanderbilt,Alvin Sargent","Andrew Garfield,Emma Stone,Rhys Ifans","3,0","3,6",U.S.A.,Sony Pictures Releasing France,1 nomination,2012,Long métrage,Anglais,2 491 381 entrées
Les 4 Fantastiques,https://fr.web.img3.acsta.net/c_310_420/pictures/15/07/10/12/04/290362.jpg,5 août 2015,en salle,"Action,Fantastique",Tout public,"Adaptation moderne et résolument nouvelle de la plus ancienne équipe de super-héros Marvel, le film se concentre sur quatre jeunes génies qui se retrouvent projetés dans un univers alternatif et dangereux, qui modifie leurs formes physiques mais aussi leurs vies de façon radicale. Ils devront apprendre à maîtriser leurs nouvelles capacités et à travailler ensemble pour sauver la Terre d’un ancien allié devenu leur ennemi.",Josh Trank,"Simon Kinberg,Josh Trank","Miles Teller,Kate Mara,Michael B. Jordan","2,0","1,8",U.S.A.,Twentieth Century Fox France,3 prix et 2 nominations,2015,Long métrage,Anglais,1 201 597 entrées
L'Odyssée de Pi,https://fr.web.img5.acsta.net/c_310_420/medias/nmedia/18/93/60/26/20298702.jpg,19 décembre 2012,en salle,"Aventure,Drame",Tout public,"Après une enfance passée à Pondichéry en Inde, Pi Patel, 17 ans, embarque avec sa famille pour le Canada où l’attend une nouvelle vie. Mais son destin est bouleversé par le naufrage spectaculaire du cargo en pleine mer. Il se retrouve seul survivant à bord d'un canot de sauvetage. Seul, ou presque... Richard Parker, splendide et féroce tigre du Bengale est aussi du voyage. L’instinct de survie des deux naufragés leur fera vivre une odyssée hors du commun au cours de laquelle Pi devra développer son ingéniosité et faire preuve d’un courage insoupçonné pour survivre à cette aventure incroyable.",Ang Lee,David Magee,"Suraj Sharma,Irrfan Khan,Adil Hussain","3,6","4,0",U.S.A.,Twentieth Century Fox France,7 prix et 19 nominations,2012,Long métrage,Anglais,1 594 514 entrées
Suicide Squad,https://fr.web.img3.acsta.net/c_310_420/pictures/16/07/12/15/47/166170.jpg,3 août 2016,en salle,"Action,Fantastique",Tout public,"Face à une menace aussi énigmatique qu'invincible, l'agent secret Amanda Waller réunit une armada de crapules de la pire espèce. Armés jusqu'aux dents par le gouvernement, ces Super-Méchants s'embarquent alors pour une mission-suicide. Jusqu'au moment où ils comprennent qu'ils ont été sacrifiés. Vont-ils accepter leur sort ou se rebeller ?",David Ayer,David Ayer,"Margot Robbie,Will Smith,Jared Leto","2,1","2,5",U.S.A.,Warner Bros. France,1 prix et 2 nominations,2016,Long métrage,Anglais,2 284 058 entrées
War Dogs,https://fr.web.img2.acsta.net/c_310_420/pictures/16/08/03/14/53/209219.jpg,14 septembre 2016,en salle,"Comédie,Comédie dramatique,Drame,Guerre",Tout public,"Deux copains âgés d'une vingtaine d'années vivant à Miami Beach à l'époque de la guerre en Irak, profitent d'un dispositif méconnu du gouvernement fédéral, permettant à de petites entreprises de répondre à des appels d'offres de l'armée américaine. Si leurs débuts sont modestes, ils ne tardent pas à empocher de grosses sommes d'argent et à mener la grande vie. Mais les deux amis sont totalement dépassés par les événements lorsqu'ils décrochent un contrat de 300 millions de dollars destiné à armer les soldats afghans. Car, pour honorer leurs obligations, ils doivent entrer en contact avec des individus très peu recommandables… dont certains font partie du gouvernement américain…",Todd Phillips,"Jason Smilovic,Todd Phillips","Miles Teller,Jonah Hill,Ana de Armas","3,4","3,8",U.S.A.,Warner Bros. France,2 nominations,2016,Long métrage,Anglais,513 131 entrées
Les Cinq légendes,https://fr.web.img5.acsta.net/c_310_420/medias/nmedia/18/89/92/04/20272137.jpg,28 novembre 2012,en salle,"Aventure,Animation,Famille",Tout public,"L’aventure d’un groupe de héros, tous doués de pouvoirs extraordinaires. Emmenées par Jack Frost, un adolescent rebelle et ingénieux, ces cinq légendes vont devoir, pour la première fois, unir leurs forces pour protéger les espoirs, les rêves et l’imaginaire de tous les enfants.",Peter Ramsey,David Lindsay-Abaire,"Gaspard Ulliel,Chris Pine,Nolwenn Leroy","3,4","4,1",U.S.A.,Paramount Pictures France,3 nominations,2012,Long métrage,Anglais,2 833 326 entrées
Undercover - Une histoire vraie,https://fr.web.img2.acsta.net/c_310_420/pictures/18/11/23/15/03/3118154.jpg,2 janvier 2019,en salle,"Policier,Drame",Tout public,"À Détroit, dans les années 80, au plus fort de la guerre contre l’épidémie de crack, voici l’histoire vraie d’un père d’origine modeste, Richard Wershe, et de son fils, Rick Jr., un adolescent qui fut informateur pour le compte du FBI, avant de devenir lui-même trafiquant de drogue, et qui, abandonné par ceux qui l’avaient utilisé, fut condamné à finir ses jours en prison.",Yann Demange,"Logan Miller (II),Noah Miller","Matthew McConaughey,Richie Merritt,Bel Powley","3,2","3,6",U.S.A.,Sony Pictures Releasing France,1 nomination,2018,Long métrage,Anglais,83 379 entrées
Mission Impossible - Fallout,https://fr.web.img3.acsta.net/c_310_420/pictures/18/05/14/16/32/0850449.jpg,1 août 2018,en salle,"Action,Espionnage",Tout public,"Les meilleures intentions finissent souvent par se retourner contre vous…,Dans MISSION : IMPOSSIBLE – FALLOUT, Ethan Hunt accompagné de son équipe de l’IMF –,et de quelques fidèles alliées sont lancés dans une course contre la montre, suite au terrible échec d’une mission.",Christopher McQuarrie,Christopher McQuarrie,"Tom Cruise,Henry Cavill,Ving Rhames","3,8","4,0",U.S.A.,Paramount Pictures France,3 nominations,2018,Long métrage,Anglais,3 010 246 entrées
Elle l'adore,https://fr.web.img6.acsta.net/c_310_420/pictures/14/08/11/17/58/523507.jpg,24 septembre 2014,en salle,Comédie,Tout public,"Muriel est esthéticienne. Elle est bavarde, un peu menteuse, elle aime raconter des histoires souvent farfelues. Depuis 20 ans, Muriel est aussi la première fan du chanteur à succès Vincent Lacroix. Avec ses chansons et ses concerts, il occupe presque toute sa vie.,Lorsqu'une nuit Vincent, son idole, sonne à la porte de Muriel, sa vie bascule. Elle est entrainée dans une histoire qu’elle n’aurait pas osé inventer.",Jeanne Herry,Jeanne Herry,"Sandrine Kiberlain,Laurent Lafitte,Pascal Demolon","3,7","3,4",France,StudioCanal,1 prix et 5 nominations,2014,Long métrage,Français,479 813 entrées
Rebelles,https://fr.web.img6.acsta.net/c_310_420/pictures/19/02/28/10/35/0073353.jpg,13 mars 2019,en salle,Comédie,Tout public,"Sans boulot ni diplôme, Sandra, ex miss Nord-Pas-de-Calais, revient s'installer chez sa mère à Boulogne-sur-Mer après 15 ans sur la Côte d'Azur. Embauchée à la conserverie locale, elle repousse vigoureusement les avances de son chef et le tue accidentellement. Deux autres filles ont été témoins de la scène. Alors qu'elles s'apprêtent à appeler les secours, les trois ouvrières découvrent un sac plein de billets dans le casier du mort. Une fortune qu'elles décident de se partager. C'est là que leurs ennuis commencent...",Allan Mauduit,"Jérémie Guez,Allan Mauduit","Cécile de France,Yolande Moreau,Audrey Lamy","3,7","3,5",France,Le Pacte,1 prix et 1 nomination,2018,Long métrage,Français,925 321 entrées
Cheval de guerre,https://fr.web.img6.acsta.net/c_310_420/medias/nmedia/18/83/47/99/19825088.jpg,22 février 2012,en salle,"Drame,Historique,Guerre",Tout public,"De la magnifique campagne anglaise aux contrées d’une Europe plongée en pleine Première Guerre Mondiale, ""Cheval de guerre"" raconte l’amitié exceptionnelle qui unit un jeune homme, Albert, et le cheval qu’il a dressé, Joey. Séparés aux premières heures du conflit, l’histoire suit l’extraordinaire périple du cheval alors que de son côté Albert va tout faire pour le retrouver. Joey, animal hors du commun, va changer la vie de tous ceux dont il croisera la route : soldats de la cavalerie britannique, combattants allemands, et même un fermier français et sa petite-fille…",Steven Spielberg,"Lee Hall,Richard Curtis","Jeremy Irvine,Emily Watson,Peter Mullan","3,5","3,9",U.S.A.,The Walt Disney Company France,1 prix et 18 nominations,2011,Long métrage,"Anglais, Allemand",650 490 entrées
L'Homme qui voulait vivre sa vie,https://fr.web.img4.acsta.net/c_310_420/medias/nmedia/18/78/25/24/19497384.jpg,3 novembre 2010,en salle,"Drame,Thriller",Tout public,"Paul Exben a tout pour être heureux : une belle situation professionnelle, une femme et deux enfants magnifiques. Sauf que cette vie n'est pas celle dont il rêvait. Un coup de folie va faire basculer son existence, l'amenant à endosser une nouvelle identité qui va lui permettre de vivre sa vie.",Eric Lartigau,"Eric Lartigau,Laurent de Bartillat","Romain Duris,Marina Foïs,Catherine Deneuve","3,8","3,2",France,EuropaCorp Distribution,6 nominations,2010,Long métrage,Français,1 172 825 entrées
Iron Man 3,https://fr.web.img3.acsta.net/c_310_420/medias/nmedia/18/91/08/37/20508296.jpg,24 avril 2013,en salle,"Action,Science Fiction",Tout public,"Tony Stark, l’industriel flamboyant qui est aussi Iron Man, est confronté cette fois à un ennemi qui va attaquer sur tous les fronts. Lorsque son univers personnel est détruit, Stark se lance dans une quête acharnée pour retrouver les coupables. Plus que jamais, son courage va être mis à l’épreuve, à chaque instant. Dos au mur, il ne peut plus compter que sur ses inventions, son ingéniosité, et son instinct pour protéger ses proches. Alors qu’il se jette dans la bataille, Stark va enfin découvrir la réponse à la question qui le hante secrètement depuis si longtemps : est-ce l’homme qui fait le costume ou bien le costume qui fait l’homme ?",Shane Black,"Shane Black,Drew Pearce","Robert Downey Jr.,Gwyneth Paltrow,Don Cheadle","3,2","3,8",U.S.A.,The Walt Disney Company France,2 nominations,2013,Long métrage,Anglais,4 293 925 entrées
Le Voyage d'Arlo,https://fr.web.img3.acsta.net/c_310_420/pictures/15/10/07/09/50/031416.jpg,14 novembre 2015,en salle,"Aventure,Animation,Comédie",Tout public,"Et si la catastrophe cataclysmique qui a bouleversé la Terre et provoqué l'extinction des dinosaures n'avait jamais eu lieu ? Et si les dinosaures ne s'étaient jamais éteints, et vivaient parmi nous de nos jours ?,Arlo, jeune Apatosaure au grand cœur, maladroit et craintif, qui va faire la rencontre et prendre sous son aile un étonnant compagnon : un petit garçon sauvage, très dégourdi, prénommé Spot.",Peter Sohn,"Meg LeFauve,Peter Sohn","Raymond Ochoa,Jean-Baptiste Charles,Frances McDormand","3,3","3,8",U.S.A.,The Walt Disney Company France,1 prix et 4 nominations,2015,Long métrage,Anglais,2 654 795 entrées
Les Hauts de Hurlevent,https://fr.web.img3.acsta.net/c_310_420/medias/nmedia/18/87/37/35/20311095.jpg,5 décembre 2012,en salle,"Drame,Romance",Tout public,"Angleterre – XIXème siècle. Heathcliff, un enfant vagabond, est recueilli par M. Earnshaw qui vit seul avec ses deux enfants, Hindley et Cathy, dans une ferme isolée. Heathcliff est bientôt confronté aux violences de Hindley, jaloux de l’attention de son père pour cet étranger. Le jeune garçon devient le protégé de Cathy. A la mort de M. Earnshaw, Cathy est courtisée par le fils de riches voisins, laissant peu à peu Heathcliff à la merci de Hindley. A l’annonce du prochain mariage de Cathy, Heathcliff s’enfuit. L’attachement fraternel qu’il vouait à Cathy se transforme alors en un amour obsessionnel.",Andrea Arnold,"Andrea Arnold,Olivia Hetreed","Kaya Scodelario,James Howson,Solomon Glave","3,5","3,1",Grande-Bretagne,Diaphana Distribution,1 prix et 5 nominations,2011,Long métrage,Anglais,38 821 entrées
Epouse-moi mon pote,https://fr.web.img6.acsta.net/c_310_420/pictures/17/07/10/17/13/380931.jpg,25 octobre 2017,en salle,Comédie,Tout public,"Yassine, jeune étudiant marocain vient à Paris faire ses études d’architecture avec un visa étudiant. Suite à un événement malencontreux, il rate son examen, perd son visa et se retrouve en France en situation irrégulière. Pour y remédier, il se marie avec son meilleur ami. Alors qu’il pense que tout est réglé, un inspecteur tenace se met sur leur dos pour vérifier qu’il ne s’agit pas d’un mariage blanc…",Tarek Boudali,Tarek Boudali,"Tarek Boudali,Philippe Lacheau,Charlotte Gabris","2,2","2,9",France,StudioCanal,1 nomination,2017,Long métrage,Français,2 471 839 entrées
Paranoïa,https://fr.web.img2.acsta.net/c_310_420/pictures/18/06/07/11/19/2474885.jpg,11 juillet 2018,en salle,Thriller,Interdit - 12 ans,"Une jeune femme, convaincue d’être harcelée, est enfermée contre son gré dans une institution psychiatrique. Alors même qu’elle tente de convaincre tout le monde qu’elle est en danger, elle commence à se demander si sa peur est fondée ou le fruit de son imagination …",Steven Soderbergh,"Jonathan Bernstein,James Greer","Claire Foy,Joshua Leonard,Amy Irving","3,3","3,2",U.S.A.,Twentieth Century Fox France,1 nomination,2018,Long métrage,Anglais,204 170 entrées
Lincoln,https://fr.web.img4.acsta.net/c_310_420/medias/nmedia/18/92/83/85/20244611.jpg,30 janvier 2013,en salle,"Biopic,Drame",Tout public,"Les derniers mois tumultueux du mandat du 16e Président des États-Unis. Dans une nation déchirée par la guerre civile et secouée par le vent du changement, Abraham Lincoln met tout en œuvre pour résoudre le conflit, unifier le pays et abolir l'esclavage. Cet homme doté d'une détermination et d'un courage moral exceptionnels va devoir faire des choix qui bouleverseront le destin des générations à venir.",Steven Spielberg,Tony Kushner,"Daniel Day-Lewis,Sally Field,David Strathairn","3,9","3,6",U.S.A.,Twentieth Century Fox France,9 prix et 30 nominations,2012,Long métrage,Anglais,1 320 425 entrées
La vache,https://fr.web.img6.acsta.net/c_310_420/pictures/16/01/22/09/18/075208.jpg,17 février 2016,en salle,Comédie,Tout public,"Fatah, petit paysan Algérien n’a d’yeux que pour sa vache Jacqueline, qu'il rêve d'emmener à Paris, au salon de l'Agriculture. Lorsqu'il reçoit la précieuse invitation devant tout son village ébahi, lui qui n’a jamais quitté sa campagne, prend le bateau direction Marseille pour traverser toute la France à pied, direction Porte de Versailles.,L’occasion pour Fatah et Jacqueline d’aller de rencontres en surprises et de vivre une aventure humaine faite de grands moments d’entraide et de fous rires. Un voyage inattendu et plein de tendresse dans la France d’aujourd’hui.",Mohamed Hamidi,"Mohamed Hamidi,Alain-Michel Blanc","Fatsah Bouyahmed,Lambert Wilson,Jamel Debbouze","3,3","3,8",France,Pathé Films,2 prix et 1 nomination,2016,Long métrage,"ARABIC, Français",1 229 180 entrées
Supercondriaque,https://fr.web.img6.acsta.net/c_310_420/pictures/210/575/21057533_20131113175943179.jpg,26 février 2014,en salle,Comédie,Tout public,"Romain Faubert est un homme seul qui, à bientôt 40 ans, n’a ni femme ni enfant. Le métier qu’il exerce, photographe pour dictionnaire médical en ligne, n’arrange rien à une hypocondrie maladive qui guide son style de vie depuis bien trop longtemps et fait de lui un peureux névropathe. Il a comme seul et véritable ami son médecin traitant, le Docteur Dimitri Zvenska, qui dans un premier temps a le tort de le prendre en affection, ce qu’il regrette aujourd’hui amèrement. Le malade imaginaire est difficilement gérable et Dimitri donnerait tout pour s’en débarrasser définitivement. Le docteur Zvenska pense avoir le remède qui le débarrassera en douceur de Romain Flaubert : l’aider à trouver la femme de sa vie. Il l’invite à des soirées chez lui, l’inscrit sur un site de rencontre, l’oblige à faire du sport, le coach même sur la manière de séduire et de se comporter avec les femmes. Mais découvrir la perle rare qui sera capable de le supporter et qui par amour l’amènera à surmonter enfin son hypocondrie s’avère plus ardu que prévu...",Dany Boon,Dany Boon,"Dany Boon,Alice Pol,Kad Merad","2,4","2,3",France,Pathé Films,1 nomination,2014,Long métrage,Français,5 230 493 entrées
The Call,https://fr.web.img6.acsta.net/c_310_420/pictures/210/004/21000451_20130422162145636.jpg,29 mai 2013,en salle,"Action,Thriller",Interdit - 12 ans,"Une adolescente est kidnappée par un tueur en série. Pour la sauver, une opératrice d'un centre d'appel d'urgences va affronter ses propres peurs liées à une tragédie de son passé. Leur seul lien : un téléphone portable. Une course contre la montre commence... Chaque appel pourrait bien être le dernier.",Brad Anderson,Richard D'Ovidio,"Halle Berry,Abigail Breslin,Morris Chestnut","2,6","3,6",U.S.A.,UGC Distribution,1 nomination,2013,Long métrage,Anglais,161 869 entrées
L'Exercice de l'Etat,https://fr.web.img4.acsta.net/c_310_420/medias/nmedia/18/83/94/21/19796503.jpg,26 octobre 2011,en salle,Drame,Tout public,"Le ministre des Transports Bertrand Saint-Jean est réveillé en pleine nuit par son directeur de cabinet. Un car a basculé dans un ravin. Il y va, il n’a pas le choix. Ainsi commence l’odyssée d’un homme d’Etat dans un monde toujours plus complexe et hostile. Vitesse, lutte de pouvoirs, chaos, crise économique… Tout s’enchaîne et se percute. Une urgence chasse l’autre. A quels sacrifices les hommes sont-ils prêts ? Jusqu’où tiendront-ils, dans un Etat qui dévore ceux qui le servent ?",Pierre Schoeller,Pierre Schoeller,"Olivier Gourmet,Michel Blanc,Zabou Breitman","4,0","3,6",France,Diaphana Distribution,10 prix et 24 nominations,2011,Long métrage,Français,523 242 entrées
John Wick Parabellum,https://fr.web.img3.acsta.net/c_310_420/pictures/19/05/21/15/23/4992794.jpg,22 mai 2019,en salle,Action,Interdit - 12 ans avec avertissement,"John Wick a transgressé une règle fondamentale : il a tué à l’intérieur même de l’Hôtel Continental. ""Excommunié"", tous les services liés au Continental lui sont fermés et sa tête mise à prix. John se retrouve sans soutien, traqué par tous les plus dangereux tueurs du monde.",Chad Stahelski,"Derek Kolstad,Shay Hatten","Keanu Reeves,Ian McShane,Halle Berry","3,5","3,6",U.S.A.,Metropolitan FilmExport,1 nomination,2019,Long métrage,Anglais,840 850 entrées
Thor : Ragnarok,https://fr.web.img6.acsta.net/c_310_420/pictures/17/08/24/17/34/098917.jpg,25 octobre 2017,en salle,"Action,Fantastique",Tout public,"Privé de son puissant marteau, Thor est retenu prisonnier sur une lointaine planète aux confins de l’univers. Pour sauver Asgard, il va devoir lutter contre le temps afin d’empêcher l’impitoyable Hela d’accomplir le Ragnarök – la destruction de son monde et la fin de la civilisation asgardienne. Mais pour y parvenir, il va d’abord devoir mener un combat titanesque de gladiateurs contre celui qui était autrefois son allié au sein des Avengers : l’incroyable Hulk…",Taika Waititi,Eric Pearson,"Chris Hemsworth,Tom Hiddleston,Cate Blanchett","3,4","3,8",U.S.A.,The Walt Disney Company France,1 nomination,2017,Long métrage,Anglais,2 459 246 entrées
Very Bad Trip 2,https://fr.web.img4.acsta.net/c_310_420/medias/nmedia/18/82/09/89/19715770.jpg,25 mai 2011,en salle,Comédie,Tout public,"Phil, Stu, Alan et Doug s’offrent un voyage exotique en Thaïlande, à l’occasion du mariage de Stu. Après l’inoubliable soirée d’enterrement de sa vie de garçon à Las Vegas, Stu ne veut rien laisser au hasard et opte pour un brunch léger, sans risque, avant la cérémonie. Mais les choses ne se passent pas toujours comme prévu. Ce qui s'est passé à Las Vegas est imaginable à Las Vegas, mais ce qui se passe à Bangkok dépasse l’imagination...",Todd Phillips,"Scot Armstrong,Craig Mazin","Bradley Cooper,Ed Helms,Zach Galifianakis","2,3","3,3",U.S.A.,Warner Bros. France,3 nominations,2011,Long métrage,"Anglais, Thaï",2 505 081 entrées
Les Invisibles,https://fr.web.img6.acsta.net/c_310_420/pictures/18/10/31/15/48/3233262.jpg,9 janvier 2019,en salle,"Comédie,Drame",Tout public,"Suite à une décision municipale, l’Envol, centre d’accueil pour femmes SDF, va fermer. Il ne reste plus que trois mois aux travailleuses sociales pour réinsérer coûte que coûte les femmes dont elles s’occupent : falsifications, pistons, mensonges… Désormais, tout est permis !",Louis-Julien Petit,"Louis-Julien Petit,Marion Doussot","Audrey Lamy,Corinne Masiero,Noémie Lvovsky","3,6","3,9",France,Apollo Films,1 nomination,2019,Long métrage,Français,1 332 799 entrées
The House That Jack Built,https://fr.web.img2.acsta.net/c_310_420/pictures/18/09/20/12/42/0369397.jpg,17 octobre 2018,en salle,"Drame,Thriller",Interdit - 16 ans,"États-Unis, années 70.,Nous suivons le très brillant Jack à travers cinq incidents et découvrons les meurtres qui vont marquer son parcours de tueur en série. L'histoire est vécue du point de vue de Jack. Il considère chaque meurtre comme une œuvre d'art en soi. Alors que l'ultime et inévitable intervention de la police ne cesse de se rapprocher (ce qui exaspère Jack et lui met la pression) il décide - contrairement à toute logique - de prendre de plus en plus de risques. Tout au long du film, nous découvrons les descriptions de Jack sur sa situation personnelle, ses problèmes et ses pensées à travers sa conversation avec un inconnu, Verge. Un mélange grotesque de sophismes, d’apitoiement presque enfantin sur soi et d'explications détaillées sur les manœuvres dangereuses et difficiles de Jack.",Lars von Trier,Lars von Trier,"Matt Dillon,Bruno Ganz,Uma Thurman","3,1","3,6",Danemark,Les Films du Losange,1 nomination,2018,Long métrage,12/07/2023,49 867 entrées
Quai d'Orsay,https://fr.web.img6.acsta.net/c_310_420/pictures/210/404/21040497_20130917180148438.jpg,6 novembre 2013,en salle,Comédie,Tout public,"Alexandre Taillard de Worms est grand, magnifique, un homme plein de panache qui plait aux femmes et est accessoirement ministre des Affaires Étrangères du pays des Lumières : la France. Sa crinière argentée posée sur son corps d’athlète légèrement halé est partout, de la tribune des Nations Unies à New-York jusque dans la poudrière de l’Oubanga. Là, il y apostrophe les puissants et invoque les plus grands esprits afin de ramener la paix, calmer les nerveux de la gâchette et justifier son aura de futur prix Nobel de la paix cosmique. Alexandre Taillard de Vorms est un esprit puissant, guerroyant avec l’appui de la Sainte Trinité des concepts diplomatiques : légitimité, lucidité et efficacité. Il y pourfend les néoconservateurs américains, les russes corrompus et les chinois cupides. Le monde a beau ne pas mériter la grandeur d’âme de la France, son art se sent à l’étroit enfermé dans l’hexagone. Le jeune Arthur Vlaminck, jeune diplômé de l’ENA, est embauché en tant que chargé du “langage” au ministère des Affaires Étrangères. En clair, il doit écrire les discours du ministre ! Mais encore faut-il apprendre à composer avec la susceptibilité et l’entourage du prince, se faire une place entre le directeur de cabinet et les conseillers qui gravitent dans un Quai d’Orsay où le stress, l’ambition et les coups fourrés ne sont pas rares... Alors qu’il entrevoit le destin du monde, il est menacé par l’inertie des technocrates.",Bertrand Tavernier,"Bertrand Tavernier,Christophe Blain","Thierry Lhermitte,Raphaël Personnaz,Niels Arestrup","3,4","3,0",France,Pathé Films,2 prix et 8 nominations,2012,Long métrage,Français,853 077 entrées
Le Majordome,https://fr.web.img6.acsta.net/c_310_420/pictures/210/179/21017975_20130705175456051.jpg,11 septembre 2013,en salle,"Biopic,Drame",Tout public,"Le jeune Cecil Gaines, en quête d'un avenir meilleur, fuit, en 1926, le Sud des États-Unis, en proie à la tyrannie ségrégationniste. Tout en devenant un homme, il acquiert les compétences inestimables qui lui permettent d’atteindre une fonction très convoitée : majordome de la Maison-Blanche. C'est là que Cecil devient, durant sept présidences, un témoin privilégié de son temps et des tractations qui ont lieu au sein du Bureau Ovale.,À la maison, sa femme, Gloria, élève leurs deux fils, et la famille jouit d'une existence confortable grâce au poste de Cecil. Pourtant, son engagement suscite des tensions dans son couple : Gloria s'éloigne de lui et les disputes avec l'un de ses fils, particulièrement anticonformiste, sont incessantes.,À travers le regard de Cecil Gaines, le film retrace l'évolution de la vie politique américaine et des relations entre communautés. De l'assassinat du président Kennedy et de Martin Luther King au mouvement des ""Black Panthers"", de la guerre du Vietnam au scandale du Watergate, Cecil vit ces événements de l'intérieur, mais aussi en père de famille…",Lee Daniels,"Lee Daniels,Danny Strong","Forest Whitaker,Oprah Winfrey,Mariah Carey","3,2","4,2",U.S.A.,Metropolitan FilmExport,6 nominations,2013,Long métrage,Anglais,1 932 081 entrées
Yuli,https://fr.web.img4.acsta.net/c_310_420/pictures/19/06/14/15/43/4234993.jpg,17 juillet 2019,en salle,Biopic,Tout public,"Un gamin cubain féru de foot et de hip-hop devient une étoile internationale du ballet... Le danseur Carlos Acosta joue sa propre histoire dans ce biopic sensible.,À Cuba, au début des années 1980, Carlos, que son père Pedro surnomme ""Yuli"", d’après un dieu africain de la guerre, est un enfant impétueux et rebelle. Dans les rues de La Havane, il triomphe dans les battles spontanées de breakdance. Pedro, qui voit d’un mauvais œil ces compétitions de trottoir, décèle pourtant grâce à elles le talent de son fils pour la danse. Contre le gré du gamin, il l’envoie dans la plus prestigieuse école de ballet du pays, puis en internat, loin de sa famille. D’abord synonyme de contrainte, cet art devient bientôt un refuge puis, peu à peu, la promesse d’une carrière d’exception que Yuli ne cesse pas pour autant de remettre en question.",Icíar Bollaín,Paul Laverty,"Carlos Acosta,Santiago Alfonso,Kevyin Martínez","3,4","3,9",Espagne,ARP Sélection,1 prix et 3 nominations,2019,Long métrage,Espagnol,131 650 entrées
Un jour de pluie à New York,https://fr.web.img6.acsta.net/c_310_420/pictures/19/06/05/12/08/4483487.jpg,18 septembre 2019,en salle,"Comédie,Romance",Tout public,"Deux étudiants, Gatsby et Ashleigh, envisagent de passer un week-end en amoureux à New York. Mais leur projet tourne court, aussi vite que la pluie succède au beau temps… Bientôt séparés, chacun des deux tourtereaux enchaîne les rencontres fortuites et les situations insolites.",Woody Allen,Woody Allen,"Timothée Chalamet,Elle Fanning,Selena Gomez","4,0","3,5",U.S.A.,Mars Films,2 nominations,2018,Long métrage,Anglais,585 417 entrées
Evasion,https://fr.web.img5.acsta.net/c_310_420/pictures/210/416/21041625_20130919114531457.jpg,13 novembre 2013,en salle,"Action,Thriller",Tout public,"Ray Breslin est un ingénieur spécialisé dans la conception de prisons ultrasécurisées. Il teste lui-même l’efficacité de ses bâtiments en se faisant enfermer puis en s’évadant. Contacté par une société privée souhaitant tester un concept révolutionnaire de prison hi-tech, il se retrouve prisonnier. Piégé dans ce complexe ultra-moderne, harcelé par un directeur impitoyable et son gardien corrompu, Ray découvre une conspiration pour le faire disparaître à jamais. Sa seule chance de survie : une alliance avec Emil Rottmayer, un co-détenu ayant lui aussi un secret. Pour avoir une chance de s’évader, ils vont d’abord devoir se faire confiance.",Mikael Håfström,"Jason Keller,Miles Chapman","Sylvester Stallone,Arnold Schwarzenegger,Jim Caviezel","1,6","3,4",U.S.A.,SND,1 nomination,2013,Long métrage,Anglais,500 784 entrées
Tomboy,https://fr.web.img3.acsta.net/c_310_420/medias/nmedia/18/82/89/56/19697284.jpg,20 avril 2011,en salle,Drame,Tout public,"Laure a 10 ans. Laure est un garçon manqué. Arrivée dans un nouveau quartier, elle fait croire à Lisa et sa  bande qu’elle est un garçon. Action ou vérité ? Action. L’été devient un grand terrain de jeu et Laure devient Michael, un garçon comme les autres… suffisamment différent pour attirer l’attention de Lisa qui en tombe amoureuse. Laure profite de sa nouvelle identité comme si la fin de l’été n’allait jamais révéler son troublant secret.",Céline Sciamma,Céline Sciamma,"Zoé Héran,Malonn Lévana,Jeanne Disson","4,2","3,7",France,Pyramide Distribution,1 prix et 5 nominations,2011,Long métrage,Français,281 330 entrées
The Descendants,https://fr.web.img2.acsta.net/c_310_420/medias/nmedia/18/84/55/42/19961614.jpg,25 janvier 2012,en salle,Comédie dramatique,Tout public,"A Hawaii, la vie d’une famille bascule. Parce que sa femme vient d’être hospitalisée suite à un accident de bateau, Matt King tente maladroitement de se rapprocher de ses deux filles, Scottie, une gamine de dix ans vive et précoce, et Alexandra, une adolescente rebelle de dix-sept ans. Il se demande aussi s’il doit vendre les terres familiales, les dernières plages tropicales vierges des îles, héritées de ses ancêtres hawaiiens. Quand Alexandra lui révèle que sa mère avait une liaison, le monde de Matt vacille. Avec ses deux filles, il part à la recherche de l’amant de sa femme. Durant une semaine essentielle, au fil de rencontres tour à tour drôles, perturbantes et révélatrices, il va finalement prendre conscience que sa principale préoccupation est de reconstruire sa vie et sa famille…",Alexander Payne,"Nat Faxon,Jim Rash","George Clooney,Shailene Woodley,Amara Miller","3,7","3,6",U.S.A.,Twentieth Century Fox France,9 prix et 25 nominations,2011,Long métrage,Anglais,738 535 entrées
Batman v Superman : L’Aube de la Justice,https://fr.web.img6.acsta.net/c_310_420/pictures/16/02/03/11/17/130929.jpg,23 mars 2016,en salle,"Action,Aventure,Fantastique",Tout public,"Craignant que Superman n'abuse de sa toute-puissance, le Chevalier noir décide de l'affronter : le monde a-t-il davantage besoin d'un super-héros aux pouvoirs sans limite ou d'un justicier à la force redoutable mais d'origine humaine ? Pendant ce temps-là, une terrible menace se profile à l'horizon…",Zack Snyder,"Chris Terrio,David S. Goyer","Ben Affleck,Henry Cavill,Jesse Eisenberg","2,6","3,3",U.S.A.,Warner Bros. France,3 prix et 5 nominations,2016,Long métrage,Anglais,2 500 796 entrées
Barry Seal : American Traffic,https://fr.web.img6.acsta.net/c_310_420/pictures/17/06/07/15/34/557760.jpg,13 septembre 2017,en salle,"Biopic,Policier,Thriller",Tout public,"L'histoire vraie de Barry Seal, un pilote arnaqueur recruté de manière inattendue par la CIA afin de mener à bien l'une des plus grosses opérations secrètes de l'histoire des Etats-Unis.",Doug Liman,Gary Spinelli,"Tom Cruise,Sarah Wright,Domhnall Gleeson","2,9","3,7",U.S.A.,Universal Pictures International France,1 nomination,2017,Long métrage,"Anglais, Espagnol",660 368 entrées
Le Grand Méchant Renard et autres contes,https://fr.web.img5.acsta.net/c_310_420/pictures/17/05/15/12/39/312377.jpg,21 juin 2017,en salle,"Aventure,Animation",Tout public,"Ceux qui pensent que la campagne est un lieu calme et paisible se trompent, on y trouve des animaux particulièrement agités, un Renard qui se prend pour une poule, un Lapin qui fait la cigogne et un Canard qui veut remplacer le Père Noël. Si vous voulez prendre des vacances, passez votre chemin…","Benjamin Renner,Patrick Imbert","Benjamin Renner,Jean Regnaud","Céline Ronte,Boris Rehlinger,Guillaume Bouchède","4,0","4,2",France,StudioCanal,1 prix et 4 nominations,2016,Long métrage,Français,679 598 entrées
The Nice Guys,https://fr.web.img2.acsta.net/c_310_420/pictures/16/05/10/14/01/529694.jpg,15 mai 2016,en salle,"Comédie,Policier",Tout public,"Los Angeles. Années 70. Deux détectives privés enquêtent sur le prétendu suicide d’une starlette. Malgré des méthodes pour le moins « originales », leurs investigations vont mettre à jour une conspiration impliquant des personnalités très haut placées…",Shane Black,"Shane Black,Anthony Bagarozzi","Ryan Gosling,Russell Crowe,Margaret Qualley","3,7","3,8",U.S.A.,EuropaCorp Distribution,1 prix et 1 nomination,2016,Long métrage,Anglais,380 538 entrées
Anna Karenine,https://fr.web.img2.acsta.net/c_310_420/medias/nmedia/18/92/86/38/20271863.jpg,5 décembre 2012,en salle,Drame,Tout public,"Russie, 1874, la belle et ardente Anna Karénine jouit de tout ce à quoi ses contemporains aspirent : mariée à Karénine, un haut fonctionnaire du gouvernement à qui elle a donné un fils, elle a atteint un éminent statut social à Saint-Pétersbourg. À la réception d’une lettre de son incorrigible séducteur de frère Oblonski, la suppliant de venir l’aider à sauver son mariage avec Dolly, elle se rend à Moscou. Au cours de son voyage, elle rencontre la comtesse Vronski que son fils, un charmant officier de la cavalerie, vient accueillir à la gare. Quelques brefs échanges suffisent pour éveiller en Anna et Vronski une attirance mutuelle. Oblonski reçoit également la visite de son meilleur ami Levine, un propriétaire terrien sensible et idéaliste. Épris de la sœur cadette de Dolly, Kitty, il la demande gauchement en mariage, mais Kitty n’a d’yeux que pour Vronski. Dévasté, Levine se retire à Pokrovskoïe et se consacre entièrement à la culture de ses terres. Mais le cœur de Kitty est lui aussi brisé quand elle prend conscience, lors d’un grand bal, de l’infatuation réciproque d’Anna et Vronski. Anna, désorientée, rentre à Saint-Pétersbourg, mais Vronski l’y suit. Elle s’évertue à reprendre sa calme vie de famille mais son obsession pour le jeune officier ne cesse de la tourmenter. Elle s’abandonne alors à une relation adultère qui scandalise toute l’aristocratie locale. Le statut et la respectabilité de Karénine sont mis en péril, le poussant à lancer un ultimatum à sa femme. Dans sa recherche éperdue de bonheur, Anna révèle au grand jour l’hypocrisie d’une société obsédée par le paraître. Incapable de renoncer à sa passion, elle fait le choix du cœur.",Joe Wright,Tom Stoppard,"Keira Knightley,Jude Law,Aaron Taylor-Johnson","3,2","3,2",Grande-Bretagne,Universal Pictures International France,3 prix et 14 nominations,2012,Long métrage,Anglais,288 839 entrées
Sin City : j'ai tué pour elle,https://fr.web.img5.acsta.net/c_310_420/pictures/14/08/27/09/49/323812.jpg,17 septembre 2014,en salle,"Action,Drame,Thriller",Interdit - 12 ans,"Dans une ville où la justice est impuissante, les plus désespérés réclament vengeance, et les criminels les plus impitoyables sont poursuivis par des milices.,Marv se demande comment il a fait pour échouer au milieu d'un tas de cadavres. Johnny, jeune joueur sûr de lui, débarque à Sin City et ose affronter la plus redoutable crapule de la ville, le sénateur Roark. Dwight McCarthy vit son ultime face-à-face avec Ava Lord, la femme de ses rêves, mais aussi de ses cauchemars. De son côté, Nancy Callahan est dévastée par le suicide de John Hartigan qui, par son geste, a cherché à la protéger. Enragée et brisée par le chagrin, elle n'aspire plus qu'à assouvir sa soif de vengeance. Elle pourra compter sur Marv…,Tous vont se retrouver au célèbre Kadie's Club Pecos de Sin City…","Frank Miller,Robert Rodriguez",Frank Miller,"Eva Green,Josh Brolin,Jessica Alba","2,8","3,5",U.S.A.,Metropolitan FilmExport,1 nomination,2014,Long métrage,Anglais,376 375 entrées
Un monstre à Paris,https://fr.web.img5.acsta.net/c_310_420/medias/nmedia/18/72/45/39/19759319.jpg,12 octobre 2011,en salle,"Aventure,Animation,Comédie",Tout public,"Dans le Paris inondé de 1910, un monstre sème la panique. Traqué sans relâche par le redoutable préfet Maynott, il demeure introuvable... Et si la meilleure cachette était sous les feux de ""L'Oiseau Rare"", un cabaret où chante Lucille, la star de Montmartre au caractère bien trempé ?",Bibo Bergeron,"Stéphane Kazandjian,Bibo Bergeron","Vanessa Paradis,Matthieu Chedid,Gad Elmaleh","3,4","3,8",France,EuropaCorp Distribution,1 prix et 11 nominations,2011,Long métrage,Français,1 677 699 entrées
Le Choc des Titans,https://fr.web.img6.acsta.net/c_310_420/medias/nmedia/18/70/88/43/19255647.jpg,7 avril 2010,en salle,"Action,Aventure,Fantastique,Historique",Tout public,"La dernière bataille pour le pouvoir met en scène des hommes contre des rois et des rois contre des dieux. Mais la guerre entre les dieux eux-mêmes peut détruire le monde. Né d'un dieu mais élevé comme un homme, Persée ne peut sauver sa famille des griffes de Hadès, dieu vengeur du monde des Enfers. N'ayant plus rien à perdre, Persée se porte volontaire pour conduire une mission dangereuse et porter un coup fatal à Hadès avant que celui-ci ne s'empare du pouvoir de Zeus et fasse régner l'enfer sur terre. A la tête d'une troupe de guerriers courageux, Persée entreprend un périlleux voyage dans les profondeurs des mondes interdits. Luttant contre des démons impies et des bêtes redoutables, il ne survivra que s'il accepte son pouvoir en tant que dieu, qu'il défie son destin et crée sa propre destinée.,",Louis Leterrier,"Travis Beacham,Matt Manfredi","Sam Worthington,Liam Neeson,Ralph Fiennes","2,9","2,3",U.S.A.,Warner Bros. France,3 nominations,2010,Long métrage,Anglais,1 876 286 entrées
Boyhood,https://fr.web.img5.acsta.net/c_310_420/pictures/14/06/24/10/51/324219.jpg,23 juillet 2014,en salle,Drame,Tout public,"Chaque année, durant 12 ans, le réalisateur Richard Linklater a réuni les mêmes comédiens pour un film unique sur la famille et le temps qui passe. On y suit le jeune Mason de l’âge de six ans jusqu’ à sa majorité, vivant avec sa sœur et sa mère, séparée de son père. Les déménagements, les amis, les rentrées des classes, les premiers émois, les petits riens et les grandes décisions qui rythment sa jeunesse et le préparent à devenir adulte...",Richard Linklater,Richard Linklater,"Ellar Coltrane,Patricia Arquette,Ethan Hawke","4,0","4,2",U.S.A.,Diaphana Distribution,11 prix et 19 nominations,2014,Long métrage,"Anglais, Espagnol",255 010 entrées
Possessions,https://fr.web.img3.acsta.net/c_310_420/medias/nmedia/18/83/39/51/19994977.jpg,7 mars 2012,en salle,"Drame,Thriller",Tout public,"Marilyne et Bruno Caron arrivent dans un village de montagne pour emménager dans un chalet qu’ils ont loué à Patrick Castang, promoteur et propriétaire de nombreuses habitations dans la région. Contents de quitter le nord de la France pour démarrer une nouvelle vie, ils acceptent sans sourciller quand Castang leur annonce qu’il va les loger momentanément dans un autre chalet de grand standing car le leur n’est pas terminé. S’ensuivra alors une succession de déconvenues qui va les conduire à déménager de nombreuses fois, avec le sentiment grandissant d’être traités sans aucune considération, alors même que les Castang multiplient patiemment et avec bienveillance les efforts envers eux. Les relations entre les deux familles vont se tendre. Bruno et Marilyne Caron ne supportent plus d’avoir sous leurs yeux le bonheur et l’abondance de biens des Castang.,Leur amertume, alimentée par la jalousie, l’envie et la frustration, finira par devenir de la haine.",Eric Guirado,"Isabelle Claris,Eric Guirado","Jérémie Renier,Julie Depardieu,Lucien Jean-Baptiste","3,1","3,0",France,UGC Distribution,1 nomination,2012,Long métrage,Français,105 695 entrées
Wolfman,https://fr.web.img5.acsta.net/c_310_420/medias/nmedia/18/73/38/81/19212746.jpg,10 février 2010,en salle,"Fantastique,Epouvante-horreur,Thriller",Interdit - 12 ans,"Lawrence Talbot est un aristocrate torturé que la disparition de son frère force à revenir au domaine familial. Contraint de se rapprocher à nouveau de son père, Talbot se lance à la recherche de son frère...et se découvre une terrible destinée.,L'enfance de Lawrence Talbot prit fin à la mort de sa mère. Ayant quitté le paisible hameau de Blackmoor, il a passé plusieurs décennies à essayer d'oublier. Mais, sous les suppliques de la fiancée de son frère, Gwen Conliffe, il revient à Blackmoor pour l'aider à retrouver l'homme qu'elle aime. Il y apprend qu'une créature brutale et assoiffée de sang s'affère à décimer les villageois et que Aberline, un inspecteur soupçonneux de Scotland Yard, est là pour mener l'enquête.,Réunissant petit à petit les pièces du puzzle sanglant, Talbot découvre une malédiction ancestrale qui transforme ses victimes en loups-garous les nuits de pleine lune. Pour mettre fin au massacre et protéger la femme dont il est tombé amoureux, il doit anéantir la créature macabre qui rôde dans les forêts encerclant Blackmoor. Alors qu'il traque la bête infernale, cet homme hanté par le passé va découvrir une part de lui-même qu'il n'aurait jamais soupçonnée.",Joe Johnston,"Andrew Kevin Walker,David Self","Benicio Del Toro,Anthony Hopkins,Emily Blunt","3,1","2,4",U.S.A.,Universal Pictures International France,1 prix et 2 nominations,2010,Long métrage,"Anglais, Roumain",334 885 entrées
J. Edgar,https://fr.web.img3.acsta.net/c_310_420/medias/nmedia/18/83/12/86/19974914.jpg,11 janvier 2012,en salle,"Biopic,Drame",Tout public,"Le film explore la vie publique et privée de l’une des figures les plus puissantes, les plus controversées et les plus énigmatiques du 20e siècle, J. Edgar Hoover. Incarnation du maintien de la loi en Amérique pendant près de cinquante ans, J. Edgar Hoover était à la fois craint et admiré, honni et révéré. Mais, derrière les portes fermées, il cachait des secrets qui auraient pu ruiner son image, sa carrière et sa vie.",Clint Eastwood,Dustin Lance Black,"Leonardo DiCaprio,Naomi Watts,Armie Hammer","3,9","3,4",U.S.A.,Warner Bros. France,3 nominations,2011,Long métrage,Anglais,1 428 613 entrées
Respire,https://fr.web.img6.acsta.net/c_310_420/pictures/14/09/18/12/16/586445.jpg,12 novembre 2014,en salle,Drame,Tout public,"Charlie, une jeune fille de 17 ans. L’âge des potes, des émois, des convictions, des passions. Sarah, c’est la nouvelle. Belle, culottée, un parcours, un tempérament. La star immédiate, en somme. Sarah choisit Charlie.",Mélanie Laurent,"Julien Lambroschini,Mélanie Laurent","Joséphine Japy,Lou de Laâge,Isabelle Carré","3,5","3,8",France,Gaumont Distribution,5 nominations,2014,Long métrage,Français,213 530 entrées
Take Shelter,https://fr.web.img5.acsta.net/c_310_420/medias/nmedia/18/83/00/93/19856895.jpg,4 janvier 2012,en salle,Drame,Tout public,Curtis LaForche mène une vie paisible avec sa femme et sa fille quand il devient sujet à de violents cauchemars. La menace d'une tornade l'obsède. Des visions apocalyptiques envahissent peu à peu son esprit. Son comportement inexplicable fragilise son couple et provoque l'incompréhension de ses proches. Rien ne peut en effet vaincre la terreur qui l'habite...,Jeff Nichols,Jeff Nichols,"Michael Shannon,Jessica Chastain,Tova Stewart","4,6","3,9",U.S.A.,Ad Vitam,7 prix et 14 nominations,2011,Long métrage,Anglais,200 659 entrées
La Proie,https://fr.web.img3.acsta.net/c_310_420/medias/nmedia/18/78/75/97/19682069.jpg,13 avril 2011,en salle,"Action,Policier,Thriller",Interdit - 12 ans,"Un braqueur s’évade de prison pour traquer son ancien codétenu, un tueur en série qui a entrepris de lui coller ses crimes sur le dos. Une policière de la Brigade des Fugitifs se lance à la poursuite du braqueur, devenu bien malgré lui l’ennemi public numéro 1. Quand chacun des protagonistes aura été au bout de lui-même, qui sera le chasseur, et qui sera la proie ?",Eric Valette,"Laurent Turner,Luc Bossi","Albert Dupontel,Alice Taglioni,Sergi López","3,0","3,5",France,StudioCanal,1 prix et 1 nomination,2011,Long métrage,Français,350 547 entrées
Inherent Vice,https://fr.web.img2.acsta.net/c_310_420/pictures/14/12/15/15/55/451545.jpg,4 mars 2015,en salle,Drame,Tout public,"L'ex-petite amie du détective privé Doc Sportello surgit un beau jour, en lui racontant qu'elle est tombée amoureuse d'un promoteur immobilier milliardaire : elle craint que l'épouse de ce dernier et son amant ne conspirent tous les deux pour faire interner le milliardaire… Mais ce n'est pas si simple…,C'est la toute fin des psychédéliques années 60, et la paranoïa règne en maître. Doc sait bien que, tout comme ""trip"" ou ""démentiel"", ""amour"" est l'un de ces mots galvaudés à force d'être utilisés – sauf que celui-là n'attire que les ennuis.",Paul Thomas Anderson,Paul Thomas Anderson,"Joaquin Phoenix,Josh Brolin,Owen Wilson","3,4","3,0",U.S.A.,Warner Bros. France,1 prix et 3 nominations,2014,Long métrage,Anglais,135 669 entrées
Money Monster,https://fr.web.img6.acsta.net/c_310_420/pictures/16/04/14/14/18/103982.jpg,12 mai 2016,en salle,Thriller,Tout public,"Lee Gates est une personnalité influente de la télévision et un gourou de la finance à Wall Street. Les choses se gâtent lorsque Kyle, un spectateur ayant perdu tout son argent en suivant les conseils de Gates, décide de le prendre en otage pendant son émission, devant des millions de téléspectateurs…",Jodie Foster,"Jim Kouf,Alan DiFiore","George Clooney,Julia Roberts,Jack O'Connell","3,5","3,6",U.S.A.,Sony Pictures Releasing France,1 nomination,2016,Long métrage,Anglais,847 743 entrées
Toy Story 4,https://fr.web.img6.acsta.net/c_310_420/pictures/19/06/12/17/42/4485647.jpg,26 juin 2019,en salle,"Aventure,Animation,Comédie,Famille",Tout public,"Woody a toujours privilégié la joie et le bien-être de ses jeunes propriétaires – Andy puis Bonnie – et de ses compagnons, n’hésitant pas à prendre tous les risques pour eux, aussi inconsidérés soient-ils. L’arrivée de Fourchette un nouveau jouet qui ne veut pas en être un dans la chambre de Bonnie met toute la petite bande en émoi. C’est le début d’une grande aventure et d’un extraordinaire voyage pour Woody et ses amis. Le cowboy va découvrir à quel point le monde peut être vaste pour un jouet…",Josh Cooley,"Stephany Folsom,Andrew Stanton","Jean-Philippe Puymartin,Tom Hanks,Richard Darbois","4,2","4,2",U.S.A.,The Walt Disney Company France,2 prix et 4 nominations,2019,Long métrage,Anglais,4 454 443 entrées
Les Croods,https://fr.web.img2.acsta.net/c_310_420/medias/nmedia/18/95/10/55/20502139.jpg,10 avril 2013,en salle,"Aventure,Animation,Comédie,Famille",Tout public,"Lorsque la caverne où ils vivent depuis toujours est détruite et leur univers familier réduit en miettes, les Croods se retrouvent obligés d’entreprendre leur premier grand voyage en famille. Entre conflits générationnels et bouleversements sismiques, ils vont découvrir un nouveau monde fascinant, rempli de créatures fantastiques, et un futur au-delà de tout ce qu’ils avaient imaginé.,Les Croods prennent rapidement conscience que s’ils n’évoluent pas… ils appartiendront à l’Histoire.","Chris Sanders,Kirk DeMicco","Kirk DeMicco,Chris Sanders","Nicolas Cage,Kev Adams,Ryan Reynolds","3,8","3,9",U.S.A.,Twentieth Century Fox France,4 nominations,2013,Long métrage,Anglais,2 350 349 entrées
I Origins,https://fr.web.img6.acsta.net/c_310_420/pictures/14/08/21/18/15/224397.jpg,24 septembre 2014,en salle,"Drame,Science Fiction",Tout public,"Sur le point de faire une découverte scientifique, un médecin part en Inde à la recherche d'une jeune fille qui pourrait confirmer ou infirmer sa théorie. Le film retrace le voyage incroyable qui va relier des individus totalement différents, et prouver que la science et les sentiments ne sont pas deux univers séparés...",Mike Cahill,Mike Cahill,"Michael Pitt,Brit Marling,Astrid Bergès-Frisbey","3,0","4,0",U.S.A.,Twentieth Century Fox France,2 nominations,2014,Long métrage,"Anglais, Hindi",1 301 entrées
Les Gardiens de la Galaxie 2,https://fr.web.img6.acsta.net/c_310_420/pictures/17/03/01/11/10/438835.jpg,26 avril 2017,en salle,"Action,Comédie,Science Fiction",Tout public,"Musicalement accompagné de la ""Awesome Mixtape n°2"" (la musique qu'écoute Star-Lord dans le film), Les Gardiens de la galaxie 2 poursuit les aventures de l'équipe alors qu'elle traverse les confins du cosmos. Les gardiens doivent combattre pour rester unis alors qu'ils découvrent les mystères de la filiation de Peter Quill. Les vieux ennemis vont devenir de nouveaux alliés et des personnages bien connus des fans de comics vont venir aider nos héros et continuer à étendre l'univers Marvel.",James Gunn,James Gunn,"Chris Pratt,Zoe Saldana,Dave Bautista","3,4","4,0",U.S.A.,The Walt Disney Company France,1 nomination,2017,Long métrage,Anglais,3 137 508 entrées
Twilight - Chapitre 5 : Révélation 2e partie,https://fr.web.img3.acsta.net/c_310_420/medias/nmedia/18/89/43/69/20278941.jpg,14 novembre 2012,en salle,"Aventure,Drame,Fantastique,Romance",Tout public,"Après la naissance de sa fille Renesmée, Bella s’adapte peu à peu à sa nouvelle vie de vampire avec le soutien d’Edward. Se sentant menacés par cette naissance d’un nouveau genre, les Volturi déclarent la guerre à la famille Cullen. Pour préparer leur défense, les Cullen vont parcourir le monde pour rassembler les familles de vampires alliées et tenter de repousser les Volturi lors d’un ultime affrontement.",Bill Condon,Melissa Rosenberg,"Kristen Stewart,Robert Pattinson,Taylor Lautner","2,9","3,0",U.S.A.,SND,6 prix et 5 nominations,2012,Long métrage,Anglais,4 525 647 entrées
L'Homme qu'on aimait trop,https://fr.web.img6.acsta.net/c_310_420/pictures/14/06/19/09/57/083972.jpg,16 juillet 2014,en salle,Drame,Tout public,"1976. Après l’échec de son mariage, Agnès Le Roux rentre d’Afrique et retrouve sa mère, Renée, propriétaire du casino Le Palais de la Méditerranée à Nice. La jeune femme tombe amoureuse de l’homme de confiance de Renée, Maurice Agnelet, un avocat de dix ans son aîné. Maurice a d’autres liaisons. Agnès l’aime à la folie. Actionnaire du Palais de la Méditerranée, Agnès veut vendre sa part de l’héritage familial pour voler de ses propres ailes. Une partie truquée siphonne les caisses de la salle de jeux. On menace Renée. Derrière ces manœuvres guerrières plane l’ombre de la mafia et de Fratoni le patron du casino concurrent qui veut prendre le contrôle du Palais de la Méditerranée. Tombé en disgrâce auprès de Renée, Maurice met en relation Agnès avec Fratoni qui lui offre trois millions de francs pour qu’elle vote contre sa mère. Agnès accepte le marché. Renée perd le contrôle du casino. Agnès supporte mal sa propre trahison. Maurice s’éloigne. Après une tentative de suicide, la jeune femme disparaît à la Toussaint 1977. On ne retrouvera jamais son corps. Trente ans après, Maurice Agnelet demeure l’éternel suspect de ce crime sans preuve ni cadavre. Convaincue de sa culpabilité, Renée se bat pour qu’il soit condamné…",André Téchiné,"André Téchiné,Cédric Anger","Guillaume Canet,Catherine Deneuve,Adèle Haenel","3,1","3,1",France,Mars Films,3 nominations,2014,Long métrage,Français,300 373 entrées
The Spectacular Now,https://fr.web.img4.acsta.net/c_310_420/pictures/13/12/10/14/40/401286.jpg,8 janvier 2014,en salle,"Comédie,Drame,Romance",Tout public,"Sutter est un adolescent brillant, drôle, charmant... et très porté sur la boisson. Son quotidien est chamboulé par sa rencontre avec la timide Aimee, une jeune femme totalement différente de lui.",James Ponsoldt,"Scott Neustadter,Michael H. Weber","Miles Teller,Shailene Woodley,Brie Larson","3,2","3,7",U.S.A.,Eurozoom,3 nominations,2013,Long métrage,Anglais,18 715 entrées
Tout l'argent du monde,https://fr.web.img3.acsta.net/c_310_420/pictures/17/12/18/12/32/5089371.jpg,27 décembre 2017,en salle,"Drame,Thriller",Tout public,"Rome, 1973. Des hommes masqués kidnappent Paul, le petit-fils de J. Paul Getty, un magnat du pétrole connu pour son avarice, mais aussi l'homme le plus riche du monde.  Pour le milliardaire, l'enlèvement de son petit-fils préféré n'est pas une raison suffisante pour qu’il se sépare d’une partie de sa fortune.,Gail, la mère de Paul, femme forte et dévouée, va tout faire pour obtenir la libération de son fils. Elle s’allie à Fletcher Chace, le mystérieux chef de la sécurité du milliardaire et tous deux se lancent dans une course contre la montre face à des ravisseurs déterminés, instables et brutaux.",Ridley Scott,David Scarpa,"Michelle Williams,Christopher Plummer,Mark Wahlberg","2,9","3,4",U.S.A.,Metropolitan FilmExport,5 nominations,2017,Long métrage,Anglais,279 738 entrées
Dog Pound,https://fr.web.img6.acsta.net/c_310_420/medias/nmedia/18/70/90/50/19469229.jpg,23 juin 2010,en salle,"Drame,Thriller",Interdit - 12 ans,"Davis, 16 ans, trafic de stupéfiants.,Angel, 15 ans, vol de voiture avec violence.,Butch, 17 ans, agression sur un officier de probation.,Une même sentence : la prison pour délinquants juvéniles d'Enola Vale.,Arrivés au centre de détention, ils devront choisir leur camp, victime ou bourreau.",Kim Chapiron,"Jérémie Delon,Kim Chapiron","Adam Butcher,Shane Kippel,Mateo Morales","3,5","4,1",U.S.A.,Mars Films,1 nomination,2010,Long métrage,Anglais,196 749 entrées
Les Saveurs du palais,https://fr.web.img3.acsta.net/c_310_420/medias/nmedia/18/91/72/42/20160206.jpg,19 septembre 2012,en salle,Comédie,Tout public,"Hortense Laborie est une cuisinière réputée qui vit dans le Périgord. A sa grande surprise, le Président de la République la nomme responsable de ses repas personnels au Palais de l'Élysée. Malgré les jalousies des chefs de la cuisine centrale, Hortense s’impose avec son caractère bien trempé. L’authenticité de sa cuisine séduira rapidement le Président, mais dans les coulisses du pouvoir, les obstacles sont nombreux…",Christian Vincent,"Etienne Comar,Christian Vincent","Catherine Frot,Jean d'Ormesson,Hippolyte Girardot","3,2","3,2",France,Wild Bunch Distribution,3 nominations,2012,Long métrage,"Anglais, Français",988 997 entrées
Rango,https://fr.web.img5.acsta.net/c_310_420/medias/nmedia/18/78/46/81/19678966.jpg,23 mars 2011,en salle,"Action,Aventure,Animation",Tout public,"Un jour, Rango échoue par hasard dans la petite ville de Poussière, dans l'Ouest sauvage, où de sournoises créatures venues du désert font régner la terreur. Contre toute attente, notre caméléon, qui ne brille pas par son courage, comprend qu'il peut enfin se rendre utile. Dernier espoir des habitants de Poussière, Rango s'improvise shérif et n'a d'autre choix que d'assumer ses nouvelles fonctions. Affrontant des personnages plus extravagants les uns que les autres, Rango va-t-il devenir le héros qu'il se contentait jusque-là d'imiter ? ILM a contribué à la création des effets spéciaux visuels de ce long métrage d'animation. Le réalisateur a voulu rendre hommage aux grands noms du Western, tels Sergio Leone, John Huston ou Clint Eastwood...",Gore Verbinski,"John Logan,Gore Verbinski","Bruno Choël,Johnny Depp,Adeline Moreau","3,4","3,6",U.S.A.,Paramount Pictures France,9 prix et 6 nominations,2011,Long métrage,Anglais,1 236 818 entrées
Brooklyn Affairs,https://fr.web.img6.acsta.net/c_310_420/pictures/19/10/25/15/24/5126095.jpg,4 décembre 2019,en salle,"Policier,Drame",Tout public,"New York dans les années 1950. Lionel Essrog, détective privé souffrant du syndrome de Gilles de la Tourette, enquête sur le meurtre de son mentor et unique ami Frank Minna. Grâce aux rares indices en sa possession et à son esprit obsessionnel, il découvre des secrets dont la révélation pourrait avoir des conséquences sur la ville de New York… Des clubs de jazz de Harlem aux taudis de Brooklyn, jusqu'aux quartiers chics de Manhattan, Lionel devra affronter l'homme le plus redoutable de la ville pour sauver l'honneur de son ami disparu. Et peut-être aussi la femme qui lui assurera son salut…",Edward Norton,Edward Norton,"Edward Norton,Gugu Mbatha-Raw,Alec Baldwin","3,8","3,7",U.S.A.,Warner Bros. France,1 nomination,2019,Long métrage,Anglais,382 157 entrées
Marius,https://fr.web.img6.acsta.net/c_310_420/pictures/210/107/21010780_20130606181736864.jpg,10 juillet 2013,en salle,Comédie dramatique,Tout public,"L’histoire de MARIUS se déroule sur le Vieux-Port de Marseille, dans le Bar de la Marine tenu par César et son fils Marius. Marius ne rêve que d’embarquer sur un des bateaux qui passent devant le bar et prendre le large vers les pays lointains. Fanny, jeune et jolie marchande de coquillages sur le devant du bar, aime secrètement Marius depuis l’enfance ; Marius, sans l’avouer, a toujours aimé Fanny. Pour retenir Marius, pressenti pour un engagement sur un navire d’exploration, Fanny lui dévoile son amour pour lui et parvient à attiser sa jalousie en provoquant une vive dispute entre Marius et un vieil ami de César, le maître-voilier Panisse, qui, beaucoup plus âgé, courtise Fanny. Partagé entre l’appel de la mer et son amour pour Fanny, Marius renonce à son projet et finit par s’unir à Fanny qui s’offre à lui. Mais, alors que César et Honorine, la mère de Fanny, sont prêts à les marier, Marius est repris par sa folie de la mer. Poussé par Fanny qui se sacrifie par amour pour Marius, ce dernier monte à bord du navire qui part, abandonnant Fanny bouleversée, qui retient ses larmes et cache à César le départ de son fils.",Daniel Auteuil,Daniel Auteuil,"Daniel Auteuil,Raphaël Personnaz,Jean-Pierre Darroussin","3,3","3,8",France,Pathé Films,# prix,2012,Long métrage,Français,375 553 entrées
Une fille facile,https://fr.web.img6.acsta.net/c_310_420/pictures/19/05/13/11/08/5451239.jpg,28 août 2019,en salle,"Comédie,Comédie dramatique,Drame",Tout public,"Naïma a 16 ans et vit à Cannes. Alors qu'elle se donne l'été pour choisir ce qu'elle veut faire dans la vie, sa cousine Sofia, au mode de vie attirant, vient passer les vacances avec elle. Ensemble, elles vont vivre un été inoubliable.",Rebecca Zlotowski,"Rebecca Zlotowski,Teddy Lussi-Modeste","Mina Farid,Zahia Dehar,Benoît Magimel","3,5","2,3",France,Ad Vitam,1 prix et 2 nominations,2019,Long métrage,Français,83 583 entrées
Trois jours et une vie,https://fr.web.img6.acsta.net/c_310_420/pictures/19/07/23/09/32/2879579.jpg,18 septembre 2019,en salle,"Drame,Thriller",Tout public,"1999 - Olloy - Les Ardennes belges.,Un enfant vient de disparaître. La suspicion qui touche tour à tour plusieurs villageois porte rapidement la communauté à incandescence. Mais un événement inattendu et dévastateur va soudain venir redistribuer les cartes du destin…",Nicolas Boukhrief,"Pierre Lemaitre,Perrine Margaine","Sandrine Bonnaire,Pablo Pauly,Jeremy Senez","3,2","3,8",France,Gaumont Distribution,1 nomination,2018,Long métrage,Français,99 517 entrées
L'inconnu du lac,https://fr.web.img4.acsta.net/c_310_420/pictures/210/046/21004688_20130510141914457.jpg,12 juin 2013,en salle,"Policier,Drame",Interdit - 16 ans,"L'été. Un lieu de drague pour hommes, caché au bord d'un lac. Franck tombe amoureux de Michel. Un homme beau, puissant et mortellement dangereux. Franck le sait, mais il veut vivre cette passion.",Alain Guiraudie,Alain Guiraudie,"Pierre Deladonchamps,Christophe Paou,Patrick d'Assumçao","4,2","3,1",France,Les Films du Losange,2 prix et 10 nominations,2012,Long métrage,Français,116 169 entrées
Les Éblouis,https://fr.web.img4.acsta.net/c_310_420/pictures/19/10/23/09/05/5928068.jpg,20 novembre 2019,en salle,Drame,Tout public,"Camille, 12 ans, passionnée de cirque, est l’aînée d’une famille nombreuse. Un jour, ses parents intègrent une communauté religieuse basée sur le partage et la solidarité dans laquelle ils s’investissent pleinement. La jeune fille doit accepter un mode de vie qui remet en question ses envies et ses propres tourments. Peu à peu, l’embrigadement devient sectaire. Camille va devoir se battre pour affirmer sa liberté et sauver ses frères et sœurs.",Sarah Suco,"Sarah Suco,Nicolas Silhol","Camille Cottin,Jean-Pierre Darroussin,Eric Caravaca","3,7","3,8",France,Pyramide Distribution,2 nominations,2019,Long métrage,Français,229 038 entrées
En Liberté !,https://fr.web.img4.acsta.net/c_310_420/pictures/18/10/08/10/30/5203648.jpg,31 octobre 2018,en salle,Comédie,Tout public,"Yvonne jeune inspectrice de police, découvre que son mari, le capitaine Santi, héros local tombé au combat, n’était pas le flic courageux et intègre qu’elle croyait mais un véritable ripou. Déterminée à réparer les torts commis par ce dernier, elle va croiser le chemin d’Antoine injustement incarcéré par Santi pendant huit longues années. Une rencontre inattendue et folle qui va dynamiter leurs vies à tous les deux.",Pierre Salvadori,"Pierre Salvadori,Benoît Graffin","Adèle Haenel,Pio Marmaï,Audrey Tautou","4,3","3,1",France,Memento,2 prix et 12 nominations,2017,Long métrage,Français,775 491 entrées
Les Nouvelles Aventures D'Aladin,https://fr.web.img5.acsta.net/c_310_420/pictures/15/07/08/16/56/507963.jpg,14 octobre 2015,en salle,Comédie,Tout public,"À la veille de Noël, Sam et son meilleur pote Khalid se déguisent en Père-Noël afin de dérober tout ce qu’ils peuvent aux Galeries Lafayette. Mais Sam est rapidement coincé par des enfants et doit leur raconter une histoire... l’histoire d’Aladin... enfin Sa version. Dans la peau d’Aladin, Sam commence alors un voyage au coeur de Bagdad, ville aux mille et une richesses... Hélas derrière le folklore, le peuple subit la tyrannie du terrible Vizir connu pour sa férocité et son haleine douteuse. Aladin le jeune voleur, aidé de son Génie, pourra-t il déjouer les plans diaboliques du Vizir, sauver Khalid et conquérir le coeur de la Princesse Shallia ? En fait oui, mais on ne va pas vous mentir, ça ne va pas être facile !,",Arthur Benzaquen,Daive Cohen,"Kev Adams,Jean-Paul Rouve,Vanessa Guide","2,8","1,5",France,Pathé Films,1 nomination,2015,Long métrage,Français,4 424 083 entrées
The Hate U Give – La Haine qu’on donne,https://fr.web.img2.acsta.net/c_310_420/pictures/18/12/10/16/20/3671654.jpg,23 janvier 2019,en salle,Drame,Tout public,"Starr est témoin de la mort de son meilleur ami d’enfance, Khalil, tué par balles par un officier de police. Confrontée aux nombreuses pressions de sa communauté, Starr doit trouver sa voix et se battre pour ce qui est juste.",George Tillman Jr.,Audrey Wells,"Amandla Stenberg,Regina Hall,Russell Hornsby","3,1","4,1",U.S.A.,Twentieth Century Fox France,1 nomination,2018,Long métrage,Anglais,207 574 entrées
Les heures sombres,https://fr.web.img2.acsta.net/c_310_420/pictures/17/10/19/12/32/5360469.jpg,3 janvier 2018,en salle,"Drame,Historique",Tout public,"Homme politique brillant et plein d’esprit, Winston Churchill est un des piliers du Parlement du Royaume-Uni, mais à 65 ans déjà, il est un candidat improbable au poste de Premier Ministre. Il y est cependant nommé d’urgence le 10 mai 1940, après la démission de Neville Chamberlain, et dans un contexte européen dramatique marqué par les défaites successives des Alliés face aux troupes nazies et par l’armée britannique dans l’incapacité d’être évacuée de Dunkerque.,Alors que plane la menace d’une invasion du Royaume- Uni par Hitler et que 200 000 soldats britanniques sont piégés à Dunkerque, Churchill découvre que son propre parti complote contre lui et que même son roi, George VI, se montre fort sceptique quant à son aptitude à assurer la lourde tâche qui lui incombe. Churchill doit prendre une décision fatidique : négocier un traité de paix avec l’Allemagne nazie et épargner à ce terrible prix le peuple britannique ou mobiliser le pays et se battre envers et contre tout.,Avec le soutien de Clémentine, celle qu’il a épousée 31 ans auparavant, il se tourne vers le peuple britannique pour trouver la force de tenir et de se battre pour défendre les idéaux de son pays, sa liberté et son indépendance. Avec le pouvoir des mots comme ultime recours, et avec l’aide de son infatigable secrétaire, Winston Churchill doit composer et prononcer les discours qui rallieront son pays. Traversant, comme l’Europe entière, ses heures les plus sombres, il est en marche pour changer à jamais le cours de l’Histoire.",Joe Wright,Anthony McCarten,"Gary Oldman,Kristin Scott Thomas,Ben Mendelsohn","3,7","4,1",Grande-Bretagne,Universal Pictures International France,6 prix et 12 nominations,2017,Long métrage,Anglais,748 988 entrées
Bonhomme,https://fr.web.img3.acsta.net/c_310_420/pictures/18/06/05/13/46/0951309.jpg,29 août 2018,en salle,Comédie dramatique,Tout public,"La vie de Piotr et Marilyn, jeune couple de la banlieue lilloise, va être bouleversée suite à un accident de voiture. Traumatisé crânien, Piotr, s’il garde son physique avantageux, n’a plus toute sa tête : tantôt matou apathique, tantôt fauve en rut à l’hypersexualité débridée.,Pour Marilyn, convaincue que son amour pour lui peut le sauver, c’est le début d’une épopée menée vaille que vaille et cul par-dessus tête.",Marion Vernoux,"Marion Vernoux,Grégoire Vigneron","Nicolas Duvauchelle,Ana Girardot,Béatrice Dalle","3,1","3,2",France,Orange Studio Distribution / UGC Distribution,1 nomination,2017,Long métrage,Français,43 496 entrées
Hunger Games - La Révolte : Partie 1,https://fr.web.img4.acsta.net/c_310_420/pictures/14/12/05/17/25/453259.jpg,19 novembre 2014,en salle,"Action,Drame,Science Fiction",Tout public,"Katniss Everdeen s’est réfugiée dans le District 13 après avoir détruit à jamais l’arène et les Jeux. Sous le commandement de la Présidente Coin, chef du district, et suivant les conseils de ses amis en qui elle a toute confiance, Katniss déploie ses ailes pour devenir le symbole de la rébellion. Elle va se battre pour sauver Peeta et libérer le pays tout entier, à qui son courage a redonné espoir.",Francis Lawrence,"Peter Craig,Danny Strong","Jennifer Lawrence,Josh Hutcherson,Liam Hemsworth","3,0","3,4",U.S.A.,Metropolitan FilmExport,1 nomination,2014,Long métrage,Anglais,3 228 348 entrées
Rubber,https://fr.web.img4.acsta.net/c_310_420/medias/nmedia/18/77/73/02/19534928.jpg,10 novembre 2010,en salle,"Comédie,Epouvante-horreur",Tout public,"Dans le désert californien, des spectateurs incrédules assistent aux aventures d’un pneu tueur et télépathe, mystérieusement attiré par une jolie jeune fille. Une enquête commence.",Quentin Dupieux,Quentin Dupieux,"Stephen Spinella,Roxane Mesquida,Jack Plotnick","3,2","3,2",France,UFO Distribution,5 nominations,2010,Long métrage,Anglais,48 435 entrées
Paulette,https://fr.web.img5.acsta.net/c_310_420/medias/nmedia/18/91/27/63/20395900.jpg,16 janvier 2013,en salle,Comédie,Tout public,"Paulette vit seule dans une cité HLM de la banlieue parisienne. Avec sa maigre retraite, elle n’arrive plus à joindre les deux bouts. Lorsqu’un soir elle assiste à un curieux trafic en bas de son immeuble, Paulette y voit le signe du destin. Elle décide de se lancer dans la vente de cannabis. Après tout, pourquoi pas elle ? Paulette était pâtissière autrefois. Son don pour le commerce et ses talents de cuisinière sont autant d’atouts pour trouver des solutions originales dans l’exercice de sa nouvelle activité. Mais on ne s’improvise pas dealer !",Jérôme Enrico,"Jérôme Enrico,Laurie Aubanel","Bernadette Lafont,Carmen Maura,Dominique Lavanant","2,6","3,2",France,Gaumont Distribution,1 nomination,2012,Long métrage,Français,1 020 709 entrées
10 Cloverfield Lane,https://fr.web.img2.acsta.net/c_310_420/pictures/16/02/09/09/29/391702.jpg,16 mars 2016,en salle,"Science Fiction,Thriller",Tout public,"Une jeune femme se réveille dans une cave après un accident de voiture. Ne sachant pas comment elle a atterri dans cet endroit, elle pense tout d'abord avoir été kidnappée. Son gardien tente de la rassurer en lui disant qu'il lui a sauvé la vie après une attaque chimique d'envergure. En l'absence de certitude, elle décide de s'échapper...",Dan Trachtenberg,"Josh Campbell,Matthew Stuecken","Mary Elizabeth Winstead,John Goodman,John Gallagher Jr.","3,6","3,6",U.S.A.,Paramount Pictures France,1 nomination,2016,Long métrage,Anglais,465 675 entrées
Avengers : L'ère d'Ultron,https://fr.web.img2.acsta.net/c_310_420/pictures/15/02/24/18/29/161927.jpg,22 avril 2015,en salle,"Action,Aventure,Fantastique",Tout public,"Alors que Tony Stark tente de relancer un programme de maintien de la paix jusque-là suspendu, les choses tournent mal et les super-héros Iron Man, Captain America, Thor, Hulk, Black Widow et Hawkeye vont devoir à nouveau unir leurs forces pour combattre le plus puissant de leurs adversaires : le terrible Ultron, un être technologique terrifiant qui s’est juré d’éradiquer l’espèce humaine.,Afin d’empêcher celui-ci d’accomplir ses sombres desseins, des alliances inattendues se scellent, les entraînant dans une incroyable aventure et une haletante course contre le temps…",Joss Whedon,Joss Whedon,"Robert Downey Jr.,Chris Evans,Mark Ruffalo","2,9","3,8",U.S.A.,The Walt Disney Company France,# prix,2015,Long métrage,Anglais,4 240 197 entrées
Docteur?,https://fr.web.img4.acsta.net/c_310_420/pictures/19/10/10/15/19/5288386.jpg,11 décembre 2019,en salle,Comédie,Tout public,"C'est le soir de Noël. Les parisiens les plus chanceux se préparent à déballer leurs cadeaux en famille. D'autres regardent la télévision seuls chez eux. D'autres encore, comme Serge, travaillent. Serge est le seul SOS-Médecin de garde ce soir-là. Ses collègues se sont tous défilés. De toute façon il n'a plus son mot à dire car il a pris trop de libertés avec l'exercice de la médecine, et la radiation lui pend au nez. Les visites s'enchaînent et Serge essaye de suivre le rythme, de mauvaise grâce, quand tombe l'adresse de sa prochaine consultation. C'est celle de Rose, une relation de famille, qui l'appelle à l'aide. Il arrive sur les lieux en même temps qu'un livreur Uber Eats, Malek, lui aussi de service ce soir-là...",Tristan Séguéla,"Tristan Séguéla,Jim Birmant","Michel Blanc,Hakim Jemili,Solène Rigot","3,1","3,2",France,Apollo Films,1 nomination,2019,Long métrage,Français,790 767 entrées
Ailleurs,https://fr.web.img2.acsta.net/c_310_420/pictures/20/07/06/13/47/0167781.jpg,23 septembre 2020,en salle,"Aventure,Animation",Tout public,"Un jeune garçon se réveille suspendu à un arbre après un accident d’avion. Au loin une grande forme menaçante s’approche de lui. Pour la fuir il se réfugie à l’entrée d’une caverne où l’étrange forme ne parvient pas à le suivre. Dans cette caverne, le jeune homme trouve une carte et une moto qui le poussent à prendre la route pour essayer de rejoindre, de l’autre côté de l’île, le port et la civilisation.",Gints Zilbalodis,Gints Zilbalodis,,"3,3","3,1",Lettonie,Septième Factory,# prix,2019,Long métrage,Letton,9 253 entrées
Ninja Turtles,https://fr.web.img3.acsta.net/c_310_420/pictures/14/09/09/16/31/419889.jpg,15 octobre 2014,en salle,"Action,Aventure",Tout public,"Tenez-vous prêts : quatre héros de légende vont bientôt faire parler d’eux à New York…,Leonardo, le leader, Michelangelo, le beau gosse, Raphael, le rebelle et Donatello, le cerveau, vont tout faire pour défendre la ville de New York, prise entre les griffes de Shredder. Entre deux dégustations de pizzas (sans anchois, bien sûr) et un entraînement intense aux arts martiaux, prodigué par leur maître Splinter, ils vont accomplir leur destin, aidés par la courageuse reporter, April O’Neil.",Jonathan Liebesman,"Josh Appelbaum,Evan Daugherty","Megan Fox,Will Arnett,William Fichtner","2,2","2,7",U.S.A.,Paramount Pictures France,5 nominations,2014,Long métrage,Anglais,1 783 919 entrées
L'Odyssée,https://fr.web.img2.acsta.net/c_310_420/pictures/16/08/01/14/53/238897.jpg,12 octobre 2016,en salle,"Aventure,Biopic,Drame",Tout public,"1948. Jacques-Yves Cousteau, sa femme et ses deux fils, vivent au paradis, dans une jolie maison surplombant la mer Méditerranée. Mais Cousteau ne rêve que d’aventure. Grâce à son invention, un scaphandre autonome qui permet de respirer sous l’eau, il a découvert un nouveau monde. Désormais, ce monde, il veut l’explorer. Et pour ça, il est prêt à tout sacrifier.",Jérôme Salle,"Jérôme Salle,Laurent Turner","Lambert Wilson,Pierre Niney,Audrey Tautou","3,4","3,8",France,Wild Bunch Distribution,1 prix et 1 nomination,2016,Long métrage,"Anglais, Français",1 206 547 entrées
Au-delà,https://fr.web.img2.acsta.net/c_310_420/medias/nmedia/18/79/73/41/19623706.jpg,19 janvier 2011,en salle,"Drame,Fantastique,Thriller",Tout public,"est l'histoire de trois personnages hantés par la mort et les interrogations qu'elle soulève. George est un Américain d'origine modeste, affecté d'un ""don"" de voyance qui pèse sur lui comme une malédiction. Marie, journaliste française, est confrontée à une expérience de mort imminente, et en a été durablement bouleversée. Et quand Marcus, un jeune garçon de Londres, perd l'être qui lui était le plus cher et le plus indispensable, il se met désespérément en quête de réponses à ses interrogations. George, Marie et Marcus sont guidés par le même besoin de savoir, la même quête. Leurs destinées vont finir par se croiser pour tenter de répondre au mystère de l'Au-delà.",Clint Eastwood,Peter Morgan,"Matt Damon,Cécile de France,Thierry Neuvic","2,7","2,6",U.S.A.,Warner Bros. France,8 nominations,2010,Long métrage,"Anglais, Français",1 905 487 entrées
Comme des bêtes,https://fr.web.img6.acsta.net/c_310_420/pictures/16/06/06/11/30/391424.jpg,27 juillet 2016,en salle,"Animation,Comédie,Famille",Tout public,La vie secrète que mènent nos animaux domestiques une fois que nous les laissons seuls à la maison pour partir au travail ou à l’école.,"Yarrow Cheney,Chris Renaud","Brian Lynch,Cinco Paul","Philippe Lacheau,Louis C.K.,François Damiens","3,5","3,6",U.S.A.,Universal Pictures International France,1 nomination,2016,Long métrage,Anglais,3 724 347 entrées
Under The Silver Lake,https://fr.web.img3.acsta.net/c_310_420/pictures/18/06/15/16/38/0800062.jpg,8 août 2018,en salle,"Comédie,Thriller",Tout public,"À Los Angeles, Sam, 33 ans, sans emploi, rêve de célébrité. Lorsque Sarah, une jeune et énigmatique voisine, se volatilise brusquement, Sam se lance à sa recherche et entreprend alors une enquête obsessionnelle surréaliste à travers la ville. Elle le fera plonger jusque dans les profondeurs les plus ténébreuses de la Cité des Anges, où il devra élucider disparitions et meurtres mystérieux sur fond de scandales et de conspirations.",David Robert Mitchell,David Robert Mitchell,"Andrew Garfield,Riley Keough,Topher Grace","3,9","3,1",U.S.A.,Le Pacte,1 nomination,2018,Long métrage,Anglais,206 714 entrées
Robin des Bois,https://fr.web.img6.acsta.net/c_310_420/pictures/18/10/22/15/48/3920832.jpg,28 novembre 2018,en salle,"Action,Aventure",Tout public,"Robin de Loxley, combattant aguerri revenu des croisades, et un chef maure prennent la tête d’une audacieuse révolte contre la corruption des institutions.",Otto Bathurst,"Ben Chandler,David James Kelly","Taron Egerton,Jamie Foxx,Jamie Dornan","2,0","2,2",U.S.A.,Metropolitan FilmExport,3 nominations,2018,Long métrage,Anglais,363 926 entrées
2 Guns,https://fr.web.img3.acsta.net/c_310_420/pictures/210/396/21039614_20130913115001342.jpg,25 septembre 2013,en salle,"Action,Comédie",Tout public,"Bobby et Stig passent tout leur temps ensemble et mouillent dans des affaires très louches. Ils ne le savent pas, mais ils appartiennent tous les deux à des agences gouvernementales qui leur ont demandé d’infiltrer un réseau de trafiquants de drogue.,Lorsqu’un casse auquel chacun participe pour coincer l’autre tourne mal, Bobby comme Stig sont lâchés par leurs hiérarchies respectives. Ils découvrent qu’ils ont été manipulés… Désormais, tout le monde veut les voir en prison, ou encore mieux, morts. Ils ne peuvent plus compter que l’un sur l’autre, et malheureusement pour ceux qui veulent leur peau, à trop jouer les malfrats, ils ont pris de mauvaises habitudes…",Baltasar Kormákur,Blake Masters,"Denzel Washington,Mark Wahlberg,Paula Patton","2,1","3,3",U.S.A.,Sony Pictures Releasing France,1 nomination,2013,Long métrage,Anglais,333 322 entrées
J'irai où tu iras,https://fr.web.img4.acsta.net/c_310_420/pictures/19/08/12/17/40/4451357.jpg,2 octobre 2019,en salle,Comédie,Tout public,"Vali et Mina sont deux sœurs que tout oppose, éloignées par les épreuves de la vie. L’une est chanteuse, rêveuse et émotive. L’autre est thérapeute, distante et rationnelle. Leur père aimant finit par trouver l’occasion rêvée pour les rassembler le temps d’un week-end et tenter de les réconcilier : Vali a décroché une audition à Paris et c’est Mina qui va devoir l’y emmener malgré son mépris pour la passion de sa sœur.,C’est une histoire de retrouvailles, une histoire d’amour entre deux sœurs, l’histoire d’une famille qui s’aime mais qui ne sait plus se le dire.",Géraldine Nakache,Géraldine Nakache,"Leïla Bekhti,Géraldine Nakache,Patrick Timsit","3,2","2,7",France,Mars Films,1 nomination,2018,Long métrage,Français,448 396 entrées
"Moi, Moche et Méchant 3",https://fr.web.img5.acsta.net/c_310_420/pictures/17/06/26/15/36/527507.jpg,5 juillet 2017,en salle,"Aventure,Comédie",Tout public,"Alors que Gru, totalement déprimé par sa mise à pied, tente de trouver une nouvelle voie, un mystérieux individu se présente pour l’informer du décès de son père. Dans la foulée, il lui annonce l’existence d’un frère jumeau prénommé Dru qui a exprimé le désir d’une rencontre. Ébranlé par la nouvelle, Gru interroge sa mère qui avoue son secret: après avoir donné naissance à des jumeaux, elle a divorcé en faisant la promesse à son ex-mari de disparaître totalement de sa vie en échange d’un des enfants. Tout en précisant, en substance, qu’elle n’a pas eu son mot à dire et que Gru n’est somme toute qu’un second choix. Si Gru, tout d’abord enthousiasmé à l’idée d’avoir un frère, se rend avec Lucy et les filles dans son île natale, Freedonia, pour rencontrer son jumeau, il déchante vite quand il découvre que Dru est nettement supérieur à lui, et ce en tout point. Là où Gru est un misanthrope aussi dépourvu d’emploi que de cheveux, Dru arbore une masse capillaire impressionnante, un charisme naturel et une fortune colossale héritée de son père et de son élevage de cochons. Gru est rapidement miné par un sentiment d’infériorité, quand Dru lui révèle sa faille: leur père n’a jamais vu en lui l’étoffe d’un méchant, et de ce fait ne l’a pas formé dans cette direction qui est pourtant la marque de fabrique de la famille. Avec son aide, ils pourraient à eux deux perpétuer la tradition familiale.,Gru se sent alors investi d’un rôle de «grand frère» et lui livre les secrets de l’utilisation des gadgets ultra-sophistiqués de leur père avec l’intention d’en profiter pour mettre hors d’état de nuire l’insaisissable Balthazar Bratt. Mais cette alliance se voit sérieusement menacée par un cas aggravé de rivalité gémellaire qui va vite les dépasser et les handicaper face à un ennemi à l’envergure encore inégalée.","Kyle Balda,Pierre Coffin,Eric Guillon","Cinco Paul,Ken Daurio","Gad Elmaleh,Steve Carell,Audrey Lamy","2,8","3,4",U.S.A.,Universal Pictures International France,2 nominations,2017,Long métrage,Anglais,5 637 548 entrées
Pentagon Papers,https://fr.web.img4.acsta.net/c_310_420/pictures/17/12/21/14/59/4821419.jpg,24 janvier 2018,en salle,"Drame,Thriller",Tout public,"Première femme directrice de la publication d’un grand journal américain, le Washington Post, Katharine Graham s'associe à son rédacteur en chef Ben Bradlee pour dévoiler un scandale d'État monumental et combler son retard par rapport au New York Times qui mène ses propres investigations. Ces révélations concernent les manœuvres de quatre présidents américains, sur une trentaine d'années, destinées à étouffer des affaires très sensibles… Au péril de leur carrière et de leur liberté, Katharine et Ben vont devoir surmonter tout ce qui les sépare pour révéler au grand jour des secrets longtemps enfouis…",Steven Spielberg,"Liz Hannah,Josh Singer","Meryl Streep,Tom Hanks,Sarah Paulson","4,2","3,9",U.S.A.,Universal Pictures International France,9 nominations,2017,Long métrage,Anglais,1 314 502 entrées
En eaux troubles,https://fr.web.img6.acsta.net/c_310_420/pictures/18/07/12/17/23/0011138.jpg,22 août 2018,en salle,"Action,Thriller",Tout public,"Au cœur de l’océan Pacifique, le sous-marin d’une équipe de chercheurs a été attaqué par une créature gigantesque qu’on croyait disparue : le Megalodon, un requin préhistorique de 23 mètres de long.,Le sauveteur-plongeur Jonas Taylor doit risquer sa vie pour sauver les hommes et les femmes prisonniers de l'embarcation… et affronter le prédateur le plus terrible de tous les temps.",Jon Turteltaub,"Dean Georgaris,Jon Hoeber","Jason Statham,Bingbing Li,Rainn Wilson","2,3","2,5",U.S.A.,Warner Bros. France,1 nomination,2018,Long métrage,Anglais,1 622 161 entrées
Margin Call,https://fr.web.img3.acsta.net/c_310_420/medias/nmedia/18/82/76/31/19860753.jpg,2 mai 2012,en salle,"Drame,Thriller",Tout public,"Pour survivre à Wall Street, sois le premier, le meilleur ou triche. La dernière nuit d’une équipe de traders, avant le crash. Pour sauver leur peau, un seul moyen : ruiner les autres…",J.C. Chandor,J.C. Chandor,"Kevin Spacey,Paul Bettany,Jeremy Irons","4,0","3,8",U.S.A.,ARP Sélection,3 prix et 17 nominations,2011,Long métrage,Anglais,344 960 entrées
Jeune & Jolie,https://fr.web.img2.acsta.net/c_310_420/pictures/210/059/21005923_2013051510325393.jpg,21 août 2013,en salle,Drame,Interdit - 12 ans,Le portrait d’une jeune fille de 17 ans en 4 saisons et 4 chansons.,François Ozon,François Ozon,"Marine Vacth,Géraldine Pailhas,Frédéric Pierrot","3,7","3,3",France,Mars Films,5 nominations,2013,Long métrage,Français,712 767 entrées
La Planète des singes : les origines,https://fr.web.img5.acsta.net/c_310_420/medias/nmedia/18/84/60/29/19765980.jpg,10 août 2011,en salle,"Action,Aventure,Science Fiction",Tout public,"Dans un laboratoire, des scientifiques expérimentent un traitement sur des singes pour vaincre la maladie d’Alzheimer. Mais leurs essais ont des effets secondaires inattendus : ils découvrent que la substance utilisée permet d’augmenter radicalement l’activité cérébrale de leurs sujets. César, est alors le premier jeune chimpanzé faisant preuve d’une intelligence remarquable. Mais trahi par les humains qui l’entourent et en qui il avait confiance, il va mener le soulèvement de  toute son espèce contre l’Homme dans un combat spectaculaire.",Rupert Wyatt,"Rick Jaffa,Amanda Silver","James Franco,Freida Pinto,John Lithgow","3,3","4,1",U.S.A.,Twentieth Century Fox France,3 prix et 4 nominations,2011,Long métrage,Anglais,3 240 118 entrées
Rocketman,https://fr.web.img6.acsta.net/c_310_420/pictures/19/02/19/14/09/3570616.jpg,29 mai 2019,en salle,"Biopic,Comédie musicale",Tout public,"Rocketman nous raconte la vie hors du commun d’Elton John, depuis ses premiers succès jusqu’à sa consécration internationale.,Le film retrace la métamorphose de Reginald Dwight, un jeune pianiste prodige timide, en une superstar mondiale. Il est aujourd’hui connu sous le nom d’Elton John.,Son histoire inspirante – sur fond des plus belles chansons de la star – nous fait vivre l’incroyable succès d’un enfant d’une petite ville de province devenu icône de la pop culture mondiale.",Dexter Fletcher,Lee Hall,"Taron Egerton,Jamie Bell,Richard Madden","3,4","4,0",Grande-Bretagne,Paramount Pictures France,3 prix et 7 nominations,2019,Long métrage,Anglais,744 358 entrées
Radiostars,https://fr.web.img5.acsta.net/c_310_420/medias/nmedia/18/85/39/18/20031934.jpg,11 avril 2012,en salle,Comédie,Tout public,"En plein échec professionnel et sentimental, Ben, qui se rêvait comique à New York, est de retour à Paris. Il rencontre Alex, présentateur-vedette du Breakfast-club, le Morning star de la radio. Avec Cyril, un quadra mal assumé, et Arnold, le leader charismatique de la bande, ils font la pluie et le beau temps sur Blast FM. Très vite Ben est engagé : Il écrira pour eux. Alors qu’il a à peine rejoint l’équipe, un raz de marée frappe de plein fouet la station : l’audience du breakfast est en chute libre. C’est en bus qu’ils sillonneront les routes de France pour rencontrer et reconquérir leur public. Pour ces Parisiens arrogants, de ce road trip radiophonique naîtra un véritable parcours initiatique qui bousculera leurs certitudes.",Romain Lévy,"Romain Lévy,Mathieu Oullion","Manu Payet,Clovis Cornillac,Douglas Attal","3,6","3,4",France,Mars Films,2 prix et 1 nomination,2012,Long métrage,Français,560 731 entrées
Tangerine,https://fr.web.img2.acsta.net/c_310_420/pictures/15/12/11/15/41/573869.jpg,30 décembre 2015,en salle,"Comédie,Drame",Tout public,24 heures dans la vie d’une drôle de Cendrillon qui traverse la cité des anges à la recherche de sa rivale.,Sean Baker,"Sean Baker,Chris Bergoch","Kitana Kiki Rodriguez,Mya Taylor,Mickey O'Hagan","3,6","3,6",U.S.A.,Le Pacte / ARP Sélection,2 prix et 3 nominations,2015,Long métrage,24/07/2024,13 543 entrées
Le Monde de Charlie,https://fr.web.img4.acsta.net/c_310_420/medias/nmedia/18/93/52/64/20261429.jpg,2 janvier 2013,en salle,"Comédie dramatique,Romance",Tout public,"Au lycée où il vient d’arriver, on trouve Charlie bizarre. Sa sensibilité et ses goûts sont en décalage avec ceux de ses camarades de classe. Pour son prof de Lettres, c’est sans doute un prodige, pour les autres, c’est juste un ""loser"". En attendant, il reste en marge - jusqu’au jour où deux terminales, Patrick et la jolie Sam, le prennent sous leur aile. Grâce à eux, il va découvrir la musique, les fêtes, le sexe… pour Charlie, un nouveau monde s’offre à lui.",Stephen Chbosky,Stephen Chbosky,"Logan Lerman,Emma Watson,Ezra Miller","3,3","4,1",U.S.A.,SND,2 nominations,2012,Long métrage,Anglais,84 660 entrées
Cinquante Nuances plus claires,https://fr.web.img5.acsta.net/c_310_420/pictures/17/11/10/14/42/5562197.jpg,7 février 2018,en salle,"Drame,Erotique,Romance",Interdit - 12 ans,"Pensant avoir laissé derrière eux les ombres du passé, les jeunes mariés Christian et Ana profitent pleinement de leur relation tortueuse et partagent une vie de luxe. Mais alors qu’Anastasia commence tout juste à s’adapter à son nouveau rôle de Madame Grey et que Christian s’ouvre finalement à elle, de nouvelles menaces viennent mettre en péril leur vie commune avant même qu’elle n’ait débuté.",James Foley,Niall Leonard,"Dakota Johnson,Jamie Dornan,Eric Johnson","2,1","2,5",U.S.A.,Universal Pictures International France,1 prix et 2 nominations,2018,Long métrage,Anglais,2 759 444 entrées
Doctor Strange,https://fr.web.img6.acsta.net/c_310_420/pictures/16/09/09/08/57/518191.jpg,26 octobre 2016,en salle,"Aventure,Fantastique",Tout public,"Doctor Strange suit l'histoire du Docteur Stephen Strange, talentueux neurochirurgien qui, après un tragique accident de voiture, doit mettre son égo de côté et apprendre les secrets d'un monde caché de mysticisme et de dimensions alternatives. Basé à New York, dans le quartier de Greenwich Village, Doctor Strange doit jouer les intermédiaires entre le monde réel et ce qui se trouve au-delà, en utlisant un vaste éventail d'aptitudes métaphysiques et d'artefacts pour protéger le Marvel Cinematic Universe.",Scott Derrickson,"Jon Spaihts,Thomas Dean Donnelly","Benedict Cumberbatch,Chiwetel Ejiofor,Tilda Swinton","3,1","3,9",U.S.A.,The Walt Disney Company France,4 nominations,2016,Long métrage,Anglais,1 919 955 entrées
The Green Hornet,https://fr.web.img2.acsta.net/c_310_420/medias/nmedia/18/79/96/71/19603577.jpg,12 janvier 2011,en salle,"Action,Comédie",Tout public,"Le directeur du journal Daily Sentinel se transforme la nuit en super-héros connu sous le nom de Frelon Vert. Il est secondé par Kato, l'expert en arts martiaux.",Michel Gondry,"Seth Rogen,Evan Goldberg","Seth Rogen,Cameron Diaz,Jay Chou","3,5","2,9",U.S.A.,Sony Pictures Releasing France,3 nominations,2011,Long métrage,Le Frelon vert,731 210 entrées
Rambo: Last Blood,https://fr.web.img3.acsta.net/c_310_420/pictures/19/09/12/15/49/2773883.jpg,25 septembre 2019,en salle,Action,Interdit - 12 ans avec avertissement,"Cinquième épisode de la saga Rambo.,Vétéran de la Guerre du Vietnam, John Rambo va devoir affronter un cartel mexicain.",Adrian Grunberg,"Matt Cirulnick,Sylvester Stallone","Sylvester Stallone,Yvette Monreal,Adriana Barraza","2,1","3,3",U.S.A.,Metropolitan FilmExport,7 nominations,2019,Long métrage,Anglais,598 353 entrées
Jason Bourne,https://fr.web.img2.acsta.net/c_310_420/pictures/16/06/21/09/42/573260.jpg,10 août 2016,en salle,"Action,Thriller",Tout public,La traque de Jason Bourne par les services secrets américains se poursuit. Des îles Canaries à Londres en passant par Las Vegas...,Paul Greengrass,"Paul Greengrass,Christopher Rouse","Matt Damon,Tommy Lee Jones,Alicia Vikander","3,2","3,4",U.S.A.,Universal Pictures International France,1 nomination,2016,Long métrage,Anglais,1 465 933 entrées
Mud - Sur les rives du Mississippi,https://fr.web.img6.acsta.net/c_310_420/pictures/210/002/21000219_20130419193021705.jpg,1 mai 2013,en salle,Drame,Tout public,"Ellis et Neckbone, 14 ans, découvrent lors d’une de leurs escapades quotidiennes, un homme réfugié sur une île au milieu du Mississipi. C’est Mud : un serpent tatoué sur le bras, un flingue et une chemise porte-bonheur. Mud, c’est aussi un homme qui croit en l’amour, une croyance à laquelle Ellis a désespérément besoin de se raccrocher pour tenter d’oublier les tensions quotidiennes entre ses parents. Très vite, Mud met les deux adolescents à contribution pour réparer un bateau qui lui permettra de quitter l’île. Difficile cependant pour les garçons de déceler le vrai du faux dans les paroles de Mud. A-t-il vraiment tué un homme, est-il poursuivi par la justice, par des chasseurs de primes ? Et qui est donc cette fille mystérieuse qui vient de débarquer dans leur petite ville de l’Arkansas ?",Jeff Nichols,Jeff Nichols,"Matthew McConaughey,Reese Witherspoon,Tye Sheridan","4,1","4,1",U.S.A.,Ad Vitam,1 prix et 3 nominations,2012,Long métrage,Anglais,640 050 entrées
Arrietty le petit monde des chapardeurs,https://fr.web.img6.acsta.net/c_310_420/medias/nmedia/18/82/01/13/19597854.jpg,12 janvier 2011,en salle,"Aventure,Animation,Famille,Fantastique",Tout public,"Dans la banlieue de Tokyo, sous le plancher d’une vieille maison perdue au cœur d’un grand jardin, la minuscule Arrietty vit en secret avec sa famille. Ce sont des Chapardeurs. Arrietty connaît les règles : on n’emprunte que ce dont on a besoin, en si petite quantité que les habitants de la maison ne s’en aperçoivent pas. Plus important encore, on se méfie du chat, des rats, et interdiction absolue d’être vus par les humains sous peine d’être obligés de déménager. Arrietty sait tout cela. Pourtant, lorsqu’un jeune garçon, Sho, arrive à la maison pour se reposer avant une grave opération, elle sent que tout sera différent. Entre la jeune fille et celui qu’elle voit comme un géant, se noue une amitié que personne ne pourra oublier…",Hiromasa Yonebayashi,"Hayao Miyazaki,Keiko Niwa","Moises Arias,Bridgit Mendler,David Henrie","3,7","4,1",Japon,The Walt Disney Company France,2 nominations,2010,Long métrage,"Anglais, Japonais",805 600 entrées
Victoria,https://fr.web.img5.acsta.net/c_310_420/pictures/16/07/28/11/56/545138.jpg,14 septembre 2016,en salle,Comédie dramatique,Tout public,"Victoria Spick, avocate pénaliste en plein néant sentimental, débarque à un mariage où elle y retrouve son ami Vincent et Sam, un ex-dealer qu’elle a sorti d’affaire. Le lendemain, Vincent est accusé de tentative de meurtre par sa compagne. Seul témoin de la scène, le chien de la victime.,Victoria accepte à contrecœur de défendre Vincent tandis qu'elle embauche Sam comme jeune homme au pair. Le début d’une série de cataclysmes pour Victoria.",Justine Triet,Justine Triet,"Virginie Efira,Vincent Lacoste,Melvil Poupaud","4,0","3,0",France,Le Pacte,10 nominations,2016,Long métrage,Français,640 989 entrées
Je voudrais que quelqu'un m'attende quelque part,https://fr.web.img6.acsta.net/c_310_420/pictures/19/08/20/09/58/4337141.jpg,22 janvier 2020,en salle,"Drame,Romance",Tout public,"Dans la belle maison familiale, à la fin de l’été, Aurore fête ses 70 ans, entourée de ses 4 enfants, tous venus pour l’occasion. Il y a là Jean-Pierre, l’aîné, qui a endossé le rôle de chef de famille après la mort de son père ; Juliette, enceinte de son premier enfant à 40 ans et qui rêve encore de devenir écrivain ; Margaux, l’artiste radicale de la famille, et Mathieu, 30 ans, angoissé de séduire la jolie Sarah.,Plus tard, un jour, l’un d’eux va prendre une décision qui changera leur vie…",Arnaud Viard,Arnaud Viard,"Jean-Paul Rouve,Alice Taglioni,Benjamin Lavernhe","2,9","3,0",France,UGC Distribution,1 nomination,2018,Long métrage,Français,450 867 entrées
Énorme,https://fr.web.img4.acsta.net/c_310_420/pictures/20/07/02/15/04/2650220.jpg,2 septembre 2020,en salle,Comédie,Tout public,"Ça lui prend d’un coup à 40 ans : Frédéric veut un bébé, Claire elle n’en a jamais voulu et ils étaient bien d’accord là-dessus. Il commet l’impardonnable et lui fait un enfant dans le dos. Claire se transforme en baleine et Frédéric devient gnangnan.",Sophie Letourneur,"Sophie Letourneur,Mathias Gavarry","Marina Foïs,Jonathan Cohen,Jacqueline Kakou","3,7","2,2",France,Memento,2 nominations,2019,Long métrage,Français,132 783 entrées
Hunger Games - L'embrasement,https://fr.web.img6.acsta.net/c_310_420/pictures/210/453/21045319_2013101714250983.jpg,27 novembre 2013,en salle,"Action,Drame,Science Fiction",Tout public,"Katniss Everdeen est rentrée chez elle saine et sauve après avoir remporté la 74e édition des Hunger Games avec son partenaire Peeta Mellark.,Puisqu’ils ont gagné, ils sont obligés de laisser une fois de plus leur famille et leurs amis pour partir faire la Tournée de la victoire dans tous les districts. Au fil de son voyage, Katniss sent que la révolte gronde, mais le Capitole exerce toujours un contrôle absolu sur les districts tandis que le Président Snow prépare la 75e édition des Hunger Games, les Jeux de l’Expiation – une compétition qui pourrait changer Panem à jamais…",Francis Lawrence,"Simon Beaufoy,Michael Arndt","Jennifer Lawrence,Josh Hutcherson,Liam Hemsworth","3,6","3,9",U.S.A.,Metropolitan FilmExport,1 nomination,2013,Long métrage,Anglais,3 140 889 entrées
I Feel Good,https://fr.web.img6.acsta.net/c_310_420/pictures/18/06/15/09/38/2883759.jpg,26 septembre 2018,en salle,Comédie,Tout public,"Monique dirige une communauté Emmaüs près de Pau. Après plusieurs années d’absence, elle voit débarquer son frère, Jacques, un bon à rien qui n’a qu’une obsession : trouver l’idée qui le rendra riche. Plus que des retrouvailles familiales, ce sont deux visions du monde qui s’affrontent.","Benoît Delépine,Gustave Kervern","Benoît Delépine,Gustave Kervern","Jean Dujardin,Yolande Moreau,Joseph Dahan","3,6","2,7",France,Ad Vitam,2 nominations,2017,Long métrage,Français,527 324 entrées
Carbone,https://fr.web.img5.acsta.net/c_310_420/pictures/17/10/05/14/35/2625078.jpg,1 novembre 2017,en salle,Policier,Tout public,"Menacé de perdre son entreprise, Antoine Roca, un homme ordinaire, met au point une arnaque qui deviendra le casse du siècle. Rattrapé par le grand banditisme, il lui faudra faire face aux trahisons, meurtres et règlements de compte.",Olivier Marchal,"Emmanuel Naccache,Olivier Marchal","Benoît Magimel, Gringe,Idir Chender","3,1","3,6",France,EuropaCorp Distribution,1 nomination,2017,Long métrage,Français,711 129 entrées
Champions,https://fr.web.img3.acsta.net/c_310_420/pictures/18/04/30/10/20/5882007.jpg,6 juin 2018,en salle,"Comédie,Drame",Tout public,"Marco occupe le prestigieux poste d’entraîneur-adjoint de l'équipe d'Espagne de basket. Mais son mauvais caractère lui pose problème. Après une série de déconvenues dont il est le seul responsable, Marco se retrouve à devoir coacher une équipe de déficients mentaux.",Javier Fesser,"David Marqués,Javier Fesser","Javier Gutiérrez,Alberto Nieto Fernández,Daniel Freire","3,2","3,8",Espagne,Le Pacte,4 prix et 5 nominations,2018,Long métrage,Espagnol,99 546 entrées
Des hommes et des dieux,https://fr.web.img5.acsta.net/c_310_420/medias/nmedia/18/77/69/73/19476857.jpg,8 septembre 2010,en salle,Drame,Tout public,"Un monastère perché dans les montagnes du Maghreb, dans les années 1990. Huit moines chrétiens français vivent en harmonie avec leurs frères musulmans. Quand une équipe de travailleurs étrangers est massacrée par un groupe islamiste, la terreur s’installe dans la région. L'armée propose une protection aux moines, mais ceux-ci refusent. Doivent-ils partir ? Malgré les menaces grandissantes qui les entourent, la décision des moines de rester coûte que coûte, se concrétise jour après jour…,Ce film s’inspire librement de la vie des Moines Cisterciens de Tibhirine en Algérie de 1993 jusqu’à leur enlèvement en 1996.",Xavier Beauvois,"Xavier Beauvois,Etienne Comar","Lambert Wilson,Michael Lonsdale,Olivier Rabourdin","4,1","3,4",France,Mars Films,7 prix et 19 nominations,2010,Long métrage,"ARABIC, Français",3 204 170 entrées
Rebelle,https://fr.web.img4.acsta.net/c_310_420/medias/nmedia/18/84/94/35/20186089.jpg,1 août 2012,en salle,"Aventure,Animation,Comédie",Tout public,"Depuis la nuit des temps, au cœur des terres sauvages et mystérieuses des Highlands d’Ecosse, récits de batailles épiques et légendes mythiques se transmettent de génération en génération. Merida, l’impétueuse fille du roi Fergus et de la reine Elinor, a un problème… Elle est la seule fille au monde à ne pas vouloir devenir princesse ! Maniant l’arc comme personne, Merida refuse de se plier aux règles de la cour et défie une tradition millénaire sacrée aux yeux de tous et particulièrement de sa mère. Dans sa quête de liberté, Merida va involontairement voir se réaliser un vœu bien malheureux et précipiter le royaume dans le chaos. Sa détermination va lui être cruciale pour déjouer cette terrible malédiction.","Mark Andrews,Brenda Chapman,Steve Purcell","Mark Andrews,Steve Purcell","Bérénice Bejo,Kelly Macdonald,Jacques Frantz","3,5","3,8",U.S.A.,The Walt Disney Company France,2 prix et 3 nominations,2012,Long métrage,Anglais,3 070 740 entrées
Battleship,https://fr.web.img6.acsta.net/c_310_420/medias/nmedia/18/74/29/79/20066543.jpg,11 avril 2012,en salle,"Action,Science Fiction,Thriller",Tout public,"Océan Pacifique… Au large d’Hawaï, l’US Navy déploie toute sa puissance. Mais bientôt, une forme étrange et menaçante émerge à la surface des eaux, suivie par des dizaines d’autres dotées d’une puissance de destruction inimaginable.,Qui sont-ils ? Que faisaient-ils, cachés depuis si longtemps au fond de l’océan ?,A bord de l’USS John Paul Jones, le jeune officier Hopper, l’Amiral Shane, le sous-officier Raikes vont découvrir que l’océan n’est pas toujours aussi pacifique qu’il y paraît.,La bataille pour sauver notre planète débute en mer.",Peter Berg,"Erich Hoeber,Jon Hoeber","Taylor Kitsch, Rihanna,Liam Neeson","2,3","2,5",U.S.A.,Universal Pictures International France,1 prix et 6 nominations,2012,Long métrage,Anglais,1 063 484 entrées
Star Wars - Les Derniers Jedi,https://fr.web.img4.acsta.net/c_310_420/pictures/17/10/10/04/58/2061488.jpg,13 décembre 2017,en salle,"Action,Science Fiction",Tout public,Les héros du Réveil de la force rejoignent les figures légendaires de la galaxie dans une aventure épique qui révèle des secrets ancestraux sur la Force et entraîne de surprenantes révélations sur le passé…,Rian Johnson,Rian Johnson,"Daisy Ridley,John Boyega,Oscar Isaac","3,6","3,0",U.S.A.,The Walt Disney Company France,4 nominations,2017,Long métrage,Anglais,7 076 549 entrées
Dallas Buyers Club,https://fr.web.img6.acsta.net/c_310_420/pictures/14/01/24/12/09/007448.jpg,29 janvier 2014,en salle,"Biopic,Drame",Tout public,"1986, Dallas, Texas, une histoire vraie. Ron Woodroof a 35 ans, des bottes, un Stetson, c’est un cow-boy, un vrai. Sa vie : sexe, drogue et rodéo. Tout bascule quand, diagnostiqué séropositif, il lui reste 30 jours à vivre. Révolté par l’impuissance du corps médical, il recourt à des traitements alternatifs non officiels. Au fil du temps, il rassemble d’autres malades en quête de guérison : le Dallas Buyers Club est né. Mais son succès gêne, Ron doit s’engager dans une bataille contre les laboratoires et les autorités fédérales. C’est son combat pour une nouvelle cause… et pour sa propre vie.",Jean-Marc Vallée,"Craig Borten,Melisa Wallack","Matthew McConaughey,Jennifer Garner,Jared Leto","3,9","4,3",U.S.A.,UGC Distribution,10 prix et 7 nominations,2013,Long métrage,"Anglais, Japonais",372 019 entrées
Comme un Chef,https://fr.web.img2.acsta.net/c_310_420/medias/nmedia/18/87/69/50/20017437.jpg,7 mars 2012,en salle,Comédie,Tout public,"Jacky Bonnot, 32 ans, amateur de grande cuisine, au talent certain, rêve de succès et de grand restaurant. La situation financière de son couple le contraint cependant d'accepter des petits boulots de cuistot qu'il n'arrive pas à conserver. Jusqu'au jour où il croise le chemin d'Alexandre Lagarde, grand chef étoilé dont la situation confortable est mise en danger par le groupe financier propriétaire de ses restaurants...",Daniel Cohen,"Olivier Dazat,Daniel Cohen","Jean Reno,Michaël Youn,Raphaëlle Agogué","2,0","2,7",France,Gaumont Distribution,1 prix et 5 nominations,2011,Long métrage,Français,346 519 entrées
Cinquante Nuances plus sombres,https://fr.web.img3.acsta.net/c_310_420/pictures/17/01/31/12/10/284981.jpg,8 février 2017,en salle,"Drame,Erotique,Romance",Interdit - 12 ans,"C’est un Christian blessé qui tente de reconquérir Anastasia. Cette dernière exige un nouveau contrat avant de lui laisser une seconde chance. Mais une ombre surgit du passé de Christian et plane sur les deux amants, déterminée à détruire un quelconque espoir de vie commune.",James Foley,Niall Leonard,"Dakota Johnson,Jamie Dornan,Bella Heathcote","1,5","2,4",U.S.A.,Universal Pictures International France,2 prix et 6 nominations,2017,Long métrage,Anglais,3 120 922 entrées
Forces spéciales,https://fr.web.img6.acsta.net/c_310_420/medias/nmedia/18/83/26/25/19777804.jpg,2 novembre 2011,en salle,"Action,Drame,Guerre",Tout public,"Afghanistan. Elsa Casanova, grand reporter, est prise en otage par les talibans. Devant l’imminence de son exécution, une unité des Forces Spéciales est envoyée pour la libérer. Dans des paysages à la fois hostiles et magnifiques, une poursuite impitoyable s’engage alors entre ses ex-ravisseurs qui n’entendent pas laisser leur proie leur échapper et ce groupe de soldats qui, au péril de leur vie, n’ont qu’un objectif : la ramener vivante. Entre cette femme de caractère et ces hommes de devoir, contraints d’affronter ensemble les pires dangers, vont se nouer des liens affectifs, violents, intimes…",Stephane Rybojad,Stephane Rybojad,"Diane Kruger,Djimon Hounsou,Benoît Magimel","1,2","3,3",France,StudioCanal,2 nominations,2011,Long métrage,"ARABIC, Français",204 606 entrées
L'Ecume des jours,https://fr.web.img6.acsta.net/c_310_420/pictures/14/01/24/11/49/372322.jpg,24 avril 2013,en salle,"Comédie dramatique,Fantastique",Tout public,"L’histoire surréelle et poétique d’un jeune homme idéaliste et inventif, Colin, qui rencontre Chloé, une jeune femme semblant être l’incarnation d’un blues de Duke Ellington. Leur mariage idyllique tourne à l’amertume quand Chloé tombe malade d’un nénuphar qui grandit dans son poumon. Pour payer ses soins, dans un Paris fantasmatique, Colin doit travailler dans des conditions de plus en plus absurdes, pendant qu’autour d’eux leur appartement se dégrade et que leur groupe d’amis, dont le talentueux Nicolas, et Chick, fanatique du philosophe Jean-Sol Partre, se délite.",Michel Gondry,"Michel Gondry,Luc Bossi","Romain Duris,Audrey Tautou,Gad Elmaleh","3,0","2,6",France,StudioCanal,1 prix et 7 nominations,2013,Long métrage,29/01/2014,861 627 entrées
Expendables : unité spéciale,https://fr.web.img6.acsta.net/c_310_420/medias/nmedia/18/78/57/80/19472891.jpg,18 août 2010,en salle,Action,Interdit - 12 ans,"Ce ne sont ni des mercenaires, ni des agents secrets. Ils choisissent eux-mêmes leurs missions et n'obéissent à aucun gouvernement. Ils ne le font ni pour l'argent, ni pour la gloire, mais parce qu'ils aident les cas désespérés.,Depuis dix ans, Izzy Hands, de la CIA, est sur les traces du chef de ces hommes, Barney Ross. Parce qu'ils ne sont aux ordres de personne, il devient urgent de les empêcher d'agir. Eliminer un général sud-américain n'est pas le genre de,que Barney Ross accepte, mais lorsqu'il découvre les atrocités commises sur des enfants, il ne peut refuser. Avec son équipe d'experts, Ross débarque sur l'île paradisiaque où sévit le tyran. Lorsque l'embuscade se referme sur eux, il comprend que dans son équipe, il y a un traître.,Après avoir échappé de justesse à la mort, ils reviennent aux Etats-Unis, où chaque membre de l'équipe est attendu. Il faudra que chacun atteigne les sommets de son art pour en sortir et démasquer celui qui a trahi...",Sylvester Stallone,"Sylvester Stallone,Dave Callaham","Sylvester Stallone,Jason Statham,Jet Li","2,8","2,9",U.S.A.,Metropolitan FilmExport,2 nominations,2010,Long métrage,"Anglais, Espagnol",1 645 513 entrées
Celle que Vous Croyez,https://fr.web.img2.acsta.net/c_310_420/pictures/19/01/11/09/30/0455654.jpg,27 février 2019,en salle,Drame,Tout public,"Pour épier son amant Ludo, Claire Millaud, 50 ans, crée un faux profil sur les réseaux sociaux et devient Clara une magnifique jeune femme de 24 ans. Alex, l’ami de Ludo, est immédiatement séduit. Claire, prisonnière de son avatar, tombe éperdument amoureuse de lui. Si tout se joue dans le virtuel, les sentiments sont bien réels. Une histoire vertigineuse où réalité et mensonge se confondent.",Safy Nebbou,"Safy Nebbou,Julie Peyr","Juliette Binoche,François Civil,Nicole Garcia","3,4","3,7",France,Diaphana Distribution,1 prix et 1 nomination,2018,Long métrage,Français,219 953 entrées
Yesterday,https://fr.web.img6.acsta.net/c_310_420/pictures/19/06/18/10/50/4755889.jpg,3 juillet 2019,en salle,"Comédie,Comédie musicale",Tout public,"Hier tout le monde connaissait les Beatles, mais aujourd’hui seul Jack se souvient de leurs chansons. Il est sur le point de devenir extrêmement célèbre.,Jack Malik est un auteur-compositeur interprète en galère, dont les rêves sont en train de sombrer dans la mer qui borde le petit village où il habite en Angleterre, en dépit des encouragements d’Ellie, sa meilleure amie d’enfance qui n’a jamais cessé de croire en lui. Après un accident avec un bus pendant une étrange panne d’électricité, Jack se réveille dans un monde où il découvre que les Beatles n’ont jamais existé… ce qui va le mettre face à un sérieux cas de conscience.",Danny Boyle,Richard Curtis,"Himesh Patel,Lily James,Ed Sheeran","3,5","3,7",Grande-Bretagne,Universal Pictures International France,2 prix et 1 nomination,2019,Long métrage,Anglais,678 617 entrées
Les Indestructibles 2,https://fr.web.img5.acsta.net/c_310_420/pictures/18/04/13/15/09/0323902.jpg,4 juillet 2018,en salle,"Aventure,Animation,Famille",Tout public,"Notre famille de super-héros préférée est de retour! Cette fois c’est Hélène qui se retrouve sur le devant de la scène laissant à Bob le soin de mener à bien les mille et une missions de la vie quotidienne et de s’occuper de Violette, Flèche et de bébé Jack-Jack. C’est un changement de rythme difficile pour la famille d’autant que personne ne mesure réellement l’étendue des incroyables pouvoirs du petit dernier… Lorsqu’un nouvel ennemi fait surface, la famille et Frozone vont devoir s’allier comme jamais pour déjouer son plan machiavélique.",Brad Bird,Brad Bird,"Gérard Lanvin,Craig T. Nelson,Déborah Perret","4,2","4,2",U.S.A.,The Walt Disney Company France,4 nominations,2018,Long métrage,Anglais,5 688 095 entrées
Du Vent dans mes mollets,https://fr.web.img4.acsta.net/c_310_420/medias/nmedia/18/85/83/20/20169197.jpg,22 août 2012,en salle,Comédie,Tout public,"Prise en sandwich entre des parents qui la gavent d'amour et de boulettes, Rachel, 9 ans, compte les minutes qui la séparent de la liberté. Jusqu'au jour où son chemin croise celui de l’intrépide Valérie.",Carine Tardieu,Carine Tardieu,"Agnès Jaoui,Denis Podalydès,Isabelle Carré","3,2","3,8",France,Gaumont Distribution,5 nominations,2011,Long métrage,Français,614 928 entrées
Mine de rien,https://fr.web.img3.acsta.net/c_310_420/pictures/20/01/23/09/03/4377710.jpg,26 février 2020,en salle,Comédie,Tout public,"Dans une région qui fut le fleuron de l'industrie minière, deux chômeurs de longue durée, ont l'idée de construire un parc d'attraction ""artisanal"" sur une ancienne mine de charbon désaffectée. En sauvant la mine et sa mémoire, ils vont retrouver force et dignité.",Mathias Mlekuz,"Mathias Mlekuz,Philippe Rebbot","Arnaud Ducret,Philippe Rebbot,Mélanie Bernier","3,3","2,3",France,Orange Studio Distribution / UGC Distribution,# prix,2019,Long métrage,Français,106 636 entrées
L'Elève Ducobu,https://fr.web.img4.acsta.net/c_310_420/medias/nmedia/18/79/86/48/19736959.jpg,22 juin 2011,en salle,Comédie,Tout public,"L’élève Ducobu s’est encore fait renvoyer d’une école. Cette fois, pour éviter de finir en pension, il n’a plus qu’une seule chance : réussir à Saint-Potache. Pour s’en sortir, ce cancre attachant va devoir se surpasser et mettre au point les tricheries les plus ingénieuses et les plus spectaculaires jamais imaginées. La partie est loin d’être gagnée car Mr Latouche, son redoutable professeur, est un adversaire coriace et Léonie, la première de la classe sur qui il tente de copier, ne va pas rester longtemps sous son charme…",Philippe de Chauveron,"Philippe de Chauveron,Marc de Chauveron","Vincent Claude,Juliette Chappey,Elie Semoun","2,1","2,0",France,UGC Distribution,5 nominations,2011,Long métrage,Français,1 469 741 entrées
Adèle Blanc-Sec,https://fr.web.img5.acsta.net/c_310_420/medias/nmedia/18/73/09/09/19410139.jpg,14 avril 2010,en salle,"Aventure,Policier",Tout public,"En cette année 1912, Adèle Blanc-Sec, jeune journaliste intrépide, est prête à tout pour arriver à ses fins, y compris débarquer en Égypte et se retrouver aux prises avec des momies en tout genre. Au même moment à Paris, c'est la panique ! Un œuf de ptérodactyle, vieux de 136 millions d'années, a mystérieusement éclos sur une étagère du Jardin des Plantes, et l'oiseau sème la terreur dans le ciel de la capitale. Pas de quoi déstabiliser Adèle Blanc-Sec, dont les aventures révèlent bien d'autres surprises extraordinaires...",Luc Besson,Luc Besson,"Louise Bourgoin,Gilles Lellouche,Mathieu Amalric","2,8","2,4",France,EuropaCorp Distribution,1 prix et 6 nominations,2010,Long métrage,Français,1 602 720 entrées
Vive la France,https://fr.web.img3.acsta.net/c_310_420/medias/nmedia/18/90/88/24/20415566.jpg,20 février 2013,en salle,Comédie,Tout public,"Muzafar et Feruz sont deux gentils bergers du Taboulistan… tout petit pays d’Asie centrale dont personne ne soupçonne l’existence. Afin de faire connaître son pays sur la scène internationale, le fils du président tabouli décide de se lancer dans le terrorisme «publicitaire» et de confier à nos deux bergers, plus naïfs que méchants, la mission de leur vie : détruire la Tour Eiffel ! Pour atteindre leur objectif, ils devront traverser le milieu le plus hostile qui soit : la France ! Une France, bien loin de l’Occident qu’on leur avait décrit : entre les nationalistes corses, les policiers zélés, les taxis malhonnêtes, les supporters violents, les employés râleurs, les serveurs pas-aimables, les administrations kafkaïennes et les erreurs médicales… rien ne leur sera épargné. Ils rencontreront heureusement Marianne, jeune et jolie journaliste qui, pensant qu’ils sont deux sans-papiers, les aidera à traverser ces épreuves et leur fera découvrir un autre visage de la France… Celui d’une terre d’accueil, magnifique et généreuse, où il fait si bon vivre. Vive la France !",Michaël Youn,"Michaël Youn,Dominique Gauriaud","José Garcia,Michaël Youn,Isabelle Funaro","1,8","2,1",France,Gaumont Distribution,2 nominations,2013,Long métrage,Français,1 103 659 entrées
Capitaine Phillips,https://fr.web.img6.acsta.net/c_310_420/pictures/210/407/21040713_20130919122153669.jpg,20 novembre 2013,en salle,"Drame,Thriller",Tout public,"Capitaine Phillips retrace l’histoire vraie de la prise d’otages du navire de marine marchande américain,, menée en 2009 par des pirates somaliens. La relation qui s’instaure entre le capitaine Richard Phillips, commandant du bateau, et Muse, le chef des pirates somaliens qui le prend en otage, est au cœur du récit. Les deux hommes sont inévitablement amenés à s’affronter lorsque Muse et son équipe s’attaquent au navire désarmé de Phillips. À plus de 230 kilomètres des côtes somaliennes, les deux camps vont se retrouver à la merci de forces qui les dépassent…",Paul Greengrass,Billy Ray,"Tom Hanks,Catherine Keener,Barkhad Abdi","3,5","4,2",U.S.A.,Sony Pictures Releasing France,1 prix et 23 nominations,2013,Long métrage,"Anglais, Somali",446 023 entrées
Elle s'appelait Sarah,https://fr.web.img3.acsta.net/c_310_420/medias/nmedia/18/72/82/00/19481411.jpg,13 octobre 2010,en salle,Drame,Tout public,"Julia Jarmond, journaliste américaine installée en France depuis 20 ans, enquête sur l'épisode douloureux du Vel d'Hiv.,En remontant les faits, son chemin croise celui de Sarah, une petite fille qui avait 10 ans en juillet 1942.,Ce qui n'était que le sujet d'un article devient alors, pour Julia, un enjeu personnel, dévoilant un mystère familial.,Comment deux destins, à 60 ans de distance, vont-ils se mêler pour révéler un secret qui bouleversera à jamais la vie de Julia et de ses proches ?,La vérité issue du passé a parfois un prix dans le présent...",Gilles Paquet-Brenner,"Serge Joncour,Gilles Paquet-Brenner","Kristin Scott Thomas,Mélusine Mayance,Niels Arestrup","3,3","4,1",France,UGC Distribution,1 prix et 5 nominations,2010,Long métrage,Français,805 368 entrées
Jurassic World: Fallen Kingdom,https://fr.web.img2.acsta.net/c_310_420/pictures/18/04/18/08/52/3826877.jpg,6 juin 2018,en salle,"Action,Aventure,Science Fiction",Tout public,"Cela fait maintenant trois ans que les dinosaures se sont échappés de leurs enclos et ont détruit le parc à thème et complexe de luxe Jurassic World. Isla Nublar a été abandonnée par les humains alors que les dinosaures survivants sont livrés à eux-mêmes dans la jungle. Lorsque le volcan inactif de l'île commence à rugir, Owen et Claire s’organisent pour sauver les dinosaures restants de l’extinction.  Owen se fait un devoir de retrouver Blue, son principal raptor qui a disparu dans la nature, alors que Claire, qui a maintenant un véritable respect pour ces créatures, s’en fait une mission. Arrivant sur l'île instable alors que la lave commence à pleuvoir, leur expédition découvre une conspiration qui pourrait ramener toute notre planète à un ordre périlleux jamais vu depuis la préhistoire.,",Juan Antonio Bayona,"Colin Trevorrow,Derek Connolly","Chris Pratt,Bryce Dallas Howard,Rafe Spall","3,3","3,3",U.S.A.,Universal Pictures International France,1 nomination,2018,Long métrage,Anglais,3 641 125 entrées
Amanda,https://fr.web.img6.acsta.net/c_310_420/pictures/18/10/17/16/34/3385152.jpg,21 novembre 2018,en salle,Drame,Tout public,"Paris, de nos jours. David, 24 ans, vit au présent. Il jongle entre différents petits boulots et recule, pour un temps encore, l’heure des choix plus engageants. Le cours tranquille des choses vole en éclats quand sa sœur aînée meurt brutalement. Il se retrouve alors en charge de sa nièce de 7 ans, Amanda.",Mikhaël Hers,"Mikhaël Hers,Maud Ameline","Vincent Lacoste,Isaure Multrier,Stacy Martin","4,0","3,9",France,Pyramide Distribution,4 nominations,2018,Long métrage,Français,260 742 entrées
Wild,https://fr.web.img2.acsta.net/c_310_420/pictures/14/12/29/17/34/133223.jpg,14 janvier 2015,en salle,"Biopic,Drame",Tout public,"Après plusieurs années d’errance, d’addiction et l’échec de son couple, Cheryl Strayed prend une décision radicale : elle tourne le dos à son passé et, sans aucune expérience, se lance dans un périple en solitaire de 1700 kilomètres, à pied, avec pour seule compagnie le souvenir de sa mère disparue… Cheryl va affronter ses plus grandes peurs, approcher ses limites, frôler la folie et découvrir sa force.Une femme qui essaye de se reconstruire décide de faire une longue randonnée sur la côte ouest des Etats-Unis.",Jean-Marc Vallée,Nick Hornby,"Reese Witherspoon,Gaby Hoffmann,Laura Dern","3,0","3,8",U.S.A.,Twentieth Century Fox France,6 nominations,2014,Long métrage,Anglais,111 340 entrées
Le Stratège,https://fr.web.img5.acsta.net/c_310_420/medias/nmedia/18/85/63/69/19798375.jpg,16 novembre 2011,en salle,"Biopic,Drame",Tout public,"Voici l’histoire vraie de Billy Beane, un ancien joueur de baseball prometteur qui, à défaut d’avoir réussi sur le terrain, décida de tenter sa chance en dirigeant une équipe comme personne ne l’avait fait auparavant…,Alors que la saison 2002 se profile, Billy Beane, le manager général des Oakland Athletics, est confronté à une situation difficile : sa petite équipe a encore perdu ses meilleurs joueurs, attirés par les grands clubs et leurs gros salaires. Bien décidé à gagner malgré tout, il cherche des solutions qui ne coûtent rien et auxquelles personne n’aurait pensé avant… Il va s’appuyer sur des théories statistiques et engager Peter Brand, un économiste amateur de chiffres issu de Yale. Ensemble, contre tous les principes, ils reconsidèrent la valeur de chaque joueur sur la base des statistiques et réunissent une brochette de laissés-pour-compte oubliés par l’establishment du baseball. Trop bizarres, trop vieux, blessés ou posant trop de problèmes, tous ces joueurs ont en commun des capacités sous-évaluées. Avec leurs méthodes et leur équipe de bras cassés, Beane et Brand s’attirent les moqueries et l’hostilité de la vieille garde, des médias et des fans, jusqu’à ce que les premiers résultats tombent… Sans le savoir, Beane est en train de révolutionner toute la pratique d’un des sports les plus populaires du monde.",Bennett Miller,"Steven Zaillian,Aaron Sorkin","Brad Pitt,Jonah Hill,Philip Seymour Hoffman","4,0","3,9",U.S.A.,Sony Pictures Releasing France,2 prix et 23 nominations,2011,Long métrage,Anglais,110 615 entrées
Omar m'a tuer,https://fr.web.img2.acsta.net/c_310_420/medias/nmedia/18/82/64/71/19723261.jpg,22 juin 2011,en salle,"Policier,Drame",Tout public,"Le 24 juin 1991, Ghislaine Marchal est retrouvée morte dans la cave de sa villa de Mougins. Des lettres de sang accusent : « Omar m’a tuer ». Quelques jours plus tard, Omar Raddad, son jardinier, est écroué à la prison de Grasse. Il parle peu, comprend mal le français, a la réputation d’être calme et sérieux. Dès lors, il est le coupable évident. Il n’en sortira que 7 ans plus tard, gracié, mais toujours coupable aux yeux de la justice. En 1994, révolté par le verdict, Pierre-Emmanuel Vaugrenard, écrivain convaincu de l’innocence d’Omar Raddad, s’installe à Nice pour mener sa propre enquête et rédiger un ouvrage sur l’affaire…",Roschdy Zem,"Roschdy Zem,Olivier Gorce","Sami Bouajila,Denis Podalydès,Maurice Bénichou","3,3","3,7",France,Mars Films,1 prix et 5 nominations,2010,Long métrage,Français,572 768 entrées
Shame,https://fr.web.img6.acsta.net/c_310_420/medias/nmedia/18/81/98/98/19841064.jpg,7 décembre 2011,en salle,Drame,Interdit - 12 ans,"Le film aborde de manière très frontale la question d'une addiction sexuelle, celle de Brandon, trentenaire new-yorkais, vivant seul et travaillant beaucoup. Quand sa sœur Sissy arrive sans prévenir à New York et s'installe dans son appartement, Brandon aura de plus en plus de mal à dissimuler sa vraie vie...",Steve McQueen (II),"Abi Morgan,Steve McQueen (II)","Michael Fassbender,Carey Mulligan,James Badge Dale","4,0","3,6",Grande-Bretagne,MK2 Diffusion,5 prix et 26 nominations,2011,Long métrage,Anglais,435 996 entrées
Une nouvelle amie,https://fr.web.img2.acsta.net/c_310_420/pictures/14/09/11/17/04/487904.jpg,5 novembre 2014,en salle,Drame,Tout public,"À la suite du décès de sa meilleure amie, Claire fait une profonde dépression, mais une découverte surprenante au sujet du mari de son amie va lui redonner goût à la vie.",François Ozon,François Ozon,"Romain Duris,Anaïs Demoustier,Raphaël Personnaz","3,5","3,4",France,Mars Films,1 prix et 3 nominations,2014,Long métrage,Français,568 161 entrées
Pacific Rim,https://fr.web.img6.acsta.net/c_310_420/pictures/210/081/21008109_20130524124818714.jpg,17 juillet 2013,en salle,"Action,Aventure",Tout public,"Surgies des flots, des hordes de créatures monstrueuses venues d’ailleurs, les «Kaiju», ont déclenché une guerre qui a fait des millions de victimes et épuisé les ressources naturelles de l’humanité pendant des années. Pour les combattre, une arme d’un genre nouveau a été mise au point : de gigantesques robots, les «Jaegers», contrôlés simultanément par deux pilotes qui communiquent par télépathie grâce à une passerelle neuronale baptisée le «courant». Mais même les Jaegers semblent impuissants face aux redoutables Kaiju.,Alors que la défaite paraît inéluctable, les forces armées qui protègent l’humanité n’ont d’autre choix que d’avoir recours à deux héros hors normes : un ancien pilote au bout du rouleau et une jeune femme en cours d’entraînement qui font équipe pour manoeuvrer un Jaeger d’apparence obsolète. Ensemble, ils incarnent désormais le dernier rempart de l’humanité contre une apocalypse de plus en plus imminente…",Guillermo del Toro,"Travis Beacham,Guillermo del Toro","Charlie Hunnam,Idris Elba,Rinko Kikuchi","3,4","3,5",U.S.A.,Warner Bros. France,1 nomination,2013,Long métrage,"Cantonais, Anglais, Japonais",1 019 101 entrées
Douleur et gloire,https://fr.web.img6.acsta.net/c_310_420/pictures/19/04/18/11/45/1896822.jpg,17 mai 2019,en salle,Drame,Tout public,"Une série de retrouvailles après plusieurs décennies, certaines en chair et en os, d’autres par le souvenir, dans la vie d’un réalisateur en souffrance. Premières amours, les suivantes, la mère, la mort, des acteurs avec qui il a travaillé, les années 60, les années 80 et le présent. L’impossibilité de séparer création et vie privée. Et le vide, l’insondable vide face à l’incapacité de continuer à tourner.",Pedro Almodóvar,Pedro Almodóvar,"Antonio Banderas,Asier Etxeandia,Leonardo Sbaraglia","4,6","3,9",Espagne,Pathé Films,3 prix et 8 nominations,2019,Long métrage,Espagnol,800 126 entrées
Tron l'héritage,https://fr.web.img4.acsta.net/c_310_420/medias/nmedia/18/71/75/38/19640130.jpg,9 février 2011,en salle,"Action,Aventure,Science Fiction",Tout public,"Sam Flynn, 27 ans, est le fils expert en technologie de Kevin Flynn. Cherchant à percer le mystère de la disparition de son père, il se retrouve aspiré dans ce même monde de programmes redoutables et de jeux mortels où vit son père depuis 25 ans. Avec la fidèle confidente de Kevin, père et fils s'engagent dans un voyage où la mort guette, à travers un cyber univers époustouflant visuellement, devenu plus avancé technologiquement et plus dangereux que jamais...",Joseph Kosinski,"Adam Horowitz,Richard Jefferies","Jeff Bridges,Garrett Hedlund,Olivia Wilde","2,7","3,3",U.S.A.,The Walt Disney Company France,8 nominations,2010,Long métrage,Anglais,1 165 450 entrées
Augustine,https://fr.web.img2.acsta.net/c_310_420/medias/nmedia/18/86/42/63/20251233.jpg,7 novembre 2012,en salle,Drame,Tout public,"Paris, hiver 1885. A l’hôpital de la Pitié Salpêtrière, le professeur Charcot étudie une maladie mystérieuse : l’hystérie. Augustine, 19 ans, devient son cobaye favori, la vedette de ses démonstrations d’hypnose. D’objet d’étude, elle deviendra peu à peu objet de désir.",Alice Winocour,Alice Winocour,"Vincent Lindon, Soko,Chiara Mastroianni","3,9","2,7",France,ARP Sélection,1 prix et 9 nominations,2012,Long métrage,Français,170 115 entrées
Le Dernier maître de l'air,https://fr.web.img6.acsta.net/c_310_420/medias/nmedia/18/70/76/18/19444000.jpg,28 juillet 2010,en salle,"Action,Aventure,Famille,Fantastique",Tout public,"Air, Eau, Terre, Feu : l'équilibre du monde bascule par une guerre sauvage engagée depuis un siècle déjà par la Nation du Feu contre les trois autres nations. Mettant au défi son courage et son aptitude au combat, Aang découvre qu’il est le nouvel Avatar, seul être capable de maîtriser les quatre éléments. Il s’allie à Katara, un Maître de l’Eau, et à son frère aîné Sokka, afin de stopper la Nation du  Feu avant qu'il ne soit trop tard...",M. Night Shyamalan,M. Night Shyamalan,"Noah Ringer,Dev Patel,Nicola Peltz Beckham","1,9","2,1",U.S.A.,Paramount Pictures France,5 prix et 4 nominations,2010,Long métrage,Anglais,1 166 180 entrées
La Belle époque,https://fr.web.img3.acsta.net/c_310_420/pictures/19/05/09/08/54/5335514.jpg,6 novembre 2019,en salle,"Comédie,Drame,Romance",Tout public,"Victor, un sexagénaire désabusé, voit sa vie bouleversée le jour où Antoine, un brillant entrepreneur, lui propose une attraction d’un genre nouveau : mélangeant artifices théâtraux et reconstitution historique, cette entreprise propose à ses clients de replonger dans l’époque de leur choix. Victor choisit alors de revivre la semaine la plus marquante de sa vie : celle où, 40 ans plus tôt, il rencontra le grand amour...",Nicolas Bedos,Nicolas Bedos,"Daniel Auteuil,Guillaume Canet,Doria Tillier","3,5","4,0",France,Pathé / Orange Studio,5 prix et 17 nominations,2019,Long métrage,Français,1 243 297 entrées
Astérix - Le Domaine des Dieux,https://fr.web.img5.acsta.net/c_310_420/pictures/23/12/12/16/56/3491830.jpg,26 novembre 2014,en salle,"Aventure,Animation,Comédie",Tout public,"Nous sommes en 50 avant Jésus-Christ ; toute la Gaule est occupée par les Romains… Toute ? Non ! Car un village peuplé d'irréductibles Gaulois résiste encore et toujours à l'envahisseur. Exaspéré par la situation, Jules César décide de changer de tactique : puisque ses armées sont incapables de s’imposer par la force, c’est la civilisation romaine elle-même qui saura  séduire ces barbares Gaulois. Il fait donc construire à côté du village un domaine résidentiel luxueux destiné à des propriétaires romains. : « Le Domaine des Dieux  ». Nos amis gaulois résisteront ils à l’appât du gain et au confort romain ? Leur village deviendra-t-il une simple attraction touristique ? Astérix et Obélix vont tout faire pour contrecarrer les plans de César.","Louis Clichy,Alexandre Astier",Alexandre Astier,"Roger Carel,Guillaume Briat,Lorànt Deutsch","3,7","3,9","France,Belgique",SND,2 996 184 entrées,2014,Long métrage,07/02/2024,07/02/2024
"Shrek 4, il était une fin",https://fr.web.img6.acsta.net/c_310_420/medias/nmedia/18/71/56/64/19451582.jpg,30 juin 2010,en salle,"Animation,Comédie,Famille,Fantastique",Tout public,"Après avoir vaincu un méchant dragon, sauvé une belle princesse et le royaume de ses parents, que peut encore faire un ogre malodorant et mal léché ? Domestiqué, assagi, Shrek a perdu jusqu'à l'envie de rugir et regrette le bon vieux temps où il semait la terreur dans le royaume. Aujourd'hui, tel une idole déchue, il se contente de signer des autographes à tour de bras. Trop triste...,C'est alors que l'habile et sournois Tracassin lui propose un contrat. Shrek se retrouve soudain transporté dans un monde parallèle totalement déjanté où les ogres sont pourchassés, où Tracassin est roi, où Fiona et son bien-aimé ne se jamais rencontrés...,Shrek va-t-il réussir à déjouer le sortilège, à repasser de l'autre côté du miroir, à sauver ses amis, à retrouver son monde et reconquérir l'amour de sa vie ?",Mike Mitchell (V),"Josh Klausner,Darren Lemke","Alain Chabat,Mike Myers,Med Hondo","3,2","3,2",U.S.A.,Paramount Pictures France,2 nominations,2010,Long métrage,Anglais,4 534 238 entrées
Pirates des Caraïbes : la Fontaine de Jouvence,https://fr.web.img6.acsta.net/c_310_420/medias/nmedia/18/79/98/60/19713505.jpg,18 mai 2011,en salle,"Aventure,Comédie,Fantastique",Tout public,"Dans cette histoire pleine d’action, où vérité, trahison, jeunesse éternelle et mort forment un cocktail explosif, le capitaine Jack Sparrow retrouve une femme qu’il a connue autrefois. Leurs liens sont-ils faits d’amour ou cette femme n’est-elle qu’une aventurière sans scrupules qui cherche à l’utiliser pour découvrir la légendaire Fontaine de Jouvence ? Lorsqu’elle l’oblige à embarquer à bord du Queen Anne’s Revenge, le bateau du terrible pirate Barbe-Noire, Jack ne sait plus ce qu’il doit craindre le plus : le redoutable maître du bateau ou cette femme surgie de son passé...",Rob Marshall,"Jay Wolpert,Terry Rossio","Johnny Depp,Penélope Cruz,Geoffrey Rush","2,5","3,3",U.S.A.,The Walt Disney Company France,1 nomination,2011,Long métrage,Anglais,4 586 893 entrées
Astérix et Obélix : au service de Sa Majesté,https://fr.web.img3.acsta.net/c_310_420/medias/nmedia/18/89/32/13/20231929.jpg,17 octobre 2012,en salle,"Aventure,Comédie",Tout public,"50 avant Jésus Christ. César a soif de conquêtes. A la tête de ses glorieuses légions il décide d'envahir cette île située aux limites du monde connu, ce pays mystérieux appelé Brittania, la Bretagne.,La victoire est rapide et totale. Enfin... presque. Un petit village breton parvient à lui résister, mais ses forces faiblissent. Cordelia, la reine des Bretons, décide donc d’envoyer son plus fidèle officier, Jolitorax, chercher de l’aide en Gaule, auprès d’un autre petit village, connu pour son opiniâtre résistance aux Romains…,Dans le village gaulois en question, Astérix et Obélix sont déjà bien occupés. Le chef leur a en effet confié son neveu Goudurix, une jeune tête à claques fraîchement débarquée de Lutèce, dont ils sont censés faire un homme. Et c'est loin d'être gagné.,Quand Jolitorax arrive pour demander de l'aide, on décide de lui confier un tonneau de potion magique, et de le faire escorter par Astérix et Obélix, mais aussi Goudurix, car ce voyage semble une excellente occasion pour parfaire son éducation. Malheureusement, rien ne va se passer comme prévu...",Laurent Tirard,"Laurent Tirard,Grégoire Vigneron","Gérard Depardieu,Edouard Baer,Guillaume Gallienne","3,2","1,7",France,Wild Bunch Distribution,1 nomination,2012,Long métrage,Français,3 759 710 entrées
Le Vent se lève,https://fr.web.img5.acsta.net/c_310_420/pictures/210/525/21052583_2013102415340471.jpg,22 janvier 2014,en salle,"Animation,Biopic,Drame,Historique",Tout public,"Inspiré par le fameux concepteur d’avions Giovanni Caproni, Jiro rêve de voler et de dessiner de magnifiques avions. Mais sa mauvaise vue l’empêche de devenir pilote, et il se fait engager dans le département aéronautique d’une importante entreprise d’ingénierie en 1927. Son génie l’impose rapidement comme l’un des plus grands ingénieurs du monde.,Le Vent se lève raconte une grande partie de sa vie et dépeint les événements historiques clés qui ont profondément influencé le cours de son existence, dont le séisme de Kanto en 1923, la Grande Dépression, l’épidémie de tuberculose et l’entrée en guerre du Japon. Jiro connaîtra l’amour avec Nahoko et l’amitié avec son collègue Honjo. Inventeur extraordinaire, il fera entrer l’aviation dans une ère nouvelle.",Hayao Miyazaki,Hayao Miyazaki,"Steve Albert,Hideaki Anno,Miori Takimoto","4,2","4,1",Japon,The Walt Disney Company France,3 nominations,2013,Long métrage,"Français, Allemand, Italien, Japonais",736 728 entrées
Piranha 3D,https://fr.web.img4.acsta.net/c_310_420/medias/nmedia/18/65/59/98/19472488.jpg,1 septembre 2010,en salle,Epouvante-horreur,Interdit - 12 ans,"Alors que la ville de Lake Victoria s'apprête à recevoir des milliers d'étudiants pour le week-end de Pâques, un tremblement de terre secoue la ville et ouvre, sous le lac, une faille d'où des milliers de piranhas s'échappent. Inconscients du danger qui les guette, tous les étudiants font la fête sur le lac tandis que Julie, la shérif, découvre un premier corps dévoré... La journée va être d'autant plus longue pour elle que Jake, son fils, a délaissé la garde de ses jeunes frères et sœurs pour servir de guide à bord du bateau des sexy Wild Wild Girls !",Alexandre Aja,"Josh Stolberg,Pete Goldfinger","Ving Rhames,Elisabeth Shue,Christopher Lloyd","3,5","2,6",U.S.A.,Wild Bunch Distribution,1 nomination,2010,Long métrage,Anglais,640 360 entrées
Logan,https://fr.web.img2.acsta.net/c_310_420/pictures/17/01/19/16/02/513278.jpg,1 mars 2017,en salle,"Action,Science Fiction",Interdit - 12 ans avec avertissement,"Dans un futur proche, un certain Logan, épuisé de fatigue, s’occupe d’un Professeur X souffrant, dans un lieu gardé secret à la frontière Mexicaine. Mais les tentatives de Logan pour se retrancher du monde et rompre avec son passé vont s’épuiser lorsqu’une jeune mutante traquée par de sombres individus va se retrouver soudainement face à lui.",James Mangold,"James Mangold,Michael Green","Hugh Jackman,Patrick Stewart,Dafne Keen","3,9","4,1",U.S.A.,Twentieth Century Fox France,2 nominations,2017,Long métrage,Anglais,2 275 342 entrées
L'Amour flou,https://fr.web.img3.acsta.net/c_310_420/pictures/18/07/30/17/35/1004171.jpg,10 octobre 2018,en salle,Comédie,Tout public,"Romane et Philippe se séparent. Après 10 ans de vie commune,deux enfants et un chien,ils ne s’aiment plus. Enfin… ils ne sont plus amoureux. Mais ils s’aiment,quand même. Beaucoup.Trop pour se séparer vraiment? Bref…C’est flou. Alors,sous le regard circonspect de leur entourage,ils accouchent ensemble d’un «sépartement »:deux appartements séparés,communiquant par…la chambre de leurs enfants! Peut on se séparer ensemble? Peut-on refaire sa vie,sans la défaire?","Romane Bohringer,Philippe Rebbot","Romane Bohringer,Philippe Rebbot","Romane Bohringer,Philippe Rebbot,Rose Rebbot-Bohringer","3,9","3,7",France,Rezo Films,3 prix et 1 nomination,2018,Long métrage,Français,193 551 entrées
Agents très spéciaux - Code U.N.C.L.E,https://fr.web.img3.acsta.net/c_310_420/pictures/15/07/30/13/01/266725.jpg,16 septembre 2015,en salle,"Action,Comédie,Espionnage",Tout public,"Au début des années 60, en pleine guerre froide, Agents très spéciaux - Code U.N.C.L.E. retrace l'histoire de l'agent de la CIA Solo et de l'agent du KGB Kuryakin. Contraints de laisser de côté leur antagonisme ancestral, les deux hommes s'engagent dans une mission conjointe : mettre hors d'état de nuire une organisation criminelle internationale déterminée à ébranler le fragile équilibre mondial, en favorisant la prolifération des armes et de la technologie nucléaires. Pour l'heure, Solo et Kuryakin n'ont qu'une piste : le contact de la fille d'un scientifique allemand porté disparu, le seul à même d'infiltrer l'organisation criminelle. Ils se lancent dans une course contre la montre pour retrouver sa trace et empêcher un cataclysme planétaire.",Guy Ritchie,"Guy Ritchie,Lionel Wigram","Henry Cavill,Armie Hammer,Alicia Vikander","3,3","3,9",U.S.A.,Warner Bros. France,1 nomination,2015,Long métrage,Anglais,372 756 entrées
American Bluff,https://fr.web.img6.acsta.net/c_310_420/pictures/13/12/17/13/00/199998.jpg,5 février 2014,en salle,"Comédie dramatique,Thriller",Tout public,"Entre fiction et réalité, AMERICAN BLUFF nous plonge dans l’univers fascinant de l’un des plus extraordinaires scandales qui ait secoué l’Amérique dans les années 70.,Un escroc particulièrement brillant, Irving Rosenfeld, et sa belle complice, Sydney Prosser, se retrouvent obligés par un agent du FBI, Richie DiMaso, de nager dans les eaux troubles de la mafia et du pouvoir pour piéger un homme politique corrompu, Carmine Polito. Le piège est risqué, d’autant que l’imprévisible épouse d’Irving, Rosalyn, pourrait bien tous les conduire à leur perte…",David O. Russell,"David O. Russell,Eric Warren Singer","Christian Bale,Bradley Cooper,Amy Adams","3,2","3,4",U.S.A.,Metropolitan FilmExport,7 prix et 26 nominations,2013,Long métrage,"ARABIC, Anglais",644 298 entrées
"Les Garçons et Guillaume, à table !",https://fr.web.img6.acsta.net/c_310_420/pictures/205/298/20529833_20131017171932686.jpg,20 novembre 2013,en salle,Comédie,Tout public,"Le premier souvenir que j’ai de ma mère c’est quand j’avais quatre ou cinq ans. Elle nous appelle, mes deux frères et moi, pour le dîner en disant : ""Les garçons et Guillaume, à table !"" et la dernière fois que je lui ai parlé au téléphone, elle raccroche en me disant : ""Je t’embrasse ma chérie"" ; eh bien disons qu’entre ces deux phrases, il y a quelques malentendus.",Guillaume Gallienne,Guillaume Gallienne,"Guillaume Gallienne,André Marcon,Françoise Fabian","3,9","3,6",France,Gaumont Distribution,12 prix et 6 nominations,2013,Long métrage,Français,2 807 924 entrées
Une Affaire de famille,https://fr.web.img5.acsta.net/c_310_420/pictures/18/06/01/14/20/3937174.jpg,12 décembre 2018,en salle,Drame,Tout public,"Au retour d’une nouvelle expédition de vol à l’étalage, Osamu et son fils recueillent dans la rue une petite fille qui semble livrée à elle-même. D’abord réticente à l’idée d’abriter l’enfant pour la nuit, la femme d’Osamu accepte de s’occuper d’elle lorsqu‘elle comprend que ses parents la maltraitent. En dépit de leur pauvreté, survivant de petites rapines qui complètent leurs maigres salaires, les membres de cette famille semblent vivre heureux – jusqu’à ce qu’un incident révèle brutalement leurs plus terribles secrets…",Hirokazu Kore-eda,Hirokazu Kore-eda,"Lily Franky,Sakura Andô,Mayu Matsuoka","4,5","4,2",Japon,Le Pacte,2 prix et 4 nominations,2018,Long métrage,Japonais,778 673 entrées
Le Daim,https://fr.web.img4.acsta.net/c_310_420/pictures/19/05/07/10/15/4101591.jpg,19 juin 2019,en salle,Comédie,Tout public,"Georges, la quarantaine, quitte du jour au lendemain sa femme et son travail pour s'offrir le blouson de ses rêves, une veste en daim à franges. Le vendeur lui cède avec un caméscope numérique. Très fier du nouveau style que lui confère son achat, Georges prend une chambre d'hôtel dans une station des Pyrénées. Dans un bar, il fait la connaissance de Denise, une serveuse cinéphile qui rêve de devenir monteuse. Il lui fait croire qu'il est un réalisateur en repérage pour un prochain tournage. L'homme développe par ailleurs une véritable obsession pour son blouson. Quentin Dupieux continue la construction de son oeuvre singulière dans un film où l'absurde le dispute au non-sens, avec une pointe de sauvagerie.",Quentin Dupieux,Quentin Dupieux,"Jean Dujardin,Adèle Haenel,Albert Delpy","3,8","3,1",France,Diaphana Distribution,5 nominations,2019,Long métrage,Français,213 649 entrées
Le Petit Prince,https://fr.web.img3.acsta.net/c_310_420/pictures/15/07/10/11/39/234930.jpg,29 juillet 2015,en salle,"Animation,Famille",Tout public,"C’est l’histoire d’une histoire.,C’est l’histoire d’une petite fille, intrépide et curieuse, qui vit dans un monde d’adultes.,C’est l’histoire d’un aviateur, excentrique et facétieux, qui n’a jamais vraiment grandi.,C’est l’histoire du Petit Prince qui va les réunir dans une aventure extraordinaire.",Mark Osborne,"Irena Brignull,Bob Persichetti","Clara Poincaré,Mackenzie Foy,André Dussollier","3,5","4,1",France,Paramount Pictures France,2 prix et 2 nominations,2015,Long métrage,"Anglais, Français",1 816 320 entrées
Une autre vie,https://fr.web.img6.acsta.net/c_310_420/pictures/210/610/21061090_20131126160114082.jpg,22 janvier 2014,en salle,"Drame,Romance",Tout public,"Jean, électricien, pose des alarmes dans des demeures du sud de la France. Il y rencontre Aurore, célèbre pianiste. Malgré leurs différences, ils tombent immédiatement amoureux l’un de l’autre et envisagent ensemble une autre vie. Jean veut quitter Dolorès, sa compagne de toujours. Mais celle-ci est prête à tout pour le garder...",Emmanuel Mouret,Emmanuel Mouret," JoeyStarr,Virginie Ledoyen,Jasmine Trinca","2,4","2,2",France,Pyramide Distribution,1 nomination,2013,Long métrage,Français,56 327 entrées
The Master,https://fr.web.img4.acsta.net/c_310_420/medias/nmedia/18/90/81/61/20408688.jpg,9 janvier 2013,en salle,Drame,Tout public,"Freddie, un vétéran, revient en Californie après s’être battu dans le Pacifique. Alcoolique, il distille sa propre gnôle et contient difficilement la violence qu’il a en lui… Quand Freddie rencontre Lancaster Dodd – « le Maître », charismatique meneur d’un mouvement nommé la Cause, il tombe rapidement sous sa coupe...",Paul Thomas Anderson,Paul Thomas Anderson,"Joaquin Phoenix,Philip Seymour Hoffman,Amy Adams","3,8","3,0",U.S.A.,Metropolitan FilmExport,5 prix et 14 nominations,2012,Long métrage,Anglais,205 963 entrées
Projet X,https://fr.web.img2.acsta.net/c_310_420/medias/nmedia/18/86/82/55/20028166.jpg,14 mars 2012,en salle,Comédie,Tout public,"Alors qu'ils semblaient jusque-là se fondre dans la masse, trois lycéens décident de sortir de l'anonymat. En apparence, leur projet est plutôt inoffensif puisqu'ils ont l'intention d'organiser une fête des plus mémorables. Mais rien n'aurait pu les préparer à la soirée qu'ils s'apprêtent à vivre... La rumeur se propage alors rapidement, tandis que les rêves des uns s'effondrent, les résultats scolaires des autres dégringolent, et des légendes se forgent…",Nima Nourizadeh,"Matt Drake (II),Michael Bacall","Thomas Mann (II),Oliver Cooper,Jonathan Daniel Brown","3,0","3,1",U.S.A.,Warner Bros. France,3 nominations,2012,Long métrage,20/06/2012,1 826 842 entrées
La Rage au ventre,https://fr.web.img4.acsta.net/c_310_420/pictures/15/06/15/09/21/376925.jpg,22 juillet 2015,en salle,Drame,Tout public,"Champion du monde de boxe, Billy Hope mène une existence fastueuse avec sa superbe femme et sa fille qu’il aime plus que tout. Lorsque sa femme est tuée, son monde s’écroule, jusqu’à perdre sa maison et sa fortune. Pire, la garde de sa fille lui est retirée, la justice estimant son comportement incompatible avec son rôle de père. Au plus bas, il trouve une aide précieuse en la personne de Tick Willis, un ancien boxeur avec lequel il reprend l’entrainement. Billy va devoir se battre pour trouver la voie de la rédemption et regagner ainsi la garde de sa fille.,",Antoine Fuqua,Kurt Sutter,"Jake Gyllenhaal,Rachel McAdams,Forest Whitaker","3,4","4,1",U.S.A.,SND,1 nomination,2015,Long métrage,Anglais,721 144 entrées
De Gaulle,https://fr.web.img3.acsta.net/c_310_420/pictures/20/01/16/17/08/3580661.jpg,4 mars 2020,en salle,"Biopic,Historique,Guerre",Tout public,"Mai 1940. La guerre s’intensifie, l’armée française s’effondre, les Allemands seront bientôt à Paris. La panique gagne le gouvernement qui envisage d’accepter la défaite. Un homme, Charles de Gaulle, fraîchement promu général, veut infléchir le cours de l’Histoire. Sa femme, Yvonne de Gaulle, est son premier soutien, mais très vite les évènements les séparent. Yvonne et ses enfants se lancent sur les routes de l’exode. Charles rejoint Londres. Il veut faire entendre une autre voix : celle de la Résistance.",Gabriel Le Bomin,"Valérie Ranson Enguiale,Gabriel Le Bomin","Lambert Wilson,Isabelle Carré,Olivier Gourmet","3,1","3,1",France,SND,1 prix et 4 nominations,2019,Long métrage,22/06/2020,859 981 entrées
The Town,https://fr.web.img3.acsta.net/c_310_420/medias/nmedia/18/74/18/81/19489279.jpg,15 septembre 2010,en salle,"Drame,Thriller",Tout public,"Doug MacRay est un criminel impénitent, le leader de facto d’une impitoyable bande de braqueurs de banque qui s’ennorgueillit de voler à leur gré sans se faire prendre. Sans attaches particulières, Doug ne craint jamais la perte d’un être cher. Mais tout va changer le jour où, lors du dernier casse de la bande, ils prennent en otage la directrice de la banque, Claire Keesey.,Bien qu’ils l’aient relâchée indemne, Claire est nerveuse car elle sait que les voleurs connaissent son nom… et savent où elle habite. Mais elle baisse la garde le jour où elle rencontre un homme discret et plutôt charmant du nom de Doug….ne réalisant pas qu’il est celui qui, quelques jours plus tôt, l’avait terrorisée. L’attraction instantanée entre eux va se transformer graduellement en une romance passionnée qui menacera de les entraîner tous deux sur un chemin dangereux et potentiellement mortel.",Ben Affleck,"Peter Craig,Ben Affleck","Ben Affleck,Rebecca Hall,Jon Hamm","3,5","3,9",U.S.A.,Warner Bros. France,7 nominations,2010,Long métrage,Anglais,1 086 699 entrées
Climax,https://fr.web.img4.acsta.net/c_310_420/pictures/18/08/07/14/18/1934766.jpg,19 septembre 2018,en salle,"Drame,Thriller",Interdit - 16 ans,Naître et mourir sont des expériences extraordinaires. Vivre est un plaisir fugitif.,Gaspar Noé,Gaspar Noé,"Sofia Boutella,Romain Guillermic,Souheila Yacoub","3,6","3,3",France,Wild Bunch Distribution,1 prix et 2 nominations,2018,Long métrage,Français,60 498 entrées
"Les Enfants Loups, Ame & Yuki",https://fr.web.img3.acsta.net/c_310_420/medias/nmedia/18/90/30/39/20090421.jpg,29 août 2012,en salle,"Animation,Fantastique",Tout public,"Hana et ses deux enfants, Ame et Yuki, vivent discrètement dans un coin tranquille de la ville. Leur vie est simple et joyeuse, mais ils cachent un secret : leur père est un homme-loup. Quand celui-ci disparaît brutalement, Hana décide de quitter la ville pour élever ses enfants à l'abri des regards. Ils emménagent dans un village proche d'une forêt luxuriante…",Mamoru Hosoda,"Mamoru Hosoda,Satoko Okudera","Kumiko Aso,Aoi Miyazaki,Megumi Hayashibara","4,1","4,4",Japon,Eurozoom,3 nominations,2012,Long métrage,"Français, Japonais",168 356 entrées
Quelques heures de printemps,https://fr.web.img6.acsta.net/c_310_420/medias/nmedia/18/91/14/76/20193644.jpg,19 septembre 2012,en salle,Drame,Tout public,"A 48 ans, Alain Evrard est obligé de retourner habiter chez sa mère. Cohabitation forcée qui fait ressurgir toute la violence de leur relation passée. Il découvre alors que sa mère est condamnée par la maladie. Dans ces derniers mois de vie, seront-ils enfin capables de faire un pas l'un vers l'autre ?",Stéphane Brizé,"Stéphane Brizé,Florence Vignon","Vincent Lindon,Hélène Vincent,Emmanuelle Seigner","3,6","3,6",France,Diaphana Distribution,1 prix et 7 nominations,2012,Long métrage,Français,329 374 entrées
Les Lyonnais,https://fr.web.img6.acsta.net/c_310_420/medias/nmedia/18/82/68/35/19842652.jpg,30 novembre 2011,en salle,Policier,Interdit - 12 ans,"De sa jeunesse passée dans la misère d’un camp de gitans, Edmond Vidal, dit Momon, a retenu le sens de la famille, une loyauté sans faille, et la fierté de ses origines. Il a surtout conservé l’amitié de Serge Suttel. L’ami d’enfance avec qui il a découvert la prison à cause d’un stupide vol de cerises. Avec lui, inexorablement il a plongé dans le Grand Banditisme, et connu l’apogée du GANG DES LYONNAIS, l’équipe qu’ils ont formée ensemble et qui a fait d’eux les plus célèbres braqueurs du début des années soixante dix. Leur irrésistible ascension prend fin en 1974, lors d’une arrestation spectaculaire.,Aujourd’hui à l’approche de la soixantaine, Momon tente d’oublier cette période de sa vie. Sa rédemption, il l’a trouvée en se retirant des ""affaires"". En prenant soin de Janou, son épouse, qui a tant souffert à l’époque et de ses enfants et petits enfants, tous respectueux, devant cet homme aux valeurs simples et universelles, lucide et pétri d’humanité. A l’inverse de Serge Suttel, qui malgré le temps n’a rien renié de son itinéraire...",Olivier Marchal,"Olivier Marchal,Edgar Marie","Gérard Lanvin,Tchéky Karyo,Daniel Duval","2,8","3,7",France,Gaumont Distribution,7 nominations,2011,Long métrage,Français,1 208 076 entrées
Dheepan,https://fr.web.img6.acsta.net/c_310_420/pictures/15/07/22/17/07/420365.jpg,26 août 2015,en salle,Drame,Tout public,"Fuyant la guerre civile au Sri Lanka, un ancien soldat, une jeune femme et une petite fille se font passer pour une famille. Réfugiés en France dans une cité sensible, se connaissant à peine, ils tentent de se construire un foyer.,",Jacques Audiard,"Jacques Audiard,Noé Debré","Antonythasan Jesuthasan,Kalieaswari Srinivasan,Claudine Vinasithamby","3,6","3,8",France,UGC Distribution,1 prix et 12 nominations,2015,Long métrage,"Anglais, Français",634 665 entrées
"Love, et autres drogues",https://fr.web.img2.acsta.net/c_310_420/medias/nmedia/18/79/88/21/19599090.jpg,29 décembre 2010,en salle,"Comédie,Romance",Tout public,"New York, les années 90. Jamie est un jeune commercial redoutable dont l’assurance - et le physique avantageux - sévissent aussi bien auprès des femmes que dans l’univers implacable de l’industrie pharmaceutique où, entre antidépresseurs et dopants sexuels, il parvient finalement à tout vendre.,Mais il y a une personne qui semble insensible aux charmes de Jamie : Maggie. Une jeune femme très séduisante et furieusement indépendante qui, comme Jamie, fuit l’engagement émotionnel, mais pour des raisons très différentes. Elle est atteinte d’une maladie chronique et a décidé de vivre uniquement au jour le jour.,Malgré eux, ce qui devait être une histoire sans lendemain va alors s’intensifier. Tous deux vont bientôt voir leurs principes respectifs malmenés et devenir accros à la plus puissante des drogues qui soit : l’amour.",Edward Zwick,"Charles Randolph,Edward Zwick","Jake Gyllenhaal,Anne Hathaway,Oliver Platt","2,2","3,1",U.S.A.,Twentieth Century Fox France,2 nominations,2010,Long métrage,Anglais,687 272 entrées
Happiness Therapy,https://fr.web.img5.acsta.net/c_310_420/medias/nmedia/18/94/09/83/20302958.jpg,30 janvier 2013,en salle,Comédie dramatique,Tout public,"La vie réserve parfois quelques surprises…,Pat Solatano a tout perdu : sa maison, son travail et sa femme. Il se retrouve même dans l’obligation d’emménager chez ses parents.,Malgré tout, Pat affiche un optimisme à toute épreuve et est déterminé à se reconstruire et à renouer avec son ex-femme.,Rapidement, il rencontre Tiffany, une jolie jeune femme ayant eu un parcours mouvementé. Tiffany se propose d’aider Pat à reconquérir sa femme, à condition qu’il lui rende un service en retour. Un lien inattendu commence à se former entre eux et, ensemble, ils vont essayer de reprendre en main leurs vies respectives.",David O. Russell,David O. Russell,"Bradley Cooper,Jennifer Lawrence,Robert De Niro","3,5","3,8",U.S.A.,StudioCanal,11 prix et 19 nominations,2012,Long métrage,Anglais,1 065 740 entrées
J'ai perdu mon corps,https://fr.web.img2.acsta.net/c_310_420/pictures/19/10/08/16/05/5049713.jpg,6 novembre 2019,en salle,Animation,Tout public,"A Paris, Naoufel tombe amoureux de Gabrielle. Un peu plus loin dans la ville, une main coupée s’échappe d’un labo, bien décidée à retrouver son corps. S’engage alors une cavale vertigineuse à travers la ville, semée d’embûches et des souvenirs de sa vie jusqu’au terrible accident. Naoufel, la main, Gabrielle, tous trois retrouveront, d’une façon poétique et inattendue, le fil de leur histoire...",Jérémy Clapin,"Jérémy Clapin,Guillaume Laurant","Hakim Faris,Victoire Du Bois,Patrick d'Assumçao","4,3","4,2",France,Rezo Films,7 prix et 6 nominations,2019,Long métrage,Français,226 389 entrées
La Guerre des Boutons,https://fr.web.img6.acsta.net/c_310_420/medias/nmedia/18/84/78/60/19775518.jpg,14 septembre 2011,en salle,"Aventure,Famille",Tout public,"1960, un village dans le sud de la France. Une bande de garçons, âgés de 7 à 14 ans, menée par l’intrépide Lebrac, est en guerre contre les enfants du village voisin, leurs ennemis jurés. Une guerre sans merci, qui dure depuis des générations. On se bat pour l’honneur et la fidélité et, pour gagner, tous les moyens sont bons. Même, s’il le faut, combattre nu comme un ver, ou pire, accepter l’aide de Lanterne - une fille ! - la nouvelle recrue de la bande, pleine de panache et d’ingéniosité. Mais il n’est pas facile d’être une armée de petits hommes sans se faire attraper par Papa et Maman ! Quand, après la bataille, on rentre à la maison, les vêtements en lambeaux et des boutons en moins, mieux vaut se faire discret…",Yann Samuell,Yann Samuell,"Eric Elmosnino,Mathilde Seigner,Fred Testot","2,6","3,1",France,UGC Distribution,1 prix et 4 nominations,2011,Long métrage,Français,1 438 127 entrées
Remember Me,https://fr.web.img6.acsta.net/c_310_420/medias/nmedia/18/73/17/75/19246191.jpg,7 avril 2010,en salle,"Drame,Romance",Tout public,"Tyler est un jeune New-yorkais de 22 ans en rébellion contre sa famille et la société suite à un drame familial. Après une altercation avec un policier, il décide de se venger en séduisant la fille de celui-ci. Mais Ally se révèle être une jeune fille fragile et imprévisible dont il va tomber fou amoureux. Ce qui ne devait être qu'une plaisanterie cruelle se transforme vite en une histoire qui les marquera à jamais...",Allen Coulter,Will Fetters,"Robert Pattinson,Emilie de Ravin,Chris Cooper","2,4","3,7",U.S.A.,SND,1 nomination,2010,Long métrage,"Chinois, Anglais",466 608 entrées
Les Minions,https://fr.web.img5.acsta.net/c_310_420/pictures/15/06/11/09/20/080813.jpg,8 juillet 2015,en salle,"Animation,Famille",Tout public,"A l'origine de simples organismes monocellulaires de couleur jaune, les Minions ont évolué au cours des âges au service de maîtres plus abjectes les uns que les autres. Les disparitions répétitives de ceux-ci, des tyrannosaures à Napoléon, ont plongé les Minions dans une profonde dépression. Mais l'un d'eux, prénommé Kevin, a une idée. Flanqué de Stuart, l'adolescent rebelle et de l'adorable petit Bob, Kevin part à la recherche d'un nouveau patron malfaisant pour guider les siens. Nos trois Minions se lancent dans un palpitant voyage qui va les conduire à leur nouveau maître : Scarlet Overkill, la première superméchante de l'histoire. De l'Antarctique au New York des années 60, nos trois compères arrivent finalement à Londres, où ils vont devoir faire face à la plus terrible menace de leur existence : l'annihilation de leur espèce.","Pierre Coffin,Kyle Balda",Brian Lynch,"Marion Cotillard,Sandra Bullock,Guillaume Canet","3,7","3,3",U.S.A.,Universal Pictures International France,3 nominations,2015,Long métrage,Anglais,6 401 791 entrées
Source Code,https://fr.web.img4.acsta.net/c_310_420/medias/nmedia/18/81/94/80/19693276.jpg,20 avril 2011,en salle,"Action,Science Fiction,Thriller",Tout public,"Colter Stevens se réveille en sursaut dans un train à destination de Chicago. Amnésique, il n’a aucun souvenir d’être monté dedans. Pire encore, les passagers du train se comportent avec lui avec familiarité alors qu’il ne les a jamais vus. Désorienté, il cherche à comprendre ce qui se passe mais une bombe explose tuant tout le monde à bord.,Colter se réveille alors dans un caisson étrange et découvre qu’il participe à un procédé expérimental permettant de se projeter dans le corps d’une personne et de revivre les 8 dernières minutes de sa vie. Sa mission : revivre sans cesse les quelques minutes précédant l’explosion afin d’identifier et d’arrêter les auteurs de l’attentat. A chaque échec, les chances de pouvoir revenir dans le passé s’amenuisent.,Alors qu’il essaie d’empêcher l’explosion, ses supérieurs lui apprennent qu’un deuxième attentat est en préparation en plein cœur de Chicago et qu’il ne s’agit plus de protéger les quelques passagers du train mais la ville toute entière. La course contre la montre commence…",Duncan Jones,Ben Ripley,"Jake Gyllenhaal,Michelle Monaghan,Vera Farmiga","3,3","3,8",U.S.A.,SND,1 nomination,2011,Long métrage,Anglais,710 729 entrées
Hippocrate,https://fr.web.img5.acsta.net/c_310_420/pictures/14/07/04/14/59/301675.jpg,3 septembre 2014,en salle,Comédie dramatique,Tout public,"Benjamin va devenir un grand médecin, il en est certain. Mais pour son premier stage d’interne dans le service de son père, rien ne se passe comme prévu. La pratique se révèle plus rude que la théorie. La responsabilité est écrasante, son père est aux abonnés absents et son co-interne, Abdel, est un médecin étranger plus expérimenté que lui. Benjamin va se confronter brutalement à ses limites, à ses peurs, celles de ses patients, des familles, des médecins, et du personnel. Son initiation commence.",Thomas Lilti,"Thomas Lilti,Julien Lilti","Vincent Lacoste,Reda Kateb,Jacques Gamblin","3,8","3,8",France,Le Pacte,1 prix et 8 nominations,2014,Long métrage,Français,950 231 entrées
The Artist,https://fr.web.img4.acsta.net/c_310_420/medias/nmedia/18/83/95/46/20024873.jpg,12 octobre 2011,en salle,"Comédie,Drame,Romance",Tout public,"Hollywood 1927. George Valentin est une vedette du cinéma muet à qui tout sourit. L'arrivée des films parlants va le faire sombrer dans l'oubli. Peppy Miller, jeune figurante, va elle, être propulsée au firmament des stars. Ce film raconte l'histoire de leurs destins croisés, ou comment la célébrité, l'orgueil et l'argent peuvent être autant d'obstacles à leur histoire d'amour.",Michel Hazanavicius,Michel Hazanavicius,"Jean Dujardin,Bérénice Bejo,John Goodman","4,1","4,0",France,Warner Bros. France,54 prix et 48 nominations,2011,Long métrage,25/01/2012,3 064 892 entrées
The Tree of Life,https://fr.web.img5.acsta.net/c_310_420/medias/nmedia/18/83/22/48/19704053.jpg,17 mai 2011,en salle,"Drame,Fantastique",Tout public,"Jack grandit entre un père autoritaire et une mère aimante, qui lui donne foi en la vie. La naissance de ses deux frères l'oblige bientôt à partager cet amour inconditionnel, alors qu'il affronte l'individualisme forcené d'un père obsédé par la réussite de ses enfants. Jusqu'au jour où un tragique événement vient troubler cet équilibre précaire...",Terrence Malick,Terrence Malick,"Brad Pitt,Jessica Chastain,Sean Penn","3,5","2,9",U.S.A.,EuropaCorp Distribution,6 prix et 9 nominations,2011,Long métrage,Anglais,858 536 entrées
Tous en scène,https://fr.web.img6.acsta.net/c_310_420/pictures/17/01/17/09/17/537433.jpg,25 janvier 2017,en salle,"Animation,Famille,Comédie musicale",Tout public,"Buster Moon est un élégant koala qui dirige un grand théâtre, jadis illustre, mais aujourd’hui tombé en désuétude. Buster est un éternel optimiste, un peu bougon, qui aime son précieux théâtre au-delà de tout et serait prêt à tout pour le sauver. C’est alors qu’il trouve une chance en or pour redorer son blason tout en évitant la destruction de ses rêves et de toutes ses ambitions: une compétition mondiale de chant. Cinq candidats sont retenus pour ce défi: Une souris aussi séduisante que malhonnête, un jeune éléphant timide dévoré par le trac, une truie mère de famille débordée par ses 25 marcassins, un jeune gorille délinquant qui ne cherche qu’à échapper à sa famille, et une porc épic punk qui peine à se débarrasser de son petit ami à l’égo surdimensionné pour faire une carrière solo. Tout ce petit monde va venir chercher sur la scène de Buster l’opportunité qui pourra changer leur vie à jamais.",Garth Jennings,Garth Jennings,"Patrick Bruel,Matthew McConaughey,Jenifer Bartoli","3,6","4,0",U.S.A.,Universal Pictures International France,3 nominations,2016,Long métrage,Anglais,3 526 954 entrées
Mektoub My Love : Canto Uno,https://fr.web.img5.acsta.net/c_310_420/pictures/18/02/27/14/41/0837726.jpg,21 mars 2018,en salle,"Drame,Romance",Tout public,"Sète, 1994. Amin, apprenti scénariste installé à Paris, retourne un été dans sa ville natale, pour retrouver famille et amis d’enfance. Accompagné de son cousin Tony et de sa meilleure amie Ophélie, Amin passe son temps entre le restaurant de spécialités tunisiennes tenu par ses parents, les bars de quartier, et la plage fréquentée par les filles en vacances. Fasciné par les nombreuses figures féminines qui l’entourent, Amin reste en retrait et contemple ces sirènes de l’été, contrairement à son cousin qui se jette dans l’ivresse des corps. Mais quand vient le temps d’aimer, seul le destin - le mektoub - peut décider.",Abdellatif Kechiche,"Abdellatif Kechiche,Ghalia Lacroix","Shaïn Boumedine,Ophélie Bau,Salim Kechiouche","4,0","3,5",France,Pathé Films,3 prix et 2 nominations,2016,Long métrage,Français,128 071 entrées
"Mme Mills, une voisine si parfaite",https://fr.web.img4.acsta.net/c_310_420/pictures/18/01/24/15/31/4625634.jpg,7 mars 2018,en salle,Comédie,Tout public,"Hélène est éditrice de romans à l’eau de rose et mène une vie rythmée par le travail. Elle se réfugie dans les livres, persuadée que la vie y est plus belle que dans la réalité. Se complaisant dans une certaine routine, son quotidien va être bouleversé par l’installation d’une nouvelle voisine, Madame Mills. Cette vieille américaine excentrique va prendre rapidement une importance insoupçonnée dans la vie d’Hélène. Mais les apparences sont parfois trompeuses….",Sophie Marceau,"Sophie Marceau,Laure Duthilleul","Sophie Marceau,Pierre Richard,Nicolas Vaude","1,9","1,4",France,Orange Studio Distribution / UGC Distribution,1 nomination,2018,Long métrage,Français,257 244 entrées
Sully,https://fr.web.img6.acsta.net/c_310_420/pictures/16/10/14/15/10/425022.jpg,30 novembre 2016,en salle,"Biopic,Drame",Tout public,"Le 15 janvier 2009, le monde a assisté au ""miracle sur l'Hudson"" accompli par le commandant ""Sully"" Sullenberger : en effet, celui-ci a réussi à poser son appareil sur les eaux glacées du fleuve Hudson, sauvant ainsi la vie des 155 passagers à bord. Cependant, alors que Sully était salué par l'opinion publique et les médias pour son exploit inédit dans l'histoire de l'aviation, une enquête a été ouverte, menaçant de détruire sa réputation et sa carrière.",Clint Eastwood,Todd Komarnicki,"Tom Hanks,Aaron Eckhart,Laura Linney","3,8","4,1",U.S.A.,Warner Bros. France,1 nomination,2016,Long métrage,Anglais,1 178 535 entrées
Jusqu'ici tout va bien,https://fr.web.img2.acsta.net/c_310_420/pictures/19/01/22/16/47/0846339.jpg,27 février 2019,en salle,Comédie,Tout public,"Fred Bartel est le charismatique patron d’une agence de communication parisienne branchée, Happy Few. Après un contrôle fiscal houleux, il est contraint par l’administration de délocaliser du jour au lendemain son entreprise à La Courneuve. Fred et son équipe y font la rencontre de Samy, un jeune de banlieue qui va vite se proposer pour leur apprendre les règles et usages à adopter dans ce nouvel environnement. Pour l’équipe d’Happy Few comme pour les habitants, ce choc des cultures sera le début d’une grande histoire où tout le monde devra essayer de cohabiter et mettre fin aux idées préconçues.",Mohamed Hamidi,"Khaled Amara,Mohamed Hamidi","Gilles Lellouche,Malik Bentalha,Sabrina Ouazani","3,1","3,2",France,Mars Films,1 prix et 3 nominations,2018,Long métrage,Français,574 039 entrées
Le Nom des gens,https://fr.web.img5.acsta.net/c_310_420/medias/nmedia/18/77/79/17/19538598.jpg,24 novembre 2010,en salle,Comédie,Tout public,"Bahia Benmahmoud, jeune femme extravertie, se fait une haute idée de l'engagement politique puisqu'elle n'hésite pas à coucher avec ses ennemis pour les convertir à sa cause - ce qui peut faire beaucoup de monde vu qu'en gros, tous les gens de droite sont concernés. En règle générale, elle obtient de bons résultats. Jusqu'au jour où elle rencontre Arthur Martin, comme celui des cuisines, quadragénaire discret, adepte du risque zéro. Elle se dit qu'avec un nom pareil, il est forcément un peu facho. Mais les noms sont fourbes et les apparences trompeuses...",Michel Leclerc,"Michel Leclerc,Baya Kasmi","Jacques Gamblin,Sara Forestier,Zinedine Soualem","3,7","3,8",France,UGC Distribution,4 prix et 9 nominations,2010,Long métrage,Français,804 371 entrées
Chanson Douce,https://fr.web.img6.acsta.net/c_310_420/pictures/19/09/20/12/00/5746838.jpg,27 novembre 2019,en salle,"Drame,Judiciaire",Tout public,"Paul et Myriam ont deux enfants en bas âge. Ils engagent Louise, une nounou expérimentée, pour que Myriam puisse reprendre le travail. Louise se montre dévouée, consciencieuse, volontaire, au point que sa présence occupe une place centrale dans la famille. Mais très vite les réactions de Louise deviennent inquiétantes.",Lucie Borleteau,"Lucie Borleteau,Jérémie Elkaïm","Karin Viard,Leïla Bekhti,Antoine Reinartz","3,2","3,1",France,StudioCanal,2 nominations,2019,Long métrage,Français,217 224 entrées
Grand Central,https://fr.web.img6.acsta.net/c_310_420/pictures/205/346/20534616_20130702111026946.jpg,28 août 2013,en salle,"Drame,Romance",Tout public,"De petits boulots en petits boulots, Gary est embauché dans une centrale nucléaire. Là, au plus près des réacteurs, où les doses radioactives sont les plus fortes, il tombe amoureux de Karole, la femme de Toni. L’amour interdit et les radiations contaminent lentement Gary. Chaque jour devient une menace.",Rebecca Zlotowski,"Rebecca Zlotowski,Gaëlle Macé","Tahar Rahim,Léa Seydoux,Olivier Gourmet","3,9","2,9",France,Ad Vitam,4 prix et 5 nominations,2013,Long métrage,Français,223 539 entrées
"Captain America, le soldat de l'hiver",https://fr.web.img5.acsta.net/c_310_420/pictures/14/01/31/17/06/486036.jpg,26 mars 2014,en salle,"Action,Aventure,Science Fiction",Tout public,"Après les événements cataclysmiques de New York de The Avengers, Steve Rogers aka Captain America vit tranquillement à Washington, D.C. et essaye de s'adapter au monde moderne. Mais quand un collègue du S.H.I.E.L.D. est attaqué, Steve se retrouve impliqué dans un réseau d'intrigues qui met le monde en danger. S'associant à Black Widow, Captain America lutte pour dénoncer une conspiration grandissante, tout en repoussant des tueurs professionnels envoyés pour le faire taire. Quand l'étendue du plan maléfique est révélée, Captain America et Black Widow sollicite l'aide d'un nouvel allié, le Faucon. Cependant, ils se retrouvent bientôt face à un inattendu et redoutable ennemi - le Soldat de l'Hiver.","Anthony Russo,Joe Russo","Christopher Markus,Stephen McFeely","Chris Evans,Scarlett Johansson,Anthony Mackie","3,2","3,9",U.S.A.,The Walt Disney Company France,1 nomination,2014,Long métrage,Anglais,1 868 812 entrées
L'Empereur de Paris,https://fr.web.img4.acsta.net/c_310_420/pictures/18/11/15/16/35/0321684.jpg,19 décembre 2018,en salle,"Aventure,Policier,Historique",Tout public,"Sous le règne de Napoléon, François Vidocq, le seul homme à s'être échappé des plus grands bagnes du pays, est une légende des bas-fonds parisiens. Laissé pour mort après sa dernière évasion spectaculaire, l'ex-bagnard essaye de se faire oublier sous les traits d'un simple commerçant. Son passé le rattrape pourtant, et, après avoir été accusé d'un meurtre qu'il n'a pas commis, il propose un marché au chef de la sûreté : il rejoint la police pour combattre la pègre, en échange de sa liberté. Malgré des résultats exceptionnels, il provoque l'hostilité de ses confrères policiers et la fureur de la pègre qui a mis sa tête à prix...",Jean-François Richet,Eric Besnard,"Vincent Cassel,Freya Mavor,Denis Ménochet","2,9","3,2",France,Gaumont Distribution,2 nominations,2018,Long métrage,Français,813 978 entrées
The Guilty,https://fr.web.img5.acsta.net/c_310_420/pictures/18/06/26/11/55/0898867.jpg,18 juillet 2018,en salle,Thriller,Tout public,"Une femme, victime d’un kidnapping, contacte les urgences de la police. La ligne est coupée brutalement. Pour la retrouver, le policier qui a reçu l’appel ne peut compter que sur son intuition, son imagination et son téléphone.",Gustav Möller,"Gustav Möller,Emil Nygaard Albertsen","Jakob Cedergren,Jacob Lohmann,Morten Thunbo","4,1","4,1",Danemark,ARP Sélection,1 prix et 3 nominations,2018,Long métrage,"Danois, Anglais",270 130 entrées
Mon Bébé,https://fr.web.img6.acsta.net/c_310_420/pictures/19/02/04/11/18/5642404.jpg,13 mars 2019,en salle,Comédie dramatique,Tout public,"Héloïse est mère de trois enfants. Jade, sa ""petite dernière"", vient d’avoir dix-huit ans et va bientôt quitter le nid pour continuer ses études au Canada.,Au fur et à mesure que le couperet du baccalauréat et du départ de Jade se rapproche, et dans le stress que cela représente, Héloïse se remémore leurs souvenirs partagés, ceux d’une tendre et fusionnelle relation mère-fille, et anticipe ce départ en jouant les apprenties cinéastes avec son IPhone, de peur que certains souvenirs ne lui échappent...,Elle veut tellement profiter de ces derniers moments ensemble, qu’elle en oublierait presque de vivre le présent, dans la joie et la complicité qu’elle a toujours su créer avec sa fille, ""son bébé"".",Lisa Azuelos,Lisa Azuelos,"Sandrine Kiberlain,Thaïs Alessandrin,Victor Belmondo","3,6","3,4",France,Pathé Films,2 prix et 2 nominations,2018,Long métrage,Français,602 812 entrées
Star Wars - Le Réveil de la Force,https://fr.web.img2.acsta.net/c_310_420/pictures/15/10/18/18/56/052074.jpg,16 décembre 2015,en salle,"Action,Aventure,Science Fiction",Tout public,"Dans une galaxie lointaine, très lointaine, un nouvel épisode de la saga ""Star Wars"", 30 ans après les événements du ""Retour du Jedi"".",J.J. Abrams,"Lawrence Kasdan,J.J. Abrams","Daisy Ridley,John Boyega,Adam Driver","4,0","3,6",U.S.A.,The Walt Disney Company France,1 prix et 7 nominations,2015,Long métrage,Anglais,10 404 435 entrées
Alabama Monroe,https://fr.web.img4.acsta.net/c_310_420/pictures/210/017/21001711_20130426125343183.jpg,28 août 2013,en salle,Drame,Tout public,"Didier et Élise vivent une histoire d'amour passionnée et rythmée par la musique. Lui, joue du banjo dans un groupe de Bluegrass Country et vénère l'Amérique. Elle, tient un salon de tatouage et chante dans le groupe de Didier. De leur union fusionnelle naît une fille, Maybelle...",Felix Van Groeningen,"Carl Joos,Felix Van Groeningen","Johan Heldenbergh,Veerle Baetens,Nell Cattrysse","3,7","4,3",Belgique,Bodega Films / Help! Distribution,2 prix et 9 nominations,2012,Long métrage,"Anglais, Flamand",197 413 entrées
Taken 2,https://fr.web.img2.acsta.net/c_310_420/medias/nmedia/18/90/63/92/20182074.jpg,3 octobre 2012,en salle,"Action,Thriller",Tout public,"Dans,, Bryan Mills, ex-agent de la CIA aux compétences si particulières, a réussi à arracher sa fille des mains d’un gang mafieux. Un an plus tard, le chef du clan réclame vengeance. Cette fois-ci, c’est après lui qu’ils en ont.",Olivier Megaton,"Luc Besson,Robert Mark Kamen","Liam Neeson,Maggie Grace,Famke Janssen","1,7","2,9",France,EuropaCorp Distribution,1 nomination,2012,Long métrage,Anglais,2 903 637 entrées
Le Flingueur,https://fr.web.img4.acsta.net/c_310_420/medias/nmedia/18/82/95/77/19678958.jpg,6 avril 2011,en salle,"Action,Thriller",Interdit - 12 ans,"Le tueur parfait est celui dont le crime passe pour un accident. Pour ce genre de job, Arthur Bishop est le meilleur. Chacun de ses contrats impossibles lui rapporte une fortune. Il n’a jamais eu d’état d’âme, jusqu’à ce que son ami et mentor devienne la victime, et que le fils de ce dernier décide de mener sa vengeance à ses côtés…",Simon West,"Richard Wenk,Lewis John Carlino","Jason Statham,Ben Foster,Tony Goldwyn","2,5","2,9",U.S.A.,Metropolitan FilmExport,1 nomination,2011,Long métrage,Anglais,259 261 entrées
Sur la piste du Marsupilami,https://fr.web.img5.acsta.net/c_310_420/medias/nmedia/18/86/13/20/20024574.jpg,4 avril 2012,en salle,"Aventure,Comédie,Famille",Tout public,"Quand Dan Geraldo, reporter en quête de scoop, arrive en Palombie, il ne se doute pas qu’il va faire la plus incroyable des découvertes… Avec Pablito, guide local plein de ressources, ils vont aller de surprise en surprise au cours d’une aventure trépidante et surtout révéler une nouvelle extraordinaire : Le Marsupilami, animal mythique et facétieux, existe vraiment !!!",Alain Chabat,"Alain Chabat,Jeremy Doner","Jamel Debbouze,Alain Chabat,Fred Testot","3,8","2,3",France,Pathé Films,3 nominations,2012,Long métrage,Français,5 224 663 entrées
L'Assaut,https://fr.web.img4.acsta.net/c_310_420/medias/nmedia/18/81/87/16/19616847.jpg,9 mars 2011,en salle,"Action,Policier,Thriller",Tout public,"Samedi 24 décembre 1994.,Quatre terroristes du GIA prennent en otage à Alger l'Airbus A-300 d'Air France reliant la capitale algérienne à Paris et les 227 personnes présentes à bord. Personne ne connaît leurs intentions : ils sont armés et apparaissent extrêmement déterminés.,Les terroristes revendiquent la libération de leurs camarades d'armes et exigent le décollage immédiat de l'avion. Mais ce n'est finalement qu'après de longues négociations diplomatiques tendues entres les gouvernements français et algériens et l'exécution de 3 passagers que l'avion quitte l'aéroport d'Alger.,Nous sommes le lundi 26 décembre, il est 3h33 du matin, quand l'Airbus d'Air France atterrit à Marseille-Marignane.,Trois personnages, Thierry, un soldat du GIGN, Carole Jeanton, une technocrate ambitieuse et Yahia Abdallah, un Djihadiste déterminé sont au cœur de l'événement.,Leurs logiques vont s'affronter jusqu'au dénouement final.,Devant 21 millions de téléspectateurs, l'assaut du GIGN va mettre un terme à cette prise d'otage sans précédent dans l'histoire du terrorisme... mais annonciatrice des terribles évènements du 11 septembre 2001.",Julien Leclercq,"Julien Leclercq,Simon Moutaïrou","Vincent Elbaz,Gregori Derangère,Mélanie Bernier","2,8","3,4",France,Mars Films,1 nomination,2010,Long métrage,Français,515 936 entrées
Very Bad Trip 3,https://fr.web.img4.acsta.net/c_310_420/pictures/210/080/21008070_20130524113929346.jpg,29 mai 2013,en salle,Comédie,Tout public,"Deux ans ont passé. Phil (Bradley Cooper), Stu (Ed Helms) et Doug (Justin Bartha) mènent des existences tranquilles et heureuses. Ils ont fait disparaître leurs tatouages et se sont rachetés une conduite. Aux dernières nouvelles, Leslie Chow (Ken Jeong), qui attirait les catastrophes, a échoué dans une prison en Thaïlande : depuis qu'il n'est plus dans le secteur, nos trois lascars ont - presque - oublié leurs folles virées nocturnes à travers les quartiers sordides de Las Vegas, à moitié shootés, et le jour où ils se sont fait kidnapper, tirer dessus et prendre en chasse par une bande de dangereux dealers à Bangkok...,Le seul de la Meute à ne pas avoir trouvé son équilibre est Alan (Zach Galifianakis). Se cherchant toujours, la brebis galeuse du groupe a arrêté les médocs et donné libre cours à ses impulsions, ce qui, dans son cas, revient à ne reculer devant rien et à ne se fixer aucune limite... Jusqu'à ce qu'il traverse une crise douloureuse et qu'il se mette en quête du soutien dont il a besoin.,Et qui mieux que ses trois meilleurs copains pourraient l'aider à s'engager dans la bonne voie ? Cette fois, il n'y a pas de mariage, ni de fête d'enterrement de vie de garçon. Qu'est-ce-qui pourrait donc bien dégénérer ? Mais quand la Meute s'en mêle, il faut être prêt à tout ! Et pour boucler la boucle, la petite bande doit retourner là où tout a commencé : à Las Vegas...",Todd Phillips,"Todd Phillips,Craig Mazin","Bradley Cooper,Ed Helms,Zach Galifianakis","2,3","2,9",U.S.A.,Warner Bros. France,1 nomination,2013,Long métrage,Anglais,1 925 020 entrées
Star Trek Sans limites,https://fr.web.img2.acsta.net/c_310_420/pictures/16/05/24/16/57/462362.jpg,17 août 2016,en salle,"Action,Aventure,Science Fiction",Tout public,"Une aventure toujours plus épique de l’USS Enterprise et de son audacieux équipage. L’équipe explore les confins inexplorés de l'espace, faisant face chacun, comme la Fédération toute entière, à une nouvelle menace.",Justin Lin,"Simon Pegg,Doug Jung","Chris Pine,Zachary Quinto,Simon Pegg","3,3","3,6",U.S.A.,Paramount Pictures France,1 nomination,2016,Long métrage,Anglais,686 235 entrées
Adama,https://fr.web.img3.acsta.net/c_310_420/pictures/15/06/08/15/47/277503.jpg,21 octobre 2015,en salle,Animation,Tout public,"Adama, 12 ans, vit dans un village isolé d’Afrique de l’Ouest. Au-delà des falaises, s’étend le Monde des Souffles. Là où règnent les Nassaras. Une nuit, Samba, son frère aîné, disparaît. Adama, bravant l'interdit des anciens, décide de partir à sa recherche. Il entame, avec la détermination sans faille d’un enfant devenant homme, une quête qui va le mener au-delà des mers, au Nord, jusqu’aux lignes de front de la première guerre mondiale. Nous sommes en 1916.",Simon Rouby,"Julien Lilti,Simon Rouby","Azize Diabate Abdoulaye,Pascal NZonzi,Oxmo Puccino","3,7","3,6",France,Océan Films,2 prix et 5 nominations,2014,Long métrage,Français,67 724 entrées
Mon Garçon,https://fr.web.img6.acsta.net/c_310_420/pictures/17/06/12/09/36/489167.jpg,20 septembre 2017,en salle,Thriller,Tout public,"Passionné par son métier, Julien voyage énormément à l’étranger. Ce manque de présence a fait exploser son couple quelques années auparavant. Lors d’une escale en France, il découvre sur son répondeur un message de son ex femme en larmes : leur petit garçon de sept ans a disparu lors d’un bivouac en montagne avec sa classe. Julien se précipite à sa recherche et rien ne pourra l’arrêter.",Christian Carion,"Christian Carion,Laure Irmann","Guillaume Canet,Mélanie Laurent,Olivier De Benoist","2,9","2,9",France,Diaphana Distribution,1 nomination,2017,Long métrage,Français,406 791 entrées
"Carrie, la vengeance",https://fr.web.img5.acsta.net/c_310_420/pictures/210/611/21061159_2013112617270019.jpg,4 décembre 2013,en salle,Epouvante-horreur,Interdit - 12 ans,"Timide et surprotégée par sa mère très pieuse, Carrie est une lycéenne rejetée par ses camarades. Le soir du bal de fin d’année, elle subit une sale blague de trop. Carrie déchaîne alors de terrifiants pouvoirs surnaturels auxquels personne n’échappera…",Kimberly Peirce,"Roberto Aguirre-Sacasa,Lawrence D. Cohen","Chloë Grace Moretz,Julianne Moore,Judy Greer","1,5","2,6",U.S.A.,Sony Pictures Releasing France,1 nomination,2013,Long métrage,Anglais,234 571 entrées
Lolo,https://fr.web.img6.acsta.net/c_310_420/pictures/15/09/10/18/13/388359.jpg,28 octobre 2015,en salle,Comédie,Tout public,"En thalasso à Biarritz avec sa meilleure amie, Violette, quadra parisienne travaillant dans la mode, rencontre Jean-René, un modeste informaticien fraîchement divorcé. Après des années de solitude, elle se laisse séduire. Il la rejoint à Paris, tentant de s'adapter au microcosme parisien dans lequel elle évolue. Mais c’est sans compter sur la présence de Lolo, le fils chéri de Violette, prêt à tout pour détruire le couple naissant et conserver sa place de favori.",Julie Delpy,"Julie Delpy,Eugénie Grandval","Julie Delpy,Dany Boon,Vincent Lacoste","3,2","2,5",France,Mars Films,1 nomination,2015,Long métrage,"Français, Portugais",906 840 entrées
Dragons 2,https://fr.web.img3.acsta.net/c_310_420/pictures/14/06/05/15/47/538891.jpg,2 juillet 2014,en salle,"Aventure,Animation,Famille",Tout public,"Tandis qu’Astrid, Rustik et le reste de la bande se défient durant des courses sportives de dragons devenues populaires sur l’île, notre duo désormais inséparable parcourt les cieux, à la découverte de territoires inconnus et de nouveaux mondes. Au cours de l’une de leurs aventures, ils découvrent une grotte secrète qui abrite des centaines de dragons sauvages, dont le mystérieux Dragon Rider. Les deux amis se retrouvent alors au centre d’une lutte visant à maintenir la paix. Harold et Krokmou vont se battre pour défendre leurs valeurs et préserver le destin des hommes et des dragons.",Dean DeBlois,Dean DeBlois,"Donald Reignoux,Jay Baruchel,Cate Blanchett","4,0","4,2",U.S.A.,Twentieth Century Fox France,1 prix et 4 nominations,2014,Long métrage,Anglais,3 299 676 entrées
No Pain No Gain,https://fr.web.img4.acsta.net/c_310_420/pictures/210/296/21029685_20130821122937497.jpg,11 septembre 2013,en salle,"Action,Comédie,Drame",Interdit - 12 ans,"À Miami, Daniel Lugo, coach sportif, ferait n’importe quoi pour vivre le « rêve américain » et profiter, comme sa clientèle fortunée, de ce que la vie offre de meilleur : maisons de luxe, voitures de course et filles de rêve… Pour se donner toutes les chances d’y arriver, il dresse un plan simple et (presque) parfait : enlever un de ses plus riches clients et… lui voler sa vie. Il embarque avec lui deux complices, Paul Doyle et Adrian Doorbal, aussi influençables qu’ambitieux.,NO PAIN NO GAIN s’inspire de l’histoire incroyable mais vraie de ces trois kidnappeurs amateurs qui, à la recherche d’une vie meilleure, se retrouvent embarqués dans une série d’actes criminels qui dégénèrent rapidement… Rien ne se déroule jamais comme prévu.",Michael Bay,"Christopher Markus,Stephen McFeely","Mark Wahlberg,Dwayne Johnson,Ed Harris","3,1","3,3",U.S.A.,Paramount Pictures France,1 nomination,2013,Long métrage,Anglais,327 085 entrées
Par accident,https://fr.web.img2.acsta.net/c_310_420/pictures/15/09/10/12/41/537414.jpg,14 octobre 2015,en salle,Drame,Tout public,"Un soir, Amra, une jeune algérienne installée en France, renverse accidentellement un piéton.,Celui-ci reste entre la vie et la mort. Ravagée par la culpabilité et la certitude qu’elle n’obtiendra jamais ses papiers français, elle est miraculeusement innocentée par Angélique, une belle rousse aussi libre et décomplexée qu'Amra est sauvage et introvertie.,Les deux jeunes filles deviennent amies. Mais l’attitude d’Angélique devient de plus en plus étrange, voire inquiétante…",Camille Fontaine,Camille Fontaine,"Hafsia Herzi,Emilie Dequenne,Mounir Margoum","3,2","3,2",France,Ad Vitam,1 prix et 1 nomination,2014,Long métrage,Français,10 330 entrées
"Les Miller, une famille en herbe",https://fr.web.img5.acsta.net/c_310_420/pictures/210/095/21009570_20130530162836574.jpg,18 septembre 2013,en salle,Comédie,Tout public,"David Burke est un dealer à la petite semaine qui se contente de vendre sa marchandise à des chefs cuisiniers et des mamans accompagnant leurs fils au football, mais pas à des ados – car, au fond, il a quand même des principes ! Alors que tout devrait se passer au mieux pour lui, les ennuis s’accumulent… Préférant garder profil bas pour des raisons évidentes, David comprend, à son corps défendant, qu’on peut subir la pire injustice même lorsqu’on est animé des meilleures intentions : tentant de venir en aide à des jeunes du quartier, il se fait agresser par trois voyous qui lui volent sa marchandise et son argent. Il se retrouve dans une situation des plus délicates puisqu’il doit désormais rembourser son fournisseur, Brad. Afin d’éponger sa dette – et de rester en vie –, David n’a d’autre choix que de jouer dans la cour des grands en se rendant au Mexique pour ramener une importante cargaison de drogue à Brad. Réussissant à convaincre ses voisins – Rose, une strip-teaseuse cynique, Kenny, qui aimerait bien tester la marchandise et Casey, une ado débrouillarde couverte de tatouages et de piercings – de lui venir en aide, il met au point un plan censé être infaillible : avec ses complices qu’il fait passer pour sa femme et ses deux grands enfants, il met le cap sur le Mexique au volant d’un camping-car flambant neuf le jour de la fête nationale. Ce week-end risque bien d’être explosif…",Rawson Marshall Thurber,"Bob Fisher (VII),Steve Faber","Jennifer Aniston,Jason Sudeikis,Will Poulter","2,9","3,6",U.S.A.,Warner Bros. France,1 nomination,2013,Long métrage,Anglais,521 871 entrées
Rester Vertical,https://fr.web.img5.acsta.net/c_310_420/pictures/16/06/30/22/10/452928.jpg,24 août 2016,en salle,Drame,Interdit - 12 ans,"Léo est à la recherche du loup sur un grand causse de Lozère lorsqu’il rencontre une bergère, Marie. Quelques mois plus tard, ils ont un enfant. En proie au baby blues, et sans aucune confiance en Léo qui s’en va et puis revient sans prévenir, elle les abandonne tous les deux. Léo se retrouve alors avec un bébé sur les bras. C’est compliqué mais au fond, il aime bien ça. Et pendant ce temps, il ne travaille pas beaucoup, il sombre peu à peu dans la misère. C’est la déchéance sociale qui le ramène vers les causses de Lozère et vers le loup.,",Alain Guiraudie,Alain Guiraudie,"Damien Bonnard,India Hair,Christian Bouillette","3,7","2,6",France,Les Films du Losange,1 prix et 6 nominations,2016,Long métrage,Français,73 760 entrées
Les Trolls,https://fr.web.img5.acsta.net/c_310_420/pictures/16/09/21/09/57/585269.jpg,19 octobre 2016,en salle,"Aventure,Animation,Fantastique,Comédie musicale",Tout public,"Connus pour leur crête de cheveux fluos et magiques, les Trolls sont des créatures délirantes et joyeuses et surtout les rois de la pop. Mais leur monde d'arcs-en-ciel et de cupcakes est changé à jamais lorsque leur leader Poppy, accompagnée de Branche et tous ses amis, doit se lancer dans une mission de sauvetage qui l'entraînera loin de ce petit paradis.,Irrévérencieux, rafraîchissant et délirant, le dessin animé qui réveille la bonne humeur à coup de claques musicales à la Toussaint 2016.","Mike Mitchell (V),Walt Dohrn","Jonathan Aibel,Glenn Berger","Louane Emera,Anna Kendrick,Matt Pokora","2,9","3,3",U.S.A.,Twentieth Century Fox France,3 nominations,2016,Long métrage,Anglais,2 712 699 entrées
Le Mac,https://fr.web.img3.acsta.net/c_310_420/medias/nmedia/18/73/56/97/19208669.jpg,17 février 2010,en salle,Comédie,Tout public,Il a 36 heures pour devenir... Le Mac !,Pascal Bourdiaux,Vincent Lambert,"José Garcia,Gilbert Melki,Carmen Maura","3,1","2,6",France,ARP Sélection,1 prix et 1 nomination,2010,Long métrage,Français,1 481 381 entrées
Le Dernier des Templiers,https://fr.web.img5.acsta.net/c_310_420/medias/nmedia/18/82/08/99/19602839.jpg,12 janvier 2011,en salle,"Aventure,Drame,Fantastique",Tout public,"Après des années de croisade en Terre sainte, le templier Behmen et son fidèle compagnon, Felson, reviennent en Europe, désabusés. Alors qu'ils aspirent à une vie paisible, ils découvrent leur pays ravagé par la peste noire et se retrouvent appréhendés par les hommes du Cardinal.,Accusés d'avoir déserté, ils risquent la prison. Ils n'ont pas d'autre choix que d'accepter une étrange mission. Ils doivent escorter une mystérieuse jeune femme, désignée comme une sorcière responsable de l'épidémie, jusqu'à un lointain monastère où elle sera jugée et où sera pratiqué un ancestral rituel purificateur...,À travers des terres hostiles et dévastées par la maladie, dans des contrées sauvages, Behmen, Felson et quelques autres, se lancent dans le plus dangereux et le plus fascinant de tous les périples. Alors qu'aux yeux de Behmen, la jeune femme apparaît de plus en plus comme un bouc émissaire, d'étranges phénomènes se produisent. Tous ne vont pas tarder à découvrir les effroyables forces qui les attendent...",Dominic Sena,Bragi Schut,"Nicolas Cage,Ron Perlman,Stephen Campbell-Moore","1,6","1,9",U.S.A.,Metropolitan FilmExport,2 nominations,2011,Long métrage,Anglais,996 681 entrées
Les Gorilles,https://fr.web.img6.acsta.net/c_310_420/pictures/15/03/27/15/10/009562.jpg,15 avril 2015,en salle,"Action,Comédie",Tout public,"Alfonso, agent blasé et brutal du Service de Protection des Hautes Personnalités, est obligé de faire équipe avec Walter, jeune recrue inexpérimentée, fasciné par le monde du show-biz.,Ce duo improbable est chargé de la protection de Jal-Y, jeune star du R'n'B, menacée par son ex, un criminel en cavale.",Tristan Aurouet,"Matt Alexander,Tristan Aurouet"," JoeyStarr,Manu Payet,Alice Belaïdi","2,0","1,5",France,EuropaCorp Distribution,2 nominations,2014,Long métrage,Français,147 509 entrées
Dragons 3 : Le monde caché,https://fr.web.img6.acsta.net/c_310_420/pictures/18/12/13/23/29/4823925.jpg,6 février 2019,en salle,"Aventure,Animation,Famille",Tout public,"Harold est maintenant le chef de Berk au côté d’Astrid et Krokmou, en tant que dragon, est devenu le leader de son espèce. Ils réalisent enfin leurs rêves de vivre en paix entre vikings et dragons. Mais lorsque l’apparition soudaine d’une Furie Eclair coïncide avec la plus grande menace que le village n’ait jamais connue, Harold et Krokmou sont forcés de quitter leur village pour un voyage dans un monde caché dont ils n’auraient jamais soupçonnés l’existence. Alors que leurs véritables destins se révèlent, dragons et vikings vont se battre ensemble jusqu’au bout du monde pour protéger tout ce qu’ils chérissent.",Dean DeBlois,Dean DeBlois,"Donald Reignoux,Jay Baruchel,Florine Orphelin","3,9","4,2",U.S.A.,Universal Pictures International France,3 nominations,2019,Long métrage,Anglais,3 367 445 entrées
La Colline aux Coquelicots,https://fr.web.img6.acsta.net/c_310_420/pictures/22/06/20/11/03/5170380.jpg,11 janvier 2012,en salle,"Animation,Drame,Famille",Tout public,"Umi est une jeune lycéenne qui vit dans une vieille bâtisse perchée au sommet d’une colline surplombant le port de Yokohama. Chaque matin, depuis que son père a disparu en mer, elle hisse face à la baie deux pavillons, comme un message lancé à l’horizon. Au lycée, quelqu’un a même écrit un article sur cet émouvant signal dans le journal du campus. C’est peut-être l’intrépide Shun, le séduisant jeune homme qu’Umi n’a pas manqué de remarquer. Attirés l’un par l’autre, les deux jeunes gens vont partager de plus en plus d’activités, de la sauvegarde du vieux foyer jusqu’à la rédaction du journal. Pourtant, leur relation va prendre un tour inattendu avec la découverte d’un secret qui entoure leur naissance et semble les lier…",Goro Miyazaki,"Hayao Miyazaki,Keiko Niwa","Masami Nagasawa,Junichi Okada,Keiko Takeshita","3,4","4,0",Japon,The Walt Disney Company France,2 nominations,2011,Long métrage,"Anglais, Japonais",376 704 entrées
Bienvenue à bord,https://fr.web.img5.acsta.net/c_310_420/medias/nmedia/18/83/51/52/19813211.jpg,5 octobre 2011,en salle,Comédie,Tout public,"Isabelle, DRH d’une grande compagnie maritime, a commis l'erreur de choisir pour amant son patron. Avant d'embarquer pour la croisière inaugurale du fleuron de la flotte, il décide de la débarquer de sa vie et de son boulot ! Certaines femmes se vengent par le poison, l'arme à feu, ou la calomnie. Elle, elle choisit Rémy, chômeur flamboyant qui a tout raté sur terre et qui se dit qu'après tout sur mer.... Isabelle le recrute comme animateur. Il va d'abord se révéler être le pire cauchemar du PDG et du Directeur de Croisière, puis, peu à peu sur ce palais des mers, Rémy va trouver sa voie, l'amour et le succès. Il changera sa vie et celle de tous ceux qui croiseront sa route à bord...",Eric Lavaine,"Eric Lavaine,Héctor Cabello Reyes","Franck Dubosc,Valérie Lemercier,Gérard Darmon","1,7","2,5",France,Pathé Films,4 nominations,2011,Long métrage,Français,1 418 180 entrées
End of Watch,https://fr.web.img3.acsta.net/c_310_420/medias/nmedia/18/91/18/19/20248867.jpg,14 novembre 2012,en salle,"Drame,Thriller",Interdit - 12 ans,"Chaque jour, Brian Taylor et Mike Zavala, jeunes officiers de police, patrouillent dans les rues les plus dangereuses de Los Angeles. À travers les images filmées sur le vif, on découvre leur quotidien sous un angle jamais vu. Du danger partagé qui forge la fraternité à la peur et aux montées d’adrénaline, c’est une fascinante plongée au cœur de leur vie et d’un quartier, une histoire puissante sur l’amitié, la famille, l’honneur et le courage.",David Ayer,David Ayer,"Jake Gyllenhaal,Michael Peña,America Ferrera","3,7","3,8",U.S.A.,Metropolitan FilmExport,4 nominations,2012,Long métrage,Anglais,103 998 entrées
Ralph 2.0,https://fr.web.img6.acsta.net/c_310_420/pictures/18/10/29/15/09/3689644.jpg,13 février 2019,en salle,"Aventure,Animation",Tout public,"Ralph quitte l’univers des jeux d’arcade pour s’aventurer dans le monde sans limite d’Internet. La Toile va-t-elle résister à son légendaire talent de démolisseur ? Ralph et son amie Vanellope von Schweetz vont prendre tous les risques en s’aventurant dans l’étrange univers d’Internet à la recherche d’une pièce de rechange pour réparer la borne de Sugar Rush, le jeu vidéo dans lequel vit Vanellope. Rapidement dépassés par le monde qui les entoure, ils vont devoir demander de l’aide aux habitants d’Internet, les Netizens, afin de trouver leur chemin, et notamment à Yesss, l’algorithme principal, le cœur et l’âme du site créateur de tendances BuzzzTube…","Rich Moore,Phil Johnston","Phil Johnston,Pamela Ribon","François-Xavier Demaison,John C. Reilly,Dorothée Pousséo","3,1","3,7",U.S.A.,The Walt Disney Company France,3 nominations,2018,Long métrage,Anglais,2 261 157 entrées
Bernie,https://fr.web.img3.acsta.net/c_310_420/img/76/9e/769e2e2e88c7bd71098c4e374a571c95.jpg,8 janvier 2025,en salle,"Comédie,Drame",Tout public,"À Carthage, petite bourgade du Texas, dans les années 1990, Bernie Tiede, assistant croque-mort est aimé de tous les habitants. Véritable maître de l’embaumement et des animations d’enterrements, chanteur hors pair, Bernie va se lier d’amitié avec Marjorie Nugent, une riche veuve, à l’inverse, détestée car désagréable. Très vite, ils deviennent inséparables, voyagent à travers le monde et ne peuvent plus se passer l’un de l’autre. Mais la vieille femme possessive maintient Bernie sous son emprise jusqu’à ce qu’il l’assassine pour s’en libérer…",Richard Linklater,"Skip Hollandsworth,Richard Linklater","Jack Black,Shirley MacLaine,Matthew McConaughey","3,5","3,3",U.S.A.,ExtraLucid Films,1 prix et 4 nominations,2011,Long métrage,Anglais,2 122 entrées
Chamboultout,https://fr.web.img2.acsta.net/c_310_420/pictures/19/02/06/11/39/1312843.jpg,3 avril 2019,en salle,"Comédie,Drame",Tout public,"Béatrice célèbre avec les siens la sortie de son livre, dans lequel elle raconte l’accident de son mari qui a bouleversé leur vie. Frédéric a perdu la vue et ne peut s’empêcher de dire tout ce qu’il pense : c’est devenu un homme imprévisible et sans filtre bien que toujours aussi drôle et séduisant. Mais ce livre, véritable hymne-à-la-vie, va déclencher un joyeux pugilat car même si Béatrice a changé les noms, chacun de ses proches cherche à retrouver son personnage. Le groupe d’amis et la famille tanguent… mais certaines tempêtes sont salutaires.",Eric Lavaine,"Eric Lavaine,Bruno Lavaine","Alexandra Lamy,José Garcia,Michaël Youn","3,0","3,0",France,Gaumont Distribution,1 nomination,2019,Long métrage,Français,715 266 entrées
The Rider,https://fr.web.img4.acsta.net/c_310_420/pictures/18/02/20/14/22/3144541.jpg,28 mars 2018,en salle,Drame,Tout public,"Le jeune cowboy Brady, étoile montante du rodéo, apprend qu'après son tragique accident de cheval, les compétitions lui sont désormais interdites. De retour chez lui, Brady doit trouver une nouvelle raison de vivre, à présent qu'il ne peut plus s'adonner à l'équitation et la compétition qui donnaient tout son sens à sa vie. Dans ses efforts pour reprendre en main son destin, Brady se lance à la recherche d'une nouvelle identité et tente de définir ce qu'implique être un homme au coeur de l'Amérique.",Chloé Zhao,Chloé Zhao,"Brady Jandreau,Tim Jandreau,Lilly Jandreau","4,2","4,0",U.S.A.,Les Films du Losange,2 prix et 1 nomination,2017,Long métrage,Anglais,94 758 entrées
La femme au tableau,https://fr.web.img4.acsta.net/c_310_420/pictures/15/05/27/15/28/160427.jpg,15 juillet 2015,en salle,Drame,Tout public,"Lorsqu’il fait la connaissance de Maria Altmann, un jeune avocat de Los Angeles est loin de se douter de ce qui l’attend… Cette septuagénaire excentrique lui confie une mission des plus sidérantes : l’aider à récupérer l’un des plus célèbres tableaux de Gustav Klimt, exposé dans le plus grand musée d’Autriche, dont elle assure que celui-ci appartenait à sa famille ! D’abord sceptique, le jeune avocat se laisse convaincre par cette attachante vieille dame tandis que celle-ci lui raconte sa jeunesse tourmentée, l’invasion nazi, la spoliation des tableaux de sa famille, jusqu’à sa fuite aux Etats-Unis. Mais l’Autriche n’entend évidemment pas rendre la ""Joconde autrichienne"" à sa propriétaire légitime… Faute de recours, ils décident d’intenter un procès au gouvernement autrichien pour faire valoir leur droit et prendre une revanche sur l’Histoire.",Simon Curtis,Alexi Kaye Campbell,"Helen Mirren,Ryan Reynolds,Daniel Brühl","3,4","4,0",Grande-Bretagne,SND,1 prix et 1 nomination,2015,Long métrage,"Anglais, Allemand",336 358 entrées
Les Combattants,https://fr.web.img3.acsta.net/c_310_420/pictures/14/08/11/15/10/309669.jpg,20 août 2014,en salle,"Comédie,Romance",Tout public,"Entre ses potes et l’entreprise familiale, l’été d'Arnaud s’annonce tranquille…,Tranquille jusqu'à sa rencontre avec Madeleine, aussi belle que cassante, bloc de muscles tendus et de prophéties catastrophiques. Il ne s’attend à rien ; elle se prépare au pire.,Jusqu'où la suivre alors qu'elle ne lui a rien demandé ?,C’est une histoire d’amour. Ou une histoire de survie. Ou les deux.,",Thomas Cailley,"Thomas Cailley,Claude Le Pape","Adèle Haenel,Kévin Azaïs,Brigitte Roüan","4,1","3,8",France,Haut et Court,7 prix et 8 nominations,2014,Long métrage,Français,505 687 entrées
Detective Dee : Le mystère de la flamme fantôme,https://fr.web.img2.acsta.net/c_310_420/medias/nmedia/18/83/06/22/19670948.jpg,20 avril 2011,en salle,"Action,Thriller",Tout public,"L’histoire se déroule en Chine, en l’an 690, durant la période trouble correspondant à l’ascension de l’impératrice Wu Ze Tian. Tout est prêt pour la cérémonie du couronnement et la petite ville de Chang-An est dans ses habits de fête. Mais une série de morts mystérieuses menace l’intronisation de Wu Ze Tian.,L’impératrice décide alors de faire appel au seul homme capable de percer ce mystère : Le juge Ti, de retour après huit ans de prison pour insolence et insubordination…,Inspiré de l’histoire d’un authentique détective de la Chine des Tang, Detective Dee a fait l’objet d’une série de romans cultes (par Robert Van Gulick). Le film du cinéaste hong-kongais Tsui Hark a été présenté au Festival de Venise 2010 en compétition officielle.",Tsui Hark,Chia-Lu Chang,"Andy Lau,Carina Lau,Bingbing Li","4,1","3,2",Chine,Wild Side Films / Le Pacte,1 prix et 5 nominations,2010,Long métrage,"Cantonais, Chinois",234 726 entrées
L'Italien,https://fr.web.img6.acsta.net/c_310_420/medias/nmedia/18/74/10/40/19456917.jpg,14 juillet 2010,en salle,Comédie,Tout public,"Dino Fabrizzi est le vendeur numéro un de la concession Maserati de Nice. A 42 ans, il arrive à un tournant de sa vie, le poste de directeur lui est ouvertement proposé et sa compagne depuis un an, Hélène, a la ferme intention de l'épouser. Pour Dino, la vie est belle, sauf que cette vie parfaite s'est construite sur un mensonge. Dino s'appelle en fait Mourad Ben Saoud. Ni son patron, ni Hélène et encore moins ses parents ne sont au courant de cette fausse identité... Dans dix jours débute le ramadan et Mourad qui passe outre tous les ans devra cette fois assumer la promesse faite à son père malade. Faire le ramadan à sa place... Pour Dino, l'italien, cela ne va pas être simple.",Olivier Baroux,"Nicolas Boukhrief,Eric Besnard","Kad Merad,Valérie Benguigui,Roland Giraud","3,1","2,2",France,Pathé Films,1 nomination,2010,Long métrage,Français,1 092 419 entrées
Le Retour de Mary Poppins,https://fr.web.img6.acsta.net/c_310_420/pictures/18/11/14/09/38/3191210.jpg,19 décembre 2018,en salle,"Fantastique,Comédie musicale",Tout public,"Michael Banks travaille à la banque où son père était employé, et il vit toujours au 17 allée des Cerisiers avec ses trois enfants, Annabel, Georgie et John, et leur gouvernante Ellen. Comme sa mère avant elle, Jane Banks se bat pour les droits des ouvriers et apporte son aide à la famille de Michael. Lorsque la famille subit une perte tragique, Mary Poppins réapparaît magiquement dans la vie de la famille. Avec l’aide de Jack, l’allumeur de réverbères toujours optimiste, Mary va tout faire pour que la joie et l’émerveillement reviennent dans leur existence… Elle leur fera aussi découvrir de tout nouveaux personnages plein de fantaisie, dont sa cousine, l’excentrique Topsy.",Rob Marshall,David Magee,"Emily Blunt,Lin-Manuel Miranda,Ben Whishaw","3,3","3,1",U.S.A.,The Walt Disney Company France,1 prix et 12 nominations,2018,Long métrage,Anglais,1 535 377 entrées
Salt,https://fr.web.img2.acsta.net/c_310_420/medias/nmedia/18/69/61/88/19467642.jpg,25 août 2010,en salle,"Action,Espionnage,Thriller",Tout public,"Evelyn Salt est sans aucun doute l’un des meilleurs agents que la CIA ait jamais comptés dans ses rangs. Pourtant, lorsque la jeune femme est accusée d’être une espionne au service de la Russie, elle doit fuir. Evelyn Salt va faire appel à sa remarquable expertise pour échapper à ceux qui la traquent, y compris dans son propre camp. En cherchant à percer le secret de ceux qui la visent, Salt va brouiller toutes les pistes. Est-elle vraiment ce qu’elle prétend ? Désormais, une seule question se pose : qui est Salt ?",Phillip Noyce,Kurt Wimmer,"Angelina Jolie,Liev Schreiber,Chiwetel Ejiofor","2,7","2,9",U.S.A.,Sony Pictures Releasing France,3 nominations,2010,Long métrage,Anglais,1 452 214 entrées
Le Ciel Attendra,https://fr.web.img4.acsta.net/c_310_420/pictures/16/07/08/17/16/509980.jpg,5 octobre 2016,en salle,Drame,Tout public,"Sonia, 17 ans, a failli commettre l'irréparable pour ""garantir"" à sa famille une place au paradis. Mélanie, 16 ans, vit avec sa mère, aime l'école et ses copines, joue du violoncelle et veut changer le monde. Elle tombe amoureuse d'un ""prince"" sur internet. Elles pourraient s'appeler Anaïs, Manon, Leila ou Clara, et comme elles, croiser un jour la route de l'embrigadement… Pourraient-elles en revenir?",Marie-Castille Mention-Schaar,"Marie-Castille Mention-Schaar,Emilie Frèche","Noémie Merlant,Naomi Amarger,Sandrine Bonnaire","3,6","3,8",France,UGC Distribution,6 nominations,2016,Long métrage,Français,307 373 entrées
L'Homme Fidèle,https://fr.web.img5.acsta.net/c_310_420/pictures/18/11/14/15/30/1917134.jpg,26 décembre 2018,en salle,"Comédie,Romance",Tout public,"Autrefois, Marianne était amoureuse d'Abel. Puis elle a finalement choisi de faire sa vie avec Paul, le meilleur ami d'Abel. Après la mort de Paul, elle renoue avec Abel, que Joseph, le fils qu'elle a eu du défunt, n'apprécie guère. C'est alors qu'Eve, la jeune soeur de Paul, qui a toujours été amoureuse d'Abel, demande à Marianne de s'effacer afin de lui laisser la place. Mais Marianne n'a pas l'intention de renoncer à Abel. Après ""Les Deux Amis"", Louis Garrel poursuit, derrière et devant la caméra, l'exploration des vagabondages amoureux de sa génération, dans la lignée du cinéma de Christophe Honoré. Lily-Rose Depp, la fille de Johnny Depp et Vanessa Paradis, interprète le rôle d'Eve.",Louis Garrel,"Louis Garrel,Jean-Claude Carrière","Louis Garrel,Laetitia Casta,Lily-Rose Depp","3,7","2,7",France,Ad Vitam,1 nomination,2018,Long métrage,Français,149 707 entrées
Killer Joe,https://fr.web.img6.acsta.net/c_310_420/medias/nmedia/18/85/38/83/20137597.jpg,5 septembre 2012,en salle,"Policier,Drame,Thriller",Interdit - 12 ans avec avertissement,"Chris, 22 ans, minable dealer de son état, doit trouver 6 000 dollars ou on ne donnera pas cher de sa peau. Une lueur d’espoir germe dans son esprit lorsque se présente à lui une arnaque à l’assurance vie. Celle que sa crapule de mère a contractée pour 50 000 dollars.,Mais qui va se charger du sale boulot ?,Killer Joe est appelé à la rescousse. Flic le jour, tueur à gages la nuit, il pourrait être la solution au problème. Seul hic : il se fait payer d’avance, ce qui n’est clairement pas une option pour Chris qui n’a pas un sou en poche. Chris tente de négocier mais Killer Joe refuse d’aller plus loin. Il a des principes…jusqu’à ce qu’il rencontre Dottie, la charmante sœur de Chris.,Alors Killer Joe veut bien qu’on le paye sur le fric de l’assurance si on le laisse jouer avec Dottie.",William Friedkin,Tracy Letts,"Matthew McConaughey,Emile Hirsch,Juno Temple","3,6","3,4",U.S.A.,Pyramide Distribution,6 nominations,2011,Long métrage,Anglais,166 183 entrées
La Crème de la Crème,https://fr.web.img4.acsta.net/c_310_420/pictures/14/01/24/13/08/540023.jpg,2 avril 2014,en salle,Comédie dramatique,Tout public,"Dan, Kelliah et Louis sont trois étudiants d'une des meilleures écoles de commerce de France. Ils sont formés pour devenir l’élite de demain et sont bien décidés à passer rapidement de la théorie à la pratique.,Alors que les lois du marché semblent s’appliquer jusqu’aux relations entre garçons et filles, ils vont transformer leur campus en lieu d’étude et d’expérimentation.,La crème de la crème de la jeunesse française s'amuse et profite pleinement de ses privilèges : tout se vend car tout s’achète… mais dans quelle limite ?",Kim Chapiron,"Kim Chapiron,Noé Debré","Thomas Blumenthal,Alice Isaaz,Jean-Baptiste Lafarge","3,3","3,0",France,Wild Bunch Distribution,3 nominations,2014,Long métrage,Français,152 590 entrées
Le Fils à Jo,https://fr.web.img6.acsta.net/c_310_420/medias/nmedia/18/73/80/28/19640720.jpg,29 décembre 2010,en salle,Comédie dramatique,Tout public,"Petit-fils d’une légende de rugby, fils d’une légende, et lui-même légende de rugby, Jo Canavaro élève seul son fils de 13 ans, Tom, dans un petit village du Tarn.,Au grand dam de Jo, Tom est aussi bon en maths que nul sur un terrain. Pour un Canavaro, la légende ne peut s’arrêter là, quitte à monter une équipe de rugby pour Tom contre la volonté de tout le village et celle de son fils lui-même…",Philippe Guillard,Philippe Guillard,"Gérard Lanvin,Olivier Marchal,Vincent Moscato","2,4","3,3",France,Gaumont Distribution,2 prix et 3 nominations,2010,Long métrage,Français,1 219 002 entrées
L'Ecole buissonnière,https://fr.web.img4.acsta.net/c_310_420/pictures/17/06/28/11/55/351089.jpg,11 octobre 2017,en salle,"Comédie,Drame",Tout public,"Paris 1930. Paul n’a toujours eu qu’un seul et même horizon : les hauts murs de l’orphelinat, sévère bâtisse de la banlieue ouvrière parisienne. Confié à une joyeuse dame de la campagne, Célestine et à son mari, Borel, le garde-chasse un peu raide d’un vaste domaine en Sologne, l’enfant des villes, récalcitrant et buté, arrive dans un monde mystérieux et inquiétant, celui d’une région souveraine et sauvage.,L’immense forêt, les étangs embrumés, les landes et les champs, tout ici appartient au Comte de la Fresnaye, un veuf taciturne qui vit solitaire dans son manoir. Le Comte tolère les braconniers sur le domaine mais Borel les traque sans relâche et s’acharne sur le plus rusé et insaisissable d’entre eux, Totoche. Au cœur de la féérique Sologne, aux côtés du braconnier, grand amoureux de la nature, Paul va faire l’apprentissage de la vie mais aussi celui de la forêt et de ses secrets. Un secret encore plus lourd pèse sur le domaine, car Paul n’est pas venu là par hasard…",Nicolas Vanier,"Jérôme Tonnerre,Nicolas Vanier","François Cluzet,Eric Elmosnino,François Berléand","2,7","4,0",France,StudioCanal,1 prix et 2 nominations,2017,Long métrage,Français,1 883 285 entrées
Arrêtez-moi là,https://fr.web.img4.acsta.net/c_310_420/pictures/15/11/24/13/49/351028.jpg,6 janvier 2016,en salle,Drame,Tout public,"Chauffeur de taxi à Nice, Samson Cazalet, la trentaine, charge une cliente ravissante à l’aéroport. Un charme réciproque opère. Le soir même, la fille de cette femme disparaît et des preuves accablent Samson. Comment convaincre de son innocence lorsqu’on est le coupable idéal ?",Gilles Bannier,"Gilles Bannier,Nathalie Hertzberg","Reda Kateb,Léa Drucker,Gilles Cohen","3,3","3,4",France,EuropaCorp Distribution,1 nomination,2014,Long métrage,Français,50 137 entrées
Mains armées,https://fr.web.img2.acsta.net/c_310_420/medias/nmedia/18/86/84/52/20097158.jpg,11 juillet 2012,en salle,Policier,Tout public,"Lucas a 46 ans. Un grand flic, patron au trafic d’armes à Marseille.,Maya a 25 ans. Elle est jeune flic aux stups, à Paris.,Comme souvent, les armes croisent la drogue.,Et Lucas va croiser Maya. Pas forcément par hasard.,Flag, braquage, indics… leurs enquêtes vont s’entremêler.,Leurs vies aussi.,Parce que leur histoire a commencé bien longtemps avant leur rencontre…",Pierre Jolivet,"Pierre Jolivet,Simon Michaël","Roschdy Zem,Leïla Bekhti,Marc Lavoine","3,2","2,3",France,Mars Films,2 prix et 3 nominations,2011,Long métrage,Français,322 874 entrées
Je ne rêve que de vous,https://fr.web.img6.acsta.net/c_310_420/pictures/19/10/22/17/00/3049833.jpg,15 janvier 2020,en salle,"Drame,Historique",Tout public,"1940. Janot Reichenbach abandonne mari et enfant pour lier son destin à celui tragique de l’homme dont elle est éprise depuis l’adolescence alors qu’il est menacé par l’arrivée au pouvoir des artisans de la Collaboration. Elle traversera l’Europe et sacrifiera sa liberté pour épouser l’homme qu’elle aime au camp de Buchenwald où il sera enfermé, et, avec lui, elle survivra à cette épreuve. Cet homme, c’est Léon Blum.",Laurent Heynemann,"Laurent Heynemann,Luc Béraud","Elsa Zylberstein,Hippolyte Girardot,Emilie Dequenne","2,5","2,2",France,Rezo Films,1 nomination,2018,Long métrage,Français,60 055 entrées
Red,https://fr.web.img2.acsta.net/c_310_420/medias/nmedia/18/78/61/18/19518457.jpg,17 novembre 2010,en salle,"Action,Comédie",Tout public,"L'heure de la retraite a sonné ! Mais dans certaines professions, la transition peut s'avérer difficile : Franck ne supporte pas l'inactivité, son collègue Joe végète en maison de retraite, Marvin use d'amphétamines et Victoria fait des petits boulots. Pas facile de décrocher quand on a été... agents de la CIA toute sa vie ! Pourtant, quand leur ancien employeur décide d'éliminer pour de bon ces agents un peu trop compromettants, il va découvrir qu'en dépit de leur âge, ce sont encore de redoutables adversaires.",Robert Schwentke,"Erich Hoeber,Jon Hoeber","Bruce Willis,Morgan Freeman,Helen Mirren","2,8","3,4",U.S.A.,SND,4 nominations,2010,Long métrage,"Anglais, Russe",824 344 entrées
Casse-tête chinois,https://fr.web.img6.acsta.net/c_310_420/pictures/210/182/21018207_2013102210303588.jpg,4 décembre 2013,en salle,"Comédie dramatique,Romance",Tout public,"Xavier a maintenant 40 ans. On le retrouve avec Wendy, Isabelle et Martine quinze ans après L’Auberge Espagnole et dix ans après Les Poupées russes.,La vie de Xavier ne s’est pas forcément rangée et tout semble même devenir de plus en plus compliqué. Désormais père de deux enfants, son virus du voyage l’entraîne cette fois à New York, au beau milieu de Chinatown. Dans un joyeux bordel, Xavier cherche sa place en tant que fils, en tant que père… en tant qu’homme en fait ! Séparation. Famille recomposée. Homoparentalité. Immigration. Travail clandestin. Mondialisation. La vie de Xavier tient résolument du casse-tête chinois ! Cette vie à l’instar de New York et de l’époque actuelle, à défaut d’être cohérente et calme vient en tout cas nourrir sa plume d’écrivain…,",Cédric Klapisch,Cédric Klapisch,"Romain Duris,Audrey Tautou,Cécile de France","3,4","3,8",France,StudioCanal,2 prix et 2 nominations,2013,Long métrage,"Chinois, Anglais, Français, Espagnol, Yiddish",1 515 154 entrées
Alceste à bicyclette,https://fr.web.img2.acsta.net/c_310_420/medias/nmedia/18/93/83/71/20357209.jpg,16 janvier 2013,en salle,Comédie,Tout public,"Au sommet de sa carrière d’acteur, Serge Tanneur a quitté une fois pour toutes le monde du spectacle. Trop de colère, trop de lassitude. La fatigue d’un métier où tout le monde trahit tout le monde. Désormais, Serge vit en ermite dans une maison délabrée sur l’Île de Ré… Trois ans plus tard, Gauthier Valence, un acteur de télévision adulé des foules, abonné aux rôles de héros au grand cœur, débarque sur l’île. Il vient retrouver Serge pour lui proposer de jouer «Le Misanthrope» de Molière. Serge n’est-il pas devenu une pure incarnation du personnage d’Alceste ? Serge refuse tout net et confirme qu’il ne reviendra jamais sur scène. Pourtant, quelque chose en lui ne demande qu’à céder. Il propose à Gauthier de répéter la grande scène 1 de l’Acte 1, entre Philinte et Alceste. Au bout de cinq jours de répétition, il saura s’il a envie de le faire ou non. Les répétitions commencent : les deux acteurs se mesurent et se défient tour à tour, partagés entre le plaisir de jouer ensemble et l’envie brutale d’en découdre. La bienveillance de Gauthier est souvent mise à l’épreuve par le ressentiment de Serge. Autour d’eux, il y a le microcosme de l’Île de Ré, figée dans la morte saison : un agent immobilier, la patronne de l’hôtel local, une italienne divorcée venue vendre une maison. Et l’on peut se prendre à croire que Serge va réellement remonter sur les planches…",Philippe Le Guay,Philippe Le Guay,"Fabrice Luchini,Lambert Wilson,Maya Sansa","3,6","3,5",France,Pathé Films,3 nominations,2013,Long métrage,"Français, Italien",1 131 726 entrées
Le Garçon et la Bête,https://fr.web.img6.acsta.net/c_310_420/pictures/15/10/06/14/28/553693.jpg,13 janvier 2016,en salle,"Aventure,Animation",Tout public,"Shibuya, le monde des humains, et Jutengai, le monde des Bêtes... C'est l'histoire d'un garçon solitaire et d'une Bête seule, qui vivent chacun dans deux mondes séparés. Un jour, le garçon se perd dans le monde des Bêtes où il devient le disciple de la Bête Kumatetsu qui lui donne le nom de Kyuta. Cette rencontre fortuite est le début d'une aventure qui dépasse l'imaginaire...,",Mamoru Hosoda,Mamoru Hosoda,"Koji Yakusho,Aoi Miyazaki,Shôta Sometani","4,0","4,3",Japon,Gaumont Distribution,1 nomination,2015,Long métrage,Japonais,158 437 entrées
Souvenirs de Marnie,https://fr.web.img4.acsta.net/c_310_420/pictures/14/10/29/12/07/132203.jpg,14 janvier 2015,en salle,"Animation,Drame,Famille",Tout public,"Adolescente solitaire, Anna a perdu ses parents très jeune et vit en ville avec ses parents adoptifs. Lorsque son asthme s’aggrave, sa mère adoptive l’envoie chez des parents, les Oiwa, qui vivent près de la mer dans un petit village au nord d’Hokkaïdo. Pour Anna, c’est le début d’un été d’aventures qui commence par sa découverte d’une grande demeure construite au cœur des marais, non loin du village. Même si elle semble avoir quelque chose de familier pour elle, ""La Maison des Marais"", comme l’appellent les villageois, est inhabitée depuis bien longtemps. Et c’est là-bas qu’elle va faire la rencontre d’une étrange et mystérieuse fille : Marnie…",Hiromasa Yonebayashi,"Keiko Niwa,Masashi Ando","Kasumi Arimura,Sara Takatsuki,Nanako Matsushima","3,6","4,2",Japon,The Walt Disney Company France,3 nominations,2014,Long métrage,Japonais,114 679 entrées
The Best Offer,https://fr.web.img4.acsta.net/c_310_420/pictures/14/03/07/11/24/214323.jpg,16 avril 2014,en salle,"Drame,Thriller",Tout public,"Virgil Oldman est un commissaire priseur de renom. Véritable institution dans le milieu de l'art et misogyne assumé, il n'a de relation intime qu'avec la collection de tableaux qu'il a su constituer secrètement au cours des années. Personne ne le connaît vraiment, même pas son vieil ami marchand d'art Billy. Lorsqu'une cliente lui demande une expertise mais n'accepte de lui parler qu'au téléphone, Virgil est piqué de curiosité et ne peut se résoudre à laisser tomber l'affaire. Quand il la voit pour la première fois il tombe violemment sous son charme.",Giuseppe Tornatore,Giuseppe Tornatore,"Geoffrey Rush,Jim Sturgess,Sylvia Hoeks","3,3","4,1",Italie,Marco Polo Production,1 prix et 4 nominations,2013,Long métrage,Anglais,63 920 entrées
La Planète des singes : l'affrontement,https://fr.web.img4.acsta.net/c_310_420/pictures/14/07/03/16/07/192966.jpg,30 juillet 2014,en salle,"Action,Science Fiction",Tout public,"Une nation de plus en plus nombreuse de singes évolués, dirigée par César, est menacée par un groupe d’humains qui a survécu au virus dévastateur qui s'est répandu dix ans plus tôt. Ils parviennent à une trêve fragile, mais de courte durée : les deux camps sont sur le point de se livrer une guerre qui décidera de l’espèce dominante sur Terre.",Matt Reeves,"Rick Jaffa,Amanda Silver","Andy Serkis,Jason Clarke,Gary Oldman","3,6","3,9",U.S.A.,Twentieth Century Fox France,2 nominations,2014,Long métrage,Anglais,3 752 287 entrées
Braqueurs,https://fr.web.img6.acsta.net/c_310_420/pictures/16/02/26/10/22/161970.jpg,4 mai 2016,en salle,"Policier,Drame,Thriller",Interdit - 12 ans,"Yanis, Eric, Nasser et Frank forment l’équipe de braqueurs la plus efficace de toute la région Parisienne. Entre chaque coup, chacun gère comme il peut sa vie familiale, entre paranoïa, isolement et inquiétude des proches. Par appât du gain, Amine, le petit frère de Yanis, va commettre une erreur... Une erreur qui va les obliger à travailler pour des caïds de cité. Cette fois, il ne s'agit plus de braquer un fourgon blindé, mais un go-fast transportant plusieurs kilos d'héroïne. Mais la situation s’envenime, opposant rapidement braqueurs et dealers…",Julien Leclercq,"Julien Leclercq,Simon Moutaïrou","Sami Bouajila,Guillaume Gouix,Redouane Behache","3,3","3,5",France,SND,1 nomination,2015,Long métrage,Français,435 835 entrées
Mademoiselle de Joncquières,https://fr.web.img5.acsta.net/c_310_420/pictures/18/08/01/11/38/4214720.jpg,12 septembre 2018,en salle,"Drame,Romance",Tout public,"Madame de La Pommeraye, jeune veuve retirée du monde, cède à la cour du marquis des Arcis, libertin notoire. Après quelques années d’un bonheur sans faille, elle découvre que le marquis s’est lassé de leur union. Follement amoureuse et terriblement blessée, elle décide de se venger de lui avec la complicité de Mademoiselle de Joncquières et de sa mère...",Emmanuel Mouret,Emmanuel Mouret,"Cécile de France,Edouard Baer,Alice Isaaz","3,9","3,9",France,Pyramide Distribution,1 prix et 10 nominations,2018,Long métrage,Français,547 442 entrées
La Reine des neiges II,https://fr.web.img5.acsta.net/c_310_420/pictures/19/10/25/15/08/5952325.jpg,20 novembre 2019,en salle,"Animation,Musical",Tout public,"Pourquoi Elsa est-elle née avec des pouvoirs magiques ? La jeune fille rêve de l’apprendre, mais la réponse met son royaume en danger. Avec l’aide d’Anna, Kristoff, Olaf et Sven, Elsa entreprend un voyage aussi périlleux qu’extraordinaire. Dans La Reine des neiges, Elsa craignait que ses pouvoirs ne menacent le monde. Dans,, elle espère qu’ils seront assez puissants pour le sauver…","Jennifer Lee,Chris Buck","Jennifer Lee,Allison Schroeder","Emmylou Homs,Kristen Bell,Charlotte Hervieux","3,3","3,4",U.S.A.,The Walt Disney Company France,4 nominations,2019,Long métrage,Anglais,7 401 300 entrées
Malveillance,https://fr.web.img5.acsta.net/c_310_420/medias/nmedia/18/86/44/14/19850480.jpg,28 décembre 2011,en salle,"Epouvante-horreur,Thriller",Interdit - 12 ans,"César est un gardien d’immeuble toujours disponible, efficace et discret. Disponible pour s’immiscer dans la vie des habitants jusqu’à les connaître par cœur ; discret quand il emploie ses nuits à détruire leur bonheur ; efficace quand il s’acharne jusqu’à l’obsession sur Clara, une jeune femme insouciante et heureuse…",Jaume Balagueró,Alberto Marini,"Luis Tosar,Marta Etura,Alberto San Juan","3,4","3,7",Espagne,Wild Side Films / Le Pacte,3 nominations,2011,Long métrage,Espagnol,103 217 entrées
Young Adult,https://fr.web.img6.acsta.net/c_310_420/medias/nmedia/18/85/59/22/20033477.jpg,28 mars 2012,en salle,"Comédie,Drame",Tout public,"Originaire d’une petite ville de province où elle s’ennuyait à mourir, Mavis Gary s’est installée à Minneapolis où elle est devenue auteur de romans pour ados. Mais lorsqu’elle apprend que son ex-petit copain de lycée est devenu papa, elle décide de revenir sur les lieux de son enfance pour le reconquérir. Tandis que Mavis semble sûre d’elle et de son pouvoir de séduction, la situation ne tourne pas à son avantage. Elle noue alors une relation peu banale avec un ancien camarade de lycée, mal dans sa peau, qui, malgré les apparences, lui ressemble plus qu’il n’y paraît...",Jason Reitman,Diablo Cody,"Charlize Theron,Patton Oswalt,Patrick Wilson","3,0","2,4",U.S.A.,Paramount Pictures France,2 nominations,2011,Long métrage,Anglais,161 673 entrées
Monstres Academy,https://fr.web.img6.acsta.net/c_310_420/medias/nmedia/18/91/41/04/20484519.jpg,10 juillet 2013,en salle,"Animation,Comédie,Famille,Fantastique",Tout public,"Même quand il n’était qu’un tout petit monstre, Bob Razowski rêvait déjà de devenir une Terreur. Aujourd’hui, il est enfin en première année à la prestigieuse université Monstres Academy, où sont formées les meilleures Terreurs. Son plan de carrière bien préparé est pourtant menacé par sa rencontre avec James P. Sullivan, dit Sulli, un vrai crack qui a un don naturel pour Terrifier. Aveuglés par leur désir de se prouver l’un à l’autre qu’ils sont imbattables, tous deux finissent par se faire renvoyer de l’université. Pire encore : ils se rendent compte que s’ils veulent que les choses aient une chance de rentrer dans l’ordre, ils vont devoir travailler ensemble, et avec un petit groupe de monstres bizarres et mal assortis…",Dan Scanlon,"Robert L. Baird,Daniel Gerson","Eric Métayer,Billy Crystal,Xavier Fagnon","3,5","3,9",U.S.A.,The Walt Disney Company France,4 nominations,2013,Long métrage,Anglais,2 028 637 entrées
Another Year,https://fr.web.img2.acsta.net/c_310_420/medias/nmedia/18/77/71/08/19584776.jpg,22 décembre 2010,en salle,Drame,Tout public,"Printemps, été, automne et hiver. La famille et l'amitié. Amour et réconfort. Joie et peine. Espoir et découragement. La fraternité. La solitude. Une naissance. Une mort. Le temps passe...",Mike Leigh,Mike Leigh,"Jim Broadbent,Lesley Manville,Ruth Sheen","3,9","3,3",Grande-Bretagne,Diaphana Distribution,7 nominations,2010,Long métrage,Anglais,461 783 entrées
Mister Babadook,https://fr.web.img6.acsta.net/c_310_420/pictures/14/06/12/14/20/320768.jpg,30 juillet 2014,en salle,"Drame,Epouvante-horreur,Thriller",Interdit - 12 ans,"Depuis la mort brutale de son mari, Amelia lutte pour ramener à la raison son fils de 6 ans, Samuel, devenu complètement incontrôlable et qu'elle n'arrive pas à aimer. Quand un livre de contes intitulé 'Mister Babadook' se retrouve mystérieusement dans leur maison, Samuel est convaincu que le 'Babadook' est la créature qui hante ses cauchemars. Ses visions prennent alors une tournure démesurée, il devient de plus en plus imprévisible et violent. Amelia commence peu à peu à sentir une présence malveillante autour d’elle et réalise que les avertissements de Samuel ne sont peut-être pas que des hallucinations...",Jennifer Kent,Jennifer Kent,"Essie Davis,Noah Wiseman,Daniel Henshall","3,5","2,9",Australie,Wild Bunch Distribution,# prix,2014,Long métrage,Anglais,130 310 entrées
#Chef,https://fr.web.img6.acsta.net/c_310_420/pictures/14/08/19/15/04/358672.jpg,29 octobre 2014,en salle,"Comédie,Drame",Tout public,"Carl Casper, Chef cuisinier, préfère démissionner soudainement de son poste plutôt que d’accepter de compromettre son intégrité créative par les décisions du propriétaire de l’établissement. Il doit alors décider de son avenir. Se retrouvant ainsi à Miami, il s’associe à son ex-femme, son ami et son fils pour lancer un food truck. En prenant la route, le Chef Carl retourne à ses racines et retrouve la passion pour la cuisine et un zeste de vie et d’amour.",Jon Favreau,Jon Favreau,"Jon Favreau,John Leguizamo,Sofía Vergara","2,8","3,6",U.S.A.,Sony Pictures Releasing France,1 nomination,2014,Long métrage,Anglais,16 824 entrées
La Loi de Téhéran,https://fr.web.img5.acsta.net/c_310_420/pictures/21/04/20/12/16/1557509.jpg,28 juillet 2021,en salle,"Action,Policier,Drame",Tout public,"En Iran, la sanction pour possession de drogue est la même que l’on ait 30 g ou 50 kg sur soi : la peine de mort. Dans ces conditions, les narcotrafiquants n’ont aucun scrupule à jouer gros et la vente de crack a explosé. Bilan : 6,5 millions de personnes ont plongé. Au terme d'une traque de plusieurs années, Samad, flic obstiné aux méthodes expéditives, met enfin la main sur le parrain de la drogue Nasser K. Alors qu’il pensait l'affaire classée, la confrontation avec le cerveau du réseau va prendre une toute autre tournure...",Saeed Roustaee,Saeed Roustaee,"Payman Maadi,Navid Mohammadzadeh,Houman Kiai","4,1","4,0",Iran,Wild Bunch Distribution,2 prix et 1 nomination,2019,Long métrage,Farsi,164 845 entrées
A Ghost Story,https://fr.web.img6.acsta.net/c_310_420/pictures/17/09/26/15/21/0089085.jpg,20 décembre 2017,en salle,"Drame,Fantastique",Tout public,"Apparaissant sous un drap blanc, le fantôme d'un homme rend visite à sa femme en deuil dans la maison de banlieue qu'ils partageaient encore récemment, pour y découvrir que dans ce nouvel état spectral, le temps n'a plus d'emprise sur lui. Condamné à ne plus être que simple spectateur de la vie qui fut la sienne, avec la femme qu'il aime, et qui toutes deux lui échappent inéluctablement, le fantôme se laisse entraîner dans un voyage à travers le temps et la mémoire, en proie aux ineffables questionnements de l'existence et à son incommensurabilité.",David Lowery,David Lowery,"Casey Affleck,Rooney Mara,McColm Cephas Jr.","3,5","3,2",U.S.A.,Universal Pictures International France,# prix,2017,Long métrage,Anglais,52 860 entrées
En route !,https://fr.web.img4.acsta.net/c_310_420/pictures/15/04/08/10/31/072651.jpg,15 avril 2015,en salle,"Aventure,Animation,Comédie",Tout public,"Les BOOVS, aliens à l’ego surdimensionné, choisissent, pour échapper à leurs ennemis jurés les GORGS, de faire de la Terre leur nouvelle planète d’adoption. Mais OH, l’un d’entre eux, va révéler accidentellement la cachette de son peuple... Contraint de fuir, il fait la connaissance de TIF, une jeune fille à la recherche de sa mère. Ensemble, ils vont devenir d’improbables fugitifs embarqués dans l’aventure de leur vie et vont réaliser que les enjeux auxquels ils font face sont beaucoup plus complexes que de simples mésententes intergalactiques…",Tim Johnson,"Tom J. Astle,Matt Ember","Alex Lutz,Jim Parsons,Leïla Bekhti","3,2","3,3",U.S.A.,Twentieth Century Fox France,# prix,2015,Long métrage,Anglais,1 213 616 entrées
Tout ce qu'il me reste de la révolution,https://fr.web.img3.acsta.net/c_310_420/pictures/18/12/20/10/05/0453500.jpg,6 février 2019,en salle,Comédie,Tout public,"Angèle avait 8 ans quand s’ouvrait le premier McDonald’s de Berlin-Est… Depuis, elle se bat contre la malédiction de sa génération : être né « trop tard », à l’heure de la déprime politique mondiale. Elle vient d’une famille de militants, mais sa mère a abandonné du jour au lendemain son combat politique, pour déménager, seule, à la campagne et sa sœur a choisi le monde de l’entreprise.,Seul son père, ancien maoïste chez qui elle retourne vivre, est resté fidèle à ses idéaux. En colère, déterminée, Angèle s’applique autant à essayer de changer le monde qu’à fuir les rencontres amoureuses.,Que lui reste-t-il de la révolution, de ses transmissions, de ses rendez-vous ratés et de ses espoirs à construire? Tantôt Don Quichotte, tantôt Bridget Jones, Angèle tente de trouver un équilibre…",Judith Davis,"Judith Davis,Cécile Vargaftig","Judith Davis,Malik Zidi,Claire Dumas","3,6","3,1",France,UFO Distribution,1 prix et 2 nominations,2019,Long métrage,Français,99 487 entrées
Fighter,https://fr.web.img5.acsta.net/c_310_420/medias/nmedia/18/82/89/54/19658171.jpg,9 mars 2011,en salle,"Biopic,Drame",Tout public,"Micky Ward est un jeune boxeur dont la carrière stagne. Il va rencontrer Charlene, une femme au caractère bien trempé, qui va l'aider à s'affranchir de l'influence négative de sa mère, qui gère maladroitement sa carrière, et de ses sœurs envahissantes.,Son demi-frère Dicky Eklund, lui, a connu la gloire sur le ring, il y a bien longtemps. C’était avant qu’il ne sombre dans la drogue, avant son séjour en prison.,Entre le sportif en quête d’un second souffle et l’ex-toxico, il y a longtemps que le courant ne passe plus. Trop de non-dits, d’échecs et de souffrances. Pourtant, parfois, les hommes changent, et Micky et Dicky vont peut-être avoir ensemble, la chance de réussir ce qu’ils ont raté chacun de leur côté…",David O. Russell,"Scott Silver,Eric Johnson (III)","Mark Wahlberg,Christian Bale,Amy Adams","3,9","4,1",U.S.A.,Metropolitan FilmExport,6 prix et 20 nominations,2010,Long métrage,Anglais,287 041 entrées
Monsieur & Madame Adelman,https://fr.web.img2.acsta.net/c_310_420/pictures/17/02/23/12/23/004447.jpg,8 mars 2017,en salle,"Comédie,Drame,Romance",Tout public,"Comment Sarah et Victor ont-ils fait pour se supporter pendant plus de 45 ans ? Qui était vraiment cette femme énigmatique vivant dans l'ombre de son mari ?,Amour et ambition, trahisons et secrets nourrissent cette odyssée d'un couple hors du commun, traversant avec nous petite et grande histoire du dernier siècle.","Nicolas Bedos,Doria Tillier",Nicolas Bedos,"Nicolas Bedos,Doria Tillier,Denis Podalydès","3,4","4,0",France,Le Pacte,2 prix et 2 nominations,2016,Long métrage,Français,329 419 entrées
Frances Ha,https://fr.web.img6.acsta.net/c_310_420/pictures/210/106/21010697_20130606113154308.jpg,3 juillet 2013,en salle,Comédie dramatique,Tout public,"Frances, jeune New-Yorkaise, rêve de devenir chorégraphe. En attendant, elle s’amuse avec sa meilleure amie, danse un peu et s’égare beaucoup...",Noah Baumbach,"Noah Baumbach,Greta Gerwig","Greta Gerwig,Mickey Sumner,Michael Esper","4,1","3,8",U.S.A.,Memento,4 nominations,2012,Long métrage,Anglais,257 952 entrées
Transformers 3 - La Face cachée de la Lune,https://fr.web.img5.acsta.net/c_310_420/medias/nmedia/18/79/54/19/19734117.jpg,29 juin 2011,en salle,"Action,Science Fiction",Tout public,"Un événement mystérieux lié à notre passé éclate au grand jour. C’est la guerre qui menace aujourd’hui notre Terre ; une guerre d’une telle ampleur que l’aide des Transformers pourrait, cette fois, ne pas suffire à nous sauver.",Michael Bay,Ehren Kruger,"Shia LaBeouf,Rosie Huntington-Whiteley,Patrick Dempsey","2,4","2,9",U.S.A.,Paramount Pictures France,2 prix et 12 nominations,2011,Long métrage,Anglais,2 622 932 entrées
Burlesque,https://fr.web.img3.acsta.net/c_310_420/medias/nmedia/18/78/62/92/19533065.jpg,22 décembre 2010,en salle,"Drame,Comédie musicale,Romance",Tout public,"Une jeune femme ambitieuse, dotée d'une voix superbe trouve l'amour et la gloire dans un club néo-burlesque à Los Angeles tenu par Tess...",Steven Antin,"Steven Antin,Susannah Grant","Christina Aguilera, Cher,Stanley Tucci","2,2","3,6",U.S.A.,Sony Pictures Releasing France,1 prix et 4 nominations,2010,Long métrage,Anglais,143 697 entrées
Spring Breakers,https://fr.web.img4.acsta.net/c_310_420/medias/nmedia/18/90/56/90/20462006.jpg,6 mars 2013,en salle,"Policier,Drame",Interdit - 12 ans avec avertissement,"Pour financer leur Spring Break, quatre filles aussi fauchées que sexy décident de braquer un fast-food. Et ce n’est que le début… Lors d’une fête dans une chambre de motel, la soirée dérape et les filles sont embarquées par la police. En bikini et avec une gueule de bois d’enfer, elles se retrouvent devant le juge, mais contre toute attente leur caution est payée par Alien, un malfrat local qui les prend sous son aile…",Harmony Korine,Harmony Korine,"James Franco,Vanessa Hudgens,Selena Gomez","3,7","2,2",U.S.A.,Mars Films,2 nominations,2012,Long métrage,Anglais,597 032 entrées
Une pure affaire,https://fr.web.img6.acsta.net/c_310_420/medias/nmedia/18/82/69/23/19639831.jpg,2 mars 2011,en salle,Comédie,Tout public,"David Pelame a la quarantaine. Il est marié à Christine depuis assez longtemps pour avoir oublié qu’ils s’aimaient autrefois. Il a deux enfants avec qui la communication se fait de plus en plus rare.,Professionnellement, David n’est jamais devenu le grand avocat associé d’un cabinet de renom qu’il rêvait d’être mais plutôt un simple gratte-papier qui excelle dans les tâches les plus rébarbatives.,Bref, la vie de David ne fait pas rêver.,Si on avait un conseil à lui donner ?… Ce serait qu’il se ressaisisse.,C’est ce qu’il va faire, en découvrant, le soir de Noël, une valise pleine de cocaïne et un téléphone croulant sous les appels de clients. David pense alors avoir trouvé le moyen de relancer sa vie.,Si on avait un second conseil à donner à David ? … Ce serait qu’il y réfléchisse à deux fois.",Alexandre Coffre,Alexandre Coffre,"François Damiens,Pascale Arbillot,Laurent Lafitte","3,3","2,6",France,Bac Films,# prix,2011,Long métrage,Français,155 196 entrées
Midnight Special,https://fr.web.img2.acsta.net/c_310_420/pictures/16/03/03/09/13/052102.jpg,16 mars 2016,en salle,"Aventure,Drame,Science Fiction",Tout public,"Fuyant d'abord des fanatiques religieux et des forces de police, Roy, père de famille et son fils Alton, se retrouvent bientôt les proies d'une chasse à l'homme à travers tout le pays, mobilisant même les plus hautes instances du gouvernement fédéral. En fin de compte, le père risque tout pour sauver son fils et lui permettre d'accomplir son destin. Un destin qui pourrait bien changer le monde pour toujours.",Jeff Nichols,Jeff Nichols,"Michael Shannon,Jaeden Martell,Joel Edgerton","4,1","3,4",U.S.A.,Warner Bros. France,1 nomination,2016,Long métrage,Anglais,259 796 entrées
Braquage à l'ancienne,https://fr.web.img6.acsta.net/c_310_420/pictures/17/02/08/15/54/313963.jpg,3 mai 2017,en salle,"Comédie,Policier",Tout public,"Pour Willie, Joe et Al, trois amis octogénaires – ou presque –, la retraite, c'est du passé. Quand ils apprennent que leurs pensions sont parties en fumée, ils décident de passer à l'action. Bousculant tous leurs principes, ils tentent l'impensable : braquer la banque qui les a ruinés !",Zach Braff,Theodore Melfi,"Morgan Freeman,Michael Caine,Alan Arkin","3,0","3,4",U.S.A.,Warner Bros. France,1 nomination,2017,Long métrage,Anglais,381 970 entrées
La Lutte des Classes,https://fr.web.img6.acsta.net/c_310_420/pictures/19/02/15/14/38/2076351.jpg,3 avril 2019,en salle,Comédie,Tout public,"Sofia et Paul emménagent dans une petite maison de banlieue. Elle, brillante avocate d’origine magrébine, a grandi dans une cité proche. Lui, batteur punk-rock et anar dans l’âme, cultive un manque d’ambition qui force le respect ! Comme tous les parents, ils veulent le meilleur pour leur fils Corentin, élève à Jean Jaurès, l’école primaire du quartier. Mais lorsque tous ses copains désertent l’école publique pour l’institution catholique Saint Benoît, Corentin se sent seul. Comment rester fidèle à l'école républicaine quand votre enfant ne veut plus y mettre les pieds? Pris en étau entre leurs valeurs et leurs inquiétudes parentales, Sofia et Paul vont voir leur couple mis à rude épreuve par la « lutte des classes ».",Michel Leclerc,"Michel Leclerc,Baya Kasmi","Leïla Bekhti,Edouard Baer,Ramzy Bedia","3,6","2,9",France,UGC Distribution,1 prix et 1 nomination,2018,Long métrage,Français,445 798 entrées
Knight of Cups,https://fr.web.img6.acsta.net/c_310_420/pictures/15/08/21/16/41/435642.jpg,25 novembre 2015,en salle,Drame,Tout public,"Knight of Cups suit la quête de Rick, un scénariste en vogue, entre Los Angeles et Las Vegas. Au milieu de décors urbains grandioses, il cherche à briser le sort qui l’a plongé dans une mélancolie profonde. Sur sa route, des femmes telles des muses l’aideront à leur façon à trouver sa voie.",Terrence Malick,Terrence Malick,"Christian Bale,Natalie Portman,Cate Blanchett","3,3","2,6",U.S.A.,Metropolitan FilmExport,2 nominations,2015,Long métrage,"Anglais, Allemand",34 574 entrées
Pride,https://fr.web.img6.acsta.net/c_310_420/pictures/14/07/02/16/01/158254.jpg,17 septembre 2014,en salle,"Comédie,Drame",Tout public,"Eté 1984 - Alors que Margaret Thatcher est au pouvoir, le Syndicat National des Mineurs vote la grève. Lors de leur marche à Londres, un groupe d’activistes gay et lesbien décide de récolter de l’argent pour venir en aide aux familles des mineurs. Mais l’Union Nationale des Mineurs semble embarrassée de recevoir leur aide. Le groupe d’activistes ne se décourage pas. Après avoir repéré un village minier au fin fond du pays de Galles, ils embarquent à bord d'un minibus pour aller remettre l'argent aux ouvriers en mains propres. Ainsi débute l’histoire extraordinaire de deux communautés que tout oppose qui s’unissent pour défendre la même cause.,",Matthew Warchus,Stephen Beresford,"Bill Nighy,Imelda Staunton,Paddy Considine","3,7","4,2",Grande-Bretagne,Pathé Films,2 prix et 4 nominations,2014,Long métrage,Anglais,183 223 entrées
Le Doudou,https://fr.web.img5.acsta.net/c_310_420/pictures/18/04/27/14/01/4093568.jpg,20 juin 2018,en salle,Comédie,Tout public,"Michel a perdu le doudou de sa fille à l’aéroport de Roissy. Il dépose un avis de recherche avec une récompense. Sofiane, employé à l’aéroport, y voit l’occasion de se faire un peu d’argent et prétend avoir retrouvé la peluche. Le mensonge révélé, Michel et Sofiane se lancent malgré tout sur les traces du doudou. Une mission plus compliquée que prévu...","Philippe Mechelen,Julien Hervé","Philippe Mechelen,Julien Hervé","Kad Merad,Malik Bentalha,Guy Marchand","3,0","2,4",France,Pathé Films,1 prix et 1 nomination,2017,Long métrage,Français,392 077 entrées
Triple alliance,https://fr.web.img5.acsta.net/c_310_420/pictures/14/04/30/14/38/201479.jpg,18 juin 2014,en salle,Comédie,Tout public,"Carly découvre que son nouveau petit ami Marc est un imposteur, lorsqu'elle rencontre accidentellement sa femme, Kate. Carly va se prendre d'affection pour elle, et leur improbable amitié va se renforcer encore un peu plus lorsqu'elles réalisent que Marc les trompe toutes les deux avec une autre femme, Amber.,Les trois femmes vont joindre leurs forces et mettre au point un impitoyable complot pour se venger.",Nick Cassavetes,Melissa Stack,"Cameron Diaz,Leslie Mann,Kate Upton","2,7","2,8",U.S.A.,Twentieth Century Fox France,2 nominations,2014,Long métrage,Anglais,804 954 entrées
Bienvenue à Suburbicon,https://fr.web.img5.acsta.net/c_310_420/pictures/17/09/26/10/04/3569523.jpg,6 décembre 2017,en salle,"Comédie,Policier",Interdit - 12 ans,"Suburbicon est une paisible petite ville résidentielle aux maisons abordables et aux pelouses impeccablement entretenues, l’endroit parfait pour une vie de famille. Durant l’été 1959, tous les résidents semblent vivre leur rêve américain dans cette parcelle de paradis. Pourtant, sous cette apparente tranquillité, entre les murs de ces pavillons, se cache une réalité tout autre faite de mensonge, de trahison, de duperie et de violence... Bienvenue à Suburbicon.",George Clooney,"George Clooney,Grant Heslov","Matt Damon,Julianne Moore,Noah Jupe","3,0","2,8",U.S.A.,Metropolitan FilmExport,2 nominations,2017,Long métrage,Anglais,175 142 entrées
Le Vent de la liberté,https://fr.web.img5.acsta.net/c_310_420/pictures/18/11/19/16/42/2120327.jpg,10 avril 2019,en salle,"Historique,Thriller",Tout public,"1979. En pleine guerre froide, deux familles ordinaires d’Allemagne de l’Est rêvent de passer à l’Ouest.,Leur plan : construire une montgolfière et survoler la frontière.,Une histoire incroyable. Une histoire vraie.",Michael Bully Herbig,"Michael Bully Herbig,Thilo Röscheisen","Friedrich Mücke,Karoline Schuch,David Kross","3,5","4,1",Allemagne,ARP Sélection,# prix,2018,Long métrage,Allemand,149 646 entrées
Don Jon,https://fr.web.img6.acsta.net/c_310_420/pictures/210/587/21058781_20131118171447215.jpg,25 décembre 2013,en salle,"Comédie,Drame,Romance",Interdit - 12 ans,"Jon Martello est un beau mec que ses amis ont surnommé Don Jon en raison de son talent à séduire une nouvelle fille chaque week-end. Mais pour lui, même les rencontres les plus excitantes ne valent pas les moments solitaires qu’il passe devant son ordinateur à regarder des films pornographiques. Barbara Sugarman est une jeune femme lumineuse, nourrie aux comédies romantiques hollywoodiennes, bien décidée à trouver son Prince Charmant. Leur rencontre est un choc, une explosion dans la vie de chacun. Bourrés d’illusions et d’idées reçues sur le sexe opposé, Jon et Barbara vont devoir laisser tomber leurs fantasmes s’ils veulent avoir une chance de vivre enfin une vraie relation…,",Joseph Gordon-Levitt,Joseph Gordon-Levitt,"Joseph Gordon-Levitt,Scarlett Johansson,Julianne Moore","2,8","2,6",U.S.A.,Mars Films,3 nominations,2013,Long métrage,Anglais,258 793 entrées
Buried,https://fr.web.img6.acsta.net/c_310_420/medias/nmedia/18/72/18/31/19535837.jpg,3 novembre 2010,en salle,Thriller,Tout public,"Ouvrez les yeux. Vous êtes dans un espace clos, sous 1 tonne de terre irakienne avec 90 minutes d’oxygène et pour seule connexion vers l’extérieur un téléphone portable à moitié rechargé. Tel est le destin de Paul, entrepreneur Américain pris en otage et enfermé dans une boîte. Le temps file et chaque seconde qui passe le rapproche d’une mort certaine…",Rodrigo Cortés,Chris Sparling,"Ryan Reynolds,Robert Paterson,José Luis García Pérez","3,6","3,4",Espagne,Rezo Films,4 prix et 10 nominations,2010,Long métrage,Anglais,226 854 entrées
"Albator, Corsaire de l'Espace",https://fr.web.img6.acsta.net/c_310_420/pictures/210/459/21045968_20131002122115037.jpg,25 décembre 2013,en salle,"Aventure,Animation,Science Fiction",Tout public,"2977. Albator, capitaine du vaisseau Arcadia, est un corsaire de l’espace. Il est condamné à mort, mais reste insaisissable.  Le jeune Yama, envoyé pour l’assassiner, s’infiltre dans l’Arcadia, alors qu’Albator décide d’entrer en guerre contre la Coalition Gaia afin de défendre sa planète d’origine, la Terre.",Shinji Aramaki,"Harutoshi Fukui,Kiyoto Takeuchi","Shun Oguri,Haruma Miura,Yû Aoi","2,5","3,4",Japon,Océan Films,2 nominations,2013,Long métrage,Japonais,724 973 entrées
"Connasse, Princesse des coeurs",https://fr.web.img2.acsta.net/c_310_420/pictures/15/03/27/17/41/397394.jpg,29 avril 2015,en salle,Comédie,Tout public,"Camilla, 30 ans, estime qu'elle mérite mieux que sa vie actuelle. Pourquoi devrait-elle travailler ? Partager le sort du commun ? Un seul statut lui revient de droit : celui de princesse. Elle en est là de ses réflexions quand elle croise par hasard dans la rue Stéphane Bern, le spécialiste des têtes couronnées. Suivant ses conseils, elle se rend à Londres, décidée à séduire le prince Harry. Sur place, elle fait ce qu'elle sait faire de mieux : étaler en public son incommensurable complexe de supériorité, et accessoirement provoquer le scandale à Buckingham Palace. Camille Cottin reprend son rôle de ""connasse"" de la série en caméra cachée qui l'a rendue insupportable à tous les Parisiens.","Eloïse Lang,Noémie Saglio","Noémie Saglio,Eloïse Lang","Camille Cottin,Cécile Boland","3,3","2,7",France,Gaumont Distribution,1 nomination,2014,Long métrage,Français,1 194 678 entrées
Une vie de chat,https://fr.web.img6.acsta.net/c_310_420/medias/nmedia/18/63/78/79/19510694.jpg,15 décembre 2010,en salle,"Animation,Policier",Tout public,"Dino est un chat qui partage sa vie entre deux maisons. Le jour, il vit avec Zoé, la fillette d’une commissaire de police. La nuit, il escalade les toits de Paris en compagnie de Nico, un cambrioleur d’une grande habileté. Jeanne, la commissaire de police, est sur les dents. Elle doit à la fois arrêter l’auteur de nombreux vols de bijoux, et s’occuper de la surveillance du Colosse de Nairobi, une statue géante convoitée par Costa, le criminel responsable de la mort de son mari policier. Depuis ce drame, la fillette ne dit plus un mot. Les événements vont se précipiter la nuit où Zoé surprend Costa et sa bande. Une poursuite s’engage, qui durera jusqu’au matin, et qui verra tous les personnages se croiser, s’entraider ou se combattre, jusque sur les toits de Notre-Dame…","Alain Gagnol,Jean-Loup Felicioli",Alain Gagnol,"Dominique Blanc,Bruno Salomone,Jean Benguigui","3,6","3,8",France,Folimage Studio,13 nominations,2010,Long métrage,Français,409 205 entrées
"Moi, Tonya",https://fr.web.img2.acsta.net/c_310_420/pictures/18/01/31/14/48/2935253.jpg,21 février 2018,en salle,"Biopic,Comédie,Drame",Tout public,"En 1994, le milieu sportif est bouleversé en apprenant que Nancy Kerrigan, jeune patineuse artistique promise à un brillant avenir, est sauvagement attaquée. Plus choquant encore, la championne Tonya Harding et ses proches sont soupçonnés d'avoir planifié et mis à exécution l'agression…",Craig Gillespie,Steven Rogers,"Margot Robbie,Allison Janney,Sebastian Stan","3,5","4,0",U.S.A.,Mars Films,4 prix et 11 nominations,2017,Long métrage,Anglais,148 151 entrées
Iron Man 2,https://fr.web.img6.acsta.net/c_310_420/medias/nmedia/18/70/45/28/19408942.jpg,28 avril 2010,en salle,"Action,Aventure,Science Fiction",Tout public,"Le monde sait désormais que l'inventeur milliardaire Tony Stark et le super-héros Iron Man ne font qu'un. Malgré la pression du gouvernement, de la presse et du public pour qu'il partage sa technologie avec l'armée, Tony n'est pas disposé à divulguer les secrets de son armure, redoutant que l'information atterrisse dans de mauvaises mains. Avec Pepper Potts et James ""Rhodey"" Rhodes à ses côtés, Tony va forger de nouvelles alliances et affronter de nouvelles forces toutes-puissantes...",Jon Favreau,Justin Theroux,"Robert Downey Jr.,Don Cheadle,Scarlett Johansson","3,1","3,4",U.S.A.,Paramount Pictures France,6 nominations,2010,Long métrage,"Anglais, Français, Russe",2 559 297 entrées
All Is Lost,https://fr.web.img6.acsta.net/c_310_420/pictures/205/419/20541978_20131010174200124.jpg,11 décembre 2013,en salle,"Aventure,Drame",Tout public,"Au cours d'un voyage en solitaire à travers l'Océan Indien, un homme découvre à son réveil que la coque de son voilier de 12 mètres a été percée lors d'une collision avec un container flottant à la dérive. Privé de sa radio et de son matériel de navigation, l'homme se laisse prendre dans une violente tempête. Malgré ses réparations, son génie marin et une force physique défiant les années, il y survit de justesse. Avec un simple sextant et quelques cartes marines pour établir sa position, il doit s'en remettre aux courants pour espérer se rapprocher d'une voie de navigation et héler un navire de passage. Mais le soleil implacable, la menace des requins et l'épuisement de ses maigres réserves forcent ce marin forcené à regarder la mort en face.",J.C. Chandor,J.C. Chandor,Robert Redford,"3,9","3,3",U.S.A.,Universal Pictures International France,2 prix et 8 nominations,2013,Long métrage,Anglais,72 883 entrées
Les Kaïra,https://fr.web.img5.acsta.net/c_310_420/medias/nmedia/18/86/72/77/20123623.jpg,11 juillet 2012,en salle,Comédie,Tout public,"Mousten, Abdelkrim et Momo sont trois potes d’enfance qui ont toujours vécu dans leur cité de Melun. Casquettes enfoncées sur la tête et baskets aux pieds, tous les trois ont le même problème : désespérément célibataires, ils passent leurs journées à laisser s’écouler leurs vies, sans motivation ni ambition. Jusqu’au jour où ils découvrent une annonce dans un magazine porno qui propose un casting pour devenir une « Star du X ». En galère de filles et d’argent, la quête de ce qui leur semble être alors le meilleur métier du monde va se transformer en un parcours initiatique et devenir la plus importante aventure de leurs vies.",Franck Gastambide,Franck Gastambide,"Medi Sadoun,Franck Gastambide,Jib Pocthier","3,3","2,3",France,Gaumont Distribution,2 nominations,2012,Long métrage,Français,1 016 184 entrées
Savages,https://fr.web.img6.acsta.net/c_310_420/medias/nmedia/18/89/96/96/20184017.jpg,26 septembre 2012,en salle,"Drame,Thriller",Interdit - 12 ans,"Laguna Beach, Californie : Ben, botaniste bohème, Chon, ancien Navy Seal, et la belle O partagent tout. Ben et Chon sont à la tête d’un business florissant. Les graines ramenées par Chon de ses missions et le génie de Ben ont donné naissance au meilleur cannabis qui soit. Même s’il est officiellement produit pour des raisons thérapeutiques, ils en dealent partout avec la complicité de Dennis, un agent des stups. Leur affaire marche tellement bien qu’elle attire l’attention du cartel mexicain de Baja, dirigé d’une main de fer par Elena. Face à leur proposition d’""association"", Chon est partisan de résister par la force, mais Ben préfère tout abandonner. Pour les contraindre à coopérer, le cartel kidnappe O. Elena a eu raison d’utiliser les liens très forts du trio, mais elle a aussi sous-estimé leur capacité à réagir… C’est le début d’une guerre entre l’organisation du crime dont le bras armé, Lado, ne fait aucun cadeau et le trio. Qu’il s’agisse de pouvoir, d’innocence, ou de la vie de ceux qu’ils aiment, tout le monde a quelque chose à perdre.",Oliver Stone,"Shane Salerno,Don Winslow","Taylor Kitsch,Aaron Taylor-Johnson,Blake Lively","3,0","3,4",U.S.A.,Pathé Films,4 nominations,2012,Long métrage,Anglais,499 132 entrées
Cars 3,https://fr.web.img5.acsta.net/c_310_420/pictures/17/04/12/14/42/499210.jpg,2 août 2017,en salle,"Aventure,Animation,Famille,Fantastique",Tout public,"Dépassé par une nouvelle génération de bolides ultra-rapides, le célèbre Flash McQueen se retrouve mis sur la touche d’un sport qu’il adore. Pour revenir dans la course et prouver, en souvenir de Doc Hudson, que le n° 95 a toujours sa place dans la,il devra faire preuve d’ingéniosité. L’aide d’une jeune mécanicienne pleine d’enthousiasme, Cruz Ramirez, qui rêve elle aussi de victoire, lui sera d’un précieux secours...",Brian Fee,"Bob Peterson,Mike Rich","Guillaume Canet,Owen Wilson,Alice Pol","2,9","3,8",U.S.A.,The Walt Disney Company France,1 prix et 1 nomination,2017,Long métrage,Anglais,2 673 473 entrées
Le Prodige,https://fr.web.img3.acsta.net/c_310_420/pictures/15/07/22/10/48/076888.jpg,16 septembre 2015,en salle,"Biopic,Drame",Tout public,"L’histoire de Bobby Fischer, le prodige américain des échecs, qui à l’apogée de la guerre froide se retrouve pris entre le feu des deux superpuissances en défiant l’Empire Soviétique lors du match du siècle contre Boris Spassky. Son obsession de vaincre les Russes va peu à peu se transformer en une terrifiante lutte entre le génie et la folie de cet homme complexe qui n’a jamais cessé de fasciner le monde.",Edward Zwick,Steven Knight,"Tobey Maguire,Liev Schreiber,Michael Stuhlbarg","3,5","3,7",U.S.A.,Metropolitan FilmExport,1 nomination,2014,Long métrage,Anglais,75 793 entrées
Solo: A Star Wars Story,https://fr.web.img3.acsta.net/c_310_420/pictures/18/04/09/10/56/4971105.jpg,23 mai 2018,en salle,"Fantastique,Science Fiction",Tout public,"Embarquez à bord du Faucon Millenium et partez à l’aventure en compagnie du plus célèbre vaurien de la galaxie. Au cours de périlleuses aventures dans les bas-fonds d’un monde criminel, Han Solo va faire la connaissance de son imposant futur copilote Chewbacca et croiser la route du charmant escroc Lando Calrissian… Ce voyage initiatique révèlera la personnalité d’un des héros les plus marquants de la saga Star Wars.",Ron Howard,"Lawrence Kasdan,Jonathan Kasdan","Alden Ehrenreich,Woody Harrelson,Emilia Clarke","2,6","3,3",U.S.A.,The Walt Disney Company France,2 nominations,2018,Long métrage,Anglais,1 362 999 entrées
Jupiter : Le destin de l'Univers,https://fr.web.img4.acsta.net/c_310_420/pictures/14/10/24/16/38/434735.jpg,4 février 2015,en salle,"Action,Aventure,Science Fiction",Tout public,"Née sous un ciel étoilé, Jupiter Jones est promise à un destin hors du commun. Devenue adulte, elle a la tête dans les étoiles, mais enchaîne les coups durs et n'a d'autre perspective que de gagner sa vie en nettoyant des toilettes. Ce n'est que lorsque Caine, ancien chasseur militaire génétiquement modifié, débarque sur Terre pour retrouver sa trace que Jupiter commence à entrevoir le destin qui l'attend depuis toujours : grâce à son empreinte génétique, elle doit bénéficier d'un héritage extraordinaire qui pourrait bien bouleverser l'équilibre du cosmos…","Lilly Wachowski,Lana Wachowski","Lilly Wachowski,Lana Wachowski","Mila Kunis,Channing Tatum,Sean Bean","3,0","2,4",U.S.A.,Warner Bros. France,1 prix et 7 nominations,2015,Long métrage,Anglais,797 018 entrées
Girl,https://fr.web.img4.acsta.net/c_310_420/pictures/18/06/04/16/54/2648625.jpg,10 octobre 2018,en salle,Drame,Tout public,"Lara, 15 ans, rêve de devenir danseuse étoile. Avec le soutien de son père, elle se lance à corps perdu dans cette quête d’absolu. Mais ce corps ne se plie pas si facilement à la discipline que lui impose Lara, car celle-ci est née garçon.,",Lukas Dhont,"Lukas Dhont,Angelo Tijssens","Victor Polster,Arieh Worthalter,Oliver Bodart","4,4","4,1",Belgique,Diaphana Distribution,5 prix et 5 nominations,2018,Long métrage,"Flamand, Français",352 663 entrées
Comancheria,https://fr.web.img5.acsta.net/c_310_420/pictures/16/08/17/10/51/490464.jpg,7 septembre 2016,en salle,"Drame,Thriller",Tout public,"Après la mort de leur mère, deux frères organisent une série de braquages, visant uniquement les agences d’une même banque. Ils n’ont que quelques jours pour éviter la saisie de leur propriété familiale, et comptent rembourser la banque avec son propre argent. À leurs trousses, un ranger bientôt à la retraite et son adjoint, bien décidés à les arrêter.",David Mackenzie,Taylor Sheridan,"Chris Pine,Ben Foster,Jeff Bridges","4,0","4,0",U.S.A.,Wild Bunch Distribution,1 prix et 15 nominations,2016,Long métrage,Anglais,241 046 entrées
Le Chat Potté,https://fr.web.img5.acsta.net/c_310_420/medias/nmedia/18/78/52/71/19830353.jpg,30 novembre 2011,en salle,"Aventure,Animation,Comédie",Tout public,"C’était bien avant que notre mythique Chat Potté ne croise la route de Shrek… Le légendaire félin, et non moins redoutable amant, s’était alors embarqué dans un périple riche en rebondissements, avec la ravissante et rusée Kitty Pattes de Velours et Humpty Alexandre Dumpty, véritable ""cerveau"" de l’opération. Leur objectif : s’emparer de la fameuse Oie aux Œufs d’Or pour sauver la ville où le Chat Potté a grandi. Voici l’histoire véridique du Chat, du Mythe, de la Légende et… des Bottes !",Chris Miller (LX),Tom Wheeler,"Boris Rehlinger,Antonio Banderas,Virginie Efira","3,1","3,4",U.S.A.,Paramount Pictures France,7 nominations,2011,Long métrage,Anglais,3 794 833 entrées
Mission : Impossible - Protocole fantôme,https://fr.web.img6.acsta.net/c_310_420/medias/nmedia/18/85/51/98/19843153.jpg,14 décembre 2011,en salle,"Action,Espionnage,Thriller",Tout public,"Impliquée dans l'attentat terroriste du Kremlin, l'agence Mission Impossible (IMF) est totalement discréditée. Tandis que le président lance l'opération ""Protocole Fantôme"", Ethan Hunt, privé de ressources et de renfort, doit trouver le moyen de blanchir l'agence et de déjouer toute nouvelle tentative d'attentat. Mais pour compliquer encore la situation, l'agent doit s'engager dans cette mission avec une équipe de fugitifs d'IMF dont il n'a pas bien cerné les motivations…",Brad Bird,"Josh Appelbaum,André Nemec","Tom Cruise,Jeremy Renner,Simon Pegg","3,9","3,8",U.S.A.,Paramount Pictures France,2 nominations,2011,Long métrage,Anglais,2 415 036 entrées
Populaire,https://fr.web.img3.acsta.net/c_310_420/medias/nmedia/18/89/68/67/20270335.jpg,28 novembre 2012,en salle,Comédie,Tout public,"Printemps 1958. Rose Pamphyle, 21 ans, vit avec son père, veuf bourru qui tient le bazar d’un petit village normand. Elle doit épouser le fils du garagiste et est promise au destin d’une femme au foyer docile et appliquée. Mais Rose ne veut pas de cette vie. Elle part pour Lisieux où Louis Echard, 36 ans, patron charismatique d’un cabinet d’assurance, cherche une secrétaire. L’entretien d’embauche est un fiasco. Mais Rose a un don : elle tape à la machine à écrire à une vitesse vertigineuse. La jeune femme réveille malgré elle le sportif ambitieux qui sommeille en Louis… Si elle veut le poste, elle devra  participer à des concours de vitesse dactylographique. Qu’importent les sacrifices qu’elle devra faire pour arriver au sommet, il s’improvise entraîneur et décrète qu’il fera d’elle la fille la plus rapide du pays, voire du monde ! Et l’amour du sport ne fait pas forcément bon ménage avec l’amour tout court…",Regis Roinsard,"Regis Roinsard,Daniel Presley","Romain Duris,Déborah François,Bérénice Bejo","3,8","3,8",France,Mars Films,4 prix et 14 nominations,2012,Long métrage,Français,1 167 403 entrées
D'après une Histoire Vraie,https://fr.web.img3.acsta.net/c_310_420/pictures/17/09/22/15/09/4120741.jpg,1 novembre 2017,en salle,"Drame,Thriller",Tout public,"Delphine est l’auteur d’un roman intime et consacré à sa mère devenu best-seller.,Déjà éreintée par les sollicitations multiples et fragilisée par le souvenir, Delphine est bientôt tourmentée par des lettres anonymes l'accusant d'avoir livré sa famille en pâture au public.,La romancière est en panne, tétanisée à l'idée de devoir se remettre à écrire.,Son chemin croise alors celui de Elle. La jeune femme est séduisante, intelligente, intuitive. Elle comprend Delphine mieux que personne. Delphine s'attache à Elle, se confie, s'abandonne.,Alors qu’Elle s’installe à demeure chez la romancière, leur amitié prend une tournure inquiétante. Est-elle venue combler un vide ou lui voler sa vie ?",Roman Polanski,"Olivier Assayas,Roman Polanski","Emmanuelle Seigner,Eva Green,Vincent Perez","2,4","2,1",France,Mars Films,1 nomination,2017,Long métrage,Français,110 940 entrées
Les Héritiers,https://fr.web.img2.acsta.net/c_310_420/pictures/14/12/01/12/21/233373.jpg,3 décembre 2014,en salle,Comédie dramatique,Tout public,"D'après une histoire vraie.,Lycée Léon Blum de Créteil, une prof décide de faire passer un concours national d'Histoire à sa classe de seconde la plus faible. Cette rencontre va les transformer.",Marie-Castille Mention-Schaar,"Ahmed Dramé,Marie-Castille Mention-Schaar","Ariane Ascaride,Ahmed Dramé,Noémie Merlant","3,7","4,1",France,TF1 Vidéo,1 nomination,2015,Long métrage,Français,556 149 entrées
L'Agence,https://fr.web.img6.acsta.net/c_310_420/medias/nmedia/18/82/30/14/19640223.jpg,23 mars 2011,en salle,"Romance,Science Fiction",Tout public,"Sommes-nous maîtres de notre destin ? Ou sommes-nous manipulés par des forces invisibles ? David Norris entrevoit l'avenir que le Sort lui réserve et se rend compte qu'il aspire à une autre vie que celle qui lui a été tracée. Pour y parvenir, il va devoir poursuivre la femme, dont il est tombé follement amoureux, à travers les rues de New York et ses réseaux souterrains...",George Nolfi,George Nolfi,"Matt Damon,Emily Blunt,Michael Kelly","3,0","3,4",U.S.A.,Universal Pictures International France,1 nomination,2011,Long métrage,Anglais,677 078 entrées
Toy Story 3,https://fr.web.img5.acsta.net/c_310_420/medias/nmedia/18/63/96/06/19415330.jpg,14 juillet 2010,en salle,"Aventure,Animation,Comédie,Fantastique",Tout public,"Les créateurs des très populaires films Toy Story ouvrent à nouveau le coffre à jouets et invitent les spectateurs à retrouver le monde délicieusement magique de Woody et Buzz au moment où Andy s'apprête à partir pour l'université. Délaissée, la plus célèbre bande de jouets se retrouve... à la crèche ! Les bambins déchaînés et leurs petits doigts capables de tout arracher sont une vraie menace pour nos amis ! Il devient urgent d'échafauder un plan pour leur échapper au plus vite. Quelques nouveaux venus vont se joindre à la Grande évasion, dont l'éternel séducteur et célibataire Ken, compagnon de Barbie, un hérisson comédien nommé Larosse, et un ours rose parfumé à la fraise appelé Lotso.",Lee Unkrich,Michael Arndt,"Jean-Philippe Puymartin,Tom Hanks,Richard Darbois","4,7","4,4",U.S.A.,The Walt Disney Company France,5 prix et 10 nominations,2010,Long métrage,Anglais,4 127 897 entrées
Tout le Monde Debout,https://fr.web.img2.acsta.net/c_310_420/pictures/18/01/19/09/24/4390096.jpg,14 mars 2018,en salle,"Comédie,Romance",Tout public,"Jocelyn, homme d'affaire en pleine réussite, est un dragueur et un menteur invétéré. Lassé d'être lui-même, il se retrouve malgré lui à séduire une jeune et jolie femme en se faisant passer pour un handicapé. Jusqu'au jour où elle lui présente sa sœur elle-même handicapée...",Franck Dubosc,Franck Dubosc,"Franck Dubosc,Alexandra Lamy,Elsa Zylberstein","3,6","3,9",France,Gaumont Distribution,# prix,2018,Long métrage,Français,2 383 725 entrées
La Loi du marché,https://fr.web.img5.acsta.net/c_310_420/pictures/15/04/16/12/40/073359.jpg,19 mai 2015,en salle,Drame,Tout public,"Depuis que son usine a fermé, Thierry, 51 ans, marié et père d'un adolescent handicapé, recherche désespérément du travail pour boucler les fins de mois. Lancé dans une quête éperdue, il suit vaillamment des formations qui ne le mènent à rien et enchaîne sans succès les rendez-vous. Pris à la gorge, il accepte un poste de vigile dans un hypermarché. La longue routine de la surveillance commence, avec son lot de petites gens, clients comme employés, que son travail consiste à repérer et à dénoncer, souvent pour des larcins véniels, voire inexistants.À 51 ans, après 20 mois de chômage, Thierry commence un nouveau travail qui le met bientôt face à un dilemme moral. Pour garder son emploi, peut-il tout accepter ?",Stéphane Brizé,"Stéphane Brizé,Olivier Gorce","Vincent Lindon,Karine De Mirbeck,Matthieu Schaller","3,8","3,3",France,Diaphana Distribution,4 prix et 5 nominations,2015,Long métrage,Français,964 359 entrées
Star Trek Into Darkness,https://fr.web.img4.acsta.net/c_310_420/medias/nmedia/18/95/04/04/20535567.jpg,12 juin 2013,en salle,"Action,Aventure,Science Fiction",Tout public,"Alors qu’il rentre à sa base, l’équipage de l’Enterprise doit faire face à des forces terroristes implacables au sein même de son organisation. L’ennemi a fait exploser la flotte et tout ce qu’elle représentait, plongeant notre monde dans le chaos…,Dans un monde en guerre, le Capitaine Kirk, animé par la vengeance, se lance dans une véritable chasse à l’homme, pour neutraliser celui qui représente à lui seul une arme de destruction massive.,Nos héros entrent dans un jeu d’échecs mortel. L’amour sera menacé, des amitiés seront brisées et des sacrifices devront être faits dans la seule famille qu’il reste à Kirk : son équipe.",J.J. Abrams,"Roberto Orci,Alex Kurtzman","Chris Pine,Zachary Quinto,Benedict Cumberbatch","3,7","4,0",U.S.A.,Paramount Pictures France,2 nominations,2013,Long métrage,Anglais,879 931 entrées
Kung Fu Panda 2,https://fr.web.img6.acsta.net/c_310_420/medias/nmedia/18/81/96/03/19723216.jpg,15 juin 2011,en salle,"Aventure,Animation,Famille,Arts Martiaux",Tout public,"Le rêve de Po s'est réalisé. Il est devenu le Guerrier Dragon, qui protège la Vallée de la Paix avec ses amis les Cinq Cyclones : Tigresse, Grue, Mante, Vipère et Singe. Mais cette vie topissime est menacée par un nouvel ennemi, décidé à conquérir la Chine et anéantir le kung-fu à l'aide d'une arme secrète et indestructible. Comment Po pourra-t-il triompher d'une arme plus forte que le kung-fu ? Il devra se tourner vers son passé et découvrir le secret de ses mystérieuses origines. Alors seulement, il pourra libérer la force nécessaire pour vaincre.",Jennifer Yuh Nelson,"Jonathan Aibel,Glenn Berger","Manu Payet,Jack Black,Marie Gillain","3,4","3,8",U.S.A.,Universal Pictures International France,2 prix et 2 nominations,2011,Long métrage,Anglais,2 616 671 entrées
Party Girl,https://fr.web.img6.acsta.net/c_310_420/pictures/14/06/26/10/39/395906.jpg,27 août 2014,en salle,Drame,Tout public,"Angélique a soixante ans. Elle aime encore la fête, elle aime encore les hommes. La nuit, pour gagner sa vie, elle les fait boire dans un cabaret à la frontière allemande. Avec le temps, les clients se font plus rares. Mais Michel, son habitué, est toujours amoureux d’elle. Un jour, il lui propose de l’épouser.","Marie Amachoukeli,Claire Burger,Samuel Theis","Marie Amachoukeli,Claire Burger","Angélique Litzenburger,Joseph Bour,Mario Theis","3,6","3,5",France,Pyramide Distribution,3 prix et 5 nominations,2013,Long métrage,Français,193 080 entrées
Mignonnes,https://fr.web.img3.acsta.net/c_310_420/pictures/20/08/24/09/36/5981334.jpg,19 août 2020,en salle,"Comédie,Drame",Tout public,"Amy, 11 ans, rencontre un groupe de danseuses appelé : « Les Mignonnes ». Fascinée, elle s’initie à une danse sensuelle, dans l’espoir d’intégrer leur bande et de fuir un bouleversement familial...",Maimouna Doucouré,Maimouna Doucouré,"Fathia Youssouf,Medina El Aidi,Esther Gohourou","3,6","2,7",France,Bac Films,1 prix et 4 nominations,2019,Long métrage,Français,91 488 entrées
Twilight - Chapitre 3 : hésitation,https://fr.web.img5.acsta.net/c_310_420/medias/nmedia/18/73/05/75/19415045.jpg,7 juillet 2010,en salle,"Fantastique,Romance",Tout public,"Des morts suspectes dans les environs de Seattle laissent présager une nouvelle menace pour Bella. Victoria cherche toujours à assouvir sa vengeance contre elle et rassemble une armée. Malgré leur haine ancestrale, les Cullen et les Quileutes vont devoir faire une trêve et s'associer pour avoir une chance de la sauver.,Mais Bella est obligée de choisir entre son amour pour Edward et son amitié pour Jacob tout en sachant que sa décision risque de relancer la guerre entre les deux clans. Alors que l'armée de Victoria approche, Bella est confrontée à la plus importante décision de sa vie.",David Slade,Melissa Rosenberg,"Kristen Stewart,Robert Pattinson,Taylor Lautner","2,6","2,5",U.S.A.,SND,5 prix et 13 nominations,2010,Long métrage,Anglais,3 930 577 entrées
Fences,https://fr.web.img4.acsta.net/c_310_420/pictures/16/12/21/17/22/245110.jpg,22 février 2017,en salle,Drame,Tout public,"L'histoire bouleversante d’une famille où chacun lutte pour exister et être fidèle à ses rêves, dans une Amérique en pleine évolution. Troy Maxson aspirait à devenir sportif professionnel mais il a dû renoncer et se résigner à devenir employé municipal pour faire vivre sa femme et son fils. Son rêve déchu continue à le ronger de l’intérieur et l’équilibre fragile de sa famille va être mis en péril par un choix lourd de conséquences…",Denzel Washington,August Wilson,"Denzel Washington,Viola Davis,Stephen McKinley Henderson","2,8","3,5",U.S.A.,Paramount Pictures France,5 prix et 7 nominations,2016,Long métrage,Anglais,104 387 entrées
True Grit,https://fr.web.img2.acsta.net/c_310_420/medias/nmedia/18/79/25/29/19666375.jpg,23 février 2011,en salle,"Aventure,Drame,Western",Tout public,"1870, juste après la guerre de Sécession, sur l'ultime frontière de l'Ouest américain. Seule au monde, Mattie Ross, 14 ans, réclame justice pour la mort de son père, abattu de sang-froid pour deux pièces d'or par le lâche Tom Chaney. L'assassin s'est réfugié en territoire indien. Pour le retrouver et le faire pendre, Mattie engage Rooster Cogburn, un U.S. Marshal alcoolique. Mais Chaney est déjà recherché par LaBoeuf, un Texas Ranger qui veut le capturer contre une belle récompense. Ayant la même cible, les voilà rivaux dans la traque. Tenace et obstiné, chacun des trois protagonistes possède sa propre motivation et n'obéit qu'à son code d'honneur. Ce trio improbable chevauche désormais vers ce qui fait l'étoffe des légendes : la brutalité et la ruse, le courage et les désillusions, la persévérance et l'amour...","Ethan Coen,Joel Coen","Joel Coen,Ethan Coen","Jeff Bridges,Hailee Steinfeld,Josh Brolin","4,0","3,9",U.S.A.,Paramount Pictures France,2 prix et 27 nominations,2010,Long métrage,Anglais,1 367 885 entrées
Jappeloup,https://fr.web.img6.acsta.net/c_310_420/medias/nmedia/18/93/83/72/20452765.jpg,13 mars 2013,en salle,"Biopic,Drame",Tout public,"Au début des années 80, abandonnant une carrière d’avocat prometteuse, Pierre Durand se consacre corps et âme à sa passion, le saut d’obstacle. Soutenu par son père, il mise tout sur un jeune cheval auquel personne ne croit vraiment : Jappeloup. Trop petit, trop caractériel, trop imprévisible, il a de nombreux défauts mais une détente et des aptitudes remarquables. De compétition en compétition, le duo progresse et s’impose dans le monde de l’équitation. Mais les JO de Los Angeles sont un terrible échec et Pierre prend alors conscience de ses faiblesses. Avec l’aide de Nadia, sa femme, et de Raphaëlle, la groom du cheval, Pierre va regagner la confiance de Jappeloup et construire une relation qui va les mener aux JO de Séoul en 1988.",Christian Duguay,Guillaume Canet,"Guillaume Canet,Marina Hands,Daniel Auteuil","3,6","4,0",France,Pathé Films,2 nominations,2012,Long métrage,Français,1 782 479 entrées
Le Garçon et le Monde,https://fr.web.img5.acsta.net/c_310_420/pictures/14/06/25/12/52/182930.jpg,8 octobre 2014,en salle,"Aventure,Animation,Drame",Tout public,"À la recherche de son père, un garçon quitte son village et découvre un monde fantastique dominé par des animaux-machines et des êtres étranges. Un voyage lyrique et onirique illustrant avec brio les problèmes du monde moderne.",Alê Abreu,Alê Abreu,,"4,2","4,1",Brésil,Les Films du Préau,2 prix et 2 nominations,2013,Long métrage,Portugais,52 418 entrées
Des hommes sans loi,https://fr.web.img4.acsta.net/c_310_420/medias/nmedia/18/90/46/07/20182376.jpg,12 septembre 2012,en salle,"Action,Drame,Western",Interdit - 12 ans,"1931. Au cœur de l’Amérique en pleine Prohibition, dans le comté de Franklin en Virginie, état célèbre pour sa production d’alcool de contrebande, les trois frères Bondurant sont des trafiquants notoires : Jack, le plus jeune, ambitieux et impulsif, veut transformer la petite affaire familiale en trafic d’envergure. Il rêve de beaux costumes, d’armes, et espère impressionner la sublime Bertha… Howard, le cadet, est le bagarreur de la famille. Loyal, son bon sens se dissout régulièrement dans l’alcool qu’il ne sait pas refuser… Forrest, l’aîné, fait figure de chef et reste déterminé à protéger sa famille des nouvelles règles qu’impose un nouveau monde économique. Lorsque Maggie débarque fuyant Chicago, il la prend aussi sous sa protection. Seuls contre une police corrompue, une justice arbitraire et des gangsters  rivaux, les trois frères écrivent leur légende : une lutte pour rester sur leur propre chemin, au cours de la première grande ruée vers l’or du crime.",John Hillcoat,Nick Cave,"Shia LaBeouf,Tom Hardy,Jason Clarke","3,4","4,1",U.S.A.,Metropolitan FilmExport,2 nominations,2012,Long métrage,Anglais,440 384 entrées
L'Irlandais,https://fr.web.img2.acsta.net/c_310_420/medias/nmedia/18/85/58/36/19795872.jpg,21 décembre 2011,en salle,"Comédie,Policier,Thriller",Tout public,"Boyle est un flic irlandais, flegmatique et solitaire, amateur de Guinness, de poésie et de prostituées à ses heures perdues.  En poste dans un petit village de la côte irlandaise où il ne se passe jamais rien, il passe ses journées à faire respecter la loi... au pub local. Malheureusement pour lui, des trafiquants de drogue ont jeté leur dévolu sur cette région endormie comme base de leurs opérations... Le petit village irlandais va bientôt se retrouver au cœur d’une importante opération anti-drogue menée par le FBI ! Les mauvaises nouvelles n’arrivant jamais seules, Boyle doit se coltiner l’agent Everett, un super agent du FBI déterminé et maniaque dépêché sur place... Certes, les procédures de l'élite du FBI diffèrent de celles du flic bedonnant, peu zélé et ""politiquement incorrect""... Mais après tout, la méthode ""locale"" pourrait bien fournir des résultats inattendus !",John Michael McDonagh,John Michael McDonagh,"Brendan Gleeson,Don Cheadle,Liam Cunningham","3,4","3,3",Irlande,SND,1 prix et 12 nominations,2011,Long métrage,Anglais,126 068 entrées
Baby Boss,https://fr.web.img2.acsta.net/c_310_420/pictures/17/01/19/10/11/597368.jpg,29 mars 2017,en salle,"Animation,Comédie,Famille",Tout public,"C'est toujours un choc de voir ses parents rentrer à la maison avec un bébé dans les bras – surtout quand il porte une cravate, qu’il se balade avec un attaché-case et qu’il a la voix d’un quinquagénaire !,Si Tim, 7 ans, ne voit pas d’un très bon œil ce «Baby Boss» débarquer chez lui, il découvre qu’il a en réalité affaire à un espion et que lui seul peut l’aider à accomplir sa mission ultra secrète…,Car Baby Boss se prépare à un affrontement titanesque entre les bébés et…. les toutous, charmants petits chiots qui vont bientôt être vendus pour remplacer les bébés dans le cœur des parents !",Tom McGrath,Michael McCullers,"Timothé Vom Dorp,Miles Christopher Bakshi,Stefan Godin","3,4","3,3",U.S.A.,Twentieth Century Fox France,5 nominations,2017,Long métrage,Anglais,3 841 817 entrées
Les Mondes de Ralph,https://fr.web.img2.acsta.net/c_310_420/medias/nmedia/18/90/32/01/20271941.jpg,21 novembre 2012,en salle,"Aventure,Animation,Comédie,Famille",Tout public,"Dans une salle d’arcade, Ralph la Casse est le héros mal aimé d’un jeu des années 80. Son rôle est simple : il casse tout ! Pourtant il ne rêve que d’une chose, être aimé de tous…,Vanellope Van Schweetz quant à elle, évolue dans un jeu de course, fabriqué uniquement de sucreries. Son gros défaut : être une erreur de programme, ce qui lui vaut d’être interdite de course et rejetée de tous…,Ces deux personnages n’auraient jamais dû se croiser… Et pourtant, Ralph va bousculer les règles et voyager à travers les différents mondes de la salle d’arcade pour atteindre son but : prouver à tous qu’il peut devenir un héros… Ensemble, arriveront-ils à atteindre leurs rêves ?",Rich Moore,"Phil Johnston,Jennifer Lee","François-Xavier Demaison,John C. Reilly,Dorothée Pousséo","3,3","4,1",U.S.A.,The Walt Disney Company France,2 prix et 5 nominations,2012,Long métrage,Anglais,1 652 667 entrées
Strictly Criminal,https://fr.web.img3.acsta.net/c_310_420/pictures/15/09/07/14/01/160491.jpg,25 novembre 2015,en salle,"Biopic,Policier,Thriller",Interdit - 12 ans,"Le quartier de South Boston dans les années 70. L'agent du FBI John Connolly convainc le caïd irlandais James ""Whitey"" Bulger de collaborer avec l'agence fédérale afin d'éliminer un ennemi commun : la mafia italienne. Le film retrace l'histoire vraie de cette alliance contre nature qui a dégénéré et permis à Whitey d'échapper à la justice, de consolider son pouvoir et de s'imposer comme l'un des malfrats les plus redoutables de Boston et les plus puissants des États-Unis.",Scott Cooper,"Mark Mallouk,Jez Butterworth","Johnny Depp,Joel Edgerton,Benedict Cumberbatch","3,4","3,6",U.S.A.,Warner Bros. France,1 nomination,2015,Long métrage,Anglais,347 697 entrées
Photo De Famille,https://fr.web.img3.acsta.net/c_310_420/pictures/18/11/22/14/07/3778816.jpg,5 septembre 2018,en salle,"Comédie,Drame",Tout public,"Gabrielle, Elsa et Mao sont frères et sœurs, mais ne se côtoient pas. Surtout pas.,La première est « statue » pour touristes, au grand dam de son fils ado. Elsa, elle, est en colère contre la terre entière et désespère de tomber enceinte. Et Mao, game designer de génie chroniquement dépressif, noie sa mélancolie dans l’alcool et la psychanalyse.,Quant à leurs parents, Pierre et Claudine, séparés de longue date, ils n’ont jamais rien fait pour resserrer les liens de la famille.,Pourtant, au moment de l’enterrement du grand-père, ils vont devoir se réunir, et répondre, ensemble, à la question qui fâche : « Que faire de Mamie ? »",Cecilia Rouaud,Cecilia Rouaud,"Vanessa Paradis,Camille Cottin,Pierre Deladonchamps","3,3","3,3",France,SND,1 nomination,2018,Long métrage,Français,577 727 entrées
La Planète des Singes - Suprématie,https://fr.web.img2.acsta.net/c_310_420/pictures/17/04/28/09/41/203328.jpg,2 août 2017,en salle,"Action,Aventure,Science Fiction",Tout public,"Dans ce volet final de la trilogie, César, à la tête des Singes, doit défendre les siens contre une armée humaine prônant leur destruction. L’issue du combat déterminera non seulement le destin de chaque espèce, mais aussi l’avenir de la planète.",Matt Reeves,"Mark Bomback,Matt Reeves","Andy Serkis,Woody Harrelson,Steve Zahn","3,7","4,0",U.S.A.,Twentieth Century Fox France,1 nomination,2017,Long métrage,Anglais,2 796 501 entrées
Alice de l'autre côté du miroir,https://fr.web.img3.acsta.net/c_310_420/pictures/16/02/15/18/24/221143.jpg,1 juin 2016,en salle,"Comédie,Famille,Fantastique",Tout public,Les nouvelles aventures d'Alice et du Chapelier Fou. Alice replonge au pays des merveilles pour aider ses amis à combattre le Maître du Temps.,James Bobin,Linda Woolverton,"Mia Wasikowska,Johnny Depp,Lindsay Duncan","2,7","3,5",U.S.A.,The Walt Disney Company France,2 nominations,2016,Long métrage,Anglais,1 339 491 entrées
9 mois ferme,https://fr.web.img6.acsta.net/c_310_420/pictures/210/303/21030330_20130823114607709.jpg,16 octobre 2013,en salle,Comédie,Tout public,"Ariane Felder est enceinte ! C'est d'autant plus surprenant que c'est une jeune juge aux mœurs strictes et une célibataire endurcie. Mais ce qui est encore plus surprenant, c'est que d'après les tests de paternité, le père de l'enfant n'est autre que Bob, un criminel poursuivi pour une atroce agression ! Ariane, qui ne se souvient de rien, tente alors de comprendre ce qui a bien pu se passer et ce qui l'attend...",Albert Dupontel,Albert Dupontel,"Sandrine Kiberlain,Albert Dupontel,Nicolas Marié","4,1","3,7",France,Wild Bunch Distribution,3 prix et 9 nominations,2012,Long métrage,Français,1 990 504 entrées
Goodnight Mommy,https://fr.web.img5.acsta.net/c_310_420/pictures/15/04/21/14/34/004505.jpg,13 mai 2015,en salle,"Drame,Fantastique,Epouvante-horreur",Interdit - 12 ans,"En plein été, dans une maison de campagne perdue au milieu des champs de maïs et des bois, des jumeaux de dix ans attendent le retour de leur mère. Lorsqu’elle revient à la maison, le visage entièrement bandé suite à une opération de chirurgie esthétique, les enfants mettent en doute son identité…","Veronika Franz,Severin Fiala","Veronika Franz,Severin Fiala","Susanne Wuest,Lukas Schwarz,Elias Schwarz","3,1","2,9",Autriche,KMBO / Luminor,2 prix et 1 nomination,2014,Long métrage,Allemand,1 476 entrées
Easy Money,https://fr.web.img6.acsta.net/c_310_420/medias/nmedia/18/82/77/25/19671285.jpg,30 mars 2011,en salle,"Drame,Thriller",Interdit - 12 ans,"Stockholm la noire où la Blanche règne en maître...,JW est un étudiant en École de Commerce brillant, ambitieux et fauché qui s'aventure dans le milieu du crime organisé.,Jorge, dealer en cavale, fuit la police et la mafia yougoslave mais avant de prendre le large une bonne fois pour toutes, il veut faire un dernier coup:  importer une grosse quantité de cocaïne.,Mrado, tueur à gages, est chargé de pister Jorge.,Sur le chemin de l’argent facile, il faudra s’allier et trahir, se défendre et tuer, mais surtout, essayer de survivre...",Daniel Espinosa,Maria Karlsson,"Joel Kinnaman,Matias Padin,Dragomir Mrsic","3,4","2,9",Suède,MK2 Diffusion,2 nominations,2010,Long métrage,"Anglais, Allemand, Serbe, Espagnol, Suédois",45 708 entrées
21 Jump Street,https://fr.web.img6.acsta.net/c_310_420/medias/nmedia/18/73/46/24/20086654.jpg,6 juin 2012,en salle,"Comédie,Policier",Tout public,"Au lycée, Schmidt et Jenko étaient les pires ennemis, mais ils sont devenus potes à l’école de police. Aujourd’hui, ils sont loin de faire partie de l’élite des flics, mais ça pourrait changer… Mutés dans l’unité secrète de la police, l’équipe du 21 Jump Street, dirigée par le capitaine Dickson, ils vont troquer leur arme et leur badge contre un sac à dos et se servir de leur physique juvénile pour infiltrer un lycée.,Le problème, c’est que les ados d’aujourd’hui ne ressemblent pas du tout à ceux de leur époque. Schmidt et Jenko pensaient tout savoir des jeunes mais ils sont complètement à côté de la plaque. Ils vont aussi vite s’apercevoir que certains problèmes de leur propre adolescence sont loin d’être réglés. Les revoilà face aux angoisses et aux terreurs des ados, avec une mission en plus…","Phil Lord,Christopher Miller",Mike Bacall,"Jonah Hill,Channing Tatum,Brie Larson","2,7","3,5",U.S.A.,Sony Pictures Releasing France,1 prix et 4 nominations,2012,Long métrage,21 Jump Street,297 785 entrées
Tully,https://fr.web.img6.acsta.net/c_310_420/pictures/18/02/28/15/26/4397667.jpg,27 juin 2018,en salle,"Comédie,Drame",Tout public,"Marlo, la petite quarantaine, vient d'avoir son troisième enfant. Entre son corps malmené par les grossesses qu'elle ne reconnaît plus, les nuits sans sommeil, les repas à préparer, les lessives incessantes et ses deux aînés qui ne lui laissent aucun répit, elle est au bout du rouleau.,Un soir, son frère lui propose de lui offrir, comme cadeau de naissance, une nounou de nuit. D'abord réticente, elle finit par accepter. Du jour au lendemain, sa vie va changer avec l’arrivée de Tully…",Jason Reitman,Diablo Cody,"Charlize Theron,Mackenzie Davis,Ron Livingston","3,6","3,4",U.S.A.,Mars Films,1 nomination,2018,Long métrage,Anglais,90 743 entrées
Le Conte de la princesse Kaguya,https://fr.web.img4.acsta.net/c_310_420/pictures/14/04/25/12/27/122290.jpg,25 juin 2014,en salle,"Animation,Drame,Famille,Fantastique",Tout public,"Kaguya, « la princesse lumineuse », est un petit être découvert dans la tige d’un bambou par un vieux paysan. La considérant comme un don du ciel, il l’élève avec sa femme, et très vite l’enfant devient une magnifique jeune fille. De la campagne lointaine jusqu’à la grande capitale, sa fascinante beauté suscitera l’engouement auprès de tous ceux qui la rencontrent et elle sera convoitée par cinq nobles princes qui devront relever d’impossibles défis dans l’espoir d’obtenir sa main. Mais le temps venu, elle devra affronter son destin…",Isao Takahata,"Isao Takahata,Riko Sakaguchi","Aki Asakura,Kengo Kora,Takeo Chii","4,5","4,4",Japon,The Walt Disney Company France,2 nominations,2013,Long métrage,Japonais,196 033 entrées
Sucker Punch,https://fr.web.img6.acsta.net/c_310_420/medias/nmedia/18/71/78/45/19678945.jpg,30 mars 2011,en salle,"Action,Fantastique,Thriller",Tout public,"Fermez les yeux. Libérez-vous l'esprit. Rien ne vous prépare à ce qui va suivre.,Bienvenue dans l'imaginaire débordant d'une jeune fille dont les rêves sont la seule échappatoire à sa vie cauchemardesque… S'affranchissant des contraintes de temps et d'espace, elle est libre d'aller là où l'entraîne son imagination, jusqu'à brouiller la frontière entre réalité et fantasme…,Enfermée contre son gré, Babydoll a toujours envie de se battre pour reconquérir sa liberté. Combative, elle pousse quatre autres jeunes filles – la timorée Sweet Pea, Rocket la grande gueule, Blondie la futée, et la loyale Amber – à s'unir pour échapper à leurs redoutables ravisseurs, Blue et Madame Gorski – avant que le mystérieux High Roller ne vienne s'emparer de Babydoll.,Avec Babydoll à leur tête, les filles partent en guerre contre des créatures fantastiques, des samouraïs et des serpents, grâce à un arsenal virtuel et à l'aide d'un Sage. Mais ce n'est qu'à ce prix qu'elles pourront – peut-être – recouvrer la liberté…",Zack Snyder,"Zack Snyder,Steve Shibuya","Emily Browning,Abbie Cornish,Jena Malone","3,0","3,2",U.S.A.,Warner Bros. France,# prix,2011,Long métrage,Anglais,549 513 entrées
Chocolat,https://fr.web.img5.acsta.net/c_310_420/pictures/15/11/26/10/23/257450.jpg,3 février 2016,en salle,"Biopic,Drame",Tout public,"Du cirque au théâtre, de l'anonymat à la gloire, l'incroyable destin du clown Chocolat, premier artiste noir de la scène française. Le duo inédit qu'il forme avec Footit, va rencontrer un immense succès populaire dans le Paris de la Belle époque avant que la célébrité, l'argent facile, le jeu et les discriminations n'usent leur amitié et la carrière de Chocolat. Le film retrace l'histoire de cet artiste hors du commun.",Roschdy Zem,Cyril Gely,"Omar Sy,James Thiérrée,Thibault de Montalembert","3,3","3,7",France,Gaumont Distribution,4 prix et 5 nominations,2016,Long métrage,Français,1 884 566 entrées
X-Men: Dark Phoenix,https://fr.web.img2.acsta.net/c_310_420/pictures/19/02/27/14/07/2839812.jpg,5 juin 2019,en salle,"Aventure,Science Fiction",Tout public,"Dans cet ultime volet, les X-MEN affrontent leur ennemi le plus puissant, Jean Grey, l’une des leurs.,Au cours d'une mission de sauvetage dans l'espace, Jean Grey frôle la mort, frappée par une mystérieuse force cosmique. De retour sur Terre, cette force la rend non seulement infiniment plus puissante, mais aussi beaucoup plus instable. En lutte contre elle-même, Jean Grey déchaîne ses pouvoirs, incapable de les comprendre ou de les maîtriser. Devenue incontrôlable et dangereuse pour ses proches, elle défait peu à peu les liens qui unissent les X-Men.",Simon Kinberg,Simon Kinberg,"Sophie Turner,James McAvoy,Michael Fassbender","2,7","2,9",U.S.A.,Twentieth Century Fox France,2 nominations,2019,Long métrage,Anglais,1 403 764 entrées
Samba,https://fr.web.img3.acsta.net/c_310_420/pictures/14/09/22/16/10/209765.jpg,15 octobre 2014,en salle,"Comédie,Drame",Tout public,"Samba, sénégalais en France depuis 10 ans, collectionne les petits boulots ; Alice est une cadre supérieure épuisée par un burn out. Lui essaye par tous les moyens d'obtenir ses papiers, alors qu'elle tente de se reconstruire par le bénévolat dans une association. Chacun cherche à sortir de son impasse jusqu'au jour où leurs destins se croisent... Entre humour et émotion, leur histoire se fraye un autre chemin vers le bonheur. Et si la vie avait plus d'imagination qu'eux ?","Eric Toledano,Olivier Nakache","Olivier Nakache,Eric Toledano","Omar Sy,Charlotte Gainsbourg,Tahar Rahim","3,6","3,3",France,Gaumont Distribution,2 nominations,2014,Long métrage,Français,3 109 720 entrées
Cars 2,https://fr.web.img3.acsta.net/c_310_420/medias/nmedia/18/71/72/07/19770156.jpg,27 juillet 2011,en salle,Animation,Tout public,"Dans,, Flash McQueen, la star des circuits automobiles, et son fidèle compagnon Martin la dépanneuse reprennent la route pour de nouvelles aventures. Les voilà partis pour courir le tout premier Grand Prix Mondial, qui sacrera la voiture la plus rapide du monde ! Mais la route du championnat est pleine d’imprévus, de déviations et de surprises hilarantes, surtout lorsque Martin se retrouve entraîné dans une histoire comme il n’en arrive qu’à lui : une affaire d’espionnage international ! Ecartelé entre son désir d’assister Flash McQueen dans cette course particulièrement difficile et celui de mener à bien une mission d’espionnage top secrète, Martin se lance dans un voyage bourré d’action et une course-poursuite explosive sur les routes du Japon et de l’Europe, suivi par ses amis et regardé par le monde entier. Sur la route, Flash et Martin trouveront de l’action, de l’humour effréné et de tout nouveaux personnages – agents secrets, redoutables méchants et adversaires décidés sur les circuits automobiles…","Brad Lewis,John Lasseter","Ben Queen,Dan Fogelman","Guillaume Canet,Owen Wilson,Gilles Lellouche","2,6","3,3",U.S.A.,The Walt Disney Company France,4 nominations,2011,Long métrage,Anglais,2 823 322 entrées
Copains pour toujours,https://fr.web.img2.acsta.net/c_310_420/medias/nmedia/18/73/45/19/19458195.jpg,8 septembre 2010,en salle,Comédie,Tout public,"Après trente ans sans se voir, cinq copains d’enfance se retrouvent pour partager un week-end avec femmes et enfants. Leurs relations reprennent là où elles en étaient restées trois décennies plus tôt, et ils vont vite découvrir que vieillir ne signifie pas forcément grandir…",Dennis Dugan,"Fred Wolf,Adam Sandler","Adam Sandler,Kevin James,Chris Rock","1,4","2,7",U.S.A.,Sony Pictures Releasing France,1 prix et 1 nomination,2010,Long métrage,Anglais,275 358 entrées
Présumé coupable,https://fr.web.img6.acsta.net/c_310_420/medias/nmedia/18/78/33/56/19749241.jpg,7 septembre 2011,en salle,Drame,Tout public,"Le film raconte le calvaire d'Alain Marécaux - ""l'huissier"" de l'affaire d'Outreau - arrêté en 2001 ainsi que sa femme et 12 autres personnes pour d'horribles actes de pédophilies qu'ils n'ont jamais commis. C'est l'histoire de la descente en enfer d'un homme innocent face à un système judiciaire incroyablement injuste et inhumain, l'histoire de sa vie et de celle de ses proches broyée par une des plus importantes erreurs judiciaires de notre époque.",Vincent Garenq,Vincent Garenq,"Philippe Torreton,Wladimir Yordanoff,Noémie Lvovsky","3,6","4,2",France,Mars Films,3 prix et 8 nominations,2011,Long métrage,"Français, Allemand",406 436 entrées
Le Mystère Henri Pick,https://fr.web.img3.acsta.net/c_310_420/pictures/19/01/08/16/11/5107965.jpg,6 mars 2019,en salle,"Comédie,Drame",Tout public,"Dans une étrange bibliothèque au cœur de la Bretagne, une jeune éditrice découvre un manuscrit extraordinaire qu'elle décide aussitôt de publier. Le roman devient un best-seller. Mais son auteur, Henri Pick, un pizzaïolo breton décédé deux ans plus tôt, n'aurait selon sa veuve jamais écrit autre chose que ses listes de courses. Persuadé qu'il s'agit d'une imposture, un célèbre critique littéraire décide de mener l'enquête, avec l'aide inattendue de la fille de l'énigmatique Henri Pick.",Rémi Bezançon,"Rémi Bezançon,Vanessa Portal","Fabrice Luchini,Camille Cottin,Alice Isaaz","3,2","3,6",France,Gaumont Distribution,3 nominations,2019,Long métrage,"Français, Russe",885 848 entrées
"Moi, moche et méchant 2",https://fr.web.img2.acsta.net/c_310_420/medias/nmedia/18/89/40/05/20532087.jpg,26 juin 2013,en salle,"Animation,Comédie,Famille",Tout public,"Ayant abandonné la super-criminalité et mis de côté ses activités funestes pour se consacrer à la paternité et élever Margo, Édith et Agnès, Gru, et avec lui, le Professeur Néfario et les Minions, doivent se trouver de nouvelles occupations. Alors qu’il commence à peine à s’adapter à sa nouvelle vie tranquille de père de famille, une organisation ultrasecrète, menant une lutte acharnée contre le Mal à l’échelle planétaire, vient frapper à sa porte. Soudain, c’est à Gru, et à sa nouvelle coéquipière Lucy, que revient la responsabilité de résoudre une série de méfaits spectaculaires. Après tout, qui mieux que l’ex plus méchant méchant de tous les temps, pourrait attraper celui qui rivalise pour lui voler la place qu’il occupait encore récemment.,Rejoignant nos héros, on découvre : Floyd, le propriétaire du salon Eagle Postiche Club pour hommes et suspect numéro 1 du crime le plus abject jamais perpétré depuis le départ de Gru à la retraite ; Silas de Lamolefès, le super-espion à la tête de l’Agence Vigilance de Lynx, patron de Lucy, dont le nom de famille est une source inépuisable d’amusement pour les Minions ; Antonio, le si mielleux objet de l’affection naissante de Margo, et Eduardo Perez, le père d’Antonio, propriétaire du restaurant Salsa & Salsa et l’homme qui se cache peut-être derrière le masque d’El Macho, le plus impitoyable et, comme son nom l’indique, méchant macho que la terre ait jamais porté.","Chris Renaud,Pierre Coffin","Cinco Paul,Ken Daurio","Steve Carell,Kristen Wiig,Jonathan Cohen","3,7","4,0",U.S.A.,Universal Pictures International France,5 nominations,2013,Long métrage,Anglais,4 549 357 entrées
Independence Day : Resurgence,https://fr.web.img6.acsta.net/c_310_420/pictures/16/05/26/09/17/421833.jpg,20 juillet 2016,en salle,"Action,Science Fiction",Tout public,"Nous avons toujours su qu'ils reviendraient. La terre est menacée par une catastrophe d’une ampleur inimaginable. Pour la protéger, toutes les nations ont collaboré autour d’un programme de défense colossal exploitant la technologie extraterrestre récupérée. Mais rien ne peut nous préparer à la force de frappe sans précédent des aliens. Seule l'ingéniosité et le courage de quelques hommes et femmes peuvent sauver l’humanité de l'extinction.",Roland Emmerich,"James A. Woods,Nicolas Wright","Liam Hemsworth,Jeff Goldblum,Bill Pullman","2,3","2,1",U.S.A.,Twentieth Century Fox France,5 nominations,2016,Long métrage,Anglais,1 286 430 entrées
Un voisin trop parfait,https://fr.web.img6.acsta.net/c_310_420/pictures/15/04/29/16/55/115671.jpg,20 mai 2015,en salle,Thriller,Interdit - 12 ans,"Une mère, récemment divorcée, a une aventure avec un jeune homme de son quartier. Quand ce dernier sympathise avec son fils et qu'elle décide de mettre fin à leur relation, les problèmes commencent...",Rob Cohen,Barbara Curry,"Jennifer Lopez,Ryan Guzman,Ian Nelson","1,5","2,0",U.S.A.,Universal Pictures International France,1 nomination,2015,Long métrage,Anglais,62 515 entrées
Pan,https://fr.web.img4.acsta.net/c_310_420/pictures/15/10/09/18/36/377029.jpg,21 octobre 2015,en salle,"Aventure,Famille,Fantastique",Tout public,"Proposant un nouveau regard sur l'origine des personnages légendaires créés par J.M. Barrie, le film s'attache à l'histoire d'un orphelin enlevé au Pays Imaginaire. Là-bas, il vivra une aventure palpitante et bravera maints dangers, tout en découvrant son destin : devenir le héros connu dans le monde entier sous le nom de Peter Pan.",Joe Wright,Jason Fuchs,"Levi Miller (II),Garrett Hedlund,Hugh Jackman","2,8","2,9",U.S.A.,Warner Bros. France,2 nominations,2015,Long métrage,Anglais,729 166 entrées
Un + une,https://fr.web.img3.acsta.net/c_310_420/pictures/15/08/21/15/22/016306.jpg,9 décembre 2015,en salle,"Comédie,Drame,Romance",Tout public,"Antoine ressemble aux héros des films dont il compose la musique. Il a du charme, du succès, et traverse la vie avec autant d’humour que de légèreté. Lorsqu’il part en Inde travailler sur une version très originale de Roméo et Juliette, il rencontre Anna, une femme qui ne lui ressemble en rien, mais qui l’attire plus que tout. Ensemble, ils vont vivre une incroyable aventure…",Claude Lelouch,"Valérie Perrin,Claude Lelouch","Elsa Zylberstein,Jean Dujardin,Christopher Lambert","3,4","3,1",France,Metropolitan FilmExport,2 nominations,2015,Long métrage,"Anglais, Français",920 901 entrées
La Guerre est déclarée,https://fr.web.img5.acsta.net/c_310_420/medias/nmedia/18/83/92/89/19766000.jpg,31 août 2011,en salle,Drame,Tout public,"Un couple, Roméo et Juliette. Un enfant, Adam. Un combat, la maladie. Et surtout, une grande histoire d'amour, la leur...",Valérie Donzelli,"Valérie Donzelli,Jérémie Elkaïm","Valérie Donzelli,Jérémie Elkaïm,Elina Löwensohn","4,4","3,8",France,Wild Bunch Distribution,4 prix et 23 nominations,2010,Long métrage,Français,837 880 entrées
Rock'n Roll,https://fr.web.img4.acsta.net/c_310_420/pictures/16/12/08/13/39/179029.jpg,15 février 2017,en salle,"Comédie,Comédie dramatique",Tout public,"Guillaume Canet, 43 ans, est épanoui dans sa vie, il a tout pour être heureux.. Sur un tournage, une jolie comédienne de 20 ans va le stopper net dans son élan, en lui apprenant qu’il n’est pas très « Rock », qu’il ne l’a d’ailleurs jamais vraiment été, et pour l’achever, qu’il a beaucoup chuté dans la «liste» des acteurs qu’on aimerait bien se taper… Sa vie de famille avec Marion, son fils, sa maison de campagne, ses chevaux, lui donnent une image ringarde et plus vraiment sexy… Guillaume a compris qu’il y a urgence à tout changer. Et il va aller loin, très loin, sous le regard médusé et impuissant de son entourage.",Guillaume Canet,"Guillaume Canet,Philippe Lefebvre","Guillaume Canet,Marion Cotillard,Gilles Lellouche","3,3","2,7",France,Pathé Films,1 nomination,2016,Long métrage,Français,1 288 480 entrées
Extrêmement fort et incroyablement près,https://fr.web.img6.acsta.net/c_310_420/medias/nmedia/18/86/06/90/20045444.jpg,29 février 2012,en salle,Drame,Tout public,"Oskar Schell, 11 ans, est un jeune New-Yorkais à l'imagination débordante. Un an après la mort de son père dans les attentats du World Trade Center, le ""jour le plus noir"", selon l'adolescent, il découvre une clé dans les affaires du défunt. Déterminé à maintenir un lien avec l'homme qui lui a appris à surmonter ses plus grandes angoisses, il se met en tête de trouver la serrure qui correspond à la mystérieuse clé. Tandis qu'il sillonne la ville pour résoudre l'énigme, il croise toutes sortes d'individus qui, chacun à leur façon, sont des survivants. Chemin faisant, il découvre aussi des liens insoupçonnés avec son père qui lui manque terriblement et avec sa mère qui semble si loin de lui, mais aussi avec le monde déconcertant et périlleux qui l'entoure...",Stephen Daldry,Eric Roth,"Tom Hanks,Thomas Horn,Sandra Bullock","2,6","3,7",U.S.A.,Warner Bros. France,3 nominations,2011,Long métrage,Anglais,217 874 entrées
Divergente 3 : au-delà du mur,https://fr.web.img5.acsta.net/c_310_420/pictures/16/02/18/15/30/225612.jpg,9 mars 2016,en salle,"Action,Aventure,Science Fiction",Tout public,"Sous le choc, Tris et Quatre doivent fuir et franchir le mur encerclant Chicago. Pour la première fois, ils quittent la seule ville et famille qu'ils aient connues. Mais au delà du mur se trouve un monde hostile qu'ils vont devoir affronter. Tris et Quatre doivent rapidement déterminer en qui ils peuvent avoir confiance alors qu’une bataille menaçant l’humanité toute entière est sur le point d'éclater...",Robert Schwentke,"Noah Oppenheim,Adam Cooper","Shailene Woodley,Theo James,Jeff Daniels","2,9","2,7",U.S.A.,SND,2 nominations,2016,Long métrage,Anglais,2 108 990 entrées
Trust,https://fr.web.img6.acsta.net/c_310_420/medias/nmedia/18/79/59/56/19955954.jpg,18 janvier 2012,en salle,Drame,Tout public,"Chez eux, en banlieue, Will et Lynn Cameron se sentent en sécurité. Dans leur maison, la nuit, ils dorment avec le sentiment que leurs trois beaux enfants sont parfaitement protégés. Lorsque Annie, leur fille de 14 ans, se fait un nouvel ami sur Internet – Charlie, un garçon de 16 ans rencontré sur un forum – Will et Lynn ne s’inquiètent pas. Ils se disent qu’il est normal que des adolescents échangent grâce aux nouvelles technologies.,Après plusieurs semaines de conversations en ligne, Annie se sent de plus en plus attirée par Charlie. Même si peu à peu, elle réalise qu’il n’est pas ce qu’il prétend être, elle continue à être fascinée par lui. Le masque finira par tomber et cela va déclencher un engrenage que personne n’aurait pu imaginer, mais qui changera définitivement la vie de toute la famille…",David Schwimmer,"Andy Bellin,Robert Festlinger","Clive Owen,Catherine Keener,Liana Liberato","3,3","3,6",U.S.A.,Metropolitan FilmExport,1 nomination,2010,Long métrage,Anglais,80 672 entrées
Les Voyages de Gulliver,https://fr.web.img6.acsta.net/c_310_420/medias/nmedia/18/78/34/85/19623700.jpg,23 février 2011,en salle,"Aventure,Comédie",Tout public,"Au cours de son exploration, l'écrivain Lemuel Gulliver, atterrit dans le Triangle des Bermudes et plus précisément sur l'île de Liliput. Alors que tous les habitants sont minuscules, Gulliver, lui, est devenu un géant...",Rob Letterman,"Joe Stillman,Nicholas Stoller","Jack Black,Jason Segel,Emily Blunt","1,7","1,8",U.S.A.,Twentieth Century Fox France,1 nomination,2010,Long métrage,Anglais,641 188 entrées
Revenir,https://fr.web.img2.acsta.net/c_310_420/pictures/19/12/05/09/14/5557882.jpg,29 janvier 2020,en salle,Drame,Tout public,"C’est la ferme où Thomas est né. C’est sa famille. Son frère, qui ne reviendra plus, sa mère, qui est en train de l’imiter, et son père, avec qui rien n’a jamais été possible. Il retrouve tout ce que qu’il a fui il y a 12 ans. Mais aujourd’hui il y a Alex, son neveu de six ans, et Mona, sa mère incandescente.",Jessica Palud,Jessica Palud,"Niels Schneider,Adèle Exarchopoulos,Patrick d'Assumçao","3,1","3,1",France,Pyramide Distribution,1 nomination,2018,Long métrage,Français,44 343 entrées
Désobéissance,https://fr.web.img2.acsta.net/c_310_420/pictures/18/05/02/16/14/1122497.jpg,13 juin 2018,en salle,"Drame,Romance",Tout public,"Une jeune femme juive-orthodoxe, retourne chez elle après la mort de son père. Mais sa réapparition provoque quelques tensions au sein de la communauté lorsqu'elle avoue à sa meilleure amie les sentiments qu'elle éprouve à son égard...,",Sebastián Lelio,"Sebastián Lelio,Rebecca Lenkiewicz","Rachel Weisz,Rachel McAdams,Alessandro Nivola","3,6","3,6",U.S.A.,Mars Films,2 nominations,2017,Long métrage,Anglais,103 778 entrées
Planes,https://fr.web.img5.acsta.net/c_310_420/pictures/210/103/21010313_20130604174723216.jpg,9 octobre 2013,en salle,Animation,Tout public,"Chaque jour, alors qu’il pulvérise des traitements agricoles sur les récoltes, le petit avion de ferme Dusty se prend à rêver qu’il pourrait voler en compétition au milieu des avions les plus rapides au monde. Seulement voilà, il n’a pas vraiment le gabarit d’un champion, et en plus, il est sujet au vertige ! Comme il n’est pas du genre à renoncer, Dusty fait appel à Skipper, un as de l’aéronavale, pour l’aider à se qualifier lors des éliminatoires du Grand Rallye du Tour du Ciel et ainsi défier sur son terrain Ripslinger, le redoutable tenant du titre. Et c’est au-dessus du monde de CARS, avec l’aide d’une hilarante flottille de casse-cou volants venus des quatre coins de la planète, que Dusty va déployer ses ailes pour relever, sous les yeux des spectateurs du monde entier, le plus grand défi de sa vie...",Klay Hall,Jeffrey M. Howard,"Fred Testot,Dane Cook,Leïla Bekhti","2,1","2,7",U.S.A.,The Walt Disney Company France,1 nomination,2013,Long métrage,Anglais,1 589 100 entrées
While We're Young,https://fr.web.img4.acsta.net/c_310_420/pictures/15/05/04/12/53/314028.jpg,22 juillet 2015,en salle,Comédie dramatique,Tout public,"Josh et Cornelia Srebnick, la quarantaine, sont mariés et heureux en ménage. Ils n’ont pas réussi à avoir d’enfants mais s’en accommodent. Alors que Josh s’acharne sur le montage de son nouveau documentaire, il devient évident que l’inspiration n’est pas au rendez-vous. Il lui manque quelque chose… La rencontre de Jamie et Darby, un jeune couple aussi libre que spontané, apporte à Josh une bouffée d’oxygène et ouvre une porte vers le passé et la jeunesse qu’il aurait aimé avoir. Rapidement, Josh et Cornelia délaissent les amis de leur âge pour fréquenter ces jeunes cools, branchés et désinhibés… Josh avoue à Jamie qu’avant de le connaître, il n’éprouvait plus que nostalgie et désintérêt. Cette relation entre deux couples ayant vingt ans d’écart peut-elle apporter un autre souffle ?",Noah Baumbach,Noah Baumbach,"Ben Stiller,Naomi Watts,Adam Driver","3,2","2,6",U.S.A.,Mars Films,1 nomination,2014,Long métrage,Anglais,174 343 entrées
DIamant Noir,https://fr.web.img6.acsta.net/c_310_420/pictures/16/04/29/16/28/333145.jpg,8 juin 2016,en salle,Drame,Tout public,"Pier Ulmann vivote à Paris, entre chantiers et larcins qu’il commet pour le compte de Rachid, sa seule ""famille"". Son histoire le rattrape le jour où son père est retrouvé mort dans la rue, après une longue déchéance. Bête noire d’une riche famille de diamantaires basée à Anvers, il ne lui laisse rien, à part l'histoire de son bannissement par les Ulmann et une soif amère de vengeance. Sur l’invitation de son cousin Gabi, Pier se rend à Anvers pour rénover les bureaux de la prestigieuse firme Ulmann. La consigne de Rachid est simple : « Tu vas là-bas pour voir, et pour prendre. » Mais un diamant a beaucoup de facettes…",Arthur Harari,"Arthur Harari,Vincent Poymiro","Niels Schneider,August Diehl,Hans Peter Cloos","3,9","3,4",France,Ad Vitam,3 prix et 3 nominations,2015,Long métrage,Français,70 442 entrées
Mammuth,https://fr.web.img4.acsta.net/c_310_420/medias/nmedia/18/74/18/84/19296611.jpg,21 avril 2010,en salle,Comédie,Tout public,"Serge Pilardosse vient d'avoir 60 ans. Il travaille depuis l'âge de 16 ans, jamais au chômage, jamais malade. Mais l'heure de la retraite a sonné, et c'est la désillusion : il lui manque des points, certains employeurs ayant oublié de le déclarer ! Poussé par Catherine, sa femme, il enfourche sa vieille moto des années 70, une "" Mammut "" qui lui vaut son surnom, et part à la recherche de ses bulletins de salaires. Durant son périple, il retrouve son passé et sa quête de documents administratifs devient bientôt accessoire...","Gustave Kervern,Benoît Delépine","Gustave Kervern,Benoît Delépine","Gérard Depardieu,Yolande Moreau,Anna Mouglalis","3,7","2,7",France,Ad Vitam,9 nominations,2010,Long métrage,Français,833 473 entrées
How I Live Now (Maintenant c'est ma vie),https://fr.web.img4.acsta.net/c_310_420/pictures/14/01/30/16/24/217516.jpg,12 mars 2014,en salle,"Action,Drame",Tout public,"Daisy, une adolescente new-yorkaise, passe pour la première fois ses vacances chez ses cousins dans la campagne anglaise. Rires, jeux, premiers émois… Une parenthèse enchantée qui va brutalement se refermer quand éclate sur cette lande de rêve la Troisième Guerre Mondiale…",Kevin Macdonald,"Jeremy Brock,Tony Grisoni","Saoirse Ronan,Tom Holland,George MacKay","2,6","3,5",Grande-Bretagne,UGC Distribution,1 nomination,2013,Long métrage,Anglais,17 846 entrées
Une Pluie sans fin,https://fr.web.img2.acsta.net/c_310_420/pictures/18/06/01/09/37/3091642.jpg,25 juillet 2018,en salle,Thriller,Tout public,"1997. À quelques mois de la rétrocession de Hong-Kong, la Chine va vivre de grands changements… Yu Guowei, le chef de la sécurité d’une vieille usine, dans le Sud du pays, enquête sur une série de meurtres commis sur des jeunes femmes. Alors que la police piétine, cette enquête va très vite devenir une véritable obsession pour Yu… puis sa raison de vivre.",Dong Yue,Dong Yue,"Duan Yihong,Jiang Yiyan,Du Yuan (II)","3,4","3,2",Chine,Wild Bunch Distribution,1 prix et 1 nomination,2017,Long métrage,Chinois,120 703 entrées
Bullhead,https://fr.web.img6.acsta.net/c_310_420/medias/nmedia/18/88/84/79/20022992.jpg,22 février 2012,en salle,"Policier,Drame",Interdit - 12 ans,"Jacky est issu d'une importante famille d'agriculteurs et d'engraisseurs du sud du Limbourg. A 33 ans, il apparaît comme un être renfermé et imprévisible, parfois violent… Grâce à sa collaboration avec un vétérinaire corrompu, Jacky s’est forgé une belle place dans le milieu de la mafia des hormones. Alors qu’il est en passe de conclure un marché exclusif avec le plus puissant des trafiquants d'hormones de Flandre occidentale, un agent fédéral est assassiné. C’est le branle-bas de combat parmi les policiers. Les choses se compliquent pour Jacky et tandis que l’étau se resserre autour de lui, tout son passé, et ses lourds secrets, ressurgissent…",Michaël R. Roskam,Michaël R. Roskam,"Matthias Schoenaerts,Jeroen Perceval,Jeanne Dandoy","4,2","4,1",Belgique,Ad Vitam,8 prix et 7 nominations,2011,Long métrage,"Flamand, Français",69 575 entrées
L'Affaire Roman J.,https://fr.web.img6.acsta.net/c_310_420/pictures/18/02/14/17/19/5606839.jpg,14 mars 2018,en salle,"Drame,Judiciaire,Thriller",Tout public,"À la mort de son mentor, Roman J. Israel, avocat aussi idéaliste que déterminé, voit sa vie bouleversée. Dans l’univers des tribunaux surchargés de Los Angeles, celui qui fut son modèle et une figure légendaire des droits civiques laisse un vrai vide. Recruté par l’ambitieux George Pierce, Roman se lie d’amitié avec une militante de l’égalité des droits. Confronté à des événements extrêmes, il va pourtant remettre en question l’engagement qui a déterminé toute sa carrière…",Dan Gilroy,Dan Gilroy,"Denzel Washington,Colin Farrell,Carmen Ejogo","2,5","3,3",U.S.A.,Sony Pictures Releasing France,3 nominations,2017,Long métrage,Anglais,19 916 entrées
Les Yeux jaunes des crocodiles,https://fr.web.img3.acsta.net/c_310_420/pictures/14/01/31/16/50/583089.jpg,9 avril 2014,en salle,Comédie dramatique,Tout public,"Deux sœurs que tout oppose. Joséphine, historienne spécialisée dans le XIIème siècle, confrontée aux difficultés de la vie, et Iris, outrageusement belle, menant une vie de parisienne aisée et futile. Un soir, lors d’un dîner mondain, Iris se vante d’écrire un roman. Prise dans son mensonge, elle persuade sa sœur, abandonnée par son mari et couverte de dettes, d’écrire ce roman qu’Iris signera, lui laissant l’argent. Le succès du livre va changer à jamais leur relation et transformer radicalement leurs vies.",Cécile Telerman,"Charlotte De Champfleury,Cécile Telerman","Julie Depardieu,Emmanuelle Béart,Patrick Bruel","2,8","3,4",France,Wild Bunch Distribution,# prix,2014,Long métrage,Français,630 269 entrées
Les Petits princes,https://fr.web.img6.acsta.net/c_310_420/pictures/210/171/21017187_20130703113239427.jpg,26 juin 2013,en salle,Comédie dramatique,Tout public,"JB, jeune prodige de 16 ans, est le dernier à intégrer le centre de formation où évoluent les plus grands espoirs du ballon rond. Entre l'amitié, la compétition, les rivalités et son attirance pour Lila, une jeune fille passionnée de street art, JB va devoir se battre malgré le lourd secret qui pourrait l'empêcher d'atteindre son rêve.",Vianney Lebasque,"Vianney Lebasque,Mathieu Gompel","Paul Bartel (II),Reda Kateb,Eddy Mitchell","3,2","4,0",France,EuropaCorp Distribution,1 nomination,2013,Long métrage,Français,72 850 entrées
Le Passé,https://fr.web.img5.acsta.net/c_310_420/pictures/210/103/21010314_20130604174853439.jpg,17 mai 2013,en salle,Drame,Tout public,"Après quatre années de séparation, Ahmad arrive à Paris depuis Téhéran, à la demande de Marie, son épouse française, pour procéder aux formalités de leur divorce. Lors de son bref séjour, Ahmad découvre la relation conflictuelle que Marie entretient avec sa fille, Lucie. Les efforts d'Ahmad pour tenter d'améliorer cette relation lèveront le voile sur un secret du passé.",Asghar Farhadi,Asghar Farhadi,"Bérénice Bejo,Tahar Rahim,Ali Mosaffa","4,2","3,8",France,Memento,3 prix et 8 nominations,2013,Long métrage,Français,954 533 entrées
Royal Affair,https://fr.web.img3.acsta.net/c_310_420/medias/nmedia/18/93/69/99/20271825.jpg,21 novembre 2012,en salle,"Drame,Historique,Romance",Tout public,"Danemark 1770. La passion secrète que voue la reine Caroline Mathilde au médecin du roi, l’influent Struensee, va changer à jamais le destin de la nation toute entière. Royal Affair relate une page capitale de l’histoire danoise, oubliée des manuels français. La relation amoureuse et intellectuelle entre Caroline Mathilde et Struensee, fortement influencée par les philosophes des Lumières, Rousseau et Voltaire en tête, conduira au renversement de l’ordre social établi, et annoncera les révolutions qui embraseront l’Europe vingt ans plus tard.",Nikolaj Arcel,"Nikolaj Arcel,Rasmus Heisterberg","Mads Mikkelsen,Alicia Vikander,Mikkel Boe Folsgaard","3,6","4,1",Danemark,Jour 2 Fête / Chrysalis Films,2 prix et 12 nominations,2012,Long métrage,"Danois, Anglais, Allemand",245 895 entrées
Godzilla 2 - Roi des Monstres,https://fr.web.img6.acsta.net/c_310_420/pictures/19/05/10/14/46/0199399.jpg,29 mai 2019,en salle,"Action,Science Fiction",Tout public,"L'agence crypto-zoologique Monarch doit faire face à une vague de monstres titanesques, comme Godzilla, Mothra, Rodan et surtout le redoutable roi Ghidorah à trois têtes. Un combat sans précédent entre ces créatures considérées jusque-là comme chimériques menace d'éclater. Alors qu'elles cherchent toutes à dominer la planète, l'avenir même de l'humanité est en jeu…",Michael Dougherty,"Michael Dougherty,Zach Shields","Kyle Chandler,Vera Farmiga,Millie Bobby Brown","2,5","2,7",U.S.A.,Warner Bros. France,1 nomination,2019,Long métrage,Anglais,667 899 entrées
Notre jour viendra,https://fr.web.img5.acsta.net/c_310_420/medias/nmedia/18/78/20/39/19474488.jpg,15 septembre 2010,en salle,Comédie dramatique,Interdit - 12 ans,"Patrick et Rémy n'ont ni peuple, ni pays, ni armée : ils sont roux. Ensemble, ils vont combattre le monde et sa morale, dans une quête hallucinée vers l'Irlande et la liberté...",Romain Gavras,"Romain Gavras,Karim Boukercha","Vincent Cassel,Olivier Barthelemy,Justine Lerooy","1,9","2,9",France,UGC Distribution,1 nomination,2010,Long métrage,Français,34 925 entrées
On ne choisit pas sa famille,https://fr.web.img6.acsta.net/c_310_420/medias/nmedia/18/85/79/43/19816806.jpg,9 novembre 2011,en salle,"Aventure,Comédie",Tout public,"Vivant largement au dessus de ses moyens, César Borgnoli, concessionnaire de voitures italiennes, est au bord de la ruine. Sa soeur Alex, qui vit en couple avec sa compagne Kim, lui propose de sauver le garage familial en lui mettant un marché en mains. César doit se faire passer pour le ""mari"" de Kim afin d’aller adopter légalement en Thaïlande la petite Maï, une adorable fillette de 5 ans, que le couple de femmes désire accueillir plus que tout au monde.,César s’imagine partir pour un week-end joignant l’utile à l’agréable…,Mais, entre lui et Kim, sa ""nouvelle femme"", le courant ne passe pas vraiment. Ajoutons à cela la police locale, les triades chinoises et quelques têtes de poissons farcis… le week-end prend vite l’allure d’un cauchemar.,D’autant plus qu’à peine arrivé à l’aéroport, le faux couple est accueilli par le docteur Luix, le médecin de l’orphelinat, un veuf neurasthénique et de mauvaise humeur, très attaché au mariage traditionnel ainsi qu’à la petite Maï.,Le scrupuleux médecin va accompagner dans leur périple César et Kim pour s’assurer qu’ils sont bien les parents parfaits pour la petite fille, et surtout pour vérifier qu’ils forment bien un vrai couple…,Devant le spectacle de ce couple improvisé et toujours en désaccord, le docteur Luix va de stupéfaction en étonnement, jusqu’au jour où il tombe en arrêt devant la ravissante Alex qui arrive à Bangkok pour sortir son frère de prison…",Christian Clavier,"Christian Clavier,Michel Delgado","Christian Clavier,Jean Reno,Muriel Robin","1,2","2,0",France,Universal Pictures International France,1 nomination,2011,Long métrage,Français,345 639 entrées
Que Dios Nos Perdone,https://fr.web.img6.acsta.net/c_310_420/pictures/17/06/16/11/54/422076.jpg,9 août 2017,en salle,"Policier,Thriller",Interdit - 12 ans avec avertissement,"Madrid, été 2011. La ville, plongée en pleine crise économique, est confrontée à l’émergence du mouvement des « indignés » et à la visite imminente du Pape Benoît XVI.,C’est dans ce contexte hyper-tendu que l'improbable binôme que forment Alfaro et Velarde se retrouve en charge de l'enquête sur un serial-killer d’un genre bien particulier. Les deux inspecteurs, sous pression, sont de surcroît contraints d’agir dans la plus grande discrétion…,Une course contre la montre s’engage alors, qui progressivement les révèle à eux-mêmes ; sont-ils si différents du criminel qu'ils poursuivent ?",Rodrigo Sorogoyen,"Rodrigo Sorogoyen,Isabel Peña","Antonio de la Torre,Roberto Álamo,Javier Pereira","3,6","4,0",Espagne,Le Pacte,2 prix et 1 nomination,2016,Long métrage,Espagnol,200 395 entrées
Comme Un Avion,https://fr.web.img6.acsta.net/c_310_420/pictures/15/04/23/11/08/203359.jpg,10 juin 2015,en salle,Comédie,Tout public,"Michel, la cinquantaine, est infographiste. Passionné par l'aéropostale, il se rêve en Jean Mermoz quand il prend son scooter. Et pourtant, lui‐même n’a jamais piloté d’avion…,Un jour, Michel tombe en arrêt devant des photos de kayak : on dirait le fuselage d’un avion. C'est le coup de foudre. En cachette de sa femme, il achète un kayak à monter soi‐même et tout le matériel qui va avec. Michel pagaie des heures sur son toit, rêve de grandes traversées en solitaire mais ne se décide pas à le mettre à l'eau. Rachelle découvre tout son attirail et le pousse alors à larguer les amarres.,Michel part enfin sur une jolie rivière inconnue. Il fait une première escale et découvre une guinguette installée le long de la rive. C’est ainsi qu’il fait la connaissance de la patronne Laetitia, de la jeune serveuse Mila, et de leurs clients ‐ dont la principale occupation est de bricoler sous les arbres et boire de l’absinthe. Michel sympathise avec tout ce petit monde, installe sa tente pour une nuit près de la buvette et, le lendemain, a finalement beaucoup de mal à quitter les lieux…",Bruno Podalydès,Bruno Podalydès,"Bruno Podalydès,Agnès Jaoui,Sandrine Kiberlain","4,0","3,5",France,UGC Distribution,3 nominations,2014,Long métrage,Français,435 443 entrées
Sorry To Bother You,https://fr.web.img2.acsta.net/c_310_420/pictures/18/11/28/14/11/4802657.jpg,30 janvier 2019,en salle,"Comédie,Fantastique,Science Fiction",Tout public,"Après avoir décroché un boulot de vendeur en télémarketing, Cassius Green bascule dans un univers macabre en découvrant une méthode magique pour gagner beaucoup d'argent. Tandis que sa carrière décolle, ses amis et collègues se mobilisent contre l'exploitation dont ils s'estiment victimes au sein de l'entreprise. Mais Cassius se laisse fasciner par son patron cocaïnomane qui lui propose un salaire au-delà de ses espérances les plus folles…",Boots Riley,Boots Riley,"Lakeith Stanfield,Tessa Thompson,Jermaine Fowler","3,8","3,3",U.S.A.,Universal Pictures International France,1 nomination,2018,Long métrage,Anglais,25 553 entrées
Mes meilleures amies,https://fr.web.img3.acsta.net/c_310_420/medias/nmedia/18/84/60/06/19764021.jpg,10 août 2011,en salle,"Comédie,Romance",Tout public,"Annie a la poisse. Son fiancé l’a quittée et son nouvel amant est un goujat. Lillian, sa meilleure amie, file quant à elle le parfait amour. Lorsqu’elle lui annonce son futur mariage, Annie oublie ses soucis pour se consacrer à son rôle de témoin et transformer les préparatifs en un moment magique et privilégié. Mais c’est sans compter sur les autres amies de Lillian, l’insatiable et athlétique dragueuse Megan, la candide Becca,l’ex-beauté Rita et l’ultra-snob Helen… toutes incontrôlables et décidées à donner de la voix pour imposer leurs choix dans l’organisation de l’enterrement de vie de jeune fille. Débute alors une délirante aventure…!",Paul Feig,"Annie Mumolo,Kristen Wiig","Kristen Wiig,Rose Byrne,Maya Rudolph","3,9","3,0",U.S.A.,Universal Pictures International France,3 prix et 21 nominations,2011,Long métrage,Anglais,557 712 entrées
Ava,https://fr.web.img2.acsta.net/c_310_420/pictures/17/05/16/14/57/515909.jpg,21 juin 2017,en salle,Drame,Tout public,"Lors de vacances en bord de mer qu'elle passe avec sa maman, Ava, une adolescente de 13 ans, rencontre Juan, un jeune Gitan, accompagné d'un grand chien noir. Le garçon et l'animal ont fort à faire avec la police. Un peu plus tard, se plaignant de troubles de la vue, Ava est envoyée chez un ophtalmologue qui lui annonce brutalement qu'elle va devenir aveugle. Tandis que sa mère, qui la soutient comme elle peut, se réfugie surtout dans le déni, Ava ne pense plus qu'à Juan et à son chien, qu'elle aimerait voir encore une fois avant que la nuit ne se referme sur ses yeux.",Léa Mysius,"Léa Mysius,Paul Guilhaume","Noée Abita,Laure Calamy,Juan Cano","3,5","3,4",France,Bac Films,2 prix et 4 nominations,2017,Long métrage,Français,80 221 entrées
Boomerang,https://fr.web.img2.acsta.net/c_310_420/pictures/15/07/21/18/05/198981.jpg,23 septembre 2015,en salle,Drame,Tout public,"Boomerang : nom masculin, arme de jet capable en tournant sur elle-même de revenir à son point de départ… En revenant avec sa sœur Agathe sur l’île de Noirmoutier, berceau de leur enfance, Antoine ne soupçonnait pas combien le passé, tel un boomerang, se rappellerait à son souvenir. Secrets, non-dits, mensonges : et si toute l’histoire de cette famille était en fait à réécrire ? Face à la disparition mystérieuse de sa mère, un père adepte du silence et une sœur qui ne veut rien voir, une inconnue séduisante va heureusement bousculer la vie d’Antoine…",François Favrat,François Favrat,"Laurent Lafitte,Mélanie Laurent,Audrey Dana","3,6","3,8",France,UGC Distribution,1 nomination,2014,Long métrage,Français,317 289 entrées
Les Recettes du bonheur,https://fr.web.img6.acsta.net/c_310_420/pictures/14/07/07/12/02/320290.jpg,10 septembre 2014,en salle,Comédie dramatique,Tout public,"Hassan Kadam a un don inné pour la cuisine : il possède ce que l’on pourrait appeler « le goût absolu »… Après avoir quitté leur Inde natale, Hassan et sa famille, sous la conduite du père, s’installent dans le sud de la France, dans le paisible petit village de Saint-Antonin-Noble-Val. C’est l’endroit idéal pour vivre, et ils projettent bientôt d’y ouvrir un restaurant indien, la Maison Mumbai. Mais lorsque Madame Mallory, propriétaire hautaine et chef du célèbre restaurant étoilé au Michelin Le Saule Pleureur, entend parler du projet de la famille Kadam, c’est le début d’une guerre sans pitié. La cuisine indienne affronte la haute gastronomie française. Jusqu’à ce que la passion d’Hassan pour la grande cuisine française – et pour la charmante sous-chef Marguerite – se combine à son don pour orchestrer un festival de saveurs associant magnifiquement les deux cultures culinaires. Le charmant village baigne désormais dans des parfums débordants de vie que même l’inflexible Madame Mallory ne peut ignorer. Cette femme qui était autrefois la rivale d’Hassan finira par reconnaître son talent et le prendre sous son aile…",Lasse Hallström,Steven Knight,"Helen Mirren,Om Puri,Manish Dayal","2,3","3,6",U.S.A.,Metropolitan FilmExport,3 nominations,2014,Long métrage,"Anglais, Français, Hindi",177 377 entrées
Détective Dee : La légende des Rois Célestes,https://fr.web.img4.acsta.net/c_310_420/pictures/18/07/11/14/22/3875945.jpg,8 août 2018,en salle,"Action,Fantastique",Tout public,"Une vague de crimes perpétrée par des guerriers masqués terrifie l’Empire de la dynastie des Tang. Alors que l’impératrice Wu est placée sous protection, Détective Dee part sur les traces de ces criminels. Sur le point de découvrir une conspiration sans précédent, Dee et ses compagnons vont se retrouver au cœur d’un conflit mortel où magie et complots s’allient pour faire tomber l’Empire.",Tsui Hark,Chia-Lu Chang,"Mark Chao,Feng Shaofeng,Gengxin Lin","3,7","3,4",Chine,The Jokers Films,1 nomination,2018,Long métrage,Chinois,77 329 entrées
"Madagascar 3, Bons Baisers D’Europe",https://fr.web.img6.acsta.net/c_310_420/medias/nmedia/18/89/65/55/20063546.jpg,6 juin 2012,en salle,"Aventure,Animation,Comédie",Tout public,"De retour d’Afrique, où leur dernière aventure les avait menés, Alex et ses fidèles amis Marty, Gloria et Melman aspirent désormais à rentrer chez eux, à New York, et à retrouver le cadre familier du zoo de Central Park. Autant dire qu’ils sont prêts à tout pour y parvenir ! Alors que King Julian, Maurice et les Pingouins se joignent à eux, leur nouvelle expédition rocambolesque les conduit en Europe où ils trouvent la couverture idéale : un cirque ambulant dont ils deviennent les héros – façon Madagascar bien sûr !","Eric Darnell,Tom McGrath,Conrad Vernon","Noah Baumbach,Eric Darnell","José Garcia,Ben Stiller,Anthony Kavanagh","3,0","3,6",U.S.A.,Paramount Pictures France,2 nominations,2012,Long métrage,Anglais,3 343 533 entrées
Searching - Portée disparue,https://fr.web.img2.acsta.net/c_310_420/pictures/18/07/13/11/17/4339524.jpg,12 septembre 2018,en salle,"Drame,Thriller",Tout public,"Alors que Margot, 16 ans, a disparu, l’enquête ouverte ne donne rien et malgré les heures décisives qui s’écoulent, l’inspectrice chargée de l’affaire n’a pas le moindre indice. Le père, David, décide alors de mener ses propres recherches, en commençant par là où personne n’a encore regardé : l’ordinateur de sa fille.,",Aneesh Chaganty,"Aneesh Chaganty,Sev Ohanian","John Cho,Debra Messing,Michelle La","3,1","3,9",U.S.A.,Sony Pictures Releasing France,1 nomination,2018,Long métrage,Anglais,119 956 entrées
Ma vie avec John F. Donovan,https://fr.web.img6.acsta.net/c_310_420/pictures/19/02/26/11/18/0373251.jpg,13 mars 2019,en salle,Drame,Tout public,"Dix ans après la mort d’une vedette de la télévision américaine, un jeune acteur se remémore la correspondance jadis entretenue avec cet homme, de même que l’impact que ces lettres ont eu sur leurs vies respectives.",Xavier Dolan,"Xavier Dolan,Jacob Tierney","Kit Harington,Natalie Portman,Jacob Tremblay","3,1","3,6",Canada,Mars Films,2 nominations,2018,Long métrage,Anglais,338 904 entrées
La Légende d'Hercule,https://fr.web.img6.acsta.net/c_310_420/pictures/14/02/11/15/25/085812.jpg,19 mars 2014,en salle,"Action,Aventure,Péplum",Tout public,"Hercule est le fils de la reine Alcmène que lui a donné Zeus en cachette du roi Amphitryon pour renverser celui-ci une fois l'enfant devenu adulte. Amoureux d'Hébé, Hercule est trahi par le roi qui la destine à son autre fils, Iphiclès. Le demi-dieux est exilé et vendu comme esclave. Devenu gladiateur et renversant tous ses adversaires, Hercule, avec l'aide de Sotiris, son compagnon d'armes, va tenter de libérer le royaume de la tyrannie d’Amphitryon, arracher Hébé aux griffes de son frère, et prendre enfin sa vraie place, celle du plus grand héros que la Grèce ait jamais connu…,",Renny Harlin,"Sean Hood,Renny Harlin","Kellan Lutz,Scott Adkins,Liam McIntyre","1,8","1,6",U.S.A.,Metropolitan FilmExport,6 nominations,2014,Long métrage,Anglais,235 853 entrées
La Troisième guerre,https://fr.web.img3.acsta.net/c_310_420/pictures/21/08/09/10/25/3600057.jpg,22 septembre 2021,en salle,Drame,Tout public,"Léo vient juste de terminer ses classes et pour sa première affection, il écope d'une mission Sentinelle. Avec sa patrouille, il arpente les rues de la capitale à l'affût de la moindre menace. Mais plus la frustration augmente, plus la paranoïa guette le jeune soldat...",Giovanni Aloi,"Giovanni Aloi,Dominique Baumard","Anthony Bajon,Karim Leklou,Leïla Bekhti","3,3","2,6",France,Capricci Films,1 nomination,2019,Long métrage,Français,11 317 entrées
Arctic,https://fr.web.img4.acsta.net/c_310_420/pictures/18/12/17/17/23/1560896.jpg,6 février 2019,en salle,"Aventure,Thriller",Tout public,"En Arctique, la température peut descendre jusqu’à moins –70°C. Dans ce désert hostile, glacial et loin de tout, un homme lutte pour sa survie. Autour de lui, l’immensité blanche, et une carcasse d’avion dans laquelle il s’est réfugié, signe d’un accident déjà lointain. Avec le temps, l’homme a appris à combattre le froid et les tempêtes, à se méfier des ours polaires, à chasser pour se nourrir… Un événement inattendu va l’obliger à partir pour une longue et périlleuse expédition pour sa survie. Mais sur ces terres gelées, aucune erreur n’est permise…,",Joe Penna,"Joe Penna,Ryan Morrison","Mads Mikkelsen,Maria Thelma Smáradóttir,Tintrinai Thikhasuk","3,3","3,5",Islande,The Jokers Films,3 nominations,2018,Long métrage,Anglais,49 464 entrées
Copains pour toujours 2,https://fr.web.img6.acsta.net/c_310_420/pictures/210/167/21016769_20130701152621435.jpg,11 septembre 2013,en salle,Comédie,Tout public,"Espérant offrir une vie plus équilibrée à sa famille, Lenny quitte l’hystérie de Hollywood et revient s’installer dans la petite ville où il a grandi. Pourtant, entre ses anciens amis, leurs enfants, les grandes brutes et les petits excités, les chauffeurs de bus fous, les flics bourrés à skis et les 400 invités d’une fête costumée complètement déchaînés, il va vite découvrir que même si vous fuyez la folie, parfois, elle vous poursuit où que vous alliez…",Dennis Dugan,"Adam Sandler,Fred Wolf","Adam Sandler,Kevin James,Chris Rock","1,0","2,4",U.S.A.,Sony Pictures Releasing France,8 nominations,2013,Long métrage,Anglais,98 120 entrées
Les Vacances de Ducobu,https://fr.web.img4.acsta.net/c_310_420/medias/nmedia/18/86/68/24/20034402.jpg,25 avril 2012,en salle,"Comédie,Famille",Tout public,"La cloche sonne et c’est la libération pour l’élève Ducobu : enfin les vacances, loin de Latouche et de ses dictées diaboliques !!! BD, Club Mickey, glaces à gogo... Ducobu a à peine le temps de se réjouir que son père lui annonce un tout autre programme : ils partent avec la famille Gratin. Avec Léonie et sa mère, c’est plutôt réveil aux aurores, musées et révisions. Et pour couronner le tout... Ducobu tombe sur Latouche et Mademoiselle Rateau venus eux aussi en vacances au camping. Le Cauchemar !!! Heureusement le hasard met sur son chemin une carte mystérieuse. Grâce à son ingéniosité, Ducobu en décode l’énigme et se lance à la recherche d’un trésor de pirates perdu. Le roi de la triche devient le roi de l’aventure et les vraies vacances peuvent commencer !",Philippe de Chauveron,"Philippe de Chauveron,Marc de Chauveron","Elie Semoun,Joséphine de Meaux,François Viette","2,8","1,9",France,UGC Distribution,1 nomination,2012,Long métrage,Français,1 034 486 entrées
Green Room,https://fr.web.img6.acsta.net/c_310_420/pictures/16/03/23/14/33/310812.jpg,27 avril 2016,en salle,"Action,Thriller",Interdit - 12 ans avec avertissement,"Au terme d’une tournée désastreuse, le groupe de punk rock The Ain’t Rights accepte au pied levé de donner un dernier concert au fin fond de l’Oregon… pour finalement se retrouver à la merci d’un gang de skinheads particulièrement violents. Alors qu’ils retournent en backstage après leur set, les membres du groupe tombent sur un cadavre encore chaud et deviennent alors la cible du patron du club et de ses sbires, plus que jamais déterminés à éliminer tout témoin gênant…",Jeremy Saulnier,Jeremy Saulnier,"Anton Yelchin,Joe Cole,Alia Shawkat","3,7","3,1",U.S.A.,The Jokers / Bac Films,2 nominations,2015,Long métrage,Anglais,50 285 entrées
Hope,https://fr.web.img5.acsta.net/c_310_420/pictures/14/12/05/10/11/192032.jpg,28 janvier 2015,en salle,Drame,Tout public,"En route vers l’Europe, Hope rencontre Léonard. Elle a besoin d’un protecteur, il n’a pas le coeur de l’abandonner. Dans un monde hostile où chacun doit rester avec les siens, ils vont tenter d’avancer ensemble, et de s’aimer.",Boris Lojkine,Boris Lojkine,"Justin Wang,Endurance Newton,Dieudonné Bertrand Balo’o","3,8","3,9",France,Pyramide Distribution,# prix,2014,Long métrage,Français,45 136 entrées
My Movie Project,https://fr.web.img2.acsta.net/c_310_420/pictures/210/053/21005310_20130513130348904.jpg,19 juin 2013,en salle,Comédie,Interdit - 12 ans,"Un célèbre acteur d’Hollywood approche un grand studio de cinéma avec une idée de scénario qui, selon lui, a le potentiel de devenir le film le plus rentable au monde. Peter et Bobby Farrelly  ont décidé de s’atteler à une comédie dingue et bluffante réunissant le plus gros casting jamais rassemblé à ce jour…,","Steven Brill,Peter Farrelly,Steve Carr","Will Carlough,Tobias Carlson","Elizabeth Banks,Kristen Bell,Halle Berry","2,0","2,0",U.S.A.,Metropolitan FilmExport,3 prix et 15 nominations,2013,Long métrage,Anglais,56 945 entrées
"Love, Simon",https://fr.web.img4.acsta.net/c_310_420/pictures/18/05/25/09/53/5888199.jpg,27 juin 2018,en salle,"Comédie,Drame,Romance",Tout public,"On mérite tous une première grande histoire d’amour. Pourtant pour le jeune Simon, c’est compliqué. Il a une vie normale, dans une famille qu’il adore, et est entouré d’amis extraordinaires, mais il garde pour lui un grand secret : personne ne sait qu’il est gay et il ne connaît pas l’identité de son premier coup de coeur, avec qui il communique en ligne. Alors que son secret est menacé d’être révélé, la vie de Simon bascule dans une aventure aussi drôle que bouleversante... Ses amis prendront alors une place essentielle pour l’aider à changer sa vie et découvrir le premier amour.,",Greg Berlanti,"Elizabeth Berger,Isaac Aptaker","Nick Robinson,Katherine Langford,Jennifer Garner","3,2","4,0",U.S.A.,Twentieth Century Fox France,1 nomination,2017,Long métrage,Anglais,135 517 entrées
The Housemaid,https://fr.web.img2.acsta.net/c_310_420/medias/nmedia/18/77/72/29/19479799.jpg,15 septembre 2010,en salle,"Drame,Thriller",Tout public,"Euny est engagée comme aide-gouvernante dans une riche maison bourgeoise. Le mari, Hoon, la prend pour maîtresse. La vie de toute la maison va alors basculer.",Im Sang-soo,Im Sang-soo,"Do-Yeon Jeon,Jung-jae Lee,Yuh-Jung Youn","3,0","3,3",Corée du Sud,Pretty Pictures,2 nominations,2010,Long métrage,Coréen,60 234 entrées
Voyez Comme on Danse,https://fr.web.img4.acsta.net/c_310_420/pictures/18/07/23/09/57/1810259.jpg,10 octobre 2018,en salle,"Comédie,Comédie dramatique",Tout public,"Voyez comme ils dansent…,Julien sent comme une présence hostile derrière lui en permanence.,Alex, son fils apprend qu’Eva, lycéenne de 17 ans a oublié de le prévenir qu’il allait être père.,La mère d’Eva, Véro, dans une sale passe depuis sa naissance pense qu’elle va être obligée d’arracher le sac des vieilles pour nourrir le futur enfant.,Elizabeth, dont le mari Bertrand s’est volatilisé, voit sa maison dévastée par une perquisition.,Lucie exaspérée par les délires paranos de Julien, son mari, est au bord du burn out conjugal.,Serena, la maîtresse de Julien sent qu’il lui ment. Julien ne sent pas que Serena lui ment aussi.,Loïc, fils ainé de Véro, seul élément stable de la bande ne l’est pas tant que ça.,Sans oublier un absent toujours très présent…",Michel Blanc,Michel Blanc,"Jacques Dutronc,Charlotte Rampling,Karin Viard","3,1","3,1",France,UGC Distribution,1 nomination,2018,Long métrage,Français,416 979 entrées
Jalouse,https://fr.web.img3.acsta.net/c_310_420/pictures/17/09/21/16/58/3546135.jpg,8 novembre 2017,en salle,Comédie,Tout public,"Nathalie Pêcheux, professeure de lettres divorcée, passe quasiment du jour au lendemain de mère attentionnée à jalouse maladive. Si sa première cible est sa ravissante fille de 18 ans, Mathilde, danseuse classique, son champ d'action s'étend bientôt à ses amis, ses collègues, voire son voisinage... Entre comédie grinçante et suspense psychologique, la bascule inattendue d’une femme.","David Foenkinos,Stéphane Foenkinos","David Foenkinos,Stéphane Foenkinos","Karin Viard,Dara Tombroff,Anne Dorval","3,3","3,4",France,StudioCanal,1 prix et 2 nominations,2017,Long métrage,Français,756 570 entrées
Epic : la bataille du royaume secret,https://fr.web.img4.acsta.net/c_310_420/medias/nmedia/18/91/58/29/20492868.jpg,22 mai 2013,en salle,"Aventure,Animation,Famille",Tout public,"L'histoire d'une guerre insoupçonnable qui fait rage autour de nous. Lorsqu'une adolescente se retrouve plongée par magie dans cet univers caché, elle doit s'allier à un groupe improbable de personnages singuliers et pleins d'humour afin de sauver leur monde... et le nôtre.",Chris Wedge,"Daniel Shere,Tom J. Astle","Mélanie Laurent,Amanda Seyfried,Jérémie Renier","3,5","3,8",U.S.A.,Twentieth Century Fox France,1 prix et 1 nomination,2013,Long métrage,Anglais,1 187 281 entrées
L'Apollonide - souvenirs de la maison close,https://fr.web.img2.acsta.net/c_310_420/medias/nmedia/18/83/94/26/19729056.jpg,21 septembre 2011,en salle,Drame,Interdit - 12 ans,"À l'aube du XXème siècle, dans une maison close à Paris, une prostituée a le visage marqué d'une cicatrice qui lui dessine un sourire tragique. Autour de la femme qui rit, la vie des autres filles s’organise, leurs rivalités, leurs craintes, leurs joies, leurs douleurs... Du monde extérieur, on ne sait rien. La maison est close.",Bertrand Bonello,Bertrand Bonello,"Hafsia Herzi,Céline Sallette,Jasmine Trinca","3,6","3,2",France,Haut et Court,5 prix et 17 nominations,2011,Long métrage,Français,211 936 entrées
Hasta la vista,https://fr.web.img6.acsta.net/c_310_420/medias/nmedia/18/85/95/97/19864740.jpg,7 mars 2012,en salle,Comédie dramatique,Tout public,"Trois jeunes d’une vingtaine d’années aiment le vin et les femmes, mais ils sont encore vierges. Sous prétexte d’une route des vins, ils embarquent pour un voyage en Espagne dans l’espoir d’avoir leur première expérience sexuelle. Rien ne les arrêtera… Pas même leurs handicaps : l'un est aveugle, l'autre est confiné sur une chaise roulante et le troisième est complètement paralysé.",Geoffrey Enthoven,Pierre De Clercq,"Robrecht Vanden Thoren,Johan Heldenbergh,Gilles De Schrijver","3,5","4,2",Belgique,Les Films 13,2 prix et 4 nominations,2011,Long métrage,"Néerlandais, Anglais, Français, Espagnol",120 269 entrées
My Little Princess,https://fr.web.img4.acsta.net/c_310_420/medias/nmedia/18/83/96/85/19723345.jpg,29 juin 2011,en salle,Drame,Tout public,"Hannah et Violetta forment un couple hors du commun : mère insaisissable et fillette en quête d'amour maternel, artiste fantasque et modèle malgré elle. Lorsqu’Hannah demande à sa fille si elle veut être son modèle, tout bascule dans la vie de Violetta qui vivait jusque là avec sa tendre grand mère. D’une enfance banale elle devient égérie du milieu branché parisien ...",Eva Ionesco,"Eva Ionesco,Philippe Le Guay","Isabelle Huppert,Anamaria Vartolomei,Georgetta Leahu","3,4","2,9",France,Dulac Distribution,6 nominations,2010,Long métrage,"Anglais, Français, Roumain",70 929 entrées
Date limite,https://fr.web.img6.acsta.net/c_310_420/medias/nmedia/18/79/16/65/19539681.jpg,10 novembre 2010,en salle,Comédie,Tout public,"Cinq jours séparent Peter Highman du jour où il sera père pour la première fois, au terme de la grossesse de sa femme. Tandis qu’il se dépêche de prendre un vol d’Atlanta pour être à ses côtés pour la naissance, ses meilleures intentions s’en vont à vau-l’eau. Une rencontre fortuite avec Ethan Tremblay, un acteur en quête de reconnaissance, force Peter à faire de l’autostop dans une virée qui va le mener à travers le pays, détruisant au passage plusieurs voitures, de nombreuses amitiés et sa dernière résistance.",Todd Phillips,"Alan R. Cohen,Alan Freedland","Robert Downey Jr.,Zach Galifianakis,Michelle Monaghan","3,1","3,3",U.S.A.,Warner Bros. France,1 nomination,2010,Long métrage,"Anglais, Espagnol",786 360 entrées
Arthur 3 La Guerre des Deux Mondes,https://fr.web.img4.acsta.net/c_310_420/medias/nmedia/18/78/43/40/19493858.jpg,13 octobre 2010,en salle,"Aventure,Animation",Tout public,"Maltazard a réussi à se hisser parmi les hommes. Son but est clair : former une armée de séides géants pour imposer son règne à l’univers.,Seul Arthur semble en mesure de le contrer… à condition qu’il parvienne à regagner sa chambre et à reprendre sa taille habituelle ! Bloqué à l’état de Minimoy, il peut évidemment compter sur l’aide de Sélénia et Bétamèche, mais aussi – surprise ! - sur le soutien de Darkos, le propre fils de Maltazard, qui semble vouloir changer de camp.,A pied, à vélo, en voiture et en Harley Davidson, la petite troupe est prête à tout pour mener le combat final contre Maltazard. Allumez le feu !",Luc Besson,"Luc Besson,Céline Garcia","Freddie Highmore,Mylène Farmer,Selena Gomez","2,9","2,4",France,EuropaCorp Distribution,1 nomination,2010,Long métrage,"Anglais, Français",3 056 205 entrées
Café Society,https://fr.web.img4.acsta.net/c_310_420/pictures/16/05/12/15/52/599218.jpg,11 mai 2016,en salle,"Comédie,Drame,Romance",Tout public,"New York, dans les années 30. Coincé entre des parents conflictuels, un frère gangster et la bijouterie familiale, Bobby Dorfman a le sentiment d'étouffer ! Il décide donc de tenter sa chance à Hollywood où son oncle Phil, puissant agent de stars, accepte de l'engager comme coursier. À Hollywood, Bobby ne tarde pas à tomber amoureux. Malheureusement, la belle n'est pas libre et il doit se contenter de son amitié.,Jusqu'au jour où elle débarque chez lui pour lui annoncer que son petit ami vient de rompre. Soudain, l'horizon s'éclaire pour Bobby et l'amour semble à portée de main…",Woody Allen,Woody Allen,"Jesse Eisenberg,Kristen Stewart,Steve Carell","4,1","3,7",U.S.A.,Mars Films,2 nominations,2016,Long métrage,"Anglais, Hébreu",953 677 entrées
Bang Gang (Une Histoire D'Amour Moderne),https://fr.web.img2.acsta.net/c_310_420/pictures/15/11/17/12/02/185238.jpg,13 janvier 2016,en salle,Drame,Interdit - 12 ans,"Les faubourgs aisés d’une ville sur la côte atlantique.George, jolie jeune fille de 16 ans, tombe amoureuse d’Alex. Pour attirer son attention, elle lance un jeu collectif où sa bande d’amis va découvrir, tester et repousser les limites de leur sexualité. Au milieu des scandales et de l’effondrement de leur système de valeurs, chacun gère cette période intense de manière radicalement différente.",Eva Husson,Eva Husson,"Finnegan Oldfield,Marilyn Lima,Lorenzo Lefebvre","2,9","2,4",France,Ad Vitam,2 prix et 2 nominations,2015,Long métrage,Français,29 341 entrées
Une Vie Violente,https://fr.web.img4.acsta.net/c_310_420/pictures/17/06/30/15/58/154046.jpg,9 août 2017,en salle,"Drame,Thriller",Tout public,"Malgré la menace de mort qui pèse sur sa tête, Stéphane décide de retourner en Corse pour assister à l'enterrement de Christophe, son ami d'enfance et compagnon de lutte, assassiné la veille. C’est l’occasion pour lui de se rappeler les évènements qui l’ont vu passer, petit bourgeois cultivé de Bastia, de la délinquance au radicalisme politique et du radicalisme politique à la clandestinité.",Thierry de Peretti,"Thierry de Peretti,Guillaume Breaud","Jean Michelangeli,Henri-Noël Tabary,Cédric Appietto","3,7","3,1",France,Pyramide Distribution,2 nominations,2017,Long métrage,Français,116 644 entrées
Les Merveilles,https://fr.web.img3.acsta.net/c_310_420/pictures/15/01/16/17/34/434735.jpg,11 février 2015,en salle,Drame,Tout public,"Dans un village en Ombrie, c’est la fin de l’été. Gelsomina vit avec ses parents et ses trois jeunes sœurs, dans une ferme délabrée où ils produisent du miel. Volontairement tenues à distance du monde par leur père, qui en prédit la fin proche et prône un rapport privilégié à la nature, les filles grandissent en marge. Pourtant, les règles strictes qui tiennent la famille ensemble vont être mises à mal par l’arrivée de Martin, un jeune délinquant accueilli dans le cadre d’un programme de réinsertion, et par le tournage du « Village des merveilles », un jeu télévisé qui envahit la région.",Alice Rohrwacher,Alice Rohrwacher,"Maria Alexandra Lungu,Sam Louwyck,Alba Rohrwacher","3,6","3,0",Italie,Ad Vitam,# prix,2014,Long métrage,"Français, Allemand, Italien",142 723 entrées
Ma vie avec Liberace,https://fr.web.img2.acsta.net/c_310_420/pictures/210/139/21013963_20130619184351861.jpg,18 septembre 2013,en salle,"Biopic,Drame",Tout public,"Avant Elvis, Elton John et Madonna, il y a eu Liberace : pianiste virtuose, artiste exubérant, bête de scène et des plateaux télévisés. Liberace affectionnait la démesure et cultivait l'excès, sur scène et hors scène. Un jour de l'été 1977, le bel et jeune Scott Thorson pénétra dans sa loge et, malgré la différence d'âge et de milieu social, les deux hommes entamèrent une liaison secrète qui allait durer cinq ans. ""Ma Vie avec Liberace"" narre les coulisses de cette relation orageuse, de leur rencontre au Las Vegas Hilton à leur douloureuse rupture publique.",Steven Soderbergh,Richard LaGravenese,"Michael Douglas,Matt Damon,Dan Aykroyd","4,0","3,7",U.S.A.,ARP Sélection,8 prix et 13 nominations,2013,Long métrage,Anglais,248 868 entrées
Cowboys & envahisseurs,https://fr.web.img6.acsta.net/c_310_420/medias/nmedia/18/82/01/69/19788140.jpg,24 août 2011,en salle,"Action,Aventure,Science Fiction,Western",Tout public,"Arizona, 1873. Un homme qui a perdu tout souvenir de son passé se retrouve à Absolution, petite ville austère perdue en plein désert. Le seul indice relatif à son histoire est un mystérieux bracelet qui enserre son poignet. Alors que la ville est sous l’emprise du terrible colonel Dolarhyde, les habitants d’Absolution vont être confrontés à une menace bien plus inquiétante, venue d’ailleurs...",Jon Favreau,"Roberto Orci,Alex Kurtzman","Harrison Ford,Daniel Craig,Olivia Wilde","2,5","2,5",U.S.A.,Paramount Pictures France,2 nominations,2011,Long métrage,Anglais,893 929 entrées
La Vie très privée de Monsieur Sim,https://fr.web.img6.acsta.net/c_310_420/pictures/15/12/01/09/03/166641.jpg,16 décembre 2015,en salle,Comédie dramatique,Tout public,"Monsieur Sim n’a aucun intérêt. C’est du moins ce qu’il pense de lui-même. Sa femme l’a quitté, son boulot l’a quitté et lorsqu’il part voir son père au fin fond de l’Italie, celui-ci ne prend même pas le temps de déjeuner avec lui. C'est alors qu'il reçoit une proposition inattendue : traverser la France pour vendre des brosses à dents qui vont ""révolutionner l'hygiène bucco-dentaire"". Il en profite pour revoir les visages de son enfance, son premier amour, ainsi que sa fille et faire d’étonnantes découvertes qui vont le révéler à lui-même.",Michel Leclerc,"Michel Leclerc,Baya Kasmi","Jean-Pierre Bacri,Mathieu Amalric,Valeria Golino","3,5","3,1",France,Mars Films,1 nomination,2015,Long métrage,Français,262 245 entrées
La Douleur,https://fr.web.img3.acsta.net/c_310_420/pictures/17/11/21/16/07/2252425.jpg,24 janvier 2018,en salle,Drame,Tout public,"Juin 1944, la France est toujours sous l’Occupation allemande. L’écrivain Robert Antelme, figure majeure de la Résistance, est arrêté et déporté. Sa jeune épouse Marguerite, écrivain et résistante, est tiraillée par l'angoisse de ne pas avoir de ses nouvelles et sa liaison secrète avec son camarade Dyonis. Elle rencontre un agent français de la Gestapo, Rabier, et, prête à tout pour retrouver son mari, se met à l’épreuve d’une relation ambiguë avec cet homme trouble, seul à pouvoir l’aider. La fin de la guerre et le retour des camps annoncent à Marguerite le début d’une insoutenable attente, une agonie lente et silencieuse au milieu du chaos de la Libération de Paris.",Emmanuel Finkiel,Emmanuel Finkiel,"Mélanie Thierry,Benoît Magimel,Benjamin Biolay","4,0","2,9",France,Les Films du Losange,2 prix et 9 nominations,2017,Long métrage,Français,330 466 entrées
C'est tout pour moi,https://fr.web.img6.acsta.net/c_310_420/pictures/17/09/15/11/49/1672779.jpg,29 novembre 2017,en salle,Comédie dramatique,Tout public,"Depuis toute petite, Lila veut devenir danseuse, n’en déplaise à son père.,Elle débarque à Paris pour réaliser son rêve…,Mais de galères en désillusions, elle découvre la réalité d’un monde qui n’est pas prêt à lui ouvrir ses portes.,A force d’y croire, Lila se lance dans une carrière d’humoriste.,Elle n’a plus qu’une idée en tête : voir son nom en haut de l’affiche, et surtout retrouver la fierté de son père.","Nawell Madani,Ludovic Colbeau-Justin","Nawell Madani,Ali Boughéraba","Nawell Madani,François Berléand,Mimoun Benabderrahmane","3,0","3,6",France,UGC Distribution,2 nominations,2016,Long métrage,Français,693 235 entrées
La Légende de Manolo,https://fr.web.img2.acsta.net/c_310_420/pictures/14/09/15/11/04/197854.jpg,22 octobre 2014,en salle,"Animation,Comédie,Famille",Tout public,"Depuis la nuit des temps, au fin fond du Mexique, les esprits passent d’un monde à l’autre le jour de la Fête des Morts. Dans le village de San Angel, Manolo, un jeune rêveur tiraillé entre les attentes de sa famille et celles de son cœur, est mis au défi par les dieux. Afin de conquérir le cœur de sa bien-aimée Maria, il devra partir au-delà des mondes et affronter ses plus grandes peurs. Une aventure épique qui déterminera non seulement son sort, mais celui de tous ceux qui l’entourent.",Jorge R. Gutierrez,"Jorge R. Gutierrez,Douglas Langdale","Diego Luna,Zoe Saldana,Channing Tatum","3,6","4,0",U.S.A.,Twentieth Century Fox France,2 nominations,2014,Long métrage,"Anglais, Espagnol",408 536 entrées
Un Peuple et son roi,https://fr.web.img2.acsta.net/c_310_420/pictures/18/08/02/12/06/1793783.jpg,26 septembre 2018,en salle,"Drame,Historique",Tout public,"En 1789, un peuple est entré en révolution. Écoutons-le. Il a des choses à nous dire. UN PEUPLE ET SON ROI croise les destins d’hommes et de femmes du peuple, et de figures historiques. Leur lieu de rencontre est la toute jeune Assemblée nationale. Au coeur de l’histoire, il y a le sort du Roi et le surgissement de la République…",Pierre Schoeller,Pierre Schoeller,"Gaspard Ulliel,Adèle Haenel,Louis Garrel","3,1","2,3",France,StudioCanal,4 nominations,2017,Long métrage,Français,322 495 entrées
Nos plus belles vacances,https://fr.web.img3.acsta.net/c_310_420/medias/nmedia/18/86/82/56/20003941.jpg,7 mars 2012,en salle,"Comédie,Famille",Tout public,"Juillet 1976, année de la canicule. Claude, juif d’Algérie arrivé en France quinze ans plus tôt, emmène sa jeune femme Isabelle, ses deux garçons et sa belle mère en Bretagne. C'est Isabelle, ayant pris Claude en flagrant délit d'adultère, qui a choisi pour les vacances le petit village où elle est née. Dès le lendemain de leur arrivée, Bernard et Bernadette, Jacky et Marie-France, deux couples d'amis, les y rejoignent. Au Rocher Abraham, ils sont accueillis avec méfiance par les autochtones à l'accent rugueux comme leurs mains... Principalement au café Pondemer, le café du village où les hommes se retrouvent. Juifs pieds-noirs, bretons catholiques, Parisiens, provinciaux... : la cohabitation n'est pas facile. Mais ce sont des hommes avant tout. Des vrais. Alors peu à peu, avec beaucoup d'humour, avec humanité, avec empathie, les choses vont évoluer, des liens se tisser... Le passé, les vieilles rancœurs, les inimitiés, seront balayés ! Laissant la place à l'amitié, aux émotions, aux amours de vacances... Des moments de vie qu'on n'oublie pas. Sentiments humains que chacun de nous connaît... Et le couple Claude-Isabelle qui se ressoude. Au Rocher Abraham, à vingt cinq kilomètres de la mer, même Bibou et Simon, deux frères complices, vont vivre un bel été. Leurs plus belles vacances ! Pour Simon surtout, qui va connaître ses premiers émois, son premier baiser, son premier amour.",Philippe Lellouche,Frédéric Petitjean,"Philippe Lellouche,Julie Gayet,Gérard Darmon","1,8","2,2",France,Pathé Films,1 prix et 1 nomination,2011,Long métrage,Français,274 921 entrées
Poly,https://fr.web.img5.acsta.net/c_310_420/pictures/20/06/18/13/19/3183526.png,21 octobre 2020,en salle,"Aventure,Famille",Tout public,",Cécile, 10 ans, déménage dans le sud de la France avec sa mère, Louise. L’intégration avec les autres enfants du village n’est pas facile. Lorsqu’un cirque de passage s’installe à côté, Cécile découvre que Poly le poney vedette est maltraité .Elle décide de le protéger et d’organiser son évasion ! Poursuivis par Brancalou, l’inquiétant directeur du cirque, et le mystérieux Victor, Cécile et Poly s’embarquent dans une cavale pleine de rebondissements, un véritable voyage initiatique et une incroyable histoire d’amitié…",Nicolas Vanier,"Nicolas Vanier,Maxime Giffard","Elisa de Lambert,François Cluzet,Julie Gayet","2,7","2,5",France,SND,1 nomination,2019,Long métrage,19/05/2021,604 853 entrées
Un P'tit gars de Ménilmontant,https://fr.web.img6.acsta.net/c_310_420/medias/nmedia/18/96/22/06/20475206.jpg,20 mars 2013,en salle,Policier,Tout public,"Un homme sort de prison après avoir passé 15 ans derrière les barreaux et retrouve son quartier complétement changé. Celui-ci va tenter de reprendre sa place dans un monde qui ne répond plus aux mêmes règles. Ayant vécu toute sa jeunesse à Ménilmontant, Alain Minier a réalisé un film à la fois policier et sociologique, qui dépeint la réalité de ce quartier, avec la poésie qui se dégage de chacune de ses ruelles ou de ses points de vue, et l’essor d’une délinquance extrêmement jeune.",Alain Minier,Alain Minier,"Olivier Marchal,Smaïn Fairouze,Catherine Marchal","1,3","2,4",France,KapFilms,# prix,2013,Long métrage,Français,18 649 entrées
Ant-Man et la Guêpe,https://fr.web.img3.acsta.net/c_310_420/pictures/18/06/08/14/35/0842353.jpg,18 juillet 2018,en salle,"Action,Aventure,Science Fiction",Tout public,"Après les événements survenus dans Captain America : Civil War, Scott Lang a bien du mal à concilier sa vie de super-héros et ses responsabilités de père. Mais ses réflexions sur les conséquences de ses choix tournent court lorsque Hope van Dyne et le Dr Hank Pym lui confient une nouvelle mission urgente… Scott va devoir renfiler son costume et apprendre à se battre aux côtés de La Guêpe afin de faire la lumière sur des secrets enfouis de longue date…",Peyton Reed,"Andrew Barrer,Gabriel Ferrari","Paul Rudd,Evangeline Lilly,Michael Peña","3,4","3,5",U.S.A.,The Walt Disney Company France,1 nomination,2018,Long métrage,Anglais,1 798 459 entrées
Blue Ruin,https://fr.web.img6.acsta.net/c_310_420/pictures/14/04/22/17/12/311213.jpg,9 juillet 2014,en salle,"Drame,Thriller",Interdit - 12 ans,"Un vagabond solitaire voit sa vie bouleversée lorsqu'il retourne à sa maison d'enfance pour accomplir une vieille vengeance. Se faisant assassin amateur, il est entraîné dans un conflit brutal pour protéger sa famille qui lui est étrangère.",Jeremy Saulnier,Jeremy Saulnier,"Macon Blair,Devin Ratray,Amy Hargreaves","4,0","3,5",U.S.A.,The Jokers / Le Pacte,1 prix et 5 nominations,2013,Long métrage,Anglais,66 399 entrées
Wall Street : l'argent ne dort jamais,https://fr.web.img2.acsta.net/c_310_420/medias/nmedia/18/74/10/97/19489291.jpg,29 septembre 2010,en salle,Drame,Tout public,"Wall Street, New York : en plein krach boursier de 2008, un jeune trader, Jacob Moore, est prêt à tout pour venger son mentor, que d'obscures tractations financières ont poussé au suicide. Il demande de l'aide à Gordon Gekko, le meilleur - et le pire - des gourous de la finance, qui vient de sortir de 20 ans de prison pour délit d'initié. Jacob va apprendre à ses dépens que Gekko reste un maître de la manipulation, et que l'argent ne dort jamais.",Oliver Stone,"Allan Loeb,Stephen Schiff","Michael Douglas,Shia LaBeouf,Josh Brolin","2,3","2,6",U.S.A.,Twentieth Century Fox France,2 nominations,2010,Long métrage,Anglais,572 417 entrées
Escobar,https://fr.web.img5.acsta.net/c_310_420/pictures/18/03/08/17/46/5852461.jpg,18 avril 2018,en salle,"Biopic,Drame",Interdit - 12 ans,"Impitoyable et cruel chef du cartel de Medellin, Pablo Escobar est le criminel le plus riche de l’Histoire avec une fortune de plus de 30 milliards de dollars. ""L’empereur de la cocaïne"" met la Colombie à feu et à sang dans les années 80 en introduisant un niveau de violence sans précédent dans le commerce de la drogue.,Fascinée par son charisme et son pouvoir, la très célèbre journaliste Virginia Vallejo, va s’apercevoir qu’on ne s’approche pas de l’homme le plus dangereux du monde impunément...",Fernando León de Aranoa,Fernando León de Aranoa,"Javier Bardem,Penélope Cruz,Peter Sarsgaard","2,6","3,2",Espagne,SND,1 nomination,2017,Long métrage,"Anglais, Français, Espagnol",424 387 entrées
Chouf,https://fr.web.img6.acsta.net/c_310_420/pictures/16/08/12/17/07/244862.jpg,5 octobre 2016,en salle,Drame,Interdit - 12 ans,"Chouf, ça veut dire ""regarde"" en arabe. C'est le nom des guetteurs des réseaux de drogue de Marseille. Sofiane, 24 ans, brillant étudiant, intègre le business de son quartier après le meurtre de son frère, un caïd local. Pour retrouver les assassins, Sofiane est prêt à tout.,Il abandonne famille, études et gravit rapidement les échelons. Aspiré par une violence qui le dépasse, Sofiane découvre la vérité et doit faire des choix.",Karim Dridi,Karim Dridi,"Sofian Khammes,Foued Nabba,Zine Darar","3,5","3,4",France,Pyramide Distribution,1 nomination,2015,Long métrage,Français,263 396 entrées
Perdrix,https://fr.web.img3.acsta.net/c_310_420/pictures/19/06/17/09/29/2982101.jpg,14 août 2019,en salle,Comédie,Tout public,"Pierre Perdrix vit des jours agités depuis l'irruption dans son existence de l'insaisissable Juliette Webb. Comme une tornade, elle va semer le désir et le désordre dans son univers et celui de sa famille, obligeant chacun à redéfinir ses frontières, et à se mettre enfin à vivre.",Erwan Le Duc,Erwan Le Duc,"Swann Arlaud,Maud Wyler,Fanny Ardant","3,8","3,3",France,Pyramide Distribution,4 nominations,2018,Long métrage,Français,143 693 entrées
Tu mérites un amour,https://fr.web.img6.acsta.net/c_310_420/pictures/19/07/11/12/28/1878338.jpg,11 septembre 2019,en salle,"Comédie,Comédie dramatique,Drame,Romance",Tout public,"Suite à l'infidélité de Rémi, Lila qui l'aimait plus que tout vit difficilement la rupture. Un jour, il lui annonce qu'il part seul en Bolivie pour se retrouver face à lui-même et essayer de comprendre ses erreurs. Là-bas, il lui laisse entendre que leur histoire n'est pas finie... Entre discussions, réconforts et encouragement à la folie amoureuse, Lila s'égare...",Hafsia Herzi,Hafsia Herzi,"Hafsia Herzi,Djanis Bouzyani,Jérémie Laheurte","3,8","3,4",France,Rezo Films,3 prix et 1 nomination,2019,Long métrage,Français,58 924 entrées
"Mune, Le Gardien De La Lune",https://fr.web.img2.acsta.net/c_310_420/pictures/15/06/04/15/08/356019.jpg,14 octobre 2015,en salle,"Aventure,Animation,Fantastique",Tout public,"Dans un monde Fabuleux, Mune, petit faune facétieux, est désigné bien malgré lui gardien de la lune : celui qui apporte la nuit et veille sur le monde des rêves. Mais il enchaîne les catastrophes et donne l'opportunité au gardien des ténèbres de voler le soleil. Avec l'aide de Sohone, le fier gardien du soleil et la fragile Cire, Mune part alors dans une quête extraordinaire qui fera de lui un gardien de légende !","Benoît Philippon,Alexandre Heboyan",Benoît Philippon,"Michaël Gregorio,Omar Sy,Izïa Higelin","3,6","4,0",France,Paramount Pictures France,1 nomination,2014,Long métrage,"Anglais, Français",529 126 entrées
Halal police d'Etat,https://fr.web.img5.acsta.net/c_310_420/medias/nmedia/18/82/44/43/19637986.jpg,16 février 2011,en salle,Comédie,Tout public,"Paris 2011, un serial killer sévit dans les épiceries de Barbès. Parmi les victimes, la femme d’un diplomate Algérien. C’est assez pour que la Police Algérienne entre en jeu et mette à disposition de la Police Nationale Française le plus grand duo de flics d’Afrique du Nord… l’inspecteur Nerh-Nerh et Le Kabyle, deux blédards aux méthodes pas très … académiques.",Rachid Dhibou,"Ramzy Bedia,Eric Judor","Ramzy Bedia,Eric Judor,Jean-Pierre Lazzerini","2,9","1,4",France,EuropaCorp Distribution,2 nominations,2011,Long métrage,Français,793 296 entrées
Twixt,https://fr.web.img3.acsta.net/c_310_420/medias/nmedia/18/85/42/35/20039667.jpg,11 avril 2012,en salle,"Epouvante-horreur,Romance,Thriller",Tout public,"Un écrivain sur le déclin arrive dans une petite bourgade des Etats-Unis pour y promouvoir son dernier roman de sorcellerie. Il se fait entraîner par le shérif dans une mystérieuse histoire de meurtre dont la victime est une jeune fille du coin. Le soir même, il rencontre, en rêve, l’énigmatique fantôme d’une adolescente prénommée V. Il soupçonne un rapport entre V et le meurtre commis en ville, mais il décèle également dans cette histoire un passionnant sujet de roman qui s’offre à lui. Pour démêler cette énigme, il va devoir aller fouiller les méandres de son subconscient et découvrir que la clé du mystère est intimement liée à son histoire personnelle.",Francis Ford Coppola,Francis Ford Coppola,"Val Kilmer,Bruce Dern,Elle Fanning","3,0","2,3",U.S.A.,Pathé Films,3 nominations,2012,Long métrage,Anglais,106 347 entrées
Léviathan,https://fr.web.img4.acsta.net/c_310_420/pictures/14/08/12/15/01/079944.jpg,24 septembre 2014,en salle,Drame,Tout public,"Kolia habite une petite ville au bord de la mer de Barents, au nord de la Russie. Il tient un garage qui jouxte la maison où il vit avec sa jeune femme Lylia et son fils Roma qu’il a eu d’un précédent mariage.,Vadim Cheleviat, le Maire de la ville, souhaite s’approprier le terrain de Kolia, sa maison et son garage. Il a des projets. Il tente d’abord de l’acheter mais Kolia ne peut pas supporter l’idée de perdre tout ce qu’il possède, non seulement le terrain mais aussi la beauté qui l’entoure depuis sa naissance. Alors Vadim Cheleviat devient plus agressif...",Andrey Zvyagintsev,"Oleg Negin,Andrey Zvyagintsev","Aleksey Serebryakov,Elena Lyadova,Vladimir Vdovichenkov","4,1","4,0",Russie,Pyramide Distribution,1 prix et 9 nominations,2014,Long métrage,Russe,198 297 entrées
N.W.A - Straight Outta Compton,https://fr.web.img2.acsta.net/c_310_420/pictures/15/07/21/15/07/149335.jpg,16 septembre 2015,en salle,"Biopic,Drame,Musical",Tout public,"En 1987, cinq jeunes hommes exprimaient leur frustration et leur colère pour dénoncer les conditions de vie de l'endroit le plus dangereux de l’Amérique avec l'arme la plus puissante qu'ils possédaient : leur musique. Voici la véritable histoire de ces rebelles, armés uniquement de leur parole, de leur démarche assurée et de leur talent brut, qui ont résisté aux autorités qui les opprimaient. Ils ont ainsi formé le groupe de rappeur des N.W.A. en dénonçant la réalité de leur quartier. Leur voix a alors déclenché une révolution sociale qui résonne encore aujourd'hui.",F. Gary Gray,"Alan Wenkus,Andrea Berloff","O'Shea Jackson Jr.,Corey Hawkins,Jason Mitchell","3,2","4,2",U.S.A.,Universal Pictures International France,4 nominations,2015,Long métrage,Anglais,549 660 entrées
7 Psychopathes,https://fr.web.img5.acsta.net/c_310_420/medias/nmedia/18/95/36/63/20399991.jpg,30 janvier 2013,en salle,"Action,Comédie",Tout public,"Marty est un scénariste hollywoodien en panne d’inspiration. Confronté à l’angoisse de la page blanche, il peine à écrire son nouveau projet de film au titre prometteur : 7 PSYCHOPATHES. Son meilleur ami Billy, comédien raté et kidnappeur de chiens à ses heures, décide de l’aider en mettant sur sa route de véritables criminels. Un gangster obsédé par l’idée de retrouver son Shih Tzu adoré, un mystérieux tueur masqué, un serial-killer à la retraite et d’autres psychopathes du même acabit vont alors très vite prouver à Marty que la réalité peut largement dépasser la fiction…",Martin McDonagh,Martin McDonagh,"Colin Farrell,Woody Harrelson,Abbie Cornish","2,3","3,0",Grande-Bretagne,Wild Side Films / Le Pacte,4 nominations,2012,Long métrage,Anglais,146 774 entrées
A trois on y va,https://fr.web.img2.acsta.net/c_310_420/pictures/15/02/06/15/07/071757.jpg,25 mars 2015,en salle,"Comédie,Romance",Tout public,"Charlotte et Micha sont jeunes et amoureux. Ils viennent de s’acheter une maison près de Lille pour y filer le parfait amour. Mais depuis quelques mois, Charlotte trompe Micha avec Mélodie… Sans rien soupçonner, se sentant toutefois un peu délaissé, Micha trompe Charlotte à son tour… mais avec Mélodie aussi ! Pour Mélodie, c’est le vertige. Complice du secret de chacun. Amoureuse des deux en même temps…",Jérôme Bonnell,Jérôme Bonnell,"Anaïs Demoustier,Félix Moati,Sophie Verbeeck","3,9","3,2",France,Wild Bunch Distribution,3 nominations,2014,Long métrage,Français,107 269 entrées
Machete,https://fr.web.img6.acsta.net/c_310_420/medias/nmedia/18/66/33/93/19559737.jpg,1 décembre 2010,en salle,Action,Interdit - 12 ans,"Ils ont cru qu’il était un simple ouvrier, un bouc émissaire idéal pour porter le chapeau d’un assassinat politique. Ils ignoraient qu’il s’agissait de Machete, un ancien agent fédéral hors pair, une légende…,Laissé pour mort après son affrontement avec le puissant baron de la drogue mexicain Torrez, Machete s’est réfugié au Texas, où il cherche à oublier son passé. L’assassinat d’un sénateur et un coup monté font de lui l’homme le plus recherché du pays.,Cette fois, Machete est bien décidé à se laver de ces accusations et à dénoncer une corruption rampante et tentaculaire. Mais il va trouver sur sa route Booth, un homme d’affaires prêt à tout entouré d’innombrables tueurs à sa solde ; Von, à la tête de sa petite armée personnelle, et Sartana, une employée des services d’immigration prise entre le respect de la loi et son désir de faire ce qui est juste.,Pour l’aider, Machete va faire appel à Luz, la belle au cœur de révolutionnaire, et au Padre, un prêtre aussi doué pour les bénédictions que dans le maniement des armes à feu. Se frayant un chemin à coups de rafales, de sang et de cœurs brisés, Machete cherche à la fois la vengeance et la rédemption…","Robert Rodriguez,Ethan Maniquis","Robert Rodriguez,Alvaro Rodriguez","Danny Trejo,Michelle Rodriguez,Jessica Alba","3,4","3,5",U.S.A.,Sony Pictures Releasing France,1 prix et 2 nominations,2010,Long métrage,"Anglais, Espagnol",177 941 entrées
Le Juge,https://fr.web.img6.acsta.net/c_310_420/pictures/14/09/18/16/51/231262.jpg,22 octobre 2014,en salle,Drame,Tout public,"Fils de magistrat, Hank Palmer, grand avocat, revient dans la petite ville de son enfance, où son père, qu'il n'a pas revu depuis longtemps, est soupçonné de meurtre. Il décide alors de mener l'enquête pour découvrir la vérité et, chemin faisant, renoue avec sa famille avec laquelle il avait pris ses distances …",David Dobkin,"Nick Schenk,Bill Dubuque","Robert Downey Jr.,Robert Duvall,Billy Bob Thornton","2,6","4,0",U.S.A.,Warner Bros. France,3 nominations,2014,Long métrage,Anglais,120 824 entrées
Crazy Rich Asians,https://fr.web.img6.acsta.net/c_310_420/pictures/18/09/17/15/47/3771769.jpg,7 novembre 2018,en salle,"Comédie,Romance",Tout public,"Née à New York, Rachel Chu n'est jamais allée en Asie. En accompagnant son fiancé Nick Young au mariage de son meilleur ami à Singapour, Rachel est donc enchantée de découvrir le continent de ses ancêtres…même si elle redoute un peu de rencontrer la famille de son fiancé. Il faut dire que Nick a omis quelques détails d'importance. Car il est non seulement l'héritier d'une des familles les plus riches du pays, mais aussi l'un de ses célibataires les plus recherchés. Rachel devient alors la cible de toutes les jeunes femmes de la bonne société singapourienne en mal de maris et, pire encore, de sa future belle-mère. Si l'amour ne s'achète pas, l'argent rend les situations parfois bien complexes…",Jon M. Chu,"Peter Chiarelli,Adele Lim","Constance Wu,Henry Golding,Michelle Yeoh","2,4","3,1",U.S.A.,Warner Bros. France,4 nominations,2018,Long métrage,Anglais,94 388 entrées
Comment tuer son Boss ?,https://fr.web.img6.acsta.net/c_310_420/medias/nmedia/18/82/26/25/19757081.jpg,17 août 2011,en salle,Comédie,Tout public,"Pour Nick, Kurt et Dale, la seule chose qui pourrait rendre le travail quotidien plus tolérable serait de réduire en poussière leurs intolérables patrons. Démissionner étant exclu, les trois copains échafaudent, avec l’aide de quelques verres de trop et les conseils douteux d’un ancien détenu, un plan quelque peu alambiqué, mais infaillible, pour se débarrasser de leurs employeurs respectifs... définitivement. Il n’y a qu’un problème : les plans les plus infaillibles ne le sont qu’autant que les cerveaux qui les ont conçus le sont.",Seth Gordon,"John Francis Daley,Michael Markowitz","Jennifer Aniston,Jason Bateman,Colin Farrell","2,6","3,1",U.S.A.,Warner Bros. France,1 prix et 2 nominations,2011,Long métrage,Anglais,814 141 entrées
Ninja Turtles 2,https://fr.web.img5.acsta.net/c_310_420/pictures/16/05/06/09/18/171123.jpg,29 juin 2016,en salle,"Action,Aventure",Tout public,"Michelangelo, Donatello, Leonardo et Raphael sont de retour pour affronter des méchants toujours plus forts et impressionnants, aux côtés d’April O’Neil, Vern Fenwick et d’un nouveau venu, le justicier masqué hockeyeur Casey Jones. Après son évasion de prison, Shredder associe ses forces à celles d’un savant fou Baxter Stockman et de deux hommes de main aussi bêtes que costauds, Bebop & Rocksteady. Leur objectif : lancer un plan diabolique pour régner sur le monde entier ! Alors que les Ninja Turtles s’apprêtent à défier Shredder et son nouveau gang, ils doivent rapidement faire face à une menace tout aussi grande : le célèbre Krang !",Dave Green,"Josh Appelbaum,André Nemec","Megan Fox,Stephen Amell,Noel Fisher","2,1","2,8",U.S.A.,Paramount Pictures France,2 nominations,2016,Long métrage,Anglais,787 785 entrées
Cats,https://fr.web.img3.acsta.net/c_310_420/pictures/19/11/25/15/27/4464168.jpg,25 décembre 2019,en salle,"Drame,Comédie musicale",Tout public,"L'adaptation de la comédie musicale,. Une fois par an au cours d’une nuit extraordinaire, les Jellicle Cats se réunissent pour leur grand bal. Leur chef, Deuteronome, choisit celui qui pourra entrer au paradis de la Jellicosphère pour renaître dans une toute nouvelle vie.",Tom Hooper,"Lee Hall,Tom Hooper","Francesca Hayward,Jennifer Hudson,Idris Elba","2,1","1,5",U.S.A.,Universal Pictures International France,9 nominations,2019,Long métrage,Anglais,52 505 entrées
Comme des frères,https://fr.web.img4.acsta.net/c_310_420/medias/nmedia/18/86/09/55/20086909.jpg,21 novembre 2012,en salle,Comédie,Tout public,"Depuis que Charlie n’est plus là, la vie de Boris, Elie et Maxime a volé en éclats. Ces trois hommes que tout sépare avaient pour Charlie un amour singulier. Elle était leur sœur, la femme de leur vie ou leur pote, c’était selon. Sauf que Charlie est morte et que ça, ni Boris, homme d’affaires accompli, ni Elie, scénariste noctambule et ni Maxime, 20 ans toujours dans les jupes de maman, ne savent comment y faire face. Mais parce qu’elle le leur avait demandé, ils décident sur un coup de tête de faire ce voyage ensemble, direction la Corse et cette maison que Charlie aimait tant. Seulement voilà, 900 kilomètres coincés dans une voiture quand on a pour seul point commun un attachement pour la même femme, c’est long… Boris, Elie et Maxime, trois hommes, trois générations, zéro affinité sur le papier, mais à l’arrivée, la certitude que Charlie a changé leur vie pour toujours.",Hugo Gélin,"Hugo Gélin,Romain Protat","François-Xavier Demaison,Nicolas Duvauchelle,Pierre Niney","3,5","3,8",France,Stone Angels,4 prix et 6 nominations,2011,Long métrage,Français,333 636 entrées
Les Amours Imaginaires,https://fr.web.img6.acsta.net/c_310_420/medias/nmedia/18/77/73/38/19459837.jpg,29 septembre 2010,en salle,Comédie dramatique,Tout public,"Francis et Marie, deux amis, tombent amoureux de la même personne. Leur trio va rapidement se transformer en relation malsaine où chacun va tenter d'interpréter à sa manière les mots et gestes de celui qu'il aime...",Xavier Dolan,Xavier Dolan,"Monia Chokri,Niels Schneider,Xavier Dolan","3,5","3,7",Canada,MK2 Diffusion,6 nominations,2010,Long métrage,Français,134 033 entrées
Minuscule 2 - Les Mandibules du Bout du Monde,https://fr.web.img4.acsta.net/c_310_420/pictures/18/12/11/09/30/3718854.jpg,30 janvier 2019,en salle,"Aventure,Animation,Famille",Tout public,"Quand tombent les premières neiges dans la vallée, il est urgent de préparer ses réserves pour l’hiver. Hélas, durant l’opération, une petite coccinelle se retrouve piégée dans un carton… à destination des Caraïbes !,Une seule solution : reformer l’équipe de choc ! La coccinelle, la fourmi et l’araignée reprennent du service à l’autre bout du monde. Nouveau monde, nouvelles rencontres, nouveaux dangers… Les secours arriveront-ils à temps ?","Thomas Szabo,Hélène Giraud","Thomas Szabo,Hélène Giraud","Thierry Frémont,Bruno Salomone,Stéphane Coulon","4,3","3,8",France,Le Pacte,1 nomination,2019,Long métrage,Silencieux,755 889 entrées
Divorce Club,https://fr.web.img4.acsta.net/c_310_420/pictures/20/01/20/17/10/3599307.jpg,14 juillet 2020,en salle,Comédie,Tout public,"Après 5 ans de mariage, Ben est toujours aussi éperdument amoureux. Jusqu’au jour où il découvre en public que sa femme le trompe : humilié et plaqué dans la foulée ! Abattu et lâché par ses proches, Ben peine à remonter la pente jusqu’à ce qu’il croise le chemin de Patrick, un ancien ami lui aussi divorcé qui lui propose d’emménager chez lui. Patrick, au contraire de Ben, entend bien profiter de son célibat retrouvé et de tous les plaisirs auxquels il avait renoncé durant son mariage. Bientôt rejoints par d’autres divorcés, les fêtards quarantenaires ébauchent les premières règles du "" Divorce Club ""…",Michaël Youn,"Matt Alexander,Michaël Youn","Arnaud Ducret,François-Xavier Demaison,Audrey Fleurot","3,1","2,4",France,SND,# prix,2019,Long métrage,Français,623 264 entrées
Sous le même toit,https://fr.web.img6.acsta.net/c_310_420/pictures/17/01/13/09/10/401138.jpg,19 avril 2017,en salle,Comédie,Tout public,"Delphine et Yvan divorcent. Alors que sa situation financière ne lui permet pas de retrouver un domicile, Yvan se rappelle qu'il détient 20% de la maison de son ex-femme. Il revient alors vivre chez Delphine, dans ses 20%. Les deux ex vont découvrir les joies de la colocation forcée...",Dominique Farrugia,"Laurent Turner,Dominique Farrugia","Gilles Lellouche,Louise Bourgoin,Manu Payet","2,8","2,1",France,EuropaCorp,1 nomination,2016,Long métrage,Français,652 313 entrées
Ferdinand,https://fr.web.img6.acsta.net/c_310_420/pictures/17/11/22/09/41/1632060.jpg,20 décembre 2017,en salle,"Aventure,Animation,Comédie",Tout public,"Ferdinand est un taureau au grand cœur. Victime de son imposante apparence, il se retrouve malencontreusement capturé et arraché à son village d’origine. Bien déterminé à retrouver sa famille et ses racines, il se lance alors dans une incroyable aventure à travers l’Espagne, accompagné de la plus déjantée des équipes !",Carlos Saldanha,"Robert L. Baird,Tim Federle","John Cena,Kate McKinnon,David Tennant","3,3","3,8",U.S.A.,Twentieth Century Fox France,4 nominations,2017,Long métrage,Anglais,2 437 076 entrées
Jason Bourne : l'héritage,https://fr.web.img6.acsta.net/c_310_420/medias/nmedia/18/89/06/02/20182266.jpg,19 septembre 2012,en salle,"Action,Espionnage",Tout public,"On croyait tout connaître de l'histoire de Jason Bourne et de son passé d’agent tueur malgré lui. Mais l’essentiel restait à découvrir. Le programme Treadstone dont Jason était le cobaye n’était que la partie émergée d’une conspiration plus ténébreuse, ourdie par d’autres branches du gouvernement et mettant en jeu d’autres agences de renseignement, d’autres programmes militaires, d’autres laboratoires secrets…,De Treadstone est né ""Outcome"", dont Aaron Cross est un des six agents. Sa finalité n’est plus de fabriquer des tueurs, mais des hommes capables d’assurer isolément des missions à haut risque. En dévoilant une partie de cette organisation, Jason laissait derrière lui un ""héritage"" explosif : compromis, les agents ""Outcome"" sont désormais promis à une liquidation brutale. Effacés à jamais pour que le ""père"" du programme, le Colonel Byer puisse poursuivre ses sinistres activités.,Une gigantesque chasse à l’homme commence, et Cross, devenue sa première cible, n’a d’autre recours que de retrouver et gagner la confiance de la biochimiste d’""Outcome"", Marta Shearing, elle-même menacée de mort…",Tony Gilroy,"Tony Gilroy,Dan Gilroy","Jeremy Renner,Rachel Weisz,Edward Norton","2,8","3,1",U.S.A.,Universal Pictures International France,2 nominations,2012,Long métrage,Anglais,950 724 entrées
Lulu femme nue,https://fr.web.img6.acsta.net/c_310_420/pictures/13/12/04/16/53/529485.jpg,22 janvier 2014,en salle,Comédie dramatique,Tout public,"À la suite d’un entretien d’embauche qui se passe mal, Lulu décide de ne pas rentrer chez elle et part en laissant son mari et ses trois enfants. Elle n’a rien prémédité, ça se passe très simplement. Elle s’octroie quelques jours de liberté, seule, sur la côte, sans autre projet que d’en profiter pleinement et sans culpabilité. En chemin, elle va croiser des gens qui sont, eux aussi, au bord du monde : un drôle d’oiseau couvé par ses frères, une vieille qui s’ennuie à mourir et une employée harcelée par sa patronne… Trois rencontres décisives qui vont aider Lulu à retrouver une ancienne connaissance qu’elle a perdu de vue : elle-même.",Solveig Anspach,"Solveig Anspach,Jean-Luc Gaget","Karin Viard,Bouli Lanners,Pascal Demolon","3,8","3,6",France,Le Pacte,2 prix et 3 nominations,2013,Long métrage,Français,497 862 entrées
Un Bonheur n'arrive jamais seul,https://fr.web.img5.acsta.net/c_310_420/medias/nmedia/18/84/71/57/20093208.jpg,27 juin 2012,en salle,"Comédie,Romance",Tout public,"Sacha aime ses amis, son piano, la fête.,La nuit, il joue dans un club de jazz et séduit des jolies filles.,Il vit dans l’instant, pour le plaisir. Sans réveil-matin, sans alliance, sans impôt.,Charlotte a trois enfants, deux ex-maris et une carrière professionnelle à gérer.,Elle n’a aucune place pour une histoire d’amour.,Tout les oppose. Ils n’ont rien à faire ensemble…,Ils sont faits l’un pour l’autre.",James Huth,"Sonja Shillito,James Huth","Sophie Marceau,Gad Elmaleh,Maurice Barthélémy","2,4","3,1",France,Pathé Films,2 nominations,2011,Long métrage,Français,1 775 405 entrées
A Most Violent Year,https://fr.web.img5.acsta.net/c_310_420/pictures/14/12/08/12/49/392119.jpg,31 décembre 2014,en salle,"Policier,Drame,Thriller",Tout public,"New York - 1981. L'année la plus violente qu'ait connu la ville. Le destin d'un immigré qui tente de se faire une place dans le business du pétrole. Son ambition se heurte à la corruption, la violence galopante et à la dépravation de l'époque qui menacent de détruire tout ce que lui et sa famille ont construit.",J.C. Chandor,J.C. Chandor,"Oscar Isaac,Jessica Chastain,David Oyelowo","4,1","3,8",U.S.A.,StudioCanal,4 nominations,2014,Long métrage,"Anglais, Espagnol",335 423 entrées
Annie,https://fr.web.img6.acsta.net/c_310_420/pictures/14/11/13/16/02/417603.jpg,25 février 2015,en salle,"Famille,Comédie musicale",Tout public,"Alors qu’elle était bébé, les parents de la petite Annie l’ont laissée en promettant de revenir la chercher un jour. Depuis, Annie garde espoir, même si la vie dans le foyer d’accueil de la méchante Miss Hannigan est loin d’être facile. Sa rencontre avec Will Stacks, homme d’affaires impitoyable et candidat aux élections municipales à New York, va tout changer. Sur les conseils de Grace, sa brillante vice-présidente, et de Guy, son directeur de campagne prêt à tout, Stacks recueille Annie d’abord parce que c’est un excellent argument électoral… Stacks se voit comme le bienfaiteur et l’ange gardien de la fillette, mais grâce à son assurance et à son inébranlable optimisme, Annie pourrait bien inverser les rôles…",Will Gluck,"Will Gluck,Aline Brosh McKenna","Jamie Foxx,Quvenzhané Wallis,Rose Byrne","1,9","2,7",U.S.A.,Sony Pictures Releasing France,4 nominations,2014,Long métrage,Anglais,134 911 entrées
La Isla mínima,https://fr.web.img4.acsta.net/c_310_420/pictures/15/06/30/12/00/541466.jpg,15 juillet 2015,en salle,"Policier,Thriller",Tout public,"Deux flics que tout oppose, dans l'Espagne post-franquiste des années 1980, sont envoyés dans une petite ville d'Andalousie  pour enquêter sur l'assassinat sauvage de deux adolescentes pendant les fêtes locales. Au coeur des marécages de cette région encore ancrée dans le passé, parfois jusqu'à l'absurde et où règne la loi du silence,  ils vont devoir surmonter leurs différences pour démasquer le tueur.,",Alberto Rodriguez,"Alberto Rodriguez,Rafael Cobos","Raúl Arévalo,Javier Gutiérrez,Antonio de la Torre","3,7","4,0",Espagne,Le Pacte,15 prix et 7 nominations,2014,Long métrage,Espagnol,323 911 entrées
Survivre,https://fr.web.img6.acsta.net/c_310_420/medias/nmedia/18/96/85/49/20521238.jpg,24 avril 2013,en salle,Drame,Tout public,"Tiré d’une histoire vraie.,Hiver 1984, un chalutier sombre au large des cotes islandaises. Les membres de l’équipage périssent tous en quelques minutes. Tous sauf un.,Dans l'eau glaciale, cette force de la nature parvient, au terme d'une nage héroïque de plus de 6 heures, à regagner la terre.,Face à l’incrédulité générale devant son impensable exploit, la vie de cet homme d'apparence ordinaire est alors bouleversée…",Baltasar Kormákur,"Jón Atli Jónason,Baltasar Kormákur","Ólafur Darri Ólafsson,Þorbjörg Helga Þorgilsdóttir,Theodór Júlíusson","3,4","3,3",Islande,Bac Films,3 nominations,2012,Long métrage,Islandais,10 618 entrées
"Roubaix, une lumière",https://fr.web.img3.acsta.net/c_310_420/pictures/20/03/02/13/57/3320369.jpg,21 août 2019,en salle,"Drame,Thriller",Tout public,"À Roubaix, un soir de Noël, Daoud le chef de la police locale et Louis, fraîchement diplômé, font face au meurtre d’une vieille femme. Les voisines de la victime, deux jeunes femmes, Claude et Marie, sont arrêtées. Elles sont toxicomanes, alcooliques, amantes…",Arnaud Desplechin,Arnaud Desplechin,"Roschdy Zem,Léa Seydoux,Sara Forestier","3,7","3,6",France,Le Pacte,2 prix et 10 nominations,2019,Long métrage,Français,393 132 entrées
Les Grands Esprits,https://fr.web.img3.acsta.net/c_310_420/pictures/17/07/17/12/49/199993.jpg,13 septembre 2017,en salle,Comédie dramatique,Tout public,"François Foucault, la quarantaine est professeur agrégé de lettres au lycée Henri IV, à Paris. Une suite d’évènements le force à accepter une mutation d’un an dans un collège de banlieue classé REP +. Il redoute le pire. A juste titre.",Olivier Ayache-Vidal,Olivier Ayache-Vidal,"Denis Podalydès,Léa Drucker,Zineb Triki","2,9","3,8",France,Bac Films,1 nomination,2017,Long métrage,Français,280 236 entrées
T2 Trainspotting,https://fr.web.img3.acsta.net/c_310_420/pictures/17/02/02/17/43/138334.jpg,1 mars 2017,en salle,Drame,Tout public,"D’abord, une bonne occasion s’est présentée. Puis vint la trahison.,Vingt ans plus tard, certaines choses ont changé, d’autres non.,Mark Renton revient au seul endroit qu’il ait jamais considéré comme son foyer.,Spud, Sick Boy et Begbie l’attendent.,Mais d’autres vieilles connaissances le guettent elles aussi : la tristesse, le deuil, la joie, la vengeance, la haine, l’amitié, le désir, la peur, les regrets, l’héroïne, l’autodestruction, le danger et la mort. Toutes sont là pour l’accueillir, prêtes à entrer dans la danse...",Danny Boyle,John Hodge,"Ewan McGregor,Ewen Bremner,Jonny Lee Miller","3,1","3,4",Grande-Bretagne,Sony Pictures Releasing France,1 prix et 1 nomination,2017,Long métrage,Anglais,102 201 entrées
Les Bêtes du sud sauvage,https://fr.web.img6.acsta.net/c_310_420/medias/nmedia/18/90/22/18/20251251.jpg,12 décembre 2012,en salle,"Drame,Fantastique",Tout public,"Hushpuppy, 6 ans, vit dans le bayou avec son père.,Brusquement, la nature s'emballe, la température monte, les glaciers fondent, libérant une armée d'aurochs.,Avec la montée des eaux, l'irruption des aurochs et la santé de son père qui décline, Hushpuppy décide de partir à la recherche de sa mère disparue.",Benh Zeitlin,"Lucy Alibar,Benh Zeitlin","Quvenzhané Wallis,Dwight Henry,Levy Easterly","4,1","3,9",U.S.A.,ARP Sélection,8 prix et 10 nominations,2012,Long métrage,Anglais,288 085 entrées
Les Deux amis,https://fr.web.img6.acsta.net/c_310_420/pictures/15/07/10/15/26/039340.jpg,23 septembre 2015,en salle,"Comédie,Romance",Tout public,"Clément, figurant de cinéma, est fou amoureux de Mona, vendeuse dans une sandwicherie de la gare du Nord. Mais Mona a un secret, qui la rend insaisissable. Quand Clément désespère d’obtenir ses faveurs, son seul et meilleur ami, Abel, vient l’aider. Ensemble, les deux amis se lancent dans la conquête de Mona.",Louis Garrel,"Louis Garrel,Christophe Honoré","Golshifteh Farahani,Vincent Macaigne,Louis Garrel","3,6","3,2",France,Ad Vitam,1 prix et 6 nominations,2014,Long métrage,Français,91 374 entrées
Les Neiges du Kilimandjaro,https://fr.web.img6.acsta.net/c_310_420/medias/nmedia/18/83/94/17/19816052.jpg,16 novembre 2011,en salle,"Drame,Romance",Tout public,"Bien qu’ayant perdu son travail, Michel vit heureux avec Marie-Claire. Ces deux-là s’aiment depuis trente ans. Leurs enfants et leurs petits-enfants les comblent. Ils ont des amis très proches. Ils sont fiers de leurs combats syndicaux et politiques. Leurs consciences sont aussi transparentes que leurs regards. Ce bonheur va voler en éclats avec leur porte-fenêtre devant deux jeunes hommes armés et masqués qui les frappent, les attachent, leur arrachent leurs alliances, et s’enfuient avec leurs cartes de crédit… Leur désarroi sera d’autant plus violent lorsqu’ils apprennent que cette brutale agression a été organisée par l’un des jeunes ouvriers licenciés avec Michel.",Robert Guédiguian,"Robert Guédiguian,Jean-Louis Milesi","Ariane Ascaride,Jean-Pierre Darroussin,Gérard Meylan","4,1","3,7",France,Diaphana Distribution,3 prix et 16 nominations,2011,Long métrage,Français,694 158 entrées
The Murderer,https://fr.web.img3.acsta.net/c_310_420/medias/nmedia/18/84/42/93/19763370.jpg,20 juillet 2011,en salle,Thriller,Interdit - 12 ans,"Yanji, ville chinoise de la Préfecture de Yanbian, coincée entre la Corée du Nord et la Russie, où vivent quelques 800 000 Sino-coréens surnommés les «Joseon-Jok.» 50% de cette population vit d’activités illégales. Gu-nam, chauffeur de taxi, y mène une vie misérable. Depuis six mois, il est sans nouvelles de sa femme, partie en Corée du Sud pour chercher du travail. Myun, un parrain local, lui propose de l’aider à passer en Corée pour retrouver sa femme et même de rembourser ses dettes de jeu. En contrepartie il devra simplement… y assassiner un inconnu. Mais rien ne se passera comme prévu…",Na Hong-jin,Chihiro Itou,"Yun-seok Kim,Jung-woo Ha,Jo Seong-Ha","3,6","3,8",Corée du Sud,Wild Side Films / Le Pacte,1 prix et 3 nominations,2011,Long métrage,Coréen,46 508 entrées
Camille Redouble,https://fr.web.img4.acsta.net/c_310_420/medias/nmedia/18/90/33/24/20175421.jpg,12 septembre 2012,en salle,Comédie dramatique,Tout public,"Camille a seize ans lorsqu’elle rencontre Eric. Ils s’aiment passionnément et Camille donne naissance à une fille…,25 ans plus tard : Eric quitte Camille pour une femme plus jeune.,Le soir du 31 décembre, Camille se trouve soudain renvoyée dans son passé.,Elle a de nouveau seize ans. Elle retrouve ses parents, ses amies, son adolescence… et Eric.,Va-t-elle fuir et tenter de changer leur vie à tous deux ? Va-t-elle l’aimer à nouveau alors qu’elle connaît la fin de leur histoire ?",Noémie Lvovsky,"Noémie Lvovsky,Maud Ameline","Noémie Lvovsky,Samir Guesmi,Judith Chemla","4,1","3,3",France,Gaumont Distribution,5 prix et 24 nominations,2011,Long métrage,Français,876 007 entrées
Jamais de la vie,https://fr.web.img5.acsta.net/c_310_420/pictures/15/02/10/17/40/480585.jpg,8 avril 2015,en salle,Policier,Tout public,"Franck, 52 ans, est gardien de nuit dans un centre commercial de banlieue. Il y a dix ans, il était ouvrier spécialisé et délégué syndical, toujours sur le pont, toujours prêt au combat. Aujourd’hui il est le spectateur résigné de sa vie, et il s’ennuie. Une nuit, il voit un 4x4 qui rôde sur le parking, et sent que quelque chose se prépare… La curiosité le sort de son indifférence et il décide d’intervenir. Une occasion pour lui de reprendre sa vie en main…",Pierre Jolivet,Pierre Jolivet,"Olivier Gourmet,Valérie Bonneton,Marc Zinga","3,7","3,0",France,Ad Vitam,1 nomination,2014,Long métrage,Français,104 360 entrées
Mr. Turner,https://fr.web.img6.acsta.net/c_310_420/pictures/14/09/24/10/58/198016.jpg,3 décembre 2014,en salle,"Biopic,Drame",Tout public,"Les dernières années de l’existence du peintre britannique, J.M.W Turner (1775-1851). Artiste reconnu, membre apprécié quoique dissipé de la Royal Academy of Arts, il vit entouré de son père qui est aussi son assistant, et de sa dévouée gouvernante. Il fréquente l’aristocratie, visite les bordels et nourrit son inspiration par ses nombreux voyages. La renommée dont il jouit ne lui épargne pas toutefois les éventuelles railleries du public ou les sarcasmes de l’establishment. A la mort de son père, profondément affecté, Turner s’isole. Sa vie change cependant quand il rencontre Mrs Booth, propriétaire d’une pension de famille en bord de mer.",Mike Leigh,Mike Leigh,"Timothy Spall,Paul Jesson,Dorothy Atkinson","3,8","3,1",Grande-Bretagne,TF1 Vidéo,2 prix et 9 nominations,2014,Long métrage,Anglais,316 147 entrées
Les Proies,https://fr.web.img5.acsta.net/c_310_420/pictures/17/05/16/14/57/074483.jpg,23 août 2017,en salle,Drame,Tout public,"En pleine guerre de Sécession, dans le Sud profond, les pensionnaires d'un internat de jeunes filles recueillent un soldat blessé du camp adverse. Alors qu'elles lui offrent refuge et pansent ses plaies, l'atmosphère se charge de tensions sexuelles et de dangereuses rivalités éclatent. Jusqu'à ce que des événements inattendus ne fassent voler en éclats interdits et tabous.,",Sofia Coppola,Sofia Coppola,"Colin Farrell,Nicole Kidman,Kirsten Dunst","3,0","2,6",U.S.A.,Universal Pictures International France,# prix,2017,Long métrage,Anglais,362 361 entrées
Le Grand soir,https://fr.web.img3.acsta.net/c_310_420/medias/nmedia/18/90/17/40/20086704.jpg,6 juin 2012,en salle,Comédie,Tout public,"Les Bonzini tiennent le restaurant 'la Pataterie' dans une zone commerciale. Leur fils ainé, Not, est le plus vieux punk à chien d'Europe. Son frère, Jean Pierre, est vendeur dans un magasin de literie. Quand Jean Pierre est licencié, les 2 frères se retrouvent. Le Grand Soir, c'est l'histoire d'une famille qui décide de faire la révolution... à sa manière.","Benoît Delépine,Gustave Kervern","Benoît Delépine,Gustave Kervern","Benoît Poelvoorde,Albert Dupontel,Brigitte Fontaine","3,7","2,6",France,Ad Vitam,2 prix et 1 nomination,2011,Long métrage,Français,431 696 entrées
La Nouvelle guerre des boutons,https://fr.web.img3.acsta.net/c_310_420/medias/nmedia/18/85/48/31/19797466.jpg,21 septembre 2011,en salle,"Aventure,Comédie",Tout public,"Mars 1944. Alors que la planète est secouée par les soubresauts de la guerre mondiale, dans un petit coin d’une campagne française se joue une guerre de gosses… Car, depuis toujours, les gamins des villages voisins de Longeverne et Velrans s'affrontent sans merci. Mais, cette fois, leur guerre va prendre une tournure inattendue : tous les petits prisonniers se voient délestés des boutons de leurs vêtements, en sorte qu’ils repartent presque dénudés, vaincus et humiliés. Ce conflit porte désormais un nom : la ""guerre des boutons"". Et le village qui aura récolté le plus de boutons sera déclaré vainqueur… En marge de ce conflit, Violette, une jeune fille d'origine juive, fait battre le cœur de Lebrac, le chef des Longeverne. La véritable origine de Violette sera-t-elle dénoncée et découverte ?",Christophe Barratier,"Christophe Barratier,Stéphane Keller","Laetitia Casta,Guillaume Canet,Kad Merad","2,4","2,6",France,Mars Films,1 prix et 5 nominations,2011,Long métrage,Français,1 542 231 entrées
Les Enfants de la mer,https://fr.web.img6.acsta.net/c_310_420/pictures/19/07/11/11/20/0097421.jpg,10 juillet 2019,en salle,Animation,Tout public,"Ruka, jeune lycéenne, vit avec sa mère. Elle se consacre à sa passion, le handball. Hélas, elle se fait injustement exclure de son équipe le premier jour des vacances. Furieuse, elle décide de rendre visite à son père à l'aquarium où il travaille. Elle y rencontre Umi, qui semble avoir le don de communiquer avec les animaux marins. Ruka est fascinée. Un soir, des événements surnaturels se produisent.",Ayumu Watanabe,Daisuke Igarashi,"Mana Ashida,Hiiro Ishibashi,Seishû Uragami","3,9","3,6",Japon,Eurozoom,1 nomination,2019,Long métrage,Japonais,67 132 entrées
Une Séparation,https://fr.web.img4.acsta.net/c_310_420/medias/nmedia/18/83/21/17/19723476.jpg,8 juin 2011,en salle,Drame,Tout public,"Lorsque sa femme le quitte, Nader engage une aide-soignante pour s'occuper de son père malade. Il ignore alors que la jeune femme est enceinte et a accepté ce travail sans l'accord de son mari, un homme psychologiquement instable…",Asghar Farhadi,Asghar Farhadi,"Leila Hatami,Payman Maadi,Shahab Hosseini","4,7","4,1",Iran,Memento,12 prix et 8 nominations,2010,Long métrage,Persan,976 191 entrées
Chacun chez soi,https://fr.web.img2.acsta.net/c_310_420/pictures/21/05/07/15/35/5711689.jpg,2 juin 2021,en salle,Comédie,Tout public,"Catherine et Yann sont en couple et amoureux depuis de nombreuses années. Mais depuis que Yann a quitté son boulot, il s'est pris de passion pour les bonsaïs. Une passion dévorante qui prend beaucoup de place aux yeux de Catherine, qui se sent quelque peu délaissée. La situation ne va pas s'arranger lorsque leur fille Anna, et son copain Thomas, viennent s'installer chez eux suite à une galère d'appartement. La cohabitation s'avère plus que difficile pour les deux couples que tout oppose...",Michèle Laroque,Julien Colombani,"Michèle Laroque,Stéphane De Groodt,Alice de Lencquesaing","2,1","1,8",France,StudioCanal,1 nomination,2019,Long métrage,Français,157 496 entrées
J'aime regarder les filles,https://fr.web.img5.acsta.net/c_310_420/medias/nmedia/18/84/24/61/19765678.jpg,20 juillet 2011,en salle,Comédie dramatique,Tout public,"La veille du 10 mai 1981, Primo et Gabrielle, 18 ans, se rencontrent. Elle fait partie de la bourgeoisie parisienne. Lui est fils de petits commerçants de province. Ébloui par le charme de Gabrielle et des filles qui l’entourent, Primo bluffe. Il s’invente un nouveau pedigree, ment beaucoup, et compense le vide de ses poches à coup d’audace et d’imagination.",Frédéric Louf,"Régis Jaulin,Frédéric Louf","Pierre Niney,Audrey Bastien,Lou de Laâge","2,9","3,0",France,Bac Films,1 prix et 5 nominations,2011,Long métrage,Français,46 280 entrées
L'un dans l'autre,https://fr.web.img6.acsta.net/c_310_420/pictures/17/07/20/17/39/592819.jpg,20 septembre 2017,en salle,Comédie,Tout public,"Deux couples, Pierre et Aimée, et Eric et Pénélope, partagent tous les quatre plusieurs années d’amitié sans nuage. Seul souci, Pénélope et Pierre sont devenus amants… La situation devenant intenable, ils décident de rompre. Mais après une ultime nuit d’amour passionnée, le sort leur joue un tour : Pierre et Pénélope se réveillent chacun dans le corps de l’autre ! Pour protéger leur secret, ils se retrouvent chacun à devoir vivre la vie de l’autre. C’est le début des complications...",Bruno Chiche,"Bruno Chiche,Nicolas Mercier","Louise Bourgoin,Stéphane De Groodt,Pierre-François Martin-Laval","1,9","2,3",France,Universal Pictures International France,1 nomination,2016,Long métrage,Français,249 663 entrées
Ma part du gâteau,https://fr.web.img5.acsta.net/c_310_420/medias/nmedia/18/77/19/31/19659781.jpg,16 mars 2011,en salle,Comédie dramatique,Tout public,"France, ouvrière, vit dans le nord de la France, à Dunkerque avec ses trois filles.,Son ancienne usine a fermé et tous ses collègues se retrouvent comme elle au chômage. Elle décide de partir à Paris pour trouver un nouveau travail. Elle va trouver un stage pour devenir femme de ménage. Assez rapidement, elle se fait engager chez un homme qui vit dans un univers radicalement différent du sien. Cet homme, Steve est un trader qui a réussi, il travaille entre la City de Londres et le quartier de la Défense à Paris.,Les deux individus vont se côtoyer. Cette ouvrière va découvrir les gens qui vivent dans le luxe. Elle va finir par découvrir que cet homme, fort séduisant et sympathique, est en partie responsable de la faillite de son ancienne entreprise.",Cédric Klapisch,Cédric Klapisch,"Karin Viard,Gilles Lellouche,Audrey Lamy","2,7","2,6",France,StudioCanal,2 prix et 3 nominations,2011,Long métrage,Français,1 013 347 entrées
Blue Jasmine,https://fr.web.img4.acsta.net/c_310_420/pictures/210/134/21013431_20130618152724286.jpg,25 septembre 2013,en salle,Comédie dramatique,Tout public,"Alors qu’elle voit sa vie voler en éclat et son mariage avec Hal, un homme d’affaire fortuné, battre sérieusement de l’aile, Jasmine quitte son New York raffiné et mondain pour San Francisco et s’installe dans le modeste appartement de sa soeur Ginger afin de remettre de l’ordre dans sa vie.",Woody Allen,Woody Allen,"Cate Blanchett,Alec Baldwin,Sally Hawkins","4,2","3,7",U.S.A.,Mars Films,6 prix et 11 nominations,2013,Long métrage,Anglais,1 435 452 entrées
La Fille de Brest,https://fr.web.img6.acsta.net/c_310_420/pictures/16/09/20/11/58/588230.jpg,23 novembre 2016,en salle,Drame,Tout public,"Dans son hôpital de Brest, une pneumologue découvre un lien direct entre des morts suspectes et la prise d'un médicament commercialisé depuis 30 ans, le Mediator. De l’isolement des débuts à l’explosion médiatique de l’affaire, l’histoire inspirée de la vie d’Irène Frachon est une bataille de David contre Goliath pour voir enfin triompher la vérité.",Emmanuelle Bercot,"Séverine Bosschem,Emmanuelle Bercot","Sidse Babett Knudsen,Benoît Magimel,Charlotte Laemmel","3,7","3,9",France,Haut et Court,3 nominations,2015,Long métrage,Français,410 723 entrées
Steve Jobs,https://fr.web.img6.acsta.net/c_310_420/pictures/15/11/25/16/57/485929.jpg,3 février 2016,en salle,"Biopic,Drame",Tout public,"Dans les coulisses, quelques instants avant le lancement de trois produits emblématiques ayant ponctué la carrière de Steve Jobs, du Macintosh en 1984 à l’iMac en 1998, le film nous entraîne dans les rouages de la révolution numérique pour dresser un portrait intime de l’homme de génie qui y a tenu une place centrale.",Danny Boyle,Aaron Sorkin,"Michael Fassbender,Kate Winslet,Seth Rogen","3,8","3,4",U.S.A.,Universal Pictures International France,3 prix et 8 nominations,2015,Long métrage,Anglais,163 266 entrées
De guerre lasse,https://fr.web.img6.acsta.net/c_310_420/pictures/14/03/28/13/20/252026.jpg,7 mai 2014,en salle,Drame,Tout public,"Alex, fils d’un caïd pied-noir marseillais, s’est engagé dans la Légion pour échapper à un règlement de compte avec la mafia Corse… 4 ans plus tard, Alex déserte et revient sur Marseille pour retrouver Katia, son amour de jeunesse. Mais en ville les rapports de force ont changé : son père s’est retiré des affaires, laissant les Corses et les gangs des Quartiers Nord se partager le contrôle de la ville.,La détermination d’Alex va bouleverser cet équilibre fragile au risque de mettre sa famille en danger...",Olivier Panchot,Olivier Panchot,"Jalil Lespert,Tchéky Karyo,Hiam Abbass","3,5","2,4",France,SND,1 nomination,2013,Long métrage,Français,29 555 entrées
Le Monde de Dory,https://fr.web.img3.acsta.net/c_310_420/pictures/16/03/14/16/21/478890.jpg,22 juin 2016,en salle,"Aventure,Animation,Comédie",Tout public,"Dory, le poisson chirurgien bleu amnésique, retrouve ses amis Nemo et Marin. Tous trois se lancent à la recherche du passé de Dory. Pourra-t-elle retrouver ses souvenirs ? Qui sont ses parents ? Et où a-t-elle bien pu apprendre à parler la langue des baleines ?","Andrew Stanton,Angus MacLane","Andrew Stanton,Victoria Strouse","Céline Monsarrat,Ellen DeGeneres,Franck Dubosc","3,5","4,0",U.S.A.,The Walt Disney Company France,4 nominations,2016,Long métrage,Anglais,3 334 192 entrées
Kubo et l'armure magique,https://fr.web.img4.acsta.net/c_310_420/pictures/16/08/04/11/18/451334.jpg,21 septembre 2016,en salle,Animation,Tout public,"Kubo est un être aussi intelligent que généreux, qui gagne chichement sa vie en sa qualité de conteur, dans un village de bord de mer. Cette petite vie tranquille, ainsi que celle de ses compagnons Hosato, Hashi et Kamekichi va être bouleversée quand par erreur il invoque un démon du passé. Surgissant des nues cet esprit malfaisant va abattre son courroux sur le village afin d’appliquer une vindicte ancestrale.,Dans sa fuite, Kubo fait équipe avec Monkey et Beetle, pour se lancer dans une épopée palpitante afin de sauver sa famille et percer le secret de la chute de son père, le plus grand samouraï que le monde ait jamais connu. À l’aide de son,- un instrument musical magique-il va affronter toutes sortes de dieux et de monstres, notamment le terrible Moon King assoiffé de vengeance ainsi que les affreuses sœurs jumelles afin de dénouer le mystère de son héritage, réunir sa famille et accomplir sa destinée héroïque.",Travis Knight,"Marc Haimes,Chris Butler","Charlize Theron,Art Parkinson,Ralph Fiennes","4,2","4,2",U.S.A.,Universal Pictures International France,1 prix et 7 nominations,2016,Long métrage,Anglais,405 270 entrées
Valentine's Day,https://fr.web.img6.acsta.net/c_310_420/medias/nmedia/18/73/64/49/19227040.jpg,17 février 2010,en salle,"Comédie,Romance",Tout public,"Les destins croisés de couples qui se séparent ou se retrouvent, de célibataires qui se rencontrent à Los Angeles, le jour de Saint-Valentin...",Garry Marshall,"Abby Kohn,Marc Silverstein","Julia Roberts,Jessica Alba,Anne Hathaway","2,5","2,5",U.S.A.,Warner Bros. France,1 prix et 3 nominations,2010,Long métrage,Anglais,1 187 409 entrées
La Mécanique de l'ombre,https://fr.web.img6.acsta.net/c_310_420/pictures/17/12/27/22/49/0075721.jpg,11 janvier 2017,en salle,"Drame,Espionnage,Thriller",Tout public,"Deux ans après un « burn-out », Duval est toujours au chômage. Contacté par un homme d’affaire énigmatique, il se voit proposer un travail simple et bien rémunéré : retranscrire des écoutes téléphoniques. Aux abois financièrement, Duval accepte sans s’interroger sur la finalité de l’organisation qui l’emploie. Précipité au cœur d’un complot politique, il doit affronter la mécanique brutale du monde souterrain des services secrets.",Thomas Kruithof,"Thomas Kruithof,Yann Gozlan","François Cluzet,Alba Rohrwacher,Denis Podalydès","3,2","3,2",France,Océan Films,1 nomination,2016,Long métrage,Français,209 992 entrées
"Oslo, 31 août",https://fr.web.img2.acsta.net/c_310_420/medias/nmedia/18/88/98/39/20018456.jpg,29 février 2012,en salle,Drame,Tout public,"C’est le dernier jour de l’été et Anders, en fin de cure de désintoxication, se rend en ville le temps d’une journée pour un entretien d’embauche. L’occasion d’un bilan sur les opportunités manquées, les rêves de jeunesse envolés, et, peut-être, l’espoir d’un nouveau départ…",Joachim Trier,"Joachim Trier,Eskil Vogt","Anders Danielsen Lie,Hans Olav Brenner,Ingrid Olava","4,0","3,8",Norvège,Memento,1 prix et 8 nominations,2011,Long métrage,Norvégien,141 424 entrées
Twilight - Chapitre 4 : Révélation 1ère partie,https://fr.web.img6.acsta.net/c_310_420/medias/nmedia/18/82/81/17/19824067.jpg,16 novembre 2011,en salle,"Fantastique,Romance",Tout public,Bella a fait son choix : elle s’apprête à épouser Edward. Mais le jeune homme honorera-t-il sa part du marché ? Acceptera-t-il de la transformer en vampire et de la voir renoncer à sa vie humaine ?,Bill Condon,Melissa Rosenberg,"Robert Pattinson,Kristen Stewart,Taylor Lautner","2,5","2,7",U.S.A.,SND,2 prix et 10 nominations,2011,Long métrage,"Anglais, Portugais",3 638 210 entrées
Fanny,https://fr.web.img2.acsta.net/c_310_420/pictures/210/107/21010774_20130606175633015.jpg,10 juillet 2013,en salle,Comédie dramatique,Tout public,"Fanny, amoureuse et abandonnée, apprend qu’elle attend un enfant de Marius. Elle se retrouve en position dramatique de mère-fille, incapable d’assurer son propre avenir et celui de son enfant. Elle accepte alors, avec l’approbation de sa mère et du grand-père de son enfant, César, de se marier avec un commerçant prospère du Vieux-Port, Honoré Panisse ; celui-ci est âgé de trente ans de plus qu’elle. Il reconnaît son enfant et l’élève comme le sien ; Panisse leur apporte une prospérité certaine, une honorabilité sociale retrouvée et un avenir confortable. Quelques mois après le mariage et la naissance du bébé, Marius, prenant conscience de son amour pour Fanny durant son voyage lointain, mais qui n’a pas de situation sérieuse, revient et cherche à reconquérir Fanny, toujours amoureuse de lui et à reprendre son enfant.",Daniel Auteuil,Daniel Auteuil,"Daniel Auteuil,Victoire Belezy,Jean-Pierre Darroussin","3,4","3,9",France,Pathé Films,# prix,2013,Long métrage,Français,319 511 entrées
"Lone Ranger, Naissance d'un héros",https://fr.web.img2.acsta.net/c_310_420/pictures/210/056/21005616_20130514100052863.jpg,7 août 2013,en salle,"Action,Aventure,Western",Tout public,"Tonto, le guerrier indien, raconte comment John Reid, un ancien défenseur de la loi, est devenu un justicier légendaire. Ces deux héros à part vont devoir apprendre à faire équipe pour affronter le pire de la cupidité et de la corruption. Le tandem fait des étincelles et entraîne le public dans un tourbillon de surprises et d’humour.",Gore Verbinski,"Justin Haythe,Ted Elliott","Johnny Depp,Armie Hammer,Tom Wilkinson","3,5","3,3",U.S.A.,The Walt Disney Company France,1 prix et 5 nominations,2013,Long métrage,Anglais,1 124 733 entrées
La Nuit a dévoré le monde,https://fr.web.img3.acsta.net/c_310_420/pictures/18/01/24/17/43/4934493.jpg,7 mars 2018,en salle,"Fantastique,Epouvante-horreur",Interdit - 12 ans,"En se réveillant ce matin dans cet appartement où la veille encore la fête battait son plein Sam doit se rendre à l’évidence : il est tout seul et des morts vivants ont envahi les rues de Paris. Terrorisé, il va devoir se protéger et s'organiser pour continuer à vivre. Mais Sam est-il vraiment le seul survivant ?",Dominique Rocher (II),"Guillaume Lemans,Jérémie Guez","Anders Danielsen Lie,Golshifteh Farahani,Denis Lavant","3,5","2,7",France,Haut et Court,1 prix et 2 nominations,2018,Long métrage,"Anglais, Français, Norvégien",17 356 entrées
Identité Secrète,https://fr.web.img4.acsta.net/c_310_420/medias/nmedia/18/84/94/38/19789234.jpg,28 septembre 2011,en salle,"Action,Thriller",Tout public,"Nathan Harper a toujours éprouvé la désagréable impression de mener une vie qui n’est pas la sienne. Lorsqu’il tombe par hasard sur une photo de lui, enfant, sur un site de personnes disparues, ses peurs les plus sombres deviennent brusquement réalité. Ses parents ne sont pas les siens, sa vie n’est qu’un mensonge soigneusement fabriqué pour cacher une vérité aussi mystérieuse que dangereuse... Alors qu’il commence à rassembler les pièces du puzzle, Nathan est pris pour cible par des tueurs. Il est obligé de fuir en compagnie de la seule personne en qui il ait confiance, sa voisine, Karen. Tandis que les deux jeunes gens s’efforcent d’échapper à une armée de tueurs et d’agents gouvernementaux, Nathan réalise que sa seule chance de survivre – et de résoudre le mystère de sa véritable identité – est d’affronter la situation à sa façon…",John Singleton,Shawn Christensen,"Taylor Lautner,Lily Collins,Alfred Molina","1,4","2,2",U.S.A.,Metropolitan FilmExport,1 nomination,2011,Long métrage,Anglais,675 637 entrées
Bande de filles,https://fr.web.img6.acsta.net/c_310_420/pictures/14/09/08/09/57/410593.jpg,22 octobre 2014,en salle,Drame,Tout public,"Marieme vit ses 16 ans comme une succession d’interdits. La censure du quartier, la loi des garçons, l’impasse de l’école. Sa rencontre avec trois filles affranchies change tout. Elles dansent, elles se battent, elles parlent fort, elles rient de tout. Marieme devient Vic et entre dans la bande, pour vivre sa jeunesse.",Céline Sciamma,Céline Sciamma,"Karidja Touré,Assa Sylla,Lindsay Karamoh","3,7","2,9",France,Pyramide Distribution,2 prix et 9 nominations,2014,Long métrage,Français,306 713 entrées
Gold,https://fr.web.img6.acsta.net/c_310_420/pictures/17/03/29/09/28/552362.jpg,19 avril 2017,en salle,"Aventure,Drame,Thriller",Tout public,"Kenny Wells a grandi dans le milieu des chercheurs d’or. Tout comme son père, il n’a pas peur de gravir des montagnes et de creuser le sol pour faire fortune. Mais dans un monde où le simple jeu du hasard peut faire la différence entre un milliardaire et un loser absolu, on ne peut pas dire que la chance ait souri à Kenny. Pourtant, l’homme incarne l’esprit d’entrepreneur par excellence et la foi inébranlable dans la capacité à surmonter tous les obstacles.,Il vend donc le peu qu’il lui reste et part à l’autre bout de la planète : en Indonésie. Il a la conviction qu’il va trouver de l’or dans l’une des jungles les plus denses et les plus terrifiantes du monde : Bornéo. Après s’être associé avec le légendaire géologue Mike Acosta, ils vont devoir affronter ensemble la nature, les institutions financières de Wall Street et les pires complots…",Stephen Gaghan,"Patrick Massett,John Zinman","Matthew McConaughey,Bryce Dallas Howard,Édgar Ramírez","2,6","3,6",U.S.A.,StudioCanal,1 nomination,2016,Long métrage,Anglais,69 688 entrées
La Tête en friche,https://fr.web.img3.acsta.net/c_310_420/medias/nmedia/18/77/47/18/19445636.jpg,2 juin 2010,en salle,"Comédie,Drame",Tout public,"Germain, 45 ans, quasi analphabète, vit sa petite vie tranquille entre ses potes de bistrot, sa copine Annette, le parc où il va compter les pigeons et le jardin potager qu'il a planté derrière sa caravane, elle-même installée au fond du jardin de sa mère, avec laquelle les rapports sont très conflictuels. Il n'a pas connu son père, sa mère s'est retrouvée enceinte de lui sans l'avoir voulu, et le lui a bien fait sentir depuis qu'il est petit, à l'école primaire son instituteur l'a vite pris en grippe, il n'a jamais été cultivé, il est resté "" en friche "".,Un jour, au parc, il fait la connaissance de Margueritte, une très vieille dame, ancienne chercheuse en agronomie, qui a voyagé dans le monde entier et qui a passé sa vie à lire.,Elle vit seule, à présent, en maison de retraite. Et elle aussi, elle compte les pigeons.,Entre Germain et Margueritte va naître une vraie tendresse, une histoire d'amour "" petit-filial "", et un véritable échange...,",Jean Becker,"Jean-Loup Dabadie,Jean Becker","Gérard Depardieu,Gisèle Casadesus, Maurane","3,1","3,9",France,StudioCanal,1 prix et 2 nominations,2010,Long métrage,"Flamand, Français",1 244 709 entrées
Hollywoo,https://fr.web.img2.acsta.net/c_310_420/medias/nmedia/18/86/25/05/19830510.jpg,7 décembre 2011,en salle,Comédie,Tout public,"Jeanne est la doubleuse française d’une actrice américaine qui joue dans une série télé à succès.,Mais le jour où l’actrice américaine pète les plombs et annonce la fin de sa carrière, la vie de Jeanne bascule à son tour… Plus de travail, plus de revenu, plus rien… A moins que… A moins qu’elle ne prenne son destin en mains et ne tente a priori l’impossible : partir à Los Angeles, rencontrer la star américaine et la convaincre de reprendre la direction des plateaux de tournage…,Sur place, après quelques galères, elle croise la route d’un certain Farres qui va lui ouvrir les portes du monde merveilleux mais un peu compliqué de Hollywood.","Frédéric Berthe,Pascal Serieis","Florence Foresti,Pascal Serieis","Florence Foresti,Jamel Debbouze,Nikki Deloach","2,4","2,1",France,StudioCanal,1 prix et 2 nominations,2011,Long métrage,"Anglais, Français",2 350 666 entrées
A bout portant,https://fr.web.img5.acsta.net/c_310_420/medias/nmedia/18/74/15/66/19537329.jpg,1 décembre 2010,en salle,Policier,Tout public,"Tout va pour le mieux pour Samuel et Nadia : lui est bientôt infirmier et elle, attend son premier enfant. Mais tout bascule lorsque Nadia se fait kidnapper sous l'oeil impuissant de Samuel. A son réveil, son portable retentit : il a trois heures pour sortir de l'hôpital dans lequel il travaille un homme sous surveillance policière. Le destin de Samuel est désormais lié à celui de Sartet, une figure du banditisme activement recherchée par tous les services de police. S'il veut revoir sa femme vivante, Samuel doit faire vite...",Fred Cavayé,"Fred Cavayé,Guillaume Lemans","Gilles Lellouche,Roschdy Zem,Gérard Lanvin","3,5","3,7",France,Gaumont Distribution,4 nominations,2010,Long métrage,Français,973 257 entrées
Le Lorax,https://fr.web.img5.acsta.net/c_310_420/medias/nmedia/18/90/93/07/20164504.jpg,18 juillet 2012,en salle,"Animation,Comédie,Famille",Tout public,"Pour conquérir le cœur de sa jolie voisine, Audrey, Ted va s’échapper de Thneedville, un monde totalement artificiel où toute végétation a définitivement disparu, pour partir en quête d’un arbre vivant. Ted va rencontrer le Gash-pilleur, un vieil ermite aigri reclus dans sa cabane au milieu de nulle part, et découvrir la légende du Lorax, cette créature aussi renfrognée que craquante qui vit dans la magnifique vallée de Truffala et lutte avec ardeur pour la protection de la nature. Avec l’aide de sa grand-mère, Mamie Norma, Ted va devoir déjouer les pièges de O’Hare et ses sbires pour rapporter à Audrey la dernière graine d’arbre vivant au monde. Sans le savoir, le jeune garçon va transformer le destin de Thneedville.","Chris Renaud,Kyle Balda","Ken Daurio,Cinco Paul","François Berléand,Danny DeVito,Ed Helms","2,9","3,0",U.S.A.,Universal Pictures International France,2 nominations,2012,Long métrage,Anglais,611 658 entrées
Maman,https://fr.web.img4.acsta.net/c_310_420/medias/nmedia/18/89/64/77/20059952.jpg,9 mai 2012,en salle,Comédie dramatique,Tout public,"Alice, femme au foyer sans enfant, apprend à sa soeur Sandrine que leur mère, dont elles sont sans nouvelles depuis vingt ans, vient vivre à Paris. Alice lui a trouvé un petit appartement et l'accueille à la gare, sans recevoir un quelconque merci de la part de celle qui n'a jamais manqué une occasion de la rabrouer. Sandrine, elle, ne pardonne pas à sa mère son silence .",Alexandra Leclère,Alexandra Leclère,"Josiane Balasko,Mathilde Seigner,Marina Foïs","2,6","2,3",France,Wild Bunch Distribution,1 nomination,2011,Long métrage,Français,263 800 entrées
Maestro,https://fr.web.img6.acsta.net/c_310_420/pictures/14/06/27/13/28/462615.jpg,23 juillet 2014,en salle,Comédie dramatique,Tout public,"Henri, un jeune acteur qui rêve de jouer dans FAST & FURIOUS, se retrouve engagé dans le film de Cédric Rovère, monstre sacré du cinéma d’auteur. Les conditions du tournage ne sont pas tout à fait celles auxquelles il s’attendait… Mais le charme de sa partenaire et la bienveillance du maître vont faire naître en lui des sentiments jusqu’alors inconnus. Et Rovère, conquis par la jeunesse et la fantaisie d’Henri, vivra ce tournage comme un cadeau inattendu.",Léa Fazer,"Léa Fazer,Jocelyn Quivrin","Pio Marmaï,Michael Lonsdale,Déborah François","3,8","3,9",France,Rezo Films,2 nominations,2013,Long métrage,Français,201 163 entrées
En Guerre,https://fr.web.img2.acsta.net/c_310_420/pictures/18/04/20/16/37/2795434.jpg,16 mai 2018,en salle,Drame,Tout public,"Malgré de lourds sacrifices financiers de la part des salariés et un bénéfice record de leur entreprise, la direction de l’usine Perrin Industrie décide néanmoins la fermeture totale du site. Accord bafoué, promesses non respectées, les 1100 salariés, emmenés par leur porte‑parole Laurent Amédéo, refusent cette décision brutale et vont tout tenter pour sauver leur emploi.",Stéphane Brizé,"Stéphane Brizé,Olivier Gorce","Vincent Lindon,Mélanie Rover,Jacques Borderie","3,9","4,1",France,Diaphana Distribution,2 nominations,2018,Long métrage,Français,285 274 entrées
Blancanieves,https://fr.web.img2.acsta.net/c_310_420/medias/nmedia/18/94/72/99/20410396.jpg,23 janvier 2013,en salle,Drame,Tout public,"Sud de l’Espagne, dans les années 20. Carmen est une belle jeune fille dont l’enfance a été hantée par une belle-mère acariâtre. Fuyant un passé dont elle n’a plus mémoire, Carmen va faire une rencontre insolite : une troupe ambulante de nains toreros qui va l’adopter et lui donner le surnom de ""Blancanieves"". C’est le début d’une aventure qui va conduire Carmen/Blancanieves vers elle-même, vers son passé, et surtout vers un destin à nul autre semblable…",Pablo Berger,Pablo Berger,"Maribel Verdú,Macarena García,Daniel Giménez Cacho","4,0","3,8",Espagne,Rezo Films,8 prix et 7 nominations,2012,Long métrage,Espagnol,132 657 entrées
Le Voyage extraordinaire de Samy,https://fr.web.img6.acsta.net/c_310_420/medias/nmedia/18/77/51/73/19457428.jpg,11 août 2010,en salle,"Aventure,Animation",Tout public,"Alors qu'il se hisse hors de son nid sur une plage de Californie, Samy, petite tortue des mers, trouve et perd dans la foulée l'amour de sa vie : la jeune Shelly. Au cours de son périple à travers les océans qu'accomplissent toutes les tortues de mer avant de retrouver la plage qui les a vus naitre, Samy n'a de cesse de faire face à tous les dangers afin de retrouver Shelly. Accompagné de son meilleur ami Ray, ils sont des observateurs privilégiés de la façon dont l'homme affecte la planète. Mais il est alors secouru par ces mêmes humains. Il combat des piranhas, échappe à un aigle et part à la recherche d'un mystérieux passage secret. Un jour, enfin, après toutes ces aventures, Samy retrouve Shelly. Elle non plus ne l'a pas oublié...",Ben Stassen,Domonic Paris,"Dany Boon,William Brent (II),Elie Semoun","2,9","3,3",Belgique,StudioCanal,1 prix et 2 nominations,2010,Long métrage,"Anglais, Français",1 252 110 entrées
Mr. Ove,https://fr.web.img2.acsta.net/c_310_420/pictures/16/07/29/12/11/192624.jpg,14 septembre 2016,en salle,"Comédie dramatique,Drame",Tout public,"Depuis le décès de sa femme et son licenciement, Ove se sent vieux et terriblement inutile. À longueur de journée, il erre dans sa maison comme une âme en peine. Pour s’occuper, il multiplie les rondes de sécurité dans sa copropriété et harcèle ses voisins pour le moindre manquement au règlement intérieur…,À 59 ans, grincheux et dépressif, Ove n’attend plus qu’une seule chose de la vie : la mort !,Il décide donc d’en finir… mais ses tentatives de suicide échouent lamentablement. La situation se corse lorsque de nouveaux voisins emménagent, affreusement sympathiques : Parvaneh, une jeune Iranienne, son mari et leurs charmants enfants. Sans cesse importuné, Ove n’a plus un instant à lui pour se pendre tranquillement. Pire : à force de nouvelles rencontres et d’amitiés improbables, il se pourrait bien qu’Ove reprenne goût à la vie…",Hannes Holm,Hannes Holm,"Rolf Lassgård,Bahar Pars,Ida Engvoll","3,3","4,1",Suède,Paradis Films,2 prix et 3 nominations,2015,Long métrage,Suédois,11 384 entrées
Aux yeux de tous,https://fr.web.img6.acsta.net/c_310_420/medias/nmedia/18/83/45/32/19998668.jpg,4 avril 2012,en salle,Thriller,Tout public,"673 000 caméras de surveillance et des millions de webcams en France. Un hacker anonyme a piraté toutes les caméras de Paris et observe la ville à son insu.  Petits délits et moments d'intimité volés, il voit tout. Jusqu’au jour où un attentat dévaste la gare d’Austerlitz. La police se met sur la piste d’un groupe satellite d’Al-Qaïda. Le hacker réussit, lui, à trouver les images de l’explosion et découvre que c’est un jeune couple qui a posé la bombe… A l’aide des caméras de la ville, il décide de traquer les coupables. Sans le savoir il va mettre le doigt dans un terrible engrenage.",Cédric Jimenez,"Audrey Diwan,Cédric Jimenez","Mélanie Doutey,Olivier Barthelemy,Francis Renaud","3,1","3,0",France,DistriB Films,4 nominations,2011,Long métrage,Français,55 494 entrées
Un été à Osage County,https://fr.web.img3.acsta.net/c_310_420/pictures/14/01/17/10/17/335126.jpg,26 février 2014,en salle,"Comédie,Drame",Tout public,"En famille, on se soutient. En famille, on se déchire... Suite à la disparition de leur père, les trois filles Weston se retrouvent après plusieurs années de séparation, dans leur maison familiale. C’est là qu’elles sont à nouveau réunies avec la mère paranoïaque et lunatique qui les a élevées. A cette occasion, des secrets et des rancœurs trop longtemps gardés vont brusquement refaire surface…",John Wells,Tracy Letts,"Meryl Streep,Julia Roberts,Ewan McGregor","2,9","3,5",U.S.A.,Wild Bunch Distribution,9 nominations,2013,Long métrage,Anglais,521 956 entrées
Après la nuit,https://fr.web.img6.acsta.net/c_310_420/pictures/14/03/07/14/37/304952.jpg,23 avril 2014,en salle,Drame,Tout public,"Tout juste sorti de prison, Sombra reprend sa vie de dealer dans le bidon ville créole de Lisbonne. Entre l’argent prêté qu’il ne parvient pas à se faire rembourser et celui qu’il doit, un iguane fantasque, une petite voisine envahissante et un chef de bande qui se met à douter de lui, il se dit que, vraiment, il aurait peut-être mieux fait de rester à l’ombre...",Basil Da Cunha,Basil Da Cunha,"Pedro Ferreira,Joao Veiga,Nelson da Cruz Duarte Rodrigues","2,6","2,8",Suisse,Les Bookmakers / Capricci Films,2 nominations,2013,Long métrage,Portugais,299 entrées
Echange standard,https://fr.web.img5.acsta.net/c_310_420/medias/nmedia/18/85/37/24/19854642.jpg,28 décembre 2011,en salle,Comédie,Tout public,"A l'école primaire, Mitch et Dave étaient deux copains inséparables. Mais au fil des années, leurs chemins se sont petit à petit éloignés. Dave est maintenant un brillant avocat, dévoué à son travail, à sa femme et à leurs trois enfants, alors que Mitch est toujours célibataire, tourne sporadiquement dans des films minables et fuit la moindre responsabilité comme la peste. Pour Mitch, la vie de Dave est un rêve : il a une femme délicieuse, des enfants qui l'adorent et gagne grassement sa vie. Quant à Dave, la vie de Mitch, dénuée d'obligations et de stress, le tenterait volontiers.,À l'issue d'une nuit passablement arrosée, l'impossible va se produire : Dave se réveille dans la peau de Mitch, et vice-versa.,C'est la panique totale, et les deux copains d'enfance vont vite découvrir que leur quotidien respectif est bien loin de la vie dont ils rêvaient. Leurs aventures se compliquent au contact de Sabrina, la jeune collègue sexy de Dave, et du père de Mitch. Nos deux usurpateurs vont devoir faire appel à des ressources insoupçonnées pour éviter de faire péricliter leur vie d'emprunt, jusqu'à ce qu'ils se débrouillent enfin pour reprendre possession de leur corps.",David Dobkin,"Jon Lucas,Scott Moore","Ryan Reynolds,Jason Bateman,Leslie Mann","2,1","2,7",U.S.A.,Universal Pictures International France,1 nomination,2011,Long métrage,Anglais,141 677 entrées
Hop,https://fr.web.img6.acsta.net/c_310_420/medias/nmedia/18/82/07/18/19659937.jpg,6 juillet 2011,en salle,"Animation,Comédie,Famille",Tout public,"Robbie est un lapin adolescent dont le père dirige une chocolaterie secrète qui produit chaque année les délicieuses confiseries pour les fêtes de Pâques (cloches, lapins et œufs en chocolat). Le père de Robbie, personnage enjoué et connu pour être le Lapin de Pâques, est prêt à céder la chocolaterie familiale à son fils. Cependant, Robbie ne rêve que d’une chose : devenir batteur dans un groupe de Rock. A la veille de la passation de pouvoir, Robbie s’enfuit.,C’est pendant son séjour à Hollywood qu’il fait la connaissance de Fred, un jeune homme qui nourrit de grands rêves qu’il n’a toujours pas réalisés. A l’approche de la trentaine, Fred vit toujours chez ses parents, le temps de trouver un travail et un sens à sa vie. Il finit enfin par se voir confier la délicate mission de s’occuper d’une majestueuse demeure, qui doit garder tout son éclat en l’absence de ses propriétaires. Un malencontreux incident pousse Fred à héberger Robbie dans la villa ; ce dernier se révélant être le plus odieux des hôtes.,Inquiet de la disparition de son fils, le Lapin de Pâques charge son commando d’élite, les Bérets Roses, de le ramener à la maison. Seulement voilà, l’affaire familiale est sous la menace de Carlos le poussin, n°2 aux commandes de l’usine. Profitant de la disparition de Robbie, Carlos complote pour prendre la main sur la chocolaterie familiale et contrôler ainsi les fêtes de Pâques. Fred et Robbie réaliseront-ils leurs rêves? Robbie et les Bérets Roses reviendront-ils à temps pour sauver la chocolaterie familiale des mains du perfide Carlos?",Tim Hill,"Cinco Paul,Ken Daurio","James Marsden,Matt Adler,Michaël Gregorio","2,1","2,5",U.S.A.,Universal Pictures International France,1 nomination,2010,Long métrage,Anglais,572 334 entrées
Il a déjà tes yeux,https://fr.web.img6.acsta.net/c_310_420/pictures/16/11/21/11/10/080809.jpg,18 janvier 2017,en salle,Comédie,Tout public,"Paul est marié à Sali. Tout irait pour le mieux s’ils arrivaient à avoir un enfant. Jusqu'au jour où Sali reçoit l'appel qu'ils attendent depuis si longtemps : leur dossier d'adoption est approuvé. Il est adorable, il a 6 mois, il s'appelle Benjamin. Il est blond aux yeux bleus et il est blanc. Eux… sont noirs !",Lucien Jean-Baptiste,"Sébastien Mounier,Marie-Françoise Colombani","Aïssa Maïga,Lucien Jean-Baptiste,Zabou Breitman","3,3","3,4",France,UGC Distribution,1 nomination,2016,Long métrage,Français,1 374 444 entrées
Embrasse-moi !,https://fr.web.img2.acsta.net/c_310_420/pictures/17/06/06/12/07/199779.jpg,5 juillet 2017,en salle,"Comédie,Romance",Tout public,"Océanerosemarie déborde de vie, d’amis et surtout d’ex-petites amies. Mais elle vient de rencontrer Cécile, la ""cette-fois-c'est-vraiment-la-bonne"" femme de sa vie ! Même si elle ne lui a pas vraiment demandé son avis... Il est temps pour Océanerosemarie de grandir un peu pour réussir à la conquérir. En sera-t-elle seulement capable ?","Océan Michel,Cyprien Vial","Océan Michel,Cyprien Vial","Océan Michel,Alice Pol,Grégory Montel","2,6","2,8",France,Haut et Court,1 nomination,2017,Long métrage,Français,28 907 entrées
New York Melody,https://fr.web.img2.acsta.net/c_310_420/pictures/14/06/23/11/20/345859.jpg,30 juillet 2014,en salle,"Drame,Musical,Romance",Tout public,"Gretta et son petit ami viennent de débarquer à NYC. La ville est d'autant plus magique pour les deux anglais qu'on leur propose de venir y vivre pleinement leur passion : la musique. Le rêve va se briser et l'idylle voler en éclat quand, aveuglé par la gloire naissante, il va la plaquer pour une carrière solo et... une attachée de presse.,Ses valises prêtes et son billet de retour pour Londres en poche, elle décide de passer une dernière nuit à New York avec son meilleur pote. Ce dernier l'emmène dans un pub, la pousse sur scène et la force à chanter. Dans la salle un producteur s'adonne à sa plus dangereuse passion : l'alcool. Revenu de tout, du succès et de sa gloire passée, amer, rancunier, il a perdu le fil de sa vie,... Et soudain il entend cette voix, découvre cette grâce, ce talent brut et authentique... Une rencontre enchantée qui pourrait finir en chansons...",John Carney,John Carney,"Keira Knightley,Mark Ruffalo,James Corden","3,2","4,0",U.S.A.,UGC Distribution,1 nomination,2014,Long métrage,Anglais,270 032 entrées
Sex and the City 2,https://fr.web.img5.acsta.net/c_310_420/medias/nmedia/18/73/58/19/19439441.jpg,2 juin 2010,en salle,Comédie,Tout public,"Que passe-t-il après avoir dit « Oui » ? La vie est telle que ces dames l’ont toujours rêvée, mais ce ne serait pas “Sex and the City” si elle ne leur réservait pas quelques surprises… cette fois, sous la forme d’une aventure glamour, baignée de soleil, les entraînant loin de New York dans l’un des endroits les plus luxuriants, exotiques et vivifiants de la planète ; là où les fêtes ne s'arrêtent jamais et où le mystère est omniprésent. C’est une escapade qui arrive à point nommé pour les quatre amies, qui se retrouvent dans – et s’insurgent contre – leur rôles traditionnels d’épouse et de mère.",Michael Patrick King,Michael Patrick King,"Sarah Jessica Parker,Kim Cattrall,Kristin Davis","2,5","2,1",U.S.A.,Warner Bros. France,6 prix et 4 nominations,2010,Long métrage,"ARABIC, Anglais",1 315 049 entrées
La Montagne entre nous,https://fr.web.img6.acsta.net/c_310_420/pictures/17/10/16/17/13/1795839.jpg,8 novembre 2017,en salle,"Action,Drame",Tout public,"Livrés à eux-mêmes après le crash de leur avion en pleine montagne, deux étrangers doivent compter l’un sur l’autre pour faire face aux conditions extrêmes. Réalisant qu’ils n’ont aucun espoir d’être secourus, ils tentent leur chance à travers des centaines de kilomètres de nature hostile, acceptant que ce n’est qu’ensemble qu’ils pourront trouver le courage de tenter de survivre.",Hany Abu-Assad,"J. Mills Goodloe,Chris Weitz","Kate Winslet,Idris Elba,Beau Bridges","2,3","3,3",U.S.A.,Twentieth Century Fox France,1 nomination,2017,Long métrage,Anglais,289 447 entrées
Les Schtroumpfs 2,https://fr.web.img4.acsta.net/c_310_420/pictures/210/096/21009659_20130531124705297.jpg,31 juillet 2013,en salle,"Animation,Comédie,Famille",Tout public,"Cherchant désespérément à s’emparer de la puissance de l’essence magique des Schtroumpfs, Gargamel a inventé les Canailles, de minuscules créatures. Mais pour que leur transformation en vrais Schtroumpfs soit complète, il lui manque encore la formule secrète que détient la Schtroumpfette. Il parvient à kidnapper la demoiselle et l’emmène à Paris pour accomplir son plan diabolique…,Pour avoir une chance de sauver la belle, il va falloir tous les talents du Grand Schtroumpf, du Schtroumpf maladroit, du Schtroumpf grognon, du Schtroumpf coquet et de leurs amis humains, Patrick et Grace. Ils vont être obligés de rivaliser d’ingéniosité et de courage, car le danger est partout. Ils  vont aussi devoir convaincre la Schtroumpfette que sa place est bien parmi eux, et pas avec les Canailles…,",Raja Gosnell,"J. David Stem,David N. Weiss","Neil Patrick Harris,Brendan Gleeson,Jayma Mays","2,0","2,7",U.S.A.,Sony Pictures Releasing France,1 nomination,2013,Long métrage,Anglais,2 227 377 entrées
Roxane,https://fr.web.img4.acsta.net/c_310_420/pictures/19/05/22/14/57/3497870.jpg,12 juin 2019,en salle,Comédie,Tout public,"Toujours accompagné de sa fidèle poule Roxane, Raymond, petit producteur d’œufs bio en centre,Bretagne a un secret bien gardé pour rendre ses poules heureuses : leur déclamer les tirades de,Cyrano de Bergerac.,Mais face à la pression et aux prix imbattables des grands concurrents industriels, sa petite,exploitation est menacée.,Il va avoir une idée aussi folle qu'incroyable pour tenter de sauver sa ferme, sa famille et son couple : faire le buzz sur Internet.",Mélanie Auffret,"Michaël Souhaité,Mélanie Auffret","Guillaume De Tonquédec,Léa Drucker,Lionel Abelanski","3,1","3,4",France,Mars Films,1 nomination,2018,Long métrage,Français,314 437 entrées
Death Wish,https://fr.web.img2.acsta.net/c_310_420/pictures/18/04/12/15/23/2800359.jpg,9 mai 2018,en salle,Action,Interdit - 12 ans,"Quand il ne sauve pas des vies, Paul Kersey, chirurgien urgentiste, mène une vie de rêve, en famille, dans les beaux quartiers de Chicago… Jusqu’au jour où tout bascule. Sa femme est sauvagement tuée lors d’un cambriolage qui tourne mal… Sa fille de 18 ans est plongée dans le coma. Face à la lenteur de l’enquête, il se lance dans une chasse à l’homme sans merci.",Eli Roth,Joe Carnahan,"Bruce Willis,Vincent D'Onofrio,Elisabeth Shue","2,4","2,8",U.S.A.,Paramount Pictures France,2 nominations,2018,Long métrage,Anglais,238 840 entrées
The Iceman,https://fr.web.img2.acsta.net/c_310_420/medias/nmedia/18/89/81/20/20522008.jpg,5 juin 2013,en salle,Thriller,Tout public,"Tiré de faits réels, voici l’histoire de Richard Kuklinski, surnommé « The Iceman », un tueur à gages qui fut condamné pour une centaine de meurtres commandités par différentes organisations criminelles new-yorkaises. Menant une double vie pendant plus de vingt ans, ce pur modèle du rêve américain vivait auprès de sa superbe femme, Deborah Pellicotti, et de leurs enfants, tout en étant secrètement un redoutable tueur professionnel.,Lorsqu’il fut finalement arrêté par les fédéraux en 1986, ni sa femme, ni ses filles, ni ses proches ne s’étaient douté un seul instant qu’il était un assassin. Pourquoi l’est-il devenu, et comment a-t-il réussi à continuer pendant si longtemps ?",Ariel Vromen,"Morgan Land,Ariel Vromen","Michael Shannon,Winona Ryder,James Franco","3,2","3,5",U.S.A.,Metropolitan FilmExport,2 nominations,2013,Long métrage,Anglais,97 949 entrées
Les Garçons sauvages,https://fr.web.img5.acsta.net/c_310_420/pictures/18/01/23/11/17/3752225.jpg,28 février 2018,en salle,"Comédie,Fantastique",Interdit - 12 ans avec avertissement,"Début du vingtième siècle, cinq adolescents de bonne famille épris de liberté commettent un crime sauvage.  Ils sont repris en main par,le Capitaine, le temps d'une croisière répressive sur un voilier. Les garçons se mutinent. Ils échouent sur une île sauvage où se mêlent plaisir et végétation luxuriante. La métamorphose peut commencer…",Bertrand Mandico,Bertrand Mandico,"Pauline Lorillard,Vimala Pons,Diane Rouxel","3,6","3,1",France,UFO Distribution,6 nominations,2017,Long métrage,"Anglais, Français",43 405 entrées
Seule la Terre,https://fr.web.img6.acsta.net/c_310_420/pictures/17/11/06/11/15/3761032.jpg,6 décembre 2017,en salle,"Drame,Romance",Tout public,"Johnny travaille du matin au soir dans la ferme de ses parents, perdue dans le brouillard du Yorkshire. Il essaie d’oublier la frustration de son quotidien en se saoulant toutes les nuits au pub du village et en s’adonnant à des aventures sexuelles sans lendemain. Quand un saisonnier vient travailler pour quelques semaines dans la ferme familiale, Johnny est traversé par des émotions qu’il n’avait jamais ressenties. Une relation intense naît entre les deux hommes, qui pourrait changer la vie de Johnny à jamais.",Francis Lee,Francis Lee,"Josh O'Connor,Alec Secareanu,Gemma Jones","3,7","4,2",Grande-Bretagne,Pyramide Distribution,4 prix et 4 nominations,2017,Long métrage,Anglais,61 979 entrées
Le Capital,https://fr.web.img3.acsta.net/c_310_420/medias/nmedia/18/92/98/76/20229019.jpg,14 novembre 2012,en salle,"Drame,Thriller",Tout public,La résistible ascension d'un valet de banque dans le monde féroce du Capital.,Costa-Gavras," Costa-Gavras,Jean-Claude Grumberg","Gad Elmaleh,Gabriel Byrne,Natacha Régnier","2,4","2,3",France,Mars Films,7 nominations,2012,Long métrage,"Anglais, Français",367 784 entrées
Attention au départ !,https://fr.web.img2.acsta.net/c_310_420/pictures/21/06/01/12/13/0776737.jpg,18 août 2021,en salle,Comédie,Tout public,"Rater le train, c'est moche. Alors le voir partir avec vos enfants et ceux de vos amis dont vous avez la charge, c’est une autre histoire… Celle de la folle course-poursuite de Benjamin, papa poule un peu dépassé et Antoine, grand-père fantasque, qui doivent trouver une solution avant qu’on apprenne… qu’ils ont perdu les gosses ! Rattraper le train est leur seule chance de se rattraper...",Benjamin Euvrard,"Benjamin Euvrard,Charly De Witte","André Dussollier,Jérôme Commandeur,Jonathan Lambert","3,0","2,3",France,SND,1 nomination,2019,Long métrage,Français,187 203 entrées
White Bird,https://fr.web.img6.acsta.net/c_310_420/pictures/14/08/26/16/09/330339.jpg,15 octobre 2014,en salle,"Drame,Thriller",Tout public,"Kat Connors a 17 ans lorsque sa mère disparaît sans laisser de trace. Alors qu’elle découvre au même moment sa sexualité,  Kat semble  à peine troublée par cette absence et ne paraît pas en vouloir à son père, un homme effacé. Mais peu à peu, ses nuits peuplées de rêves vont l’affecter profondément et l’amener à s’interroger sur elle-même et sur les raisons véritables de la disparition de sa mère…",Gregg Araki,Gregg Araki,"Shailene Woodley,Eva Green,Christopher Meloni","3,5","3,6",U.S.A.,Bac Films,2 nominations,2014,Long métrage,Anglais,54 290 entrées
Michel-Ange,https://fr.web.img6.acsta.net/c_310_420/pictures/20/10/22/17/58/0792571.jpg,21 octobre 2020,en salle,"Biopic,Drame,Historique",Tout public,"Michel Ange à travers les moments d’angoisse et d’extase de son génie créatif, tandis que deux familles nobles rivales se disputent sa loyauté.",Andrey Konchalovsky,"Elena Kiseleva,Andrey Konchalovsky","Alberto Testone,Adriano Chiaramida,Yuliya Vysotskaya","3,8","3,2","Russie,Italie",UFO Distribution,113 859 entrées,2019,Long métrage,19/05/2021,19/05/2021
Aya de Yopougon,https://fr.web.img2.acsta.net/c_310_420/pictures/210/064/21006442_20130516121958057.jpg,17 juillet 2013,en salle,Animation,Tout public,"Fin des années 1970, en Côte d’Ivoire à Yopougon, quartier populaire d’Abidjan. C’est là que vit Aya, 19 ans, une jeune fille sérieuse qui préfère rester étudier à la maison plutôt que de sortir avec ses copines. Aya partage ses journées entre l’école, la famille et ses deux meilleures amies : Adjoua et Bintou, qui ne pensent qu’à aller gazer en douce à la nuit tombée dans les maquis. Les choses se gâtent lorsque qu’Adjoua se retrouve enceinte par mégarde. Que faire ?,","Marguerite Abouet,Clément Oubrerie",Marguerite Abouet,"Aïssa Maïga,Tatiana Rojo,Tella Kpomahou","3,4","3,7",France,UGC Distribution,4 nominations,2011,Long métrage,Français,136 614 entrées
Les Mythos,https://fr.web.img3.acsta.net/c_310_420/medias/nmedia/18/84/16/67/19735678.jpg,13 juillet 2011,en salle,Comédie,Tout public,"En dépit de leur totale inexpérience, trois lascars de banlieue se lancent dans la protection rapprochée. Grâce à un ""plan mytho"", ils sont affectés à la protection de Marie Van Verten : jeune femme capricieuse et fantasque, héritière de la plus grosse fortune de Belgique... Et accessoirement cible de tueurs surentraînés ! Le sens de l'improvisation de nos héros suffira-t-il à les tirer d'affaire ?",Denis Thybaud,"Samir Oubechou,Chérif Saïs","Stéphanie Crayencour,Ralph Amoussou,Alban Ivanov","2,4","2,6",France,StudioCanal,2 nominations,2010,Long métrage,Français,82 076 entrées
"Miraï, ma petite soeur",https://fr.web.img4.acsta.net/c_310_420/pictures/18/12/04/16/59/1564894.jpg,26 décembre 2018,en salle,"Animation,Drame,Famille",Tout public,"Kun est un petit garçon à l’enfance heureuse jusqu’à l’arrivée de Miraï, sa petite sœur. Jaloux de ce bébé qui monopolise l’attention de ses parents, il se replie peu à peu sur lui-même. Au fond de son jardin, où il se réfugie souvent, se trouve un arbre généalo-ma-gique. Soudain, Kun est propulsé dans un monde fantastique où vont se mêler passé et futur. Il rencontrera tour à tour ses proches à divers âges de leur vie : sa mère petite fille, son arrière grand-père dans sa trépidante jeunesse et sa petite sœur adolescente ! A travers ces aventures, Kun va découvrir sa propre histoire.",Mamoru Hosoda,Mamoru Hosoda,"Moka Kamishiraishi,Haru Kuroki,Gen Hoshino","4,0","3,7",Japon,Wild Bunch Distribution,4 nominations,2018,Long métrage,Japonais,213 026 entrées
The Spy Gone North,https://fr.web.img6.acsta.net/c_310_420/pictures/18/10/25/11/34/2071994.jpg,7 novembre 2018,en salle,"Drame,Espionnage",Tout public,"Séoul, 1993. Un ancien officier est engagé par les services secrets sud-coréens sous le nom de code ""Black Venus"". Chargé de collecter des informations sur le programme nucléaire en Corée du Nord, il infiltre un groupe de dignitaires de Pyongyang et réussi progressivement à gagner la confiance du Parti. Opérant dorénavant en autonomie complète au coeur du pays le plus secret et le plus dangereux au monde, l’espion ""Black Venus"" devient un pion dans les tractations politiques entre les gouvernements des deux Corées. Mais ce qu’il découvre risque de mettre en péril sa mission et ce pourquoi il a tout sacrifié.",Yoon Jong-bin,"Yoon Jong-bin,Sung-hui Kwon","Jung-Min Hwang,Sung-min Lee,Ji-hoon Ju","3,8","4,0",Corée du Sud,Metropolitan FilmExport,2 nominations,2018,Long métrage,"Japonais, Coréen, Mandarin",19 680 entrées
Dalton Trumbo,https://fr.web.img2.acsta.net/c_310_420/pictures/16/04/07/14/23/140669.jpg,27 avril 2016,en salle,"Biopic,Drame",Tout public,"Hollywood, la Guerre Froide bat son plein.,Alors qu’il est au sommet de son art, le scénariste Dalton Trumbo est accusé d’être communiste.,Avec d’autres artistes, il devient très vite infréquentable, puis est emprisonné et placé sur la Liste Noire : il lui est désormais impossible de travailler.,Grâce à son talent et au soutien inconditionnel de sa famille, Il va contourner cette interdiction.,En menant dans l’ombre un long combat vers sa réhabilitation, il forgera sa légende.",Jay Roach,John McNamara,"Bryan Cranston,Diane Lane,Helen Mirren","3,6","4,0",U.S.A.,UGC Distribution,8 nominations,2015,Long métrage,Anglais,135 491 entrées
Infiltrator,https://fr.web.img6.acsta.net/c_310_420/pictures/16/06/22/15/10/033361.jpg,7 septembre 2016,en salle,Thriller,Tout public,"L’agent fédéral Bob Mazur a pour mission d’infiltrer le cartel de drogue de Pablo Escobar. Son but : faire tomber 85 barons et une banque internationale. Son plan : s’inventer un passé, une identité, une fiancée. Son risque : le moindre faux pas lui serait fatal.",Brad Furman,Ellen Brown Furman,"Bryan Cranston,Diane Kruger,John Leguizamo","3,2","3,7",U.S.A.,ARP Sélection,1 nomination,2016,Long métrage,Anglais,233 829 entrées
Une prière avant l'aube,https://fr.web.img4.acsta.net/c_310_420/pictures/18/05/14/16/18/4036914.jpg,20 juin 2018,en salle,"Drame,Thriller",Interdit - 16 ans,"L’histoire vraie de Billy Moore, jeune boxeur anglais incarcéré dans une prison en Thaïlande pour détention de drogue. Dans cet enfer, il est rapidement confronté à la violence des gangs et n’a plus que deux choix : mourir ou survivre. Lorsque l’administration pénitentiaire l'autorise à participer à des tournois de Muay-Thai, Billy donne tout ce qui lui reste.",Jean-Stéphane Sauvaire,"Jonathan Hirshbein,Nick Saltrese","Joe Cole,Vithaya Pansringarm,Panya Yimmumphai","3,5","3,7",France,Wild Bunch Distribution,4 nominations,2017,Long métrage,"Anglais, Thaï",16 089 entrées
Quand je serai petit,https://fr.web.img6.acsta.net/c_310_420/medias/nmedia/18/89/96/08/20074343.jpg,13 juin 2012,en salle,Comédie dramatique,Tout public,"À l'occasion d'un voyage, Mathias, 40 ans, croise par hasard un enfant qui lui fait étrangement penser à lui au même âge. Profondément troublé, il se lance dans une quête insensée sur les traces du petit garçon qui risque bien de bouleverser son existence et son équilibre familial …,Et si l'on pouvait revivre son enfance, pourrait-on alors changer le cours des événements ?",Jean-Paul Rouve,"Jean-Paul Rouve,Benoît Graffin","Jean-Paul Rouve,Benoît Poelvoorde,Arly Jover","2,9","3,2",France,Mars Films,3 nominations,2012,Long métrage,Français,102 097 entrées
Tout pour être heureux,https://fr.web.img2.acsta.net/c_310_420/pictures/16/02/02/11/20/235320.jpg,13 avril 2016,en salle,Comédie,Tout public,"Antoine, bientôt quarantenaire, dilettante, égoïste et insatisfait ne s’est jamais réellement senti investi d’une mission pour s’occuper de ses filles, âgées de 5 et 9 ans.,Infantilisé par sa femme Alice, Antoine n’arrive pas à trouver sa place dans son foyer et décide subitement de la quitter pour une histoire sans lendemain.,Lorsqu’Alice lui confie leurs filles quelques jours par surprise, Antoine va se retrouver sur un continent inconnu. Et alors qu’il était incapable d’assumer son rôle de père à l’intérieur du noyau familial, il va finir par devenir une véritable « mère juive ».,Après avoir quitté sa femme par nostalgie de sa liberté d’antan, le nouvel Antoine va se retrouver confronté à une nouvelle nostalgie, celle de sa vie de famille…",Cyril Gelblat,Cyril Gelblat,"Manu Payet,Audrey Lamy,Aure Atika","3,8","3,6",France,Mars Films,1 prix et 1 nomination,2015,Long métrage,Français,332 329 entrées
Contes de juillet,https://fr.web.img6.acsta.net/c_310_420/pictures/18/07/04/09/59/5209368.jpg,25 juillet 2018,en salle,Comédie dramatique,Tout public,"Paris et sa banlieue. Cinq filles, cinq garçons. Deux histoires. Un jour d’été,Milena et Lucie, deux collègues de travail, profitent d’un dimanche ensoleillé pour aller se baigner sur l'île de loisirs de Cergy-Pontoise. Leur rencontre avec un agent de prévention très entreprenant met à mal leur amitié naissante.,Tandis que les festivités du 14 juillet battent leur plein, Hanne, une étudiante norvégienne, se trouve successivement aux prises avec trois hommes. Tout ce petit monde passe la soirée ensemble à la Cité Universitaire.",Guillaume Brac,Guillaume Brac,"Miléna Csergo,Lucie Grunstein,Jean Joudé","3,7","3,6",France,Les Films du Losange,# prix,2018,Long métrage,Français,6 509 entrées
Kirikou et les hommes et les femmes,https://fr.web.img3.acsta.net/c_310_420/medias/nmedia/18/83/31/95/20200597.jpg,3 octobre 2012,en salle,"Aventure,Animation",Tout public,"Le grand-père nous accueille dans sa grotte bleue, pour de nouvelles confidences. Il restait encore de beaux souvenirs de l’enfance de Kirikou à évoquer : les moments où il a aidé les hommes et les femmes de son village et d’ailleurs…,Il nous raconte alors comment Kirikou, grâce à sa bravoure et son intelligence, est venu au secours de la femme forte, dont le toit de la case avait été détruit par Karaba. Il nous apprend par quelle astuce le petit héros a retrouvé le vieux grincheux, qui s’était égaré dans la savane, puis comment une griotte menacée par la sorcière a finalement pu transmettre son savoir aux habitants du village. On découvre aussi le secret d’un mystérieux monstre bleu, et enfin, grâce à une flûte liée à la famille de notre héros petit et vaillant, le pouvoir magique de la musique.",Michel Ocelot,"Michel Ocelot,Bénédicte Galup","Romann Berrux,Awa Sène Sarr","3,4","3,4",France,StudioCanal,2 nominations,2012,Long métrage,Français,1 080 668 entrées
Jamais entre amis,https://fr.web.img4.acsta.net/c_310_420/pictures/15/08/12/12/34/446711.jpg,9 septembre 2015,en salle,"Comédie,Drame,Romance",Tout public,"Jake et Lainey ont perdu ensemble leur virginité sur un coup de tête à l'université. Quand ils se recroisent 12 ans plus tard à New York, ils réalisent tous les deux qu'ils sont devenus des champions de l’infidélité. Prêts à tout pour trouver des solutions à leur problème, ils s'engagent dans une relation platonique sans tabous afin de s'entraider dans leur quête du véritable amour.",Leslye Headland,Leslye Headland,"Alison Brie,Jason Sudeikis,Adam Brody","3,0","2,7",U.S.A.,La Belle Company,1 nomination,2015,Long métrage,Anglais,84 596 entrées
La Finale,https://fr.web.img4.acsta.net/c_310_420/pictures/18/02/16/15/20/1418618.gif,21 mars 2018,en salle,Comédie,Tout public,"Casquette sur la tête, pantoufles au pied et regard vide, Roland, un ancien restaurateur, est contraint de vendre sa brasserie alors que ses trous de mémoires ne font que s'accentuer. Accueilli à Lyon chez sa fille, ce fan de sport un brin raciste et misogyne est méprisé par son gendre autant que par ses petits-enfants. Dans la maison familiale, il ne reconnaît pas toujours ses proches et occupe son quotidien en allant au bureau de tabac.",Robin Sykes,"Robin Sykes,Antoine Raimbault","Thierry Lhermitte,Rayane Bensetti,Émilie Caen","3,4","3,5",France,UGC Distribution,# prix,2018,Long métrage,Français,579 241 entrées
Albert à l'ouest,https://fr.web.img3.acsta.net/c_310_420/pictures/14/03/06/13/21/472825.jpg,2 juillet 2014,en salle,"Comédie,Western",Tout public,"La couardise d'Albert au cours d'une fusillade donne à sa fiancée volage la bonne excuse pour le quitter et partir avec un autre. Une belle et mystérieuse inconnue arrive alors en ville et aide le pauvre Albert à enfin trouver du courage. Des sentiments s'immiscent entre ces deux nouveaux alliés, jusqu'au jour où le mari de la belle, un hors-la-loi célèbre, découvre le pot-aux-roses, et n'a plus qu'une idée en tête : se venger. Albert aura-t-il le courage nécessaire pour venir à bout du bandit ?",Seth MacFarlane,"Seth MacFarlane,Alec Sulkin","Seth MacFarlane,Charlize Theron,Amanda Seyfried","2,6","2,9",U.S.A.,Universal Pictures International France,4 nominations,2014,Long métrage,Anglais,261 581 entrées
L'Heure de la sortie,https://fr.web.img5.acsta.net/c_310_420/pictures/18/07/30/14/19/1113296.jpg,9 janvier 2019,en salle,Thriller,Tout public,"Lorsque Pierre Hoffman intègre le prestigieux collège de Saint Joseph il décèle, chez les 3e 1, une hostilité diffuse et une violence sourde. Est-ce parce que leur professeur de français vient de se jeter par la fenêtre en plein cours ? Parce qu’ils sont une classe pilote d’enfants surdoués ? Parce qu’ils semblent terrifiés par la menace écologique et avoir perdu tout espoir en l’avenir ? De la curiosité à l’obsession, Pierre va tenter de percer leur secret...",Sébastien Marnier,"Elise Griffon,Sébastien Marnier","Laurent Lafitte,Emmanuelle Bercot,Pascal Greggory","3,7","3,4",France,Haut et Court,1 nomination,2018,Long métrage,Français,66 534 entrées
Zombillénium,https://fr.web.img2.acsta.net/c_310_420/pictures/17/07/21/14/39/059878.jpg,18 octobre 2017,en salle,"Aventure,Animation,Comédie",Tout public,"Dans le parc d’attractions d’épouvante Zombillénium, les monstres ont le blues. Non seulement, zombies, vampires, loups garous et autres démons sont de vrais monstres dont l’âme appartient au Diable à jamais, mais en plus ils sont fatigués de leur job, fatigués de devoir divertir des humains consuméristes, voyeuristes et égoïstes, bref, fatigués de la vie de bureau en général, surtout quand celle-ci est partie pour durer une éternité... Jusqu'à l'arrivée d'Hector, un humain, contrôleur des normes de sécurité, déterminé à fermer l’établissement. Francis, le Vampire qui dirige le Parc, n’a pas le choix : il doit le mordre pour préserver leur secret. Muté en drôle de monstre, séparé de sa fille Lucie, et coincé dans le parc, Hector broie du noir... Et si il devenait finalement la nouvelle attraction phare de Zombillénium ?","Arthur de Pins,Alexis Ducord",Alexis Ducord,"Emmanuel Curtil,Kelly Marot,Alexis Tomassian","3,4","3,9",France,Gebeka Films,1 prix et 6 nominations,2017,Long métrage,Français,262 514 entrées
Encore Heureux,https://fr.web.img2.acsta.net/c_310_420/pictures/16/01/04/09/03/209937.jpg,27 janvier 2016,en salle,Comédie,Tout public,"D’accord, Marie est un peu fatiguée de l’insouciance de son mari Sam, cadre sup au chômage depuis 2 ans. D’accord, elle est très tentée de se laisser séduire par ce bel inconnu qui lui fait la cour. D’accord, il y a aussi le concours de piano de sa fille... Si cet équilibre dingue et léger tient à peu près debout, un événement inattendu jette toute la famille sur un chemin encore plus fou.",Benoît Graffin,"Mika Tard,Déborah Saïag","Sandrine Kiberlain,Edouard Baer,Anna Gaylor","3,3","2,8",France,EuropaCorp Distribution,1 nomination,2015,Long métrage,Français,372 512 entrées
You're Next,https://fr.web.img4.acsta.net/c_310_420/pictures/210/322/21032273_20130827110117695.jpg,4 septembre 2013,en salle,Epouvante-horreur,Interdit - 16 ans,"La famille Davison est réunie dans sa maison de campagne pour célébrer l’anniversaire de mariage des parents. Alors que chacun commence à laisser éclater ses frustrations et rancoeurs, la maison est prise d’assaut par un groupe de tueurs masqués. La réunion de famille tourne au jeu de massacre, les assaillants tentent de les supprimer un à un. Mais sous ses airs d’innocente petite amie, Erin va s’avérer pleine de ressources…",Adam Wingard,Simon Barrett,"Sharni Vinson,Nick Tucci,Wendy Glenn","3,3","3,0",U.S.A.,Synergy Cinéma,1 prix et 1 nomination,2012,Long métrage,Anglais,114 469 entrées
Maniac,https://fr.web.img6.acsta.net/c_310_420/medias/nmedia/18/90/71/19/20323482.jpg,2 janvier 2013,en salle,"Policier,Epouvante-horreur,Thriller",Interdit - 16 ans avec avertissement,"Dans les rues qu'on croyait tranquilles, un tueur en série en quête de scalps se remet en chasse. Frank est le timide propriétaire d'une boutique de mannequins. Sa vie prend un nouveau tournant quand Anna, une jeune artiste, vient lui demander de l'aide pour sa nouvelle exposition. Alors que leurs liens se font plus forts, Frank commence à développer une véritable obsession pour la jeune fille. Au point de donner libre cours à une pulsion trop longtemps réfrénée - celle qui le pousse à traquer pour tuer.",Franck Khalfoun,"Alexandre Aja,Grégory Levasseur","Elijah Wood,Nora Arnezeder,America Olivo","3,1","2,7",France,Warner Bros. France,5 nominations,2012,Long métrage,Anglais,123 419 entrées
Barbara,https://fr.web.img6.acsta.net/c_310_420/pictures/17/07/05/12/44/185176.jpg,6 septembre 2017,en salle,"Biopic,Drame,Musical",Tout public,"Une actrice va jouer Barbara, le tournage va commencer bientôt. Elle travaille son personnage, la voix, les chansons, les partitions, les gestes, le tricot, les scènes à apprendre, ça va, ça avance, ça grandit, ça l'envahit même. Le réalisateur aussi travaille, par ses rencontres, par les archives, la musique, il se laisse submerger, envahir comme elle, par elle.",Mathieu Amalric,"Mathieu Amalric,Philippe Di Folco","Jeanne Balibar,Mathieu Amalric,Vincent Peirani","4,1","2,9",France,Gaumont Distribution,5 prix et 11 nominations,2017,Long métrage,Français,362 246 entrées
Frankenweenie,https://fr.web.img3.acsta.net/c_310_420/medias/nmedia/18/85/69/55/20127907.jpg,31 octobre 2012,en salle,"Animation,Comédie,Science Fiction",Tout public,"Après la mort soudaine de Sparky, son chien adoré, le jeune Victor fait appel au pouvoir de la science afin de ramener à la vie celui qui était aussi son meilleur ami. Il lui apporte au passage quelques modifications de son cru… Victor va tenter de cacher la créature qu’il a fabriquée mais lorsque Sparky s’échappe, ses copains de classe, ses professeurs et la ville tout entière vont apprendre que vouloir mettre la vie en laisse peut avoir quelques monstrueuses conséquences…",Tim Burton,"John August,Tim Burton","Charlie Tahan,Winona Ryder,Martin Landau","3,8","3,8",U.S.A.,The Walt Disney Company France,2 prix et 6 nominations,2012,Long métrage,Anglais,584 338 entrées
Sympathie pour le diable,https://fr.web.img5.acsta.net/c_310_420/pictures/19/10/25/16/05/1555722.jpg,27 novembre 2019,en salle,"Drame,Guerre",Tout public,"Sarajevo, novembre 92, sept mois après le début du siège.,Le reporter de guerre Paul Marchand nous plonge dans les entrailles d’un conflit fratricide, sous le regard impassible de la communauté internationale. Entre son objectivité journalistique, le sentiment d’impuissance et un certain sens du devoir face à l’horreur, il devra prendre parti.",Guillaume de Fontenay,"Guillaume de Fontenay,Guillaume Vigneault","Niels Schneider,Ella Rumpf,Vincent Rottiers","3,9","4,0",France,Rezo Films,# prix,2018,Long métrage,"Anglais, Français",19 714 entrées
The Third Murder,https://fr.web.img5.acsta.net/c_310_420/pictures/18/03/14/14/06/5598611.jpg,11 avril 2018,en salle,"Policier,Drame",Tout public,"Le grand avocat Shigemori est chargé de défendre Misumi, accusé de vol et d’assassinat. Ce dernier a déjà purgé une peine de prison pour meurtre 30 ans auparavant. Les chances pour Shigemori de gagner ce procès semblent minces, d’autant que Misumi a avoué son crime, malgré la peine de mort qui l’attend s’il est condamné. Pourtant, au fil de l’enquête et des témoignages, Shigemori commence à douter de la culpabilité de son client.",Hirokazu Kore-eda,Hirokazu Kore-eda,"Masaharu Fukuyama,Koji Yakusho,Suzu Hirose","3,6","3,5",Japon,Le Pacte,3 nominations,2017,Long métrage,Japonais,95 685 entrées
Le Chasseur de primes,https://fr.web.img5.acsta.net/c_310_420/medias/nmedia/18/73/71/76/19247635.jpg,14 avril 2010,en salle,"Action,Comédie,Romance",Tout public,"Chasseur de primes, Milo Boyd se voit confier la mission de ses rêves : traquer son ex-femme, la journaliste Nicole Hurley, qui s’est soustraite à la justice. Pour lui, c’est un job facile qui va en plus lui donner l’occasion d’en faire baver à son ex – juste retour des choses après ce qu’elle lui a fait au moment de leur séparation… Il n’avait pas prévu que Nicole allait l’entraîner dans la redoutable affaire de meurtre sur laquelle elle enquête.,Rien n’a jamais été simple entre Milo et Nicole, et ça va empirer. Ils s’étaient aimés pour le meilleur et vont se retrouver pour le pire. Cette fois, ce n’est plus leur couple qui est en jeu mais leur vie, et comme pour leur mariage, chacun essaie d’imposer ses méthodes pour tenter de s’en sortir…",Andy Tennant,Sarah Thorp,"Jennifer Aniston,Gerard Butler,Christine Baranski","2,1","2,1",U.S.A.,Sony Pictures Releasing France,4 nominations,2010,Long métrage,Anglais,233 566 entrées
1:54,https://fr.web.img6.acsta.net/c_310_420/pictures/17/03/14/15/24/495141.jpg,15 mars 2017,en salle,Drame,Tout public,"À 16 ans, Tim est un jeune homme timide, brillant, et doté d’un talent sportif naturel. Mais la pression qu’il subit le poussera jusque dans ses derniers retranchements, là où les limites humaines atteignent le point de non-retour.",Yan England,Yan England,"Antoine-Olivier Pilon,Sophie Nélisse,Lou-Pascal Tremblay","3,4","3,9",Canada,ARP Sélection,1 prix et 1 nomination,2016,Long métrage,Français,31 466 entrées
"So Long, My Son",https://fr.web.img3.acsta.net/c_310_420/pictures/19/06/18/11/21/0412798.jpg,3 juillet 2019,en salle,Drame,Tout public,"Au début des années 1980, Liyun et Yaojun forment un couple heureux.,Tandis que le régime vient de mettre en place la politique de l’enfant unique, un évènement tragique va bouleverser leur vie.,Pendant 40 ans, alors qu’ils tentent de se reconstruire, leur destin va s’entrelacer avec celui de la Chine contemporaine.",Wang Xiaoshuai,"Ah Mei,Wang Xiaoshuai","Jing-chun Wang,Yong Mei,Qi Xi","4,4","4,2",Chine,Ad Vitam,1 prix et 3 nominations,2019,Long métrage,Mandarin,149 610 entrées
Tunnel,https://fr.web.img6.acsta.net/c_310_420/pictures/17/03/22/11/45/427337.jpg,3 mai 2017,en salle,"Drame,Thriller",Tout public,"Alors qu’il rentre retrouver sa famille, un homme est accidentellement enseveli sous un tunnel, au volant de sa voiture. Pendant qu’une opération de sauvetage d’envergure nationale se met en place pour l’en sortir, scrutée et commentée par les médias, les politiques et les citoyens, l’homme joue sa survie avec les maigres moyens à sa disposition. Combien de temps tiendra-t-il ?",Seong Hun Kim,Seong Hun Kim,"Jung-woo Ha,Doona Bae,Dal-Su Oh","3,3","3,7",Corée du Sud,Condor Distribution,1 prix et 1 nomination,2016,Long métrage,Coréen,78 368 entrées
"Camille Claudel, 1915",https://fr.web.img2.acsta.net/c_310_420/medias/nmedia/18/95/07/06/20427881.jpg,13 mars 2013,en salle,Biopic,Tout public,"Hiver 1915. Internée par sa famille dans un asile du sud de la France – là où elle ne sculptera plus – chronique de la vie recluse de Camille Claudel, dans l’attente d’une visite de son frère, Paul Claudel.",Bruno Dumont,Bruno Dumont,"Juliette Binoche,Jean-Luc Vincent,Robert Leroy","4,3","3,0",France,ARP Sélection,3 nominations,2013,Long métrage,Français,115 860 entrées
Les Marches du Pouvoir,https://fr.web.img4.acsta.net/c_310_420/medias/nmedia/18/85/45/03/19806486.jpg,26 octobre 2011,en salle,Drame,Tout public,"Stephen Meyers est le jeune mais déjà très expérimenté conseiller de campagne du gouverneur Morris, qui se prépare pour les élections à la présidence américaine. Idéaliste et décidé à faire honnêtement tout ce qu’il peut pour faire gagner celui qu’il considère sincèrement comme le meilleur candidat, Stephen s’engage totalement. Pourtant, face aux manipulations et aux coups tordus qui se multiplient vite, Stephen va devoir faire évoluer sa façon de travailler et de voir les choses. Entre tentations et désillusions, les arcanes du pouvoir le transforment…",George Clooney,"Beau Willimon,George Clooney","Ryan Gosling,George Clooney,Philip Seymour Hoffman","3,3","3,5",U.S.A.,Metropolitan FilmExport,13 nominations,2011,Long métrage,Anglais,502 866 entrées
Un Français,https://fr.web.img6.acsta.net/c_310_420/pictures/15/04/22/16/06/068738.jpg,10 juin 2015,en salle,Drame,Interdit - 12 ans,"Avec ses copains, Braguette, Grand-Guy, Marvin, Marco cogne les Arabes et colle les affiches de l'extrême droite. Jusqu'au moment où il sent que, malgré lui, toute cette haine l'abandonne. Mais comment se débarrasser de la violence, de la colère, de la bêtise qu'on a en soi ? C'est le parcours d'un salaud qui va tenter de devenir quelqu'un de bien.",Diastème,Diastème,"Alban Lenoir,Samuel Jouy,Paul Hamy","2,9","2,9",France,Mars Films,1 nomination,2014,Long métrage,Français,56 085 entrées
La Vénus à la fourrure,https://fr.web.img6.acsta.net/c_310_420/pictures/205/418/20541851_20130930175039697.jpg,13 novembre 2013,en salle,"Comédie,Drame",Tout public,"Seul dans un théâtre parisien après une journée passée à auditionner des comédiennes pour la pièce qu’il s’apprête à mettre en scène, Thomas se lamente au téléphone sur la piètre performance des candidates. Pas une n’a l’envergure requise pour tenir le rôle principal et il se prépare à partir lorsque Vanda surgit, véritable tourbillon d’énergie aussi débridée que délurée. Vanda incarne tout ce que Thomas déteste. Elle est vulgaire, écervelée, et ne reculerait devant rien pour obtenir le rôle. Mais un peu contraint et forcé, Thomas la laisse tenter sa chance et c’est avec stupéfaction qu’il voit Vanda se métamorphoser. Non seulement elle s’est procuré des accessoires et des costumes, mais elle comprend parfaitement le personnage (dont elle porte par ailleurs le prénom) et connaît toutes les répliques par cœur. Alors que l’« audition » se prolonge et redouble d’intensité, l’attraction de Thomas se mue en obsession…",Roman Polanski,"Roman Polanski,David Ives","Emmanuelle Seigner,Mathieu Amalric","4,1","3,9",France,Mars Films,2 prix et 10 nominations,2013,Long métrage,Français,264 029 entrées
Marseille,https://fr.web.img6.acsta.net/c_310_420/pictures/16/01/15/10/31/199518.jpg,16 mars 2016,en salle,"Comédie,Drame",Tout public,"Devant l'insistance de son frère Joseph, qu'il n'a pas revu depuis 25 ans, Paolo se résout à abandonner quelques jours sa vie calme et harmonieuse au Canada, pour revenir à Marseille au chevet de son père accidenté. Il part donc, son fils sous le bras, bien décidé à ne pas s'attarder dans cette ville qu'il a fui, des années plus tôt, à la suite d'un drame. Il n'imagine pas que l'affection de sa famille retrouvée, sa rencontre amoureuse avec une jeune femme et la solidarité joyeuse et simple des Marseillais le réconcilieront avec cette ville qu'il n'aurait jamais voulu quitter... Marseille.,",Kad Merad,"Kad Merad,Patrick Bosso","Kad Merad,Patrick Bosso,Venantino Venantini","2,7","2,1",France,Pathé Films,1 nomination,2015,Long métrage,Français,675 378 entrées
Du Plomb dans la tête,https://fr.web.img3.acsta.net/c_310_420/medias/nmedia/18/95/28/91/20440877.jpg,27 février 2013,en salle,"Action,Thriller",Interdit - 12 ans,"Tueur à gages à La Nouvelle-Orléans, James Bonomo, dit « Jimmy Bobo », a pour règle de ne jamais tuer un innocent. Après l’exécution d’un contrat, il laisse derrière lui un témoin, vivant. Pour le punir de ce travail bâclé, son partenaire Louis est abattu par un mystérieux assassin. Lorsque l’inspecteur de police Taylor Kwon arrive en ville pour rejoindre son équipier et suivre une nouvelle piste sur une ancienne affaire, il découvre que celui-ci a été tué. Tous les indices accusent Jimmy et son complice désormais disparu, Louis. Pour trouver qui a tué leurs partenaires respectifs, le flic et le tueur à gages vont être forcés de faire équipe. Bien que chacun d’un côté de la loi, ils vont vite se rendre compte que la frontière est mince…",Walter Hill,"Alessandro Camon,Walter Hill","Sylvester Stallone,Sung Kang,Sarah Shahi","1,9","2,6",U.S.A.,Metropolitan FilmExport,2 nominations,2012,Long métrage,Anglais,135 038 entrées
Thérèse Desqueyroux,https://fr.web.img6.acsta.net/c_310_420/medias/nmedia/18/90/19/18/20255135.jpg,21 novembre 2012,en salle,Drame,Tout public,"Dans les Landes, on arrange les mariages pour réunir les terrains et allier les familles. Thérèse Larroque devient Madame Desqueyroux ; mais cette jeune femme aux idées avant-gardistes ne respecte pas les conventions ancrées dans la région. Pour se libérer du destin qu’on lui impose, elle tentera tout pour vivre pleinement sa vie…",Claude Miller,"Claude Miller,Natalie Carter","Audrey Tautou,Gilles Lellouche,Anaïs Demoustier","3,4","2,8",France,UGC Distribution,4 nominations,2012,Long métrage,Français,508 985 entrées
L'Hermine,https://fr.web.img6.acsta.net/c_310_420/pictures/15/09/22/14/40/282684.jpg,18 novembre 2015,en salle,Comédie dramatique,Tout public,"Michel Racine est un Président de cour d'assises redouté. Aussi dur avec lui qu'avec les autres, on l'appelle "" le Président à deux chiffres "". Avec lui, on en prend toujours pour plus de dix ans. Tout bascule le jour où Racine retrouve Ditte Lorensen-Coteret. Elle fait parti du jury qui va devoir juger un homme accusé d'homicide. Six ans auparavant, Racine a aimé cette femme. Presque en secret. Peut-être la seule femme qu'il ait jamais aimée.",Christian Vincent,Christian Vincent,"Fabrice Luchini,Sidse Babett Knudsen,Éva Lallier Juan","3,6","3,6",France,Gaumont Distribution,3 prix et 4 nominations,2015,Long métrage,Français,982 776 entrées
Good Kill,https://fr.web.img3.acsta.net/c_310_420/pictures/15/03/13/19/03/164909.jpg,22 avril 2015,en salle,Thriller,Tout public,"Le Commandant Tommy Egan, pilote de chasse reconverti en pilote de drone, combat douze heures par jour les Talibans derrière sa télécommande, depuis sa base, à Las Vegas. De retour chez lui, il passe l’autre moitié de la journée à se quereller avec sa femme, Molly et ses enfants. Tommy remet cependant sa mission en question. Ne serait-il pas en train de générer davantage de terroristes qu’il n’en extermine ? L’histoire d’un soldat, une épopée lourde de conséquences.",Andrew Niccol,Andrew Niccol,"Ethan Hawke,Bruce Greenwood,Zoë Kravitz","2,6","3,1",U.S.A.,TF1 Vidéo,1 nomination,2014,Long métrage,Anglais,92 088 entrées
Adieu Berthe ou l'enterrement de mémé,https://fr.web.img6.acsta.net/c_310_420/medias/nmedia/18/90/68/23/20108174.jpg,20 juin 2012,en salle,Comédie,Tout public,"Mémé is dead. Berthe n'est plus. Armand avait ""un peu"" oublié sa grand-mère… Pharmacien, il travaille avec sa femme Hélène à Chatou. Dans un tiroir de médicaments, Armand cache ses accessoires de magie car il prépare en secret un tour pour l'anniversaire de la fille… de son amante Alix. Et mémé dans tout ça ? On l'enterre ou on l'incinère ? Qui était Berthe ?",Bruno Podalydès,"Bruno Podalydès,Denis Podalydès","Valérie Lemercier,Denis Podalydès,Isabelle Candelier","3,9","2,3",France,UGC Distribution,5 nominations,2012,Long métrage,Français,659 955 entrées
La Prière,https://fr.web.img6.acsta.net/c_310_420/pictures/18/03/07/16/41/0253908.jpg,21 mars 2018,en salle,Drame,Tout public,"Après avoir failli mourir d'une overdose, Thomas, 22 ans, est envoyé en montagne, dans une communauté d'anciens toxicomanes qui comptent sur la prière et le travail pour s'en sortir. Mais Thomas trouve rapidement les règles trop strictes : pas de cigarettes, pas d'alcool, pas de filles. Un soir, après une énième algarade, il décide de s'enfuir. En ville, il rencontre Sybille, dont il tombe amoureux. La jeune femme l'encourage à retourner dans la communauté. Grâce à l'aide bienveillante de soeur Myriam, Thomas découvre peu à peu la foi. Mais il n'a pas oublié Sybille.",Cédric Kahn,"Cédric Kahn,Fanny Burdino","Anthony Bajon,Damien Chapelle,Alex Brendemühl","3,7","3,7",France,Le Pacte,2 prix et 2 nominations,2018,Long métrage,Français,223 486 entrées
Magic in the Moonlight,https://fr.web.img5.acsta.net/c_310_420/pictures/14/09/04/09/55/595346.jpg,22 octobre 2014,en salle,"Comédie,Romance",Tout public,"Le prestidigitateur chinois Wei Ling Soo est le plus célèbre magicien de son époque, mais rares sont ceux à savoir qu’il s’agit en réalité du nom de scène de Stanley Crawford : cet Anglais arrogant et grognon ne supporte pas les soi-disant médiums qui prétendent prédire l’avenir. Se laissant convaincre par son fidèle ami Howard Burkan, Stanley se rend chez les Catledge qui possèdent une somptueuse propriété sur la Côte d’Azur et se fait passer pour un homme d’affaires, du nom de Stanley Taplinger, dans le but de démasquer la jeune et ravissante Sophie Baker, une prétendue médium, qui y séjourne avec sa mère.",Woody Allen,Woody Allen,"Colin Firth,Emma Stone,Eileen Atkins","3,9","3,6",U.S.A.,TF1 Vidéo,1 nomination,2014,Long métrage,Anglais,1 060 193 entrées
Jersey Boys,https://fr.web.img4.acsta.net/c_310_420/pictures/14/05/26/16/30/147796.jpg,18 juin 2014,en salle,"Biopic,Musical",Tout public,"Quatre garçons du New Jersey, issus d'un milieu modeste, montent le groupe ""The Four Seasons"" qui deviendra mythique dans les années 60. Leurs épreuves et leurs triomphes sont ponctués par les tubes emblématiques de toute une génération qui sont repris aujourd'hui par les fans de la comédie musicale…",Clint Eastwood,"Rick Elice,Marshall Brickman","Christopher Walken,John Lloyd Young,Vincent Piazza","3,6","3,8",U.S.A.,Warner Bros. France,1 nomination,2014,Long métrage,Anglais,216 262 entrées
Dans les forêts de Sibérie,https://fr.web.img5.acsta.net/c_310_420/pictures/16/05/03/09/24/247857.jpg,15 juin 2016,en salle,Aventure,Tout public,"Pour assouvir un besoin de liberté, Teddy décide de partir loin du bruit du monde, et s’installe seul dans une cabane, sur les rives gelées du lac Baïkal.,Une nuit, perdu dans le blizzard, il est secouru par Aleksei, un Russe en cavale qui vit caché dans la forêt sibérienne depuis des années.,Entre ces deux hommes que tout oppose, l’amitié va naître aussi soudaine qu’essentielle.",Safy Nebbou,"Safy Nebbou,David Oelhoffen","Raphaël Personnaz,Evgueni Sidikhine","3,4","3,9",France,Paname Distribution,# prix,2016,Long métrage,"Français, Russe",262 648 entrées
Fruitvale Station,https://fr.web.img6.acsta.net/c_310_420/pictures/210/463/21046385_20131003113216288.jpg,1 janvier 2014,en salle,"Biopic,Drame",Tout public,"Le 1er janvier 2009 au matin, Oscar Grant, 22 ans, croise des agents de police dans la station de métro Fruitvale, San Francisco. Le film raconte les vingt quatre heures qui ont précédé cette rencontre.",Ryan Coogler,Ryan Coogler,"Michael B. Jordan,Melonie Diaz,Octavia Spencer","2,8","3,9",U.S.A.,ARP Sélection,5 prix et 4 nominations,2013,Long métrage,Anglais,37 467 entrées
Poupoupidou,https://fr.web.img4.acsta.net/c_310_420/medias/nmedia/18/79/87/66/19615749.jpg,12 janvier 2011,en salle,Policier,Tout public,"Il est parisien et l’auteur de polars à succès. Elle est l’effigie blonde du fromage Belle de Jura, la star de toute la Franche-Comté, persuadée qu’elle était, dans une autre vie, Marilyn Monroe... Quand ils vont se rencontrer à Mouthe, la ville la plus froide de France, lui est en panne totale d’inspiration et elle déjà morte. “Suicide probable aux somnifères” conclut la gendarmerie. David Rousseau n’y croit pas. En enquêtant sur le passé de Candice Lecoeur, il est sûr de tenir l’inspiration pour un nouveau roman...",Gérald Hustache-Mathieu,Gérald Hustache-Mathieu,"Jean-Paul Rouve,Sophie Quinton,Guillaume Gouix","3,4","3,5",France,Diaphana Distribution,1 prix et 8 nominations,2011,Long métrage,Français,188 361 entrées
God Bless America,https://fr.web.img4.acsta.net/c_310_420/medias/nmedia/18/86/03/52/20260405.jpg,10 octobre 2012,en salle,Comédie,Interdit - 12 ans,"Seul, sans boulot, gravement malade, Frank sombre dans la spirale infernale d’une Amérique déshumanisée et cruelle. N’ayant plus rien à perdre, il prend son flingue et assassine les personnes les plus viles et stupides qui croisent son chemin. Bientôt rejoint par Roxy, lycéenne révoltée et complice des plus improbables, c’est le début d’une équipée sauvage, sanglante et grandguignolesque sur les routes de la bêtise made in USA.",Bobcat Goldthwait,Bobcat Goldthwait,"Joel Murray,Tara Lynne Barr,Melinda Page Hamilton","3,1","4,0",U.S.A.,Potemkine Films,4 nominations,2011,Long métrage,Anglais,64 331 entrées
Promised Land,https://fr.web.img4.acsta.net/c_310_420/medias/nmedia/18/93/52/00/20360511.jpg,17 avril 2013,en salle,Drame,Tout public,"Steve Butler, représentant d’un grand groupe énergétique, se rend avec Sue Thomason dans une petite ville de campagne. Les deux collègues sont convaincus qu’à cause de la crise économique qui sévit, les habitants ne pourront pas refuser leur lucrative proposition de forer leurs terres pour exploiter les ressources énergétiques qu’elles renferment. Ce qui s’annonçait comme un jeu d’enfant va pourtant se compliquer lorsqu’un enseignant respecté critique le projet, soutenu par un activiste écologiste qui affronte Steve aussi bien sur le plan professionnel que personnel…",Gus Van Sant,"Matt Damon,John Krasinski","Matt Damon,Rosemarie DeWitt,Frances McDormand","3,3","3,6",U.S.A.,Mars Films,# prix,2013,Long métrage,Anglais,217 102 entrées
Blood Father,https://fr.web.img5.acsta.net/c_310_420/pictures/16/07/06/15/27/135010.jpg,31 août 2016,en salle,"Action,Thriller",Interdit - 12 ans,"John Link n’a rien d’un tendre : ex-motard, ex-alcoolique, ex-taulard, il a pourtant laissé tomber ses mauvaises habitudes et vit reclus dans sa caravane, loin de toute tentation.,C’est l’appel inattendu de sa fille Lydia, 17 ans, qui va lui faire revoir ses plans de se tenir tranquille…,Celle-ci débarque chez lui après des années d’absence, poursuivie par des narcotrafiquants suite à un braquage qui a mal tourné.,Lorsque les membres du cartel viennent frapper à la porte de John, ils sont loin de se douter à qui ils ont affaire…",Jean-François Richet,"Peter Craig,Andrea Berloff","Mel Gibson,Erin Moriarty,Diego Luna","3,1","2,9",France,SND,1 nomination,2016,Long métrage,"Anglais, Espagnol",200 136 entrées
La Villa,https://fr.web.img4.acsta.net/c_310_420/pictures/17/10/23/11/37/3867978.jpg,29 novembre 2017,en salle,Drame,Tout public,"Dans une calanque près de Marseille, au creux de l’hiver, Angèle, Joseph et Armand, se rassemblent autour de leur père vieillissant. C’est le moment pour eux de mesurer ce qu’ils ont conservé de l’idéal qu’il leur a transmis, du monde de fraternité qu’il avait bâti dans ce lieu magique, autour d’un restaurant ouvrier dont Armand, le fils ainé, continue de s’occuper. Lorsque de nouveaux arrivants venus de la mer vont bouleverser leurs réflexions…",Robert Guédiguian,"Robert Guédiguian,Serge Valletti","Ariane Ascaride,Jean-Pierre Darroussin,Gérard Meylan","4,1","3,3",France,Diaphana Distribution,5 nominations,2017,Long métrage,Français,552 273 entrées
Tonnerre,https://fr.web.img5.acsta.net/c_310_420/pictures/210/509/21050900_20131018160525073.jpg,29 janvier 2014,en salle,Comédie dramatique,Tout public,"Un rocker trop sentimental, une jeune femme indécise, un vieux père fantasque. Dans la petite ville de Tonnerre, les joies de l’amour ne durent qu’un temps. Une disparition aussi soudaine qu’inexpliquée et voici que la passion cède place à l’obsession.",Guillaume Brac,"Guillaume Brac,Hélène Ruault","Vincent Macaigne,Solène Rigot,Bernard Ménez","3,5","3,3",France,Wild Bunch Distribution,2 nominations,2013,Long métrage,Français,52 143 entrées
"Plaire, aimer et courir vite",https://fr.web.img4.acsta.net/c_310_420/pictures/18/04/20/14/19/2760065.jpg,10 mai 2018,en salle,Comédie dramatique,Tout public,"1990. Arthur a vingt ans et il est étudiant à Rennes. Sa vie bascule le jour où il rencontre Jacques, un écrivain qui habite à Paris avec son jeune fils. Le temps d’un été, Arthur et Jacques vont se plaire et s’aimer. Mais cet amour, Jacques sait qu’il faut le vivre vite.",Christophe Honoré,Christophe Honoré,"Vincent Lacoste,Pierre Deladonchamps,Denis Podalydès","4,2","3,6",France,Ad Vitam,1 prix et 3 nominations,2017,Long métrage,Français,206 293 entrées
Stronger,https://fr.web.img5.acsta.net/c_310_420/pictures/17/11/14/10/52/1758340.jpg,7 février 2018,en salle,"Biopic,Drame",Tout public,"En ce 15 avril 2013, Jeff Bauman est venu encourager Erin qui court le marathon : il espère bien reconquérir celle qui fut sa petite amie. Il l’attend près de la ligne d’arrivée quand une bombe explose. Il va perdre ses deux jambes dans l’attentat. Il va alors devoir endurer des mois de lutte pour espérer une guérison physique, psychologique et émotionnelle.",David Gordon Green,John Pollono,"Jake Gyllenhaal,Tatiana Maslany,Miranda Richardson","2,6","3,6",U.S.A.,Metropolitan FilmExport,1 nomination,2017,Long métrage,Anglais,12 251 entrées
Personal Shopper,https://fr.web.img6.acsta.net/c_310_420/pictures/16/11/08/11/17/166783.jpg,14 décembre 2016,en salle,"Fantastique,Thriller",Tout public,"Maureen, une jeune américaine à Paris, s’occupe de la garde-robe d’une célébrité.,C’est un travail qu’elle n’aime pas mais elle n’a pas trouvé mieux pour payer son séjour et attendre que se manifeste l’esprit de Lewis, son frère jumeau récemment disparu.,Elle se met alors à recevoir sur son portable d’étranges messages anonymes…,",Olivier Assayas,Olivier Assayas,"Kristen Stewart,Lars Eidinger,Sigrid Bouaziz","3,1","2,3",France,Les Films du Losange,# prix,2016,Long métrage,Anglais,90 741 entrées
Les Poings contre les murs,https://fr.web.img2.acsta.net/c_310_420/pictures/14/05/02/14/59/468986.jpg,4 juin 2014,en salle,Drame,Interdit - 12 ans avec avertissement,"Eric est un jeune délinquant violent prématurément jeté dans le monde sinistre d’une prison pour adultes. Alors qu’il lutte pour s’affirmer face aux surveillants et aux autres détenus, il doit également se mesurer à son propre père, Nev, un homme qui a passé la majeure partie de sa vie derrière les barreaux. Eric, avec d’autres prisonniers, apprend à vaincre sa rage et découvre de nouvelles règles de survie, mais certaines forces sont à l’œuvre et menacent de le détruire..",David Mackenzie,Jonathan Asser,"Jack O'Connell,Rupert Friend,Ben Mendelsohn","3,8","4,0",Grande-Bretagne,Wild Side Films / Le Pacte,# prix,2013,Long métrage,Anglais,88 496 entrées
Le Grinch,https://fr.web.img4.acsta.net/c_310_420/pictures/18/10/12/14/23/1669146.jpg,28 novembre 2018,en salle,"Animation,Famille",Tout public,"Chaque année à Noël, les Chous viennent perturber la tranquillité solitaire du Grinch avec des célébrations toujours plus grandioses, brillantes et bruyantes. Quand les Chous déclarent qu’ils vont célébrer Noël trois fois plus fort cette année, le Grinch réalise qu’il n’a plus qu’une solution pour retrouver la paix et la tranquillité: il doit voler Noël.","Scott Mosier,Yarrow Cheney","Michael LeSieur,Tommy Swerdlow","Laurent Lafitte,Benedict Cumberbatch,Lior Chabbat","3,1","3,4",U.S.A.,Universal Pictures International France,1 nomination,2018,Long métrage,Anglais,2 362 574 entrées
Irréprochable,https://fr.web.img3.acsta.net/c_310_420/pictures/16/06/13/16/54/002350.jpg,6 juillet 2016,en salle,Thriller,Tout public,"Sans emploi depuis un an, Constance revient dans sa ville natale quand elle apprend qu’un poste se libère dans l’agence immobilière où elle a démarré sa carrière, mais son ancien patron lui préfère une autre candidate plus jeune. Constance est alors prête à tout pour récupérer la place qu’elle estime être la sienne.",Sébastien Marnier,Sébastien Marnier,"Marina Foïs,Jérémie Elkaïm,Joséphine Japy","3,7","3,4",France,Memento,1 nomination,2015,Long métrage,Français,164 330 entrées
L'Odeur de la mandarine,https://fr.web.img6.acsta.net/c_310_420/pictures/15/06/04/14/20/106994.jpg,30 septembre 2015,en salle,Drame,Tout public,"Eté 1918. La guerre fait rage pour quelques mois encore, mais pour Charles et Angèle, elle est déjà finie. Lui, officier de cavalerie y a laissé une jambe. Elle, son infirmière à domicile, vient de perdre au front son grand amour, le père de sa petite fille. Unis par le besoin de se reconstruire, ils nouent une complicité joyeuse qui les ramène à la vie. Sur l'insistance de Charles, Angèle accepte un mariage de raison. Il leur faudra entrer en guerre, contre eux-mêmes et contre l'autre avant d'accepter l'évidence de la passion qui les lie malgré eux…",Gilles Legrand,Guillaume Laurant,"Olivier Gourmet,Georgia Scalliet,Dimitri Storoge","3,5","3,7",France,Metropolitan FilmExport,3 nominations,2014,Long métrage,Français,125 148 entrées
Indian Palace,https://fr.web.img5.acsta.net/c_310_420/medias/nmedia/18/88/85/14/20027434.jpg,9 mai 2012,en salle,Comédie dramatique,Tout public,"L'Angleterre n’est plus faite pour les seniors, même la retraite se délocalise ! Plusieurs retraités britanniques coupent toutes leurs attaches et partent s’établir en Inde, dans ce qu’ils croient être un palace au meilleur prix. Bien moins luxueux que la publicité ne le laissait entendre, cet hôtel délabré au charme indéfinissable va bouleverser leurs vies de façon inattendue.",John Madden,Ol Parker,"Judi Dench,Tom Wilkinson,Maggie Smith","3,1","3,8",Grande-Bretagne,Twentieth Century Fox France,7 nominations,2011,Long métrage,Anglais,298 482 entrées
The American,https://fr.web.img6.acsta.net/c_310_420/medias/nmedia/18/74/29/91/19476863.jpg,27 octobre 2010,en salle,"Drame,Thriller",Tout public,"Jack est un tueur à gages habile et expérimenté. Toujours en alerte, il n’a aucune attache. Quand une mission tourne mal et lui coûte la vie de la femme qu’il aime, il se fait la promesse que son prochain contrat sera le dernier.,Cette ultime mission le conduit dans un pittoresque village italien niché dans de hautes collines. Mais pour Jack, chaque lieu peut se révéler un piège et chaque personne une menace. Toutefois, il prend goût aux confidences échangées autour d’un armagnac avec le prêtre du village, et se laisse entraîner dans une liaison avec une belle Italienne. Mais en baissant la garde, Jack prend peut-être des risques.,Une menace semble se rapprocher, et la mystérieuse femme qui l’a engagé n’est peut-être pas ce qu’elle prétend. Alors que Jack, de plus en plus méfiant, envisage de vivre, aimer et mourir en Italie, la tension monte jusqu’à la confrontation ultime, dans le dédale des ruelles escarpées du village.",Anton Corbijn,Rowan Joffe,"George Clooney,Thekla Reuten,Bruce Altman","3,4","2,0",U.S.A.,Mars Films,3 nominations,2010,Long métrage,"Anglais, Italien",456 943 entrées
Les Éternels (Ash is purest white),https://fr.web.img3.acsta.net/c_310_420/pictures/19/01/16/09/43/1763808.jpg,27 février 2019,en salle,"Drame,Romance",Tout public,"En 2001, la jeune Qiao est amoureuse de Bin, petit chef de la pègre locale de Datong.,Alors que Bin est attaqué par une bande rivale, Qiao prend sa défense et tire plusieurs coups de feu. Elle est condamnée à cinq ans de prison.,A sa sortie, Qiao part à la recherche de Bin et tente de renouer avec lui. Mais il refuse de la suivre.,Dix ans plus tard, à Datong, Qiao est célibataire, elle a réussi sa vie en restant fidèle aux valeurs de la pègre.,Bin, usé par les épreuves, revient pour retrouver Qiao, la seule personne qu’il ait jamais aimée…",Jia Zhangke,Jia Zhangke,"Zhao Tao,Liao Fan,Xu Zheng","4,0","3,6",Chine,Ad Vitam,1 nomination,2018,Long métrage,"Chinois, Mandarin",136 766 entrées
Les Ardennes,https://fr.web.img4.acsta.net/c_310_420/pictures/16/01/27/12/25/372263.jpg,13 avril 2016,en salle,"Policier,Thriller",Interdit - 12 ans,"Un cambriolage tourne mal. Dave arrive à s’enfuir mais laisse son frère Kenneth derrière lui. Quatre ans plus tard, à sa sortie de prison, Kenneth, au tempérament violent, souhaite reprendre sa vie là où il l’avait laissée et est plus que jamais déterminé à reconquérir sa petite amie Sylvie.,Ce qu’il ne sait pas, c’est qu’entre-temps, Dave et Sylvie sont tombés amoureux et mènent désormais une vie rangée ensemble.,Avouer la vérité à Kenneth pourrait tourner au règlement de compte…",Robin Pront,"Jeroen Perceval,Robin Pront","Veerle Baetens,Jeroen Perceval,Kevin Janssens","3,8","3,7",Belgique,Diaphana Distribution,# prix,2015,Long métrage,"Néerlandais, Français",40 376 entrées
"Thelma, Louise et Chantal",https://fr.web.img6.acsta.net/c_310_420/medias/nmedia/18/67/28/14/19240931.jpg,3 mars 2010,en salle,Comédie,Tout public,"Chantal, Gabrielle et Nelly se rendent au mariage d'un ex à la Rochelle. Elles décident de faire le trajet ensemble. Au cours de cette virée pleine de péripéties, les trois femmes partageront coups de coeur, coups de gueule et coups de blues de la cinquantaine, tour à tour drôles, fragiles et émouvants.",Benoît Pétré,Benoît Pétré,"Jane Birkin,Caroline Cellier,Catherine Jacob","2,5","2,4",France,La Fabrique 2,1 prix et 2 nominations,2010,Long métrage,Français,229 814 entrées
Jeanne,https://fr.web.img6.acsta.net/c_310_420/pictures/19/07/05/14/00/1045499.jpg,11 septembre 2019,en salle,"Drame,Historique",Tout public,"Année 1429. La Guerre de Cent Ans fait rage. Jeanne, investie d’une mission guerrière et spirituelle, délivre la ville d’Orléans et remet le Dauphin sur le trône de France. Elle part ensuite livrer bataille à Paris où elle subit sa première défaite.,Emprisonnée à Compiègne par les Bourguignons, elle est livrée aux Anglais.,S’ouvre alors son procès à Rouen, mené par Pierre Cauchon qui cherche à lui ôter toute crédibilité.,Fidèle à sa mission et refusant de reconnaître les accusations de sorcellerie diligentées contre elle, Jeanne est condamnée au bûcher pour hérésie.",Bruno Dumont,Bruno Dumont,"Lise Leplat Prudhomme,Fabrice Luchini,Jean-François Causeret","3,9","2,2",France,Les Films du Losange,1 prix et 4 nominations,2019,Long métrage,Français,40 698 entrées
Sage Femme,https://fr.web.img4.acsta.net/c_310_420/pictures/17/02/10/15/19/165083.jpg,22 mars 2017,en salle,Comédie dramatique,Tout public,"Claire est la droiture même. Sage-femme, elle a voué sa vie aux autres. Déjà préoccupée par la fermeture prochaine de sa maternité, elle voit sa vie bouleversée par le retour de Béatrice, ancienne maîtresse de son père disparu, femme fantasque et égoïste, son exacte opposée.",Martin Provost,Martin Provost,"Catherine Frot,Catherine Deneuve,Olivier Gourmet","3,6","3,3",France,Memento,1 prix et 1 nomination,2017,Long métrage,Français,700 106 entrées
Dans un recoin de ce monde,https://fr.web.img3.acsta.net/c_310_420/pictures/17/08/04/14/18/340776.jpg,6 septembre 2017,en salle,"Animation,Drame,Historique",Tout public,"La jeune Suzu quitte Hiroshima en 1944, à l'occasion de son mariage, pour vivre dans la famille de son mari à Kure, un port militaire. La guerre rend le quotidien de plus en plus difficile, malgré cela, la jeune femme cultive la joie et l'art de vivre. Mais en 1945, un bombardement va éprouver son courage.",Sunao Katabuchi,Sunao Katabuchi,"Kaycie Chase, Non,Yoshimasa Hosoya","4,3","4,2",Japon,Septième Factory,1 prix et 1 nomination,2016,Long métrage,Japonais,46 811 entrées
Happy Few,https://fr.web.img3.acsta.net/c_310_420/medias/nmedia/18/78/84/61/19491752.jpg,15 septembre 2010,en salle,"Drame,Erotique,Romance",Tout public,"Rachel travaille dans une boutique de bijoux. Lorsqu’elle rencontre Vincent à l’atelier, elle est séduite par son franc-parler et décide d’organiser un dîner avec leurs conjoints respectifs, Franck et Teri. Les deux couples ont à peine le temps de devenir amis qu’ils tombent presque aussitôt amoureux. Sans l’avoir cherché, spontanément, les nouveaux amants deviennent inséparables. Ils avancent à l’aveugle dans leur passion, sans règles et sans mensonges. Ils gardent le secret devant les enfants et tout continue, presque comme avant. Mais ce qui les lie les uns aux autres est tellement fort que la confusion s’installe. Les sentiments s’emmêlent et les questions sont de plus en plus cruelles.",Antony Cordier,"Antony Cordier,Julie Peyr","Marina Foïs,Nicolas Duvauchelle,Roschdy Zem","2,8","2,2",France,Le Pacte,6 nominations,2010,Long métrage,"Anglais, Français",90 676 entrées
"Titeuf, le film (3D)",https://fr.web.img2.acsta.net/c_310_420/medias/nmedia/18/83/47/93/19693045.jpg,6 avril 2011,en salle,"Animation,Comédie",Tout public,"Catastrophe ! Nadia fête son anniversaire et Titeuf n’est pas invité ! Pourquoi ? Comment a-t-elle pu l’oublier alors qu’il soigne son attitude over-séductive à chaque fois qu’il la croise ? Mais un séisme plus important encore va secouer la vie de Titeuf et la faire basculer dans le chaos car décidément les adultes, une fois de plus, sont vraiment trop nuls… Titeuf, pareil à lui-même, va tenter de comprendre ce qui lui arrive et va multiplier les stratagèmes désastreux pour réparer sa vie… tout en ne perdant pas de vue son objectif : être invité à l’anniversaire de Nadia !",Zep,Zep,"Donald Reignoux,Maria Pacôme,Jean Rochefort","3,4","2,9",France,Pathé Films,2 nominations,2010,Long métrage,Français,1 238 725 entrées
Le Gang des Antillais,https://fr.web.img6.acsta.net/c_310_420/pictures/16/09/27/10/06/331430.jpg,30 novembre 2016,en salle,Thriller,Tout public,"Dans les années 70, le BUMIDOM promettait de favoriser l’insertion en métropole des français des DOM-TOM. Jimmy Larivière, arrivé à Paris pour refaire sa vie, ne parvient pas à trouver sa place dans la société. Sa rencontre avec un groupe de trois jeunes Antillais va l’entraîner dans une série de braquages retentissants.",Jean-Claude Barny,"Jean-Claude Barny,Thomas Cheysson","Djedje Apali,Eriq Ebouaney,Adama Niane","2,6","2,6",France,Happiness Distribution,# prix,2016,Long métrage,Français,28 455 entrées
La Loi de La Jungle,https://fr.web.img6.acsta.net/c_310_420/pictures/16/05/06/09/47/190515.jpg,15 juin 2016,en salle,Comédie,Tout public,"Marc Châtaigne, stagiaire au Ministère de la Norme, est envoyé en Guyane pour la mise aux normes européennes du chantier GUYANEIGE : première piste de ski indoor d’Amazonie destinée à relancer le tourisme en Guyane. De mésaventure en mésaventure, on lui affuble un coéquipier. Pas de chance c’est une pin-up. Pire : elle a du caractère.",Antonin Peretjatko,"Antonin Peretjatko,Frédéric Ciriez","Vincent Macaigne,Vimala Pons,Pascal Légitimus","3,6","2,9",France,Haut et Court,# prix,2015,Long métrage,Français,103 346 entrées
11.6,https://fr.web.img6.acsta.net/c_310_420/medias/nmedia/18/96/53/93/20474066.jpg,3 avril 2013,en salle,Thriller,Tout public,"Toni Musulin est convoyeur de fonds depuis dix ans. Le 5 novembre 2009, à 10 heures du matin, il appuie doucement sur l’accélérateur de son fourgon blindé. À l’arrière de son véhicule, 11.6 millions d’euros…",Philippe Godeau,"Agnès De Sacy,Philippe Godeau","François Cluzet,Bouli Lanners,Corinne Masiero","3,1","2,6",France,Wild Bunch Distribution,1 nomination,2013,Long métrage,Français,321 356 entrées
Fête de famille,https://fr.web.img4.acsta.net/c_310_420/pictures/19/07/03/10/34/0271822.jpg,4 septembre 2019,en salle,"Comédie,Drame",Tout public,"""Aujourd’hui c'est mon anniversaire et j'aimerais qu'on ne parle que de choses joyeuses."",Andréa ne sait pas encore que l'arrivée « surprise » de sa fille aînée, Claire, disparue depuis 3 ans et bien décidée à reprendre ce qui lui est dû, va bouleverser le programme et déclencher une tempête familiale.",Cédric Kahn,"Cédric Kahn,Fanny Burdino","Catherine Deneuve,Emmanuelle Bercot,Vincent Macaigne","3,3","2,7",France,Le Pacte,1 nomination,2019,Long métrage,Français,326 169 entrées
Mon ninja et moi,https://fr.web.img5.acsta.net/c_310_420/pictures/20/05/04/09/18/1036732.jpg,15 juillet 2020,en salle,"Aventure,Animation,Comédie",Tout public,"Le jeune Alex, élève en classe de 5ème, vit dans une famille recomposée. Pour son anniversaire, il reçoit de la part de son oncle excentrique, de retour de Thaïlande, une poupée Ninja vêtue d’un étrange tissu à carreaux. Alex découvre que le jouet s’anime et qu’il parle !,Le Ninja propose à Alex un pacte secret : il l’aide à devenir plus fort pour affronter ses peurs et ne pas se laisser intimider à la maison comme à l’école. En échange, Alex doit l’aider à accomplir une mystérieuse mission… Cette alliance faite d’amitié, de courage et d’humour transformera pour toujours ces deux improbables compagnons.","Anders Matthesen,Thorbjørn Christoffersen",Anders Matthesen,"Stéphane Ronchewski,Anders Matthesen,Adeline Chetail","3,7","2,5",Danemark,Alba Films,1 nomination,2018,Long métrage,Danois,172 384 entrées
Mords-moi sans hésitation,https://fr.web.img2.acsta.net/c_310_420/medias/nmedia/18/78/72/48/19535996.jpg,24 novembre 2010,en salle,Comédie,Tout public,"est une parodie mordante et saignante de tous les films pour ados que l’on a pu voir sur les écrans ces dernières années, un hilarant jeu de massacre qui n’épargne ni les amours adolescentes ni les angoisses des jeunes...,Le cœur de Becca est écartelé entre deux garçons ; l’un, mystérieux, ténébreux et trop pâle pour être en bonne santé, et l’autre équilibré et gentil qui lui fait penser à « un petit frère gay ». Dans sa quête amoureuse pour les départager, Becca va devoir affronter un dîner de famille (sans en devenir elle-même le plat principal), et échapper à un groupe de vampires aux allures de Black Eyed Peas qui aimeraient eux aussi la déguster !,Comme si ses difficultés sentimentales (et gastronomiques) ne suffisaient pas, Becca doit aussi compter avec un paternel obsédé du contrôle, qui la voit encore comme une petite fille et insiste pour la transporter partout dans un porte-bébé…,Le bal de fin d’année approche, et Becca va devoir faire des choix difficiles. Heureusement, pour l’aider, elle trouvera pas mal de monde, d’Alice (venue d’un mystérieux Pays des merveilles) à Lady GaGa !","Jason Friedberg,Aaron Seltzer","Jason Friedberg,Aaron Seltzer","Jenn Proske,Matt Lanter,Ken Jeong","1,6","1,6",U.S.A.,Twentieth Century Fox France,4 nominations,2010,Long métrage,"Anglais, Allemand",200 514 entrées
Le Mytho - Just Go With It,https://fr.web.img4.acsta.net/c_310_420/medias/nmedia/18/82/26/27/19639330.jpg,23 mars 2011,en salle,"Comédie,Romance",Tout public,"Pour rester libre et éviter toute forme d’engagement, Danny a toujours prétendu être marié. Mais voilà qu’il tombe amoureux… Désirant se libérer de ce mensonge devenu trop encombrant, il demande à sa fidèle assistante, Katherine, de se faire passer pour son ex-femme. Le problème, c’est qu’à force d’empiler les bobards, Danny ne va pas pouvoir se contenter d’en rester là, et ce sont bientôt les enfants de son assistante qui se retrouvent à faire semblant d’être les siens…,L’engrenage infernal est lancé et la situation va vite devenir intenable, d’autant que tout ce petit monde se retrouve pour un week-end mouvementé à Hawaï…",Dennis Dugan,"Allan Loeb,Tim Dowling","Adam Sandler,Jennifer Aniston,Brooklyn Decker","1,9","2,8",U.S.A.,Sony Pictures Releasing France,2 prix et 5 nominations,2011,Long métrage,Anglais,250 499 entrées
Le Complexe du Castor,https://fr.web.img5.acsta.net/c_310_420/medias/nmedia/18/83/67/46/19723462.jpg,25 mai 2011,en salle,Drame,Tout public,"La vie de Walter n’est plus ce qu’elle était. Déprimé, vivant au ralenti, il s’éloigne de sa famille et de ses proches. Sa femme finit par le chasser de la maison pour le bien de leurs enfants. Touchant le fond, il s’accroche malgré lui à une marionnette de castor trouvée un soir par hasard. Par jeu ou par désespoir, il utilise cette marionnette pour extérioriser toutes les choses qu’il n’ose pas dire à sa famille et ses collègues. La marionnette devient alors comme une nouvelle personnalité, un nouveau Walter, plus positif et sûr de lui. Rapidement il reprend le contrôle de sa vie mais découvre peu à peu qu’il ne peut plus vivre sans son castor. Parviendra-t-il à se débarrasser de lui ?",Jodie Foster,Kyle Killen,"Mel Gibson,Jodie Foster,Anton Yelchin","3,2","3,5",U.S.A.,SND,1 nomination,2011,Long métrage,Anglais,188 966 entrées
Le Poulain,https://fr.web.img3.acsta.net/c_310_420/pictures/18/07/30/10/22/1892308.jpg,19 septembre 2018,en salle,Comédie,Tout public,"Arnaud Jaurès, 25 ans, novice en politique, intègre par un concours de circonstances l’équipe de campagne d’un candidat à l’élection présidentielle. Il devient l’assistant de Agnès Karadzic, directrice de la communication, une femme de pouvoir et d’expérience qui l’attire et le fascine.,Sans l’épargner, elle l’initie aux tactiques de campagne, et à ses côtés il observe les coups de théâtre et les rivalités au sein de l’équipe, abandonnant peu à peu sa naïveté pour gravir les échelons, jusqu’à un poste très stratégique.",Mathieu Sapin,"Mathieu Sapin,Noé Debré","Alexandra Lamy,Finnegan Oldfield,Gilles Cohen","3,2","2,5",France,Bac Films,1 nomination,2017,Long métrage,Français,150 519 entrées
Le Redoutable,https://fr.web.img3.acsta.net/c_310_420/pictures/17/07/28/10/00/052385.jpg,13 septembre 2017,en salle,"Biopic,Comédie",Tout public,"Paris 1967. Jean-Luc Godard, le cinéaste le plus en vue de sa génération, tourne La Chinoise avec la femme qu'il aime, Anne Wiazemsky, de 20 ans sa cadette. Ils sont heureux, amoureux, séduisants, ils se marient. Mais la réception du film à sa sortie enclenche chez Jean-Luc une remise en question profonde.,Mai 68 va amplifier le processus, et la crise que traverse Jean-Luc va le transformer profondément passant de cinéaste star en artiste maoiste hors système aussi incompris qu'incompréhensible.,",Michel Hazanavicius,Michel Hazanavicius,"Louis Garrel,Stacy Martin,Bérénice Bejo","3,5","3,4",France,StudioCanal,9 nominations,2017,Long métrage,Français,135 394 entrées
Pour une femme,https://fr.web.img5.acsta.net/c_310_420/pictures/210/074/21007439_20130522104420991.jpg,3 juillet 2013,en salle,"Drame,Romance",Tout public,"A la mort de sa mère, Anne fait une découverte qui la bouleverse : une photo ancienne va semer le doute sur ses origines et lui faire découvrir l'existence d'un oncle mystérieux que ses parents ont accueilli après la guerre. En levant le voile sur un secret de famille, la jeune femme va comprendre que sa mère a connu un grand amour, aussi fulgurant qu'éphémère…",Diane Kurys,Diane Kurys,"Benoît Magimel,Mélanie Thierry,Nicolas Duvauchelle","3,2","3,6",France,EuropaCorp Distribution,1 nomination,2013,Long métrage,Français,194 140 entrées
La Vérité si je mens ! Les débuts,https://fr.web.img3.acsta.net/c_310_420/pictures/19/07/25/12/43/4571673.jpg,16 octobre 2019,en salle,Comédie,Tout public,"Au début des années 80, Patrick, fils à papa désinvolte, va, après son premier échec amoureux, se transformer en talentueux entrepreneur. Dov, dont la mère attend de brillantes études, quitte le lycée pour travailler dans le Sentier tout en séduisant la femme de son patron. Yvan prend de l’assurance au fil des épreuves professionnelles. Et Serge ne cesse d’inventer des bobards pour séduire la plus belle fille du lycée et embrouiller ses parents sur son bac.","Michel Munz,Gérard Bitton","Gérard Bitton,Michel Munz","Yohan Manca,Mickael Lumière,Anton Csaszar","2,4","2,0",France,UGC Distribution,1 nomination,2018,Long métrage,Français,193 815 entrées
Peppermint,https://fr.web.img4.acsta.net/c_310_420/pictures/18/07/03/10/24/4874391.jpg,12 septembre 2018,en salle,"Action,Thriller",Interdit - 12 ans,"Riley North est une jeune mère de famille dont le mari et la petite fille viennent d’être assassinés par un gang. Face à système judiciaire corrompu qui remet en liberté les meurtriers qu’elle avait pourtant formellement identifiés, Riley décide de prendre les armes pour faire payer tous ceux qui, de prêt ou de loin, sont impliqués.",Pierre Morel,Chad St. John,"Jennifer Garner,John Ortiz,John Gallagher Jr.","2,8","3,4",U.S.A.,Metropolitan FilmExport,2 nominations,2018,Long métrage,Anglais,190 342 entrées
Adopte Un Veuf,https://fr.web.img6.acsta.net/c_310_420/pictures/16/02/03/15/42/437384.jpg,20 avril 2016,en salle,Comédie,Tout public,"Lorsqu’on est veuf depuis peu, il est difficile de s'habituer à sa nouvelle vie... C’est le cas d’Hubert Jacquin, qui passe le plus clair de son temps dans son immense appartement à déprimer devant sa télé. Un beau jour, suite à un quiproquo, sa vie va être bouleversée.,Manuela, une jeune et pétillante baroudeuse à la recherche d’un logement s’invite chez lui ! D’abord réticent, Hubert va vite s’habituer à la présence de cette tempête d’énergie, qui parvient même à le convaincre de loger deux autres personnes. Entre les errements de Paul-Gérard que sa femme a quitté et les gardes à l'hôpital de Marion la jeune infirmière un peu coincée, la vie en colocation va réserver à Hubert de nombreuses surprises…",François Desagnat,"Jérôme Corcos,Catherine Diament","André Dussollier,Bérengère Krief,Arnaud Ducret","2,9","3,6",France,SND,# prix,2016,Long métrage,Français,1 078 354 entrées
La Conquête,https://fr.web.img6.acsta.net/c_310_420/medias/nmedia/18/82/74/16/19725453.jpg,18 mai 2011,en salle,"Biopic,Comédie dramatique",Tout public,"6 mai 2007, second tour de l'élection présidentielle. Alors que les Français s’apprêtent à élire leur nouveau Président, Nicolas Sarkozy, sûr de sa victoire, reste cloîtré chez lui, en peignoir, sombre et abattu. Toute la journée, il cherche à joindre Cécilia qui le fuit. Les cinq années qui viennent de s'écouler défilent: elles racontent l'irrésistible ascension de Sarkozy, semée de coups tordus, de coups de gueule et d'affrontements en coulisse. La conquête : L'histoire d'un homme qui gagne le pouvoir et perd sa femme.",Xavier Durringer,Patrick Rotman,"Denis Podalydès,Florence Pernel,Bernard Le Coq","2,6","2,9",France,Gaumont Distribution,3 nominations,2011,Long métrage,Français,716 034 entrées
L'Aventure des Marguerite,https://fr.web.img5.acsta.net/c_310_420/pictures/20/06/10/17/12/3340450.jpg,14 juillet 2020,en salle,"Comédie,Famille",Tout public,"Marguerite et Margot ont toutes les deux douze ans, avec chacune sa famille, ses copains, ses problèmes... Et son époque. Car l’une vit en 1942 et l’autre en 2018. Mais c’est sans compter sur une mystérieuse malle magique qui les transporte chacune dans l’époque de l’autre. Margot et Marguerite ont un autre point commun : leur père n’est plus là, disparu en pleine 2ème Guerre Mondiale ou n’habitant plus à la maison. À 70 ans d’écart, elles se lancent dans une grande aventure pour retrouver leurs présents, explorant l’Histoire, mais aussi la mémoire de leurs familles.",Pierre Coré,"Stéphane Kazandjian,Pierre Coré","Lila Gueneau,Alice Pol,Clovis Cornillac","3,1","2,8",France,Pathé / Orange Studio,1 nomination,2018,Long métrage,Français,230 637 entrées
"Into the Woods, Promenons-nous dans les bois",https://fr.web.img6.acsta.net/c_310_420/pictures/14/11/27/09/59/465226.jpg,28 janvier 2015,en salle,"Aventure,Fantastique,Comédie musicale",Tout public,"Les intrigues de plusieurs contes de fées bien connues se croisent afin d’explorer les désirs, les rêves et les quêtes de tous les personnages. Cendrillon, le Petit Chaperon rouge, Jack et le haricot magique et Raiponce, tous sont réunis dans un récit où interviennent également un boulanger et sa femme qui espèrent fonder une famille, mais à qui une sorcière a jeté un mauvais sort…",Rob Marshall,James Lapine,"Meryl Streep,James Corden,Emily Blunt","2,9","2,3",U.S.A.,The Walt Disney Company France,9 nominations,2014,Long métrage,Anglais,204 614 entrées
"Il était une fois, une fois",https://fr.web.img3.acsta.net/c_310_420/medias/nmedia/18/86/89/63/19998020.jpg,15 février 2012,en salle,Comédie,Tout public,"Willy Vanderbrook, brillant Franco-belge devenu citoyen du monde, est sollicité pour un poste de concierge dans un grand palace parisien. Il est accueilli par un ami d’enfance, Serge Luyperts, limonadier désabusé qui héberge son ex-beau frère, Frank Vrut, indépendantiste Wallon gentiment psychopathe. La candidature de Willy - recalé pour délit de belgitude - va le contraindre, lui et ses compatriotes, à une imposture absurde et ""royalement"" revancharde...,En se faisant passer pour l’héritier de la couronne belge, Willy et sa bande déclenchent une série de joyeux débordements dans le cinq étoiles qui attire rapidement l’attention de Jessica, une intrigante professionnelle. Mais, pensant séduire le futur ""roi des belges"", elle va se frotter à plus fort qu’elle.,Ce détonateur burlesque entraîne alors le trio ""made in plat pays"" dans une escroquerie aussi conséquente qu'hasardeuse.",Christian Merret-Palmair,"Matthieu Delaporte,Alexandre De La Patellière","François-Xavier Demaison,Anne Marivin,Charlie Dupont","2,0","1,9",France,UGC Distribution,1 nomination,2011,Long métrage,Français,137 573 entrées
La Révolution silencieuse,https://fr.web.img4.acsta.net/c_310_420/pictures/18/03/26/11/25/3230364.jpg,2 mai 2018,en salle,Drame,Tout public,"Allemagne de l'est, 1956. Kurt, Theo et Lena ont 18 ans et s'apprêtent à passer le bac. Avec leurs camarades, ils décident de faire une minute de silence en classe, en hommage aux révolutionnaires hongrois durement réprimés par l'armée soviétique. Cette minute de silence devient une affaire d'Etat. Elle fera basculer leurs vies. Face à un gouvernement est-allemand déterminé à identifier et punir les responsables, les 19 élèves de Stalinstadt devront affronter toutes les menaces et rester solidaires.",Lars Kraume,Lars Kraume,"Leonard Scheicher,Tom Gramenz,Lena Klenke","3,3","4,2",Allemagne,Pyramide Distribution,# prix,2018,Long métrage,Allemand,142 504 entrées
La Légende de Kaspar Hauser,https://fr.web.img2.acsta.net/c_310_420/pictures/210/181/21018126_20130708111443528.png,11 septembre 2013,en salle,"Comédie,Drame",Tout public,"Une île rocailleuse baignée de soleil, époque indéfinie, un ailleurs. Un corps s’échoue sur la plage. C'est celui de Kaspar Hauser, le prince héritier mystérieusement volatilisé à l'enfance. Ce corps réanimé qui refait surface semble avoir perdu l'esprit. Son apparition trouble la routine insulaire. Qui est Kaspar Hauser ? Un souverain, un idiot, un imposteur ? Inquiète, la Grande Duchesse de l’île appelle à la rescousse son amant, Pusher, dealer et tueur à gage. Inconscient de la menace qui pèse sur lui, l'étrange garçon apprend la vie auprès du Shérif... un ancien DJ qui voit en lui le nouveau Messie.",Davide Manuli,Davide Manuli,"Vincent Gallo,Silvia Calderoni,Elisa Sednaoui","2,5","2,8",Italie,Les Films à un dollar,1 nomination,2011,Long métrage,"Anglais, Français, Italien",3 090 entrées
Fahim,https://fr.web.img6.acsta.net/c_310_420/pictures/19/09/19/15/15/5900513.jpg,16 octobre 2019,en salle,"Biopic,Comédie,Drame",Tout public,"Forcé de fuir son Bangladesh natal, le jeune Fahim et son père quittent le reste de la famille pour Paris. Dès leur arrivée, ils entament un véritable parcours du combattant pour obtenir l’asile politique, avec la menace d’être expulsés à tout moment. Grâce à son don pour les échecs, Fahim rencontre Sylvain, l’un des meilleurs entraîneurs d’échecs de France. Entre méfiance et attirance, ils vont apprendre à se connaître et se lier d’amitié. Alors que le Championnat de France commence, la menace d’expulsion se fait pressante et Fahim n’a plus qu’une seule chance pour s’en sortir : être Champion de France.",Pierre-François Martin-Laval,"Pierre-François Martin-Laval,Philippe Elno","Assad Ahmed,Gérard Depardieu,Isabelle Nanty","3,4","3,2",France,Wild Bunch Distribution,1 nomination,2019,Long métrage,"Bengali, Français",217 513 entrées
Une année polaire,https://fr.web.img2.acsta.net/c_310_420/pictures/18/05/04/16/01/1879045.jpg,30 mai 2018,en salle,"Aventure,Comédie,Drame",Tout public,"Pour son premier poste d’instituteur, Anders choisit l’aventure et les grands espaces: il part enseigner au Groenland, à Tiniteqilaaq, un hameau inuit de 80 habitants. Dans ce village isolé du reste du monde, la vie est rude, plus rude que ce qu’Anders imaginait. Pour s’intégrer, loin des repères de son Danemark natal, il va devoir apprendre à connaître cette communauté et ses coutumes.",Samuel Collardey,"Samuel Collardey,Catherine Paillé","Anders Hvidegaard,Asser Boassen,Thomasine Jonathansen","3,5","3,7",France,Ad Vitam,# prix,2017,Long métrage,"Danois, Inuktitut",85 819 entrées
La Nuit venue,https://fr.web.img4.acsta.net/c_310_420/pictures/20/06/03/10/55/1114603.jpg,15 juillet 2020,en salle,Drame,Tout public,"Paris 2018. Jin, jeune immigré sans papiers, est un chauffeur de VTC soumis à la mafia chinoise depuis son arrivée en France, il y a cinq ans. Cet ancien DJ, passionné d'électro, est sur le point de solder ""sa dette"" en multipliant les heures de conduite. Une nuit, au sortir d'une boîte, une troublante jeune femme, Naomi, monte à bord de sa berline. Intriguée par Jin et entêtée par sa musique, elle lui propose d'être son chauffeur attitré pour ses virées nocturnes. Au fil de leurs courses dans la ville interlope, une histoire naît entre ces deux noctambules solitaires et pousse Jin à enfreindre les règles du milieu.",Frédéric Farrucci,"Benjamin Charbit,Frédéric Farrucci","Guang Huo,Camélia Jordana,Xun Liang","3,4","3,1",France,Jour2fête,4 prix et 4 nominations,2019,Long métrage,Français,23 063 entrées
L'Ordre et la morale,https://fr.web.img5.acsta.net/c_310_420/medias/nmedia/18/79/42/69/19821550.jpg,16 novembre 2011,en salle,"Action,Drame,Historique",Tout public,"Avril 1988, Île d'Ouvéa, Nouvelle-Calédonie.,30 gendarmes retenus en otage par un groupe d'indépendantistes Kanak.,300 militaires envoyés depuis la France pour rétablir l'ordre.,2 hommes face à face : Philippe Legorjus, capitaine du GIGN et Alphonse Dianou, chef des preneurs d’otages.,À travers des valeurs communes, ils vont tenter de faire triompher le dialogue.,Mais en pleine période d'élection présidentielle, lorsque les enjeux sont politiques, l’ordre n’est pas toujours dicté par la morale...,Une épopée violente et trouble qui marque le retour de Mathieu Kassovitz devant et derrière la caméra.",Mathieu Kassovitz,"Mathieu Kassovitz,Pierre Geller","Mathieu Kassovitz,Iabe Lapacas,Malik Zidi","3,2","3,6",France,UGC Distribution,1 prix et 4 nominations,2011,Long métrage,Français,149 624 entrées
En Solitaire,https://fr.web.img2.acsta.net/c_310_420/medias/nmedia/18/93/41/63/20282436.jpg,6 novembre 2013,en salle,Drame,Tout public,"Yann Kermadec voit son rêve se réaliser quand il remplace au pied levé, son ami Franck Drevil, au départ du Vendée Globe, le tour du monde à la voile en solitaire. Habité par une farouche volonté de gagner, alors qu'il est en pleine course, la découverte à son bord d'un jeune passager va tout remettre en cause.",Christophe Offenstein,"Jean Cottin,Christophe Offenstein","François Cluzet,Samy Seghir,Virginie Efira","3,2","3,5",France,Gaumont Distribution,2 nominations,2013,Long métrage,Français,659 309 entrées
Bébé Tigre,https://fr.web.img3.acsta.net/c_310_420/pictures/14/12/08/12/24/271932.jpg,14 janvier 2015,en salle,Drame,Tout public,"Bébé Tigre, c’est Many, 17 ans. Il vit en France depuis deux ans et mène la vie d’un adolescent comme les autres, partageant son temps entre les cours, ses copains et sa petite amie. Mais les responsabilités que ses parents restés en Inde lui ont confiées vont l’obliger à se mettre en danger…",Cyprien Vial,Cyprien Vial,"Harmandeep Palminder,Vikram Sharma,Elisabeth Lando","3,8","3,4",France,Haut et Court,3 nominations,2014,Long métrage,Français,19 988 entrées
Morning Glory,https://fr.web.img3.acsta.net/c_310_420/medias/nmedia/18/73/92/28/19635401.jpg,6 avril 2011,en salle,"Comédie dramatique,Romance",Tout public,"Bien qu’elle soit jeune, jolie, dynamique et ambitieuse, Becky Fuller est en pleine traversée du désert professionnelle et sentimentale. Aussi, lorsqu’on propose à cette productrice TV de reprendre ""Daybreak"", la matinale la moins regardée du pays, elle accepte le défi sans hésiter. Pour booster l’audience, elle décide d’engager Mike Pomeroy, le journaliste de légende de la chaîne. Mais le charisme de Mike n'a d'égal que ses caprices de star, et ses relations sont électriques avec Colleen Peck, sa co-présentatrice. Les coups bas hors-plateau s’accompagnent très vite de petites phrases assassines à l’antenne…,Dans le même temps, Becky craque pour un producteur de la chaîne, mais sentiments et travail ne font pas toujours bon ménage. Parviendra-t-elle à sortir l’émission de l’impasse et à trouver l’amour ?",Roger Michell,Aline Brosh McKenna,"Rachel McAdams,Harrison Ford,Diane Keaton","3,1","3,1",U.S.A.,Paramount Pictures France,3 nominations,2010,Long métrage,"Anglais, Ukrainien",218 438 entrées
Cogan : Killing Them Softly,https://fr.web.img6.acsta.net/c_310_420/medias/nmedia/18/93/25/14/20319420.jpg,5 décembre 2012,en salle,"Policier,Thriller",Interdit - 12 ans,"Lorsqu’une partie de poker illégale est braquée, c’est tout le monde des bas-fonds de la pègre qui est menacé. Les caïds de la Mafia font appel à Jackie Cogan pour trouver les coupables. Mais entre des commanditaires indécis, des escrocs à la petite semaine, des assassins fatigués et ceux qui ont fomenté le coup, Cogan va avoir du mal à garder le contrôle d’une situation qui dégénère…",Andrew Dominik,Andrew Dominik,"Brad Pitt,Scoot McNairy,James Gandolfini","3,3","2,5",U.S.A.,Metropolitan FilmExport,2 nominations,2012,Long métrage,Anglais,237 451 entrées
21 nuits avec Pattie,https://fr.web.img5.acsta.net/c_310_420/pictures/15/10/14/14/47/058028.jpg,25 novembre 2015,en salle,Comédie,Tout public,"Au cœur de l’été, Caroline, parisienne et mère de famille d’une quarantaine d’années, débarque dans un petit village du sud de la France. Elle doit organiser dans l’urgence les funérailles de sa mère, avocate volage, qu’elle ne voyait plus guère. Elle est accueillie par Pattie qui aime raconter à qui veut bien l’écouter ses aventures amoureuses avec les hommes du coin. Alors que toute la vallée se prépare pour les fameux bals du 15 août, le corps de la défunte disparait mystérieusement.","Arnaud Larrieu,Jean-Marie Larrieu","Jean-Marie Larrieu,Arnaud Larrieu","Isabelle Carré,Karin Viard,André Dussollier","4,1","2,8",France,Pyramide Distribution,3 nominations,2015,Long métrage,Français,338 327 entrées
Potiche,https://fr.web.img6.acsta.net/c_310_420/medias/nmedia/18/78/33/57/19502913.jpg,10 novembre 2010,en salle,Comédie,Tout public,"En 1977, dans une province de la bourgeoisie française, Suzanne Pujol est l’épouse popote et soumise d’un riche industriel Robert Pujol. Il dirige son usine de parapluies d’une main de fer et s’avère aussi désagréable et despote avec ses ouvriers qu’avec ses enfants et sa femme, qu’il prend pour une potiche. À la suite d’une grève et d’une séquestration de son mari, Suzanne se retrouve à la direction de l’usine et se révèle à la surprise générale une femme de tête et d’action. Mais lorsque Robert rentre d’une cure de repos en pleine forme, tout se complique…",François Ozon,François Ozon,"Catherine Deneuve,Gérard Depardieu,Fabrice Luchini","3,9","3,1",France,Mars Films,1 prix et 16 nominations,2010,Long métrage,Français,2 318 221 entrées
Orpheline,https://fr.web.img2.acsta.net/c_310_420/pictures/17/03/02/10/12/219700.jpg,29 mars 2017,en salle,Drame,Tout public,"Portrait d’une femme à quatre âges de sa vie. Petite fille de la campagne, prise dans une tragique partie de cache-cache. Adolescente ballottée de fugue en fugue, d’homme en homme, puisque tout vaut mieux que le triste foyer familial. Jeune provinciale qui monte à Paris et frôle la catastrophe. Femme accomplie enfin, qui se croyait à l’abri de son passé. Quatre actrices différentes incarnent une seule et même héroïne.",Arnaud des Pallières,"Arnaud des Pallières,Christelle Berthevas","Adèle Haenel,Adèle Exarchopoulos,Solène Rigot","3,2","2,7",France,Le Pacte,2 nominations,2016,Long métrage,Français,72 101 entrées
La Danseuse,https://fr.web.img6.acsta.net/c_310_420/pictures/17/12/27/23/48/3510639.jpg,28 septembre 2016,en salle,"Biopic,Drame",Tout public,"Loïe Fuller est née dans le grand ouest américain. Rien ne destine cette fille de ferme à devenir la gloire des cabarets parisiens de la Belle Epoque et encore moins à danser à l’Opéra de Paris. Cachée sous des mètres de soie, les bras prolongés de longues baguettes en bois, Loïe réinvente son corps sur scène et émerveille chaque soir un peu plus. Même si les efforts physiques doivent lui briser le dos, même si la puissance des éclairages doit lui brûler les yeux, elle ne cessera de perfectionner sa danse. Mais sa rencontre avec Isadora Duncan, jeune prodige avide de gloire, va précipiter la chute de cette icône du début du 20ème siècle.",Stéphanie Di Giusto,"Stéphanie Di Giusto,Sarah Thibau"," Soko,Gaspard Ulliel,Mélanie Thierry","3,4","3,7",France,Wild Bunch Distribution,1 prix et 11 nominations,2016,Long métrage,Français,215 413 entrées
The Immigrant,https://fr.web.img5.acsta.net/c_310_420/pictures/210/497/21049757_20131015170623847.jpg,27 novembre 2013,en salle,"Drame,Romance",Tout public,"1921. Ewa et sa sœur Magda quittent leur Pologne natale pour la terre promise, New York. Arrivées à Ellis Island, Magda, atteinte de tuberculose, est placée en quarantaine. Ewa, seule et désemparée, tombe dans les filets de Bruno, un souteneur sans scrupules. Pour sauver sa sœur, elle est prête à tous les sacrifices et se livre, résignée, à la prostitution. L’arrivée d’Orlando, illusionniste et cousin de Bruno, lui redonne confiance et l'espoir de jours meilleurs. Mais c'est sans compter sur la jalousie de Bruno...",James Gray,"James Gray,Ric Menello","Marion Cotillard,Joaquin Phoenix,Jeremy Renner","3,7","3,2",U.S.A.,Wild Bunch Distribution,3 nominations,2013,Long métrage,"Anglais, Latin, Polonais",322 576 entrées
Jackie,https://fr.web.img4.acsta.net/c_310_420/pictures/16/12/15/15/40/086055.jpg,1 février 2017,en salle,"Biopic,Drame",Tout public,"22 Novembre 1963 : John F. Kennedy, 35ème président des États-Unis, vient d’être assassiné à Dallas. Confrontée à la violence de son deuil, sa veuve, Jacqueline Bouvier Kennedy, First Lady admirée pour son élégance et sa culture, tente d’en surmonter le traumatisme, décidée à mettre en lumière l’héritage politique du président et à célébrer l’homme qu’il fut.",Pablo Larraín,Noah Oppenheim,"Natalie Portman,Peter Sarsgaard,Greta Gerwig","4,0","3,0",U.S.A.,Bac Films,3 prix et 8 nominations,2016,Long métrage,Anglais,462 597 entrées
Judy,https://fr.web.img6.acsta.net/c_310_420/pictures/20/02/13/12/07/0571771.jpg,26 février 2020,en salle,"Biopic,Drame",Tout public,"Hiver 1968. La légendaire Judy Garland débarque à Londres pour se produire à guichets fermés au Talk of the Town. Cela fait trente ans déjà qu’elle est devenue une star planétaire grâce au Magicien d’Oz. Judy a débuté son travail d’artiste à l’âge de deux ans, cela fait maintenant plus de quatre décennies qu’elle chante pour gagner sa vie. Elle est épuisée. Alors qu’elle se prépare pour le spectacle, qu’elle se bat avec son agent, charme les musiciens et évoque ses souvenirs entre amis ; sa vivacité et sa générosité séduisent son entourage. Hantée par une enfance sacrifiée pour Hollywood, elle aspire à rentrer chez elle et à consacrer du temps à ses enfants. Aura-t-elle seulement la force d’aller de l’avant ?",Rupert Goold,Tom Edge,"Renée Zellweger,Jessie Buckley,Finn Wittrock","3,4","3,3",Grande-Bretagne,Pathé Films,3 prix et 5 nominations,2019,Long métrage,Anglais,125 266 entrées
Girls Only,https://fr.web.img6.acsta.net/c_310_420/pictures/15/04/20/14/45/032405.jpg,13 mai 2015,en salle,"Comédie,Romance",Tout public,"A l’aube de ses 30 ans, on ne peut pas dire que Megan soit fixée sur son avenir. Avec son groupe d'amies déjà bien installées dans la vie, le décalage se creuse de jour en jour. Et ce n'est pas le comportement des hommes qui va l'apaiser ! Au point qu’elle se réfugie chez Annika, une nouvelle amie... de 16 ans. Fuyant avec joie ses responsabilités, elle préfère partager le quotidien insouciant de l'adolescente et ses copines. Jusqu'à croiser le père d'Annika au petit-déjeuner...",Lynn Shelton,Andrea Seigel,"Keira Knightley,Chloë Grace Moretz,Sam Rockwell","3,2","2,6",U.S.A.,Condor Distribution,1 nomination,2014,Long métrage,Anglais,123 195 entrées
L'Apparition,https://fr.web.img2.acsta.net/c_310_420/pictures/18/01/22/09/46/4416684.jpg,14 février 2018,en salle,Drame,Tout public,"Jacques, grand reporter pour un quotidien français reçoit un jour un mystérieux coup de téléphone du Vatican. Dans une petite ville du sud-est de la France une jeune fille de 18 ans a affirmé avoir eu une apparition de la Vierge Marie. La rumeur s’est vite répandue et le phénomène a pris une telle ampleur que des milliers de pèlerins viennent désormais se recueillir sur le lieu des apparitions présumées. Jacques qui n’a rien à voir avec ce monde-là accepte de faire partie d’une commission d’enquête chargée de faire la lumière sur ces événements.",Xavier Giannoli,Xavier Giannoli,"Vincent Lindon,Galatea Bellugi,Patrick d'Assumçao","3,5","3,3",France,Memento,2 nominations,2017,Long métrage,Français,464 679 entrées
Animal Kingdom,https://fr.web.img2.acsta.net/c_310_420/medias/nmedia/18/73/96/94/19638756.jpg,27 avril 2011,en salle,Drame,Interdit - 12 ans,"Une rue anonyme dans la banlieue de Melbourne. C’est là que vit la famille Cody. Profession : criminels. L’irruption parmi eux de Joshua, un neveu éloigné, offre à la police le moyen de les infiltrer. Il ne reste plus à Joshua qu’à choisir son camp...",David Michôd,David Michôd,"Guy Pearce,James Frecheville,Jacki Weaver","4,0","3,7",Australie,ARP Sélection,3 prix et 6 nominations,2010,Long métrage,Anglais,107 145 entrées
Ami-ami,https://fr.web.img5.acsta.net/c_310_420/pictures/17/11/09/12/27/0499886.jpg,17 janvier 2018,en salle,Comédie,Tout public,"Quoi de mieux pour ne plus jamais souffrir en amour que de tourner le dos à la vie de couple et de s’installer en coloc’ avec son meilleur ami ? C’est en tout cas ce qu’a décidé Vincent, ravagé par sa dernière rupture ! À un détail près : son meilleur ami est une meilleure amie, Néféli, jeune avocate déjantée. À peine installés, les deux potes se jurent de ne plus jamais tomber amoureux, de vivre d’amitié et d’histoires sans lendemain. Mais après quelques semaines de cohabitation complice et festive, Vincent rencontre Julie…",Victor Saint Macary,"Victor Saint Macary,Thomas Cailley","William Lebghil,Margot Bancilhon,Camille Razat","2,8","2,7",France,Le Pacte,1 nomination,2017,Long métrage,Français,156 402 entrées
L'Aube rouge,https://fr.web.img6.acsta.net/c_310_420/pictures/202/078/20207814_20130704120032408.jpg,28 août 2013,en salle,"Action,Guerre",Tout public,"Un matin, les habitants d’une ville américaine se réveillent pour découvrir l’incroyable : des forces armées étrangères sont en train de les envahir. Les États-Unis sont attaqués, des centaines de parachutistes pleuvent du ciel, et ce n’est que le début… Très vite, les citoyens sont faits prisonniers et l’ennemi occupe le secteur.,Un groupe de jeunes parvient à s’enfuir et se cache dans les bois. Ils n’ont pas dit leur dernier mot. Il n’est pas question pour eux de se laisser voler leur liberté et leur pays…",Dan Bradley,"Carl Ellsworth,Jeremy Passmore","Chris Hemsworth,Josh Peck,Adrianne Palicki","1,5","2,5",U.S.A.,Metropolitan FilmExport,1 nomination,2012,Long métrage,"Anglais, Coréen",49 698 entrées
Memory Lane,https://fr.web.img6.acsta.net/c_310_420/medias/nmedia/18/79/85/10/19534657.jpg,24 novembre 2010,en salle,Drame,Tout public,"Août, Hauts de Seine, dans la banlieue Sud-Ouest de Paris, sept amis de 25 ans se retrouvent plus ou moins ""fortuitement"" à passer quelques jours dans cette ville qui les a vus grandir.,Chacun a ses raisons d'être là : certains y vivent encore, d'autres y reviennent pour des raisons familiales, d'autres y cherchent des traces d'une adolescence tenace, d'autres pensent peut-être échapper au désoeuvrement ou y trouver l'amour...,Pendant une semaine, nous les suivons de manière isolée et en groupe. Au détour des rues désertées de cette ville fantôme, alors que les journées filent sous le bleu profond du ciel d'août, chacun porte en lui l'intuition que ces moments partagés sont peut-être les derniers...,",Mikhaël Hers,"Mikhaël Hers,Mariette Désert","Thibault Vinçon,Dounia Sichov,Lolita Chammah","3,0","2,5",France,Ad Vitam,1 nomination,2010,Long métrage,Français,10 144 entrées
17 filles,https://fr.web.img6.acsta.net/c_310_420/medias/nmedia/18/83/97/93/19828366.jpg,14 décembre 2011,en salle,Comédie dramatique,Tout public,"Dans une petite ville au bord de l’océan, dix-sept adolescentes d’un même lycée prennent ensemble une décision inattendue et incompréhensible aux yeux des garçons et des adultes : elles décident de tomber enceintes en même temps. Ce film est inspiré d’un fait divers survenu en 2008.","Muriel Coulin,Delphine Coulin","Muriel Coulin,Delphine Coulin","Louise Grinberg,Juliette Darche,Roxane Duran","3,8","2,7",France,Diaphana Distribution,13 nominations,2011,Long métrage,Français,68 658 entrées
Bon à Tirer (B.A.T.),https://fr.web.img4.acsta.net/c_310_420/medias/nmedia/18/83/44/50/19691443.jpg,27 avril 2011,en salle,Comédie,Tout public,"Meilleurs amis du monde, Rick et Fred sont tous deux mariés depuis longtemps. Lorsqu’ils commencent à montrer des signes de lassitude à la maison, leurs femmes décident d’une mesure radicale pour mettre du piment dans leur vie conjugale : elles donnent à leurs hommes ""carte blanche"", une semaine de liberté totale où ils pourront faire ce que bon leur semble. Sans aucune question. Au début, cela ressemble à un rêve devenu réalité pour Rick et Fred, mais ils découvrent rapidement, dans des situations hilarantes, que leur idéal de vie célibataire -et eux-mêmes- sont totalement en décalage avec le monde réel.","Bobby Farrelly,Peter Farrelly","Pete Jones,Peter Farrelly","Owen Wilson,Jason Sudeikis,Jenna Fischer","2,9","2,4",U.S.A.,Warner Bros. France,# prix,2011,Long métrage,Anglais,381 459 entrées
Apnée,https://fr.web.img2.acsta.net/c_310_420/pictures/16/09/20/15/24/347196.jpg,19 octobre 2016,en salle,Comédie,Tout public,"Céline, Thomas et Maxence marchent toujours par trois. Comme la trilogie de la devise républicaine. Ils veulent se marier, une maison, un travail, des enfants sages et manger tous les jours des huîtres. Insoumis et inadaptés à une furieuse réalité économique et administrative, ils chevauchent leurs quads de feu et traversent une France accablée, en quête de nouveaux repères, de déserts jonchés de bipèdes et d’instants de bonheur éphémère.",Jean-Christophe Meurisse,Jean-Christophe Meurisse,"Céline Fuhrer,Thomas Scimeca,Maxence Tual","3,3","2,9",France,Shellac,1 prix et 2 nominations,2016,Long métrage,Français,33 257 entrées
Roulez jeunesse,https://fr.web.img3.acsta.net/c_310_420/pictures/18/07/05/09/40/1830672.jpg,25 juillet 2018,en salle,Comédie,Tout public,"Alex, 43 ans, est dépanneur automobile dans le garage que dirige d'une main de fer sa mère. Un jour, il dépanne une jeune femme et passe la nuit chez elle, mais au petit matin elle a disparu lui laissant sur les bras trois enfants.",Julien Guetta,"Dominique Baumard,Julien Guetta","Eric Judor,Laure Calamy,Brigitte Roüan","3,3","3,2",France,Le Pacte,1 nomination,2017,Long métrage,Français,145 329 entrées
La Terre des hommes,https://fr.web.img6.acsta.net/c_310_420/pictures/21/04/29/11/59/2559885.jpg,25 août 2021,en salle,Drame,Tout public,"Constance est fille d’agriculteur. Avec son fiancé, elle veut reprendre l’exploitation de son père et la sauver de la faillite. Pour cela, il faut s’agrandir, investir et s’imposer face aux grands exploitants qui se partagent la terre et le pouvoir. Battante, Constance obtient le soutien de l’un d’eux. Influent et charismatique, il tient leur avenir entre ses mains. Mais quand il impose son désir au milieu des négociations, Constance doit faire face à cette nouvelle violence.",Naël Marandin,Naël Marandin,"Diane Rouxel,Finnegan Oldfield,Jalil Lespert","3,6","3,5",France,Ad Vitam,2 nominations,2019,Long métrage,Français,75 502 entrées
Free State Of Jones,https://fr.web.img6.acsta.net/c_310_420/pictures/16/08/12/10/07/279399.jpg,14 septembre 2016,en salle,"Drame,Guerre",Tout public,"En pleine guerre de Sécession, Newton Knight, courageux fermier du Mississippi, prend la tête d’un groupe de modestes paysans blancs et d'esclaves en fuite pour se battre contre les États confédérés. Formant un régiment de rebelles indomptables, Knight et ses hommes ont l'avantage stratégique de connaître le terrain, même si leurs ennemis sont bien plus nombreux et beaucoup mieux armés… Résolument engagé contre l'injustice et l'exploitation humaine, l'intrépide fermier fonde le premier État d'hommes libres où Noirs et Blancs sont à égalité.",Gary Ross,Gary Ross,"Matthew McConaughey,Gugu Mbatha-Raw,Mahershala Ali","2,8","3,7",U.S.A.,Metropolitan FilmExport,1 nomination,2016,Long métrage,Anglais,107 122 entrées
L'Homme irrationnel,https://fr.web.img2.acsta.net/c_310_420/pictures/15/09/03/15/38/066511.jpg,14 octobre 2015,en salle,"Drame,Romance,Thriller",Tout public,"Professeur de philosophie, Abe Lucas est un homme dévasté sur le plan affectif, qui a perdu toute joie de vivre. Il a le sentiment que quoi qu’il ait entrepris - militantisme politique ou enseignement - n’a servi à rien.Peu de temps après son arrivée dans l’université d’une petite ville, Abe entame deux liaisons. D’abord, avec Rita Richards, collègue en manque de compagnie qui compte sur lui pour lui faire oublier son mariage désastreux. Ensuite, avec Jill Pollard, sa meilleure étudiante, qui devient aussi sa meilleure amie. Si Jill est amoureuse de son petit copain Roy, elle trouve irrésistibles le tempérament torturé et fantasque d’Abe, comme son passé exotique. Et tandis que les troubles psychologiques de ce dernier s’intensifient, Jill est de plus en plus fascinée par lui. Mais quand elle commence à lui témoigner ses sentiments, il la rejette. C’est alors que le hasard le plus total bouscule le destin de nos personnages dès lors qu’Abe et Jill surprennent la conversation d’un étranger et s’y intéressent tout particulièrement. Après avoir pris une décision cruciale, Abe est de nouveau à même de jouir pleinement de la vie. Mais ce choix déclenche une série d’événements qui le marqueront, lui, Jill et Rita à tout jamais.",Woody Allen,Woody Allen,"Joaquin Phoenix,Emma Stone,Parker Posey","3,7","3,6",U.S.A.,Mars Films,1 nomination,2015,Long métrage,Anglais,942 780 entrées
Les Cowboys,https://fr.web.img4.acsta.net/c_310_420/pictures/15/09/25/12/03/168634.jpg,25 novembre 2015,en salle,Drame,Tout public,"Une grande prairie, un rassemblement country western quelque part dans l’est de la France. Alain est l’un des piliers de cette communauté. Il danse avec Kelly, sa fille de 16 ans sous l’oeil attendri de sa femme et de leur jeune fils Kid. Mais ce jour là Kelly disparaît. La vie de la famille s’effondre. Alain n’aura alors de cesse que de chercher sa fille, au prix de l’amour des siens et de tout ce qu’il possédait. Le voilà projeté dans le fracas du monde. Un monde en plein bouleversement où son seul soutien sera désormais Kid, son fils, qui lui a sacrifié sa jeunesse, et qu’il traîne avec lui dans cette quête sans fin.",Thomas Bidegain,"Thomas Bidegain,Noé Debré","François Damiens,Finnegan Oldfield,Agathe Dronne","3,5","3,6",France,Pathé Films,1 prix et 8 nominations,2015,Long métrage,"Anglais, Français",208 023 entrées
Les Parfums,https://fr.web.img2.acsta.net/c_310_420/pictures/20/02/14/16/41/4740963.jpg,1 juillet 2020,en salle,Comédie,Tout public,"Anne Walberg est une célébrité dans le monde du parfum. Elle crée des fragrances et vend son incroyable talent à des sociétés en tout genre. Elle vit en diva, égoïste, au tempérament bien trempé. Guillaume est son nouveau chauffeur et le seul qui n’a pas peur de lui tenir tête. Sans doute la raison pour laquelle elle ne le renvoie pas.",Grégory Magne,Grégory Magne,"Emmanuelle Devos,Grégory Montel,Gustave Kervern","3,3","3,2",France,Pyramide Distribution,2 nominations,2019,Long métrage,Français,252 956 entrées
Another Earth,https://fr.web.img6.acsta.net/c_310_420/medias/nmedia/18/83/01/04/19796286.jpg,12 octobre 2011,en salle,"Drame,Science Fiction",Tout public,"Rhoda Williams, brillante jeune diplômée en astrophysique, rêve d’explorer l’espace. John Burroughs est un compositeur au sommet de sa carrière qui attend un deuxième enfant. Le soir une autre planète semblable à la Terre est découverte, la tragédie les frappe et les vies de ces étrangers deviennent inextricablement liées l’une à l’autre.",Mike Cahill,"Brit Marling,Mike Cahill","William Mapother,Brit Marling,Matthew-Lee Erlbach","2,6","3,5",U.S.A.,Twentieth Century Fox France,2 prix et 4 nominations,2011,Long métrage,Anglais,9 851 entrées
La Colère des Titans,https://fr.web.img6.acsta.net/c_310_420/medias/nmedia/18/86/82/23/20043761.jpg,28 mars 2012,en salle,"Action,Aventure,Fantastique",Tout public,"Dix ans après avoir vaincu le monstre Kraken, au terme d'une bataille héroïque, Persée, demi-dieu et fils de Zeus, tente de mener une vie paisible dans un village où il est pêcheur et s'occupe, seul, de son fils de dix ans, Hélius.,Mais Persée ne se doute pas que les dieux se sont engagés dans une lutte de pouvoir qui menace son existence tranquille. Affaiblis par le manque de dévotion des hommes, les dieux risquent bien de perdre leur immortalité et de ne plus pouvoir garder le contrôle sur leurs redoutables prisonniers, les Titans, et leur chef cruel, Kronos, père de Zeus, de Hadès et de Poséidon : les trois frères ont détrôné leur père depuis longtemps et l'ont envoyé croupir au plus profond du Tartare, donjon situé dans les entrailles des Enfers.,Désormais, Persée n'a d'autre choix que d'accepter son destin lorsque Hadès et Arès, fils de Zeus, changent de camp et passent un accord avec Kronos pour capturer le roi des dieux. Tandis que les pouvoirs divins de Zeus diminuent, la puissance des Titans, elle, s'accroît, et les forces des ténèbres se déchaînent sur Terre.,Persée fait appel à la reine guerrière Andromède, au fils de Poséidon, le demi-dieu Agénor, et au dieu déchu Héphaïstos pour s'enfoncer dans les Enfers dans le but de libérer Zeus, de vaincre les Titans et de sauver l'humanité…",Jonathan Liebesman,"Dan Mazeau,David Leslie Johnson-McGoldrick","Sam Worthington,Liam Neeson,Ralph Fiennes","1,8","2,3",U.S.A.,Warner Bros. France,1 nomination,2012,Long métrage,Anglais,786 109 entrées
Les Plus belles années d'une vie,https://fr.web.img6.acsta.net/c_310_420/pictures/19/05/03/15/30/2212594.jpg,22 mai 2019,en salle,"Drame,Romance",Tout public,"Ils se sont connus voilà bien longtemps. Un homme et une femme, dont l’histoire d’amour fulgurante, inattendue, saisie dans une parenthèse devenue mythique, aura révolutionné notre façon de voir l’amour.,Aujourd’hui, l’ancien pilote de course se perd un peu sur les chemins de sa mémoire. Pour l’aider, son fils va retrouver celle que son père n’a pas su garder mais qu’il évoque sans cesse. Anne va revoir Jean-Louis et reprendre leur histoire où ils l’avaient laissée…",Claude Lelouch,"Valérie Perrin,Claude Lelouch","Jean-Louis Trintignant,Anouk Aimée,Souad Amidou","3,4","3,5",France,Metropolitan FilmExport,1 nomination,2019,Long métrage,"Français, Italien",194 179 entrées
La Dernière Vie de Simon,https://fr.web.img2.acsta.net/c_310_420/pictures/19/11/20/13/57/4021425.jpg,5 février 2020,en salle,"Famille,Romance,Science Fiction",Tout public,"Simon a 8 ans, il est orphelin. Son rêve est de trouver une famille prête à l’accueillir. Mais Simon n’est pas un enfant comme les autres, il a un pouvoir secret : il est capable de prendre l’apparence de chaque personne qu’il a déjà touchée… Et vous, qui seriez-vous si vous pouviez vous transformer ?",Léo Karmann,"Léo Karmann,Sabrina B. Karine","Benjamin Voisin,Martin Karmann,Camille Claris","3,4","3,7",France,Jour2fête,2 nominations,2019,Long métrage,Français,18 900 entrées
Situation amoureuse : C'est compliqué,https://fr.web.img6.acsta.net/c_310_420/pictures/14/02/04/12/26/509803.jpg,19 mars 2014,en salle,Comédie,Tout public,"À trente ans, Ben est sur le point d'épouser Juliette. Sa petite vie tranquille et sans danger va basculer lorsqu'il retombe sur la personne qu'il a secrètement le plus envie de revoir : Vanessa, la bombe du lycée qui ne l'avait jamais regardé. Elle est de retour à Paris et ne connaît, aujourd'hui, que lui…","Manu Payet,Rodolphe Lauga","Manu Payet,Nicolas Peufaillit","Manu Payet,Anaïs Demoustier,Emmanuelle Chriqui","3,0","2,5",France,StudioCanal,# prix,2014,Long métrage,Français,335 796 entrées
Tu seras mon fils,https://fr.web.img2.acsta.net/c_310_420/medias/nmedia/18/84/33/11/19736559.jpg,24 août 2011,en salle,Drame,Tout public,"On ne choisit ni ses parents, ni ses enfants !,Paul de Marseul, propriétaire d’un prestigieux vignoble à Saint Emilion a un fils, Martin, qui travaille avec lui sur le domaine familial. Mais Paul, vigneron exigeant et passionné, ne supporte pas l’idée que son fils puisse un jour lui succéder. Il rêve d’un fils plus talentueux, plus charismatique… plus conforme à ses fantasmes de père ! L’arrivée de Philippe, le fils de son régisseur va bouleverser la vie de la propriété. Paul tombe en fascination devant ce fils idéal. Commence alors une partie d’échec qui se jouera à quatre : deux pères, deux fils, sous le regard impuissant des femmes qui les entourent. Et au moins l’un d’entre eux n’a plus rien à perdre …",Gilles Legrand,"Gilles Legrand,Delphine De Vigan","Niels Arestrup,Lorànt Deutsch,Patrick Chesnais","2,8","3,9",France,Universal Pictures International France,1 prix et 6 nominations,2010,Long métrage,Français,722 122 entrées
Liz et l'oiseau bleu,https://fr.web.img6.acsta.net/c_310_420/pictures/19/03/04/09/25/0363581.jpg,17 avril 2019,en salle,"Animation,Drame",Tout public,"Nozomi est une jeune femme extravertie et très populaire auprès de ses camarades de classe, doublée d'une talentueuse flûtiste. Mizore, plus discrète et timide, joue du hautbois. Mizore se sent très proche et dépendante de Nozomi, qu’elle affectionne et admire. Elle craint que la fin de leur dernière année de lycée soit aussi la fin de leur histoire, entre rivalité musicale et admiration. Les 2 amies se préparent à jouer en duo pour la compétition musicale du lycée Kita Uji. Quand leur orchestre commence à travailler sur les musiques de,(Liz et l’Oiseau Bleu), Nozomi et Mizore croient voir dans cette oeuvre bucolique le reflet de leur histoire d’adolescentes.,La réalité rejoindra-t-elle le conte ?",Naoko Yamada,Reiko Yoshida,"Atsumi Tanezaki,Nao Tōyama,Miyu Honda","3,6","3,5",Japon,Eurozoom,1 nomination,2018,Long métrage,Japonais,14 289 entrées
"Utøya, 22 Juillet",https://fr.web.img6.acsta.net/c_310_420/pictures/18/09/06/16/15/1884093.jpg,12 décembre 2018,en salle,"Drame,Thriller",Tout public,"Île d’Utøya, Norvège. Le 22 juillet 2011.,Dans un camp d‘été organisé par la Ligue des jeunes travaillistes, un homme de 32 ans ouvre le feu.",Erik Poppe,"Anna Bache-Wiig,Siv Rajendram Eliassen","Andrea Berntzen,Elli Rhiannon Müller Osbourne,Aleksander Holmen","3,0","3,6",Norvège,Potemkine Films,# prix,2018,Long métrage,Norvégien,5 862 entrées
M,https://fr.web.img6.acsta.net/c_310_420/pictures/17/10/18/17/24/2308059.jpg,15 novembre 2017,en salle,Drame,Tout public,"Mo est beau, charismatique, et a le goût de l'adrénaline. Il fait des courses clandestines. Lorsqu'il rencontre Lila, jeune fille bègue et timide, c'est le coup de foudre. Il va immédiatement la prendre sous son aile. Mais Lila est loin d'imaginer que Mo porte un secret : il ne sait pas lire.",Sara Forestier,Sara Forestier,"Sara Forestier,Redouanne Harjane,Jean-Pierre Léaud","3,2","3,8",France,Ad Vitam,# prix,2017,Long métrage,Français,68 300 entrées
Le Lion,https://fr.web.img6.acsta.net/c_310_420/pictures/20/01/07/09/01/1113711.jpg,29 janvier 2020,en salle,"Comédie,Espionnage",Tout public,"Pour l’aider à retrouver sa fiancée disparue, Romain, médecin en hôpital psychiatrique n’a d’autre choix que de faire évader l’un de ses patients Léo Milan, qui prétend être un agent secret…,Mais Romain n’est pas tout à fait sûr d’avoir fait le bon choix, Léo dit « le Lion » est-il vraiment un agent secret ou simplement un gros mytho ?",Ludovic Colbeau-Justin,"Alexandre Coquelle,Mathieu Le Nahour","Dany Boon,Philippe Katerine,Anne Serra","2,4","1,8",France,Pathé Films,1 nomination,2019,Long métrage,Français,446 636 entrées
Une vie secrète,https://fr.web.img6.acsta.net/c_310_420/pictures/20/10/26/12/05/5233752.jpg,28 octobre 2020,en salle,Drame,Tout public,"Espagne, 1936. Higinio, partisan républicain, voit sa vie menacée par l’arrivée des troupes franquistes. Avec l’aide de sa femme Rosa, il décide de se cacher dans leur propre maison. La crainte des représailles et l’amour qu’ils éprouvent l’un pour l’autre condamnent le couple à la captivité.","Jon Garaño,Aitor Arregi,José Mari Goenaga","Luiso Berdejo,José Mari Goenaga","Antonio de la Torre,Belén Cuesta,Vicente Vergara","3,4","3,7","Espagne,France",Epicentre Films,18 166 entrées,2019,Long métrage,19/05/2021,19/05/2021
Baby Phone,https://fr.web.img6.acsta.net/c_310_420/pictures/17/01/06/09/56/381032.jpg,8 mars 2017,en salle,Comédie,Tout public,"Au détour d’un dîner, les révélations faites à travers le baby-phone d’une chambre d’enfant  vont créer un véritable cataclysme au sein d’une famille et d’un groupe d’amis…",Olivier Casas,"Audrey Lanj,Olivier Casas","Medi Sadoun,Anne Marivin,Pascal Demolon","2,5","2,5",France,La Belle Company,1 nomination,2016,Long métrage,Français,91 182 entrées
Crash Test Aglaé,https://fr.web.img2.acsta.net/c_310_420/pictures/17/06/16/13/06/508118.jpg,2 août 2017,en salle,Comédie dramatique,Tout public,"L'histoire d'une jeune ouvrière psychorigide dont le seul repère dans la vie est son travail. Lorsqu'elle apprend que son usine fait l'objet d'une délocalisation sauvage, elle accepte, au grand étonnement de l'entreprise, de poursuivre son boulot en Inde. Accompagnée de deux collègues, elle va entreprendre un absurde périple en voiture jusqu'au bout du monde qui se transformera en une improbable quête personnelle.",Eric Gravel,Eric Gravel,"India Hair,Julie Depardieu,Yolande Moreau","3,4","3,5",France,Le Pacte,1 nomination,2017,Long métrage,Français,159 667 entrées
Les Bien-aimés,https://fr.web.img5.acsta.net/c_310_420/medias/nmedia/18/84/25/84/19733608.jpg,24 août 2011,en salle,Comédie dramatique,Tout public,"Du Paris des sixties au Londres des années 2000, Madeleine puis sa fille Véra vont et viennent autour des hommes qu'elles aiment. Mais toutes les époques ne permettent pas de vivre l'amour avec légèreté. Comment résister au temps qui passe et qui s'attaque à nos sentiments les plus profonds ?... Dans Les Bien-Aimés, Catherine Deneuve et Chiara Mastroianni, mère et fille dans la vraie vie, interprètent pour la seconde fois cette relation maternelle à l'écran, après Ma saison préférée d'André Téchiné. À noter qu'elles ont également prêté leur voix à une mère et sa fille dans le film d'animation Persepolis.",Christophe Honoré,Christophe Honoré,"Chiara Mastroianni,Catherine Deneuve,Ludivine Sagnier","3,7","3,3",France,Le Pacte,12 nominations,2011,Long métrage,Français,250 588 entrées
Microbe et Gasoil,https://fr.web.img3.acsta.net/c_310_420/pictures/15/06/09/14/29/431745.jpg,8 juillet 2015,en salle,"Aventure,Comédie,Famille",Tout public,"Les aventures débridées de deux ados un peu à la marge : le petit ""Microbe"" et l'inventif ""Gasoil"". Alors que les grandes vacances approchent, les deux amis n'ont aucune envie de passer deux mois avec leur famille. A l'aide d'un moteur de tondeuse et de planches de bois, ils décident donc de fabriquer leur propre ""voiture"" et de partir à l'aventure sur les routes de France...",Michel Gondry,Michel Gondry,"Ange Dargent,Théophile Baquet,Audrey Tautou","4,0","3,6",France,StudioCanal,1 nomination,2015,Long métrage,Français,96 325 entrées
Le Jour des Corneilles,https://fr.web.img6.acsta.net/c_310_420/medias/nmedia/18/91/27/06/20195267.jpg,24 octobre 2012,en salle,Animation,Tout public,"Le fils Courge vit au cœur de la forêt, élevé par son père, un colosse tyrannique qui y règne en maître et lui interdit d'en sortir. Ignorant tout de la société des hommes, le garçon grandit en sauvage, avec pour seuls compagnons les fantômes placides qui hantent la forêt. Jusqu’au jour où il sera obligé de se rendre au village le plus proche et fera la rencontre de la jeune Manon…",Jean-Christophe Dessaint,Amandine Taffin,"Jean Reno,Lorànt Deutsch,Isabelle Carré","3,9","4,0",France,Gebeka Films,4 nominations,2011,Long métrage,Français,350 132 entrées
After,https://fr.web.img4.acsta.net/c_310_420/medias/nmedia/18/94/92/10/20365734.jpg,30 janvier 2013,en salle,Romance,Tout public,"Paris, la nuit, une femme rencontre un homme.,Julie est belle, mariée, sur des rails.,Guillaume, est séducteur, impulsif, libre.,Ils sont maladroits et gênés, il en fait trop, elle est cinglante, se moque, résiste…,Pourtant, le charme opère, ils vont traverser cette nuit ensemble.",Géraldine Maillet,Géraldine Maillet,"Julie Gayet,Raphaël Personnaz,Gen Shimaoka","2,5","3,3",France,Océan Films,2 nominations,2012,Long métrage,Français,1 728 entrées
Les Yeux de Julia,https://fr.web.img3.acsta.net/c_310_420/medias/nmedia/18/81/91/80/19584813.jpg,22 décembre 2010,en salle,"Epouvante-horreur,Thriller",Interdit - 12 ans avec avertissement,"Quand Julia apprend la mort soudaine de sa sœur Sara, tout semble clairement indiquer qu’elle s’est suicidée. Mais Julia n’arrive pas à accepter cette version des faits et commence à passer au crible les événements qui ont eu lieu les derniers mois avant le drame. La découverte d’éléments déconcertants, en désaccord avec la personnalité de Sara, et sa rupture de contacts avec son entourage, ne font que nourrir les soupçons de Julia quant aux circonstances réelles du décès. Décidée à résoudre l’énigme de cette ultime période, Julia devient l’objet d’une singulière menace qu’aucune autre personne autour d’elle, y compris son mari Isaac, ne semble percevoir, alors même que la maladie dégénérescente dont elle souffre prend le dessus, la plongeant petit à petit dans l’obscurité. La compréhension et l’amour d’Isaac avaient jusqu’alors eu raison des attaques de cécité de Julia, mais une série d’incidents inquiétants, et toujours plus violents, menacent son équilibre, l’enfermant inexorablement dans le monde des ténèbres, à la merci de la présence terriffiante qui s’y terre...",Guillem Morales,"Oriol Paulo,Guillem Morales","Belén Rueda,Lluis Homar,Julia Gutiérrez Caba","3,1","3,4",Espagne,Universal Pictures International France,2 nominations,2010,Long métrage,Espagnol,40 605 entrées
C'est ça l'amour,https://fr.web.img2.acsta.net/c_310_420/pictures/19/01/22/16/46/1227589.jpg,27 mars 2019,en salle,Drame,Tout public,"Depuis que sa femme est partie, Mario tient la maison et élève seul ses deux filles. Frida, 14 ans, lui reproche le départ de sa mère. Niki, 17 ans, rêve d'indépendance. Mario, lui, attend toujours le retour de sa femme.",Claire Burger,Claire Burger,"Bouli Lanners,Justine Lacroix,Sarah Henochsberg","4,1","3,5",France,Mars Films,2 prix et 1 nomination,2018,Long métrage,Français,102 934 entrées
Jobs,https://fr.web.img2.acsta.net/c_310_420/pictures/210/244/21024430_20130805132418528.jpg,21 août 2013,en salle,"Biopic,Drame",Tout public,"Partout sur la Terre, Steve Jobs est célébré comme un créateur de génie dont les inventions ont révolutionné notre façon de vivre et de percevoir notre monde. Il est aussi connu comme l’un des chefs d’entreprise les plus charismatiques et les plus inspirants qui soient.,Mais qui connaît l’homme derrière l’icône ? Qui sait quel parcours humain se cache derrière la destinée de ce visionnaire d’exception ? De l’abandon de ses études universitaires au formidable succès de sa société, voici l’incroyable ascension de Steve Jobs, co-créateur d’Apple Inc., l'un des entrepreneurs les plus créatifs et respectés du XXIe siècle.",Joshua Michael Stern,Matt Whiteley,"Ashton Kutcher,Dermot Mulroney,Josh Gad","1,8","2,8",U.S.A.,Metropolitan FilmExport,2 nominations,2013,Long métrage,Anglais,257 817 entrées
Love Hunters,https://fr.web.img6.acsta.net/c_310_420/pictures/17/03/24/12/40/505232.jpg,12 juillet 2017,en salle,"Epouvante-horreur,Thriller",Interdit - 16 ans,"Australie, été 1987. Un soir, alors que la jeune Vicki Maloney se rend à une soirée, elle est abordée dans la rue par Evelyn et John White, deux trentenaires qui l’invitent chez eux. Sur place, elle comprend qu’elle est tombée dans un piège. Séquestrée, sa seule chance de survie sera d’exploiter les failles du couple…",Ben Young,Ben Young,"Emma Booth,Ashleigh Cummings,Stephen Curry","3,4","3,4",Australie,UFO Distribution,1 prix et 1 nomination,2016,Long métrage,Anglais,23 290 entrées
Winnie l'ourson,https://fr.web.img6.acsta.net/c_310_420/medias/nmedia/18/81/98/82/19694097.jpg,13 avril 2011,en salle,"Animation,Famille",Tout public,"Un nouveau jour se lève dans la Forêt des rêves bleus. Comme à l'habitude, Winnie l'ourson se réveille avec une faim de loup et s'aperçoit qu'il n'a plus de miel. Il part en chercher, mais cela va s'avérer plus compliqué que prévu. Il commence par être interrompu en cours de route par un concours pour trouver une nouvelle queue à Bourriquet. Poursuivant son chemin, Winnie trouve ensuite un mot de Jean-Christophe où il est écrit : ""Je suis sorti. Des choses à faire. Je reviens bientôt"". Mais Maître Hibou interprète mal le message et raconte à tous que le jeune garçon a été enlevé par une créature mystérieuse. Winnie et ses amis se lancent alors dans une folle équipée pour le sortir des griffes d'un ravisseur imaginaire. Pour le petit ours qui ne rêvait que d'un peu de miel, cette journée va se révéler pleine de surprises.","Stephen J. Anderson,Don Hall",Burny Mattinson,"Jean-Claude Donda,Jim Cummings,Michel Mella","4,0","3,2",U.S.A.,The Walt Disney Company France,1 prix et 2 nominations,2011,Long métrage,Anglais,186 001 entrées
The November Man,https://fr.web.img6.acsta.net/c_310_420/pictures/14/10/01/10/54/405785.jpg,29 octobre 2014,en salle,"Action,Espionnage,Thriller",Tout public,"Il n'y a pas pire ennemi que celui que l'on a formé. Peter Deveraux est un ex-agent de la CIA réputé pour sa redoutable efficacité et un passé trouble. Contacté pour assurer la protection d’Alice Fournier, responsable d'un centre d'accueil pour réfugiés, dont le témoignage pourrait compromettre l'un des favoris à l'élection présidentielle russe, Devereaux comprend rapidement qu’il a été manipulé et qu’il est devenu la cible de son ancien élève, David Mason…",Roger Donaldson,"Michael Finch,Karl Gajdusek","Pierce Brosnan,Olga Kurylenko,Luke Bracey","2,7","2,9",U.S.A.,TF1 Vidéo,1 nomination,2014,Long métrage,Anglais,150 970 entrées
Les Fantômes d’Ismaël,https://fr.web.img5.acsta.net/c_310_420/pictures/17/04/25/10/21/268297.jpg,17 mai 2017,en salle,"Drame,Romance,Thriller",Tout public,"Ismaël Vuillard partage sa vie entre son métier de réalisateur et sa compagne Sylvia, une astrophysicienne. Alors qu'il s'apprête à débuter le tournage de son nouveau film, une biographie de son frère Ivan, un célèbre diplomate, Ismaël voit resurgir dans sa vie son ancien amour Carlotta, portée disparue depuis vingt ans. Sa perte l'avait alors brisé, et il lui avait fallu du temps pour se reconstruire. Complètement perdu, Ismaël décide de quitter son tournage précipitamment. Il trouve refuge à Roubaix, dans la maison familiale. De son côté, Sylvia se demande si elle a encore un rôle à jouer dans sa vie. Mathieu Amalric fait une fois de plus merveille dans cette septième collaboration avec le grand Desplechin.",Arnaud Desplechin,"Arnaud Desplechin,Julie Peyr","Mathieu Amalric,Marion Cotillard,Charlotte Gainsbourg","4,0","2,2",France,Le Pacte,2 nominations,2017,Long métrage,Français,385 868 entrées
La Rançon de la Gloire,https://fr.web.img3.acsta.net/c_310_420/pictures/14/11/18/10/51/023603.jpg,7 janvier 2015,en salle,Comédie dramatique,Tout public,"Vevey, une petite ville au bord du lac Léman, 1977.,Tout juste sorti de prison, Eddy est accueilli par son ami Osman. Ils ont tous deux convenu d’un marché. Osman héberge Eddy, en échange de quoi celui-ci s’occupe de sa fille de sept ans, Samira, le temps que sa femme Noor subisse des examens à l’hôpital. Mais en cette veille de Noël, le manque d’argent se fait cruellement sentir. Aussi, lorsque la télévision annonce la mort du richissime comédien Charlie Chaplin, Eddy a une idée : subtiliser le cercueil de l’acteur et demander une rançon à la famille !",Xavier Beauvois,"Etienne Comar,Xavier Beauvois","Benoît Poelvoorde,Roschdy Zem,Chiara Mastroianni","2,6","2,3",France,Mars Films,1 nomination,2013,Long métrage,Français,49 622 entrées
Nebraska,https://fr.web.img6.acsta.net/c_310_420/pictures/14/03/03/10/19/240408.jpg,2 avril 2014,en salle,"Comédie,Drame",Tout public,"Un vieil homme, persuadé qu’il a gagné le gros lot à un improbable tirage au sort par correspondance, cherche à rejoindre le Nebraska pour y recevoir son gain, à pied puisqu'il ne peut plus conduire. Un de ses deux fils se décide finalement à emmener son père en voiture chercher ce chèque auquel personne ne croit. Pendant le voyage, le vieillard se blesse et l’équipée fait une étape forcée dans une petite ville perdue du Nebraska qui s'avère être le lieu où le père a grandi. C'est ici que tout dérape. Rassurez-vous, c’est une comédie !",Alexander Payne,Bob Nelson,"Bruce Dern,Will Forte,June Squibb","3,3","3,9",U.S.A.,Diaphana Distribution,2 prix et 24 nominations,2013,Long métrage,Anglais,114 363 entrées
Gente de Bien,https://fr.web.img5.acsta.net/c_310_420/pictures/15/02/11/17/41/334228.jpg,18 mars 2015,en salle,Drame,Tout public,"Eric, 10 ans, se retrouve à vivre du jour au lendemain avec Gabriel, son père qu’il connaît à peine. Voyant que l’homme a du mal à construire une relation avec son fils et à subvenir à leurs besoins, Maria Isabel, la femme pour laquelle Gabriel travaille comme menuisier, décide de prendre l’enfant sous son aile.",Franco Lolli (II),"Franco Lolli (II),Catherine Paillé","Brayan Santamaria,Carlos Fernando Perez,Alejandra Borrero","3,8","3,3",Colombie,Ad Vitam,1 prix et 3 nominations,2013,Long métrage,Espagnol,33 739 entrées
Le Vieux qui ne voulait pas fêter son anniversaire,https://fr.web.img4.acsta.net/c_310_420/pictures/14/03/21/10/02/069474.jpg,28 mai 2014,en salle,"Aventure,Comédie,Drame",Tout public,"Le jour de son 100ème anniversaire, un homme s'échappe de sa maison de retraite pour une cavale rocambolesque, certain qu'il n'est pas trop tard pour tout recommencer à zéro. Débute alors une aventure inattendue et hilarante aux côtés d'un escroc, d'un vendeur de hot-dogs, d'une rousse et d'un éléphant...",Felix Herngren,"Felix Herngren,Hans Ingemansson","Robert Gustafsson,Mia Skäringer,Iwar Wiklander","2,9","3,7",Suède,StudioCanal,3 nominations,2014,Long métrage,Suédois,172 665 entrées
Séjour dans les monts Fuchun,https://fr.web.img3.acsta.net/c_310_420/pictures/19/05/13/15/39/2437767.jpg,1 janvier 2020,en salle,"Drame,Romance",Tout public,"Le destin d’une famille s’écoule au rythme de la nature, du cycle des saisons et de la vie d’un fleuve.",Xiaogang Gu,Xiaogang Gu,"Qian Youfa,Wang Fengjuan,Sun Zhangjian","4,2","3,9",Chine,ARP Sélection,1 nomination,2019,Long métrage,Mandarin,138 219 entrées
Angry Birds : Copains comme cochons,https://fr.web.img6.acsta.net/c_310_420/pictures/19/07/23/15/56/2238022.jpg,16 octobre 2019,en salle,"Animation,Comédie",Tout public,"Les oiseaux et les cochons continuent de se battre sans relâche. Mais la menace d’un nouvel adversaire vient perturber les voisins ennemis. Red, Chuck, Bombe et l’Aigle Vaillant recrutent Silver, la sœur de Chuck et s’associent aux cochons Léonard, son assistante Courtney et Garry (le geek), pour former une équipe improbable et tenter de sauver leurs foyers !",Thurop Van Orman,"Peter Ackerman,Jonathon E. Stewart","Jason Sudeikis,Josh Gad,Karin Viard","2,8","3,3",U.S.A.,Sony Pictures Releasing France,1 nomination,2019,Long métrage,Anglais,691 339 entrées
Joséphine,https://fr.web.img2.acsta.net/c_310_420/pictures/210/026/21002612_20130502103303943.jpg,19 juin 2013,en salle,"Comédie,Romance",Tout public,"Joséphine, 29 ans trois-quart, obnubilée par la taille de ses fesses, source de tous ses problèmes, n’a toujours pas trouvé l’homme de ses rêves non-fumeur-bon-cuisinier-qui-aime-les-chats-et-qui-veut-plein-d’enfants. Sa seule consolation, c’est qu’elle vit avec Brad Pitt… consolation de courte durée puisque c’est son chat. Quand sa soeur lui annonce son mariage, c’est la goutte d’eau qui fait déborder la tasse à café. Elle s’invente alors une histoire d’amour avec un riche chirurgien brésilien qui lui a demandé sa main et l’emmène vivre au bout du monde. Facile à dire… Ce (petit) mensonge va l’entraîner dans un tourbillon d’aventures.",Agnès Obadia,"Agnès Obadia,Samantha Mazeras","Marilou Berry,Mehdi Nebbou,Bérengère Krief","3,2","3,0",France,UGC Distribution,1 nomination,2012,Long métrage,Français,591 778 entrées
True Legend,https://fr.web.img2.acsta.net/c_310_420/medias/nmedia/18/83/49/54/19784465.jpg,28 septembre 2011,en salle,"Action,Historique",Tout public,"Général réputé de la dynastie Qing, Su Chan met fin à sa carrière militaire pour réaliser son rêve : fonder une famille et sa propre école d'arts martiaux. Mais sa paisible existence est réduite à néant quand Yuan Lie, son frère adoptif qui cherche depuis toujours à venger son père naturel, exécute le père de Su Chan provoquant ce dernier en duel. Grâce à sa maîtrise des cinq venins mortels et à une armure le rendant quasiment invulnérable, Yuan Lie triomphe de Su Chan et enlève son fils Feng.,Su Chan est sauvé de justesse par sa femme Ying et par Madame Yu, une herboriste vivant retirée dans la forêt. Physiquement et moralement diminué, il sombre dans l’alcool, conjurant l'aide du Dieu martial et d'un vieux sage excentrique dont il semble être le seul à reconnaître l'existence. Il s'entraîne des années durant à parfaire sa technique de combat, la boxe de l'homme ivre.,Mais ce n'est que quand la vie de Feng est soudain mise en péril que Su Chan va enfin laisser libre cours à la passion qui sommeille en lui depuis toujours, et révéler la portée de son art, donnant ainsi naissance à la légende du roi des mendiants.",Woo-Ping Yuen,Christine To,"Wenzhuo Zhao,Zhou Xun,Michelle Yeoh","2,8","2,9",Chine,Universal Pictures International France,# prix,2010,Long métrage,Mandarin,11 997 entrées
Au fil d'Ariane,https://fr.web.img6.acsta.net/c_310_420/pictures/14/04/25/15/05/022154.jpg,18 juin 2014,en salle,"Comédie,Drame",Tout public,"C’est le jour de son anniversaire et Ariane est plus seule que jamais dans sa jolie maison.,Les bougies sont allumées sur le gâteau. Mais les invités se sont excusés… Ils ne viendront pas.,Alors elle prend sa jolie voiture et quitte sa jolie banlieue pour se perdre dans la grande ville…",Robert Guédiguian,"Robert Guédiguian,Serge Valletti","Ariane Ascaride,Jacques Boudet,Jean-Pierre Darroussin","3,1","2,5",France,Diaphana Distribution,1 nomination,2013,Long métrage,Français,125 339 entrées
Le Grand Méchant Loup,https://fr.web.img2.acsta.net/c_310_420/pictures/210/053/21005321_20130513144215142.jpg,10 juillet 2013,en salle,Comédie,Tout public,"Il était une fois trois frères qui vivaient heureux. Du moins le pensaient-ils. Un jour leur maman eut un accident. Alors Henri, Philippe et Louis se mirent à se questionner sur le sens de leur vie. Une grande vague de doutes pour ces quarantenaires versaillais sans histoire, qui suffit à leur faire entrouvrir la porte à l'inédit, à l'interdit, à l'aventure... au Grand Méchant Loup!,De maison de paille en maison de bois, le loup aussi sexy soit-il délogera-t-il nos trois frères ? Et l'hôtel particulier en pierre de taille de l'aîné, est-il vraiment si solide ? Et si au bout du compte la vie d'adulte n'était pas complètement un conte pour enfant ?,","Nicolas Charlet,Bruno Lavaine","Nicolas Charlet,Bruno Lavaine","Benoît Poelvoorde,Kad Merad,Fred Testot","3,5","2,9",France,Mars Films,1 nomination,2013,Long métrage,Français,355 686 entrées
Petit Vampire,https://fr.web.img2.acsta.net/c_310_420/pictures/21/05/06/11/39/2325464.jpg,21 octobre 2020,en salle,"Animation,Famille",Tout public,"Petit Vampire vit dans une maison hantée avec une joyeuse bande de monstres, mais il s’ennuie terriblement... Cela fait maintenant 300 ans qu’il a 10 ans, alors les bateaux de pirates, et le cinéclub, ça fait bien longtemps que ça ne l’amuse plus. Son rêve ? Aller à l’école pour se faire des copains. Mais ses parents ne l’entendent pas de cette oreille, le monde extérieur est bien trop dangereux. Accompagné par Fantomate, son fidèle bouledogue, Petit Vampire s’échappe du manoir en cachette, déterminé à rencontrer d’autres enfants. Très vite, il se lie d’amitié avec Michel, un petit garçon aussi malin qu’attachant. Mais leur amitié naissante va attirer l’attention du terrifiant Gibbous, un vieil ennemi qui était sur les traces de Petit Vampire et sa famille depuis des années…",Joann Sfar,"Sandrina Jardel,Joann Sfar","Louise Lacoste,Camille Cottin,Alex Lutz","3,8","2,6",France,StudioCanal,2 prix et 2 nominations,2019,Long métrage,19/05/2021,244 326 entrées
Je Ne Suis Pas Un Salaud,https://fr.web.img3.acsta.net/c_310_420/pictures/16/01/26/09/24/498597.jpg,24 février 2016,en salle,Drame,Tout public,"Lorsqu’il est violemment agressé dans la rue, Eddie désigne à tort Ahmed, coupable idéal qu’il avait aperçu quelques jours avant son agression. Alors que la machine judiciaire s’emballe pour Ahmed, Eddie tente de se relever auprès de sa femme et de son fils et grâce à un nouveau travail. Mais bientôt conscient de la gravité de son geste, Eddie va tout faire pour rétablir sa vérité. Quitte à tout perdre…,",Emmanuel Finkiel,Emmanuel Finkiel,"Nicolas Duvauchelle,Mélanie Thierry,Maryne Cayon","3,5","3,5",France,Bac Films,3 nominations,2014,Long métrage,Français,35 995 entrées
Le Grand jeu,https://fr.web.img3.acsta.net/c_310_420/pictures/15/10/12/16/47/368943.jpg,16 décembre 2015,en salle,Thriller,Tout public,"Pierre Blum, un écrivain de quarante ans qui a connu son heure de gloire au début des années 2000, rencontre, un soir, sur la terrasse d'un casino, un homme mystérieux, Joseph Paskin. Influent dans le monde politique, charismatique, manipulateur, il passe bientôt à Pierre une commande étrange qui le replongera dans un passé qu'il aurait préféré oublier et mettra sa vie en danger. Au milieu de ce tumulte, Pierre tombe amoureux de Laura, une jeune militante d'extrême gauche; mais dans un monde où tout semble à double fond, à qui peut-on se fier ?",Nicolas Pariser,Nicolas Pariser,"Melvil Poupaud,André Dussollier,Clémence Poésy","3,7","2,4",France,Bac Films,# prix,2015,Long métrage,Français,105 496 entrées
The Last Face,https://fr.web.img6.acsta.net/c_310_420/pictures/16/11/29/10/49/480232.jpg,11 janvier 2017,en salle,Drame,Interdit - 12 ans avec avertissement,"Au Libéria, pays d’Afrique ravagé par la guerre, le docteur Miguel Leon, médecin humanitaire, et le docteur Wren Petersen, directrice d’une ONG, tombent passionnément amoureux l’un de l’autre.,S’ils sont tous les deux engagés corps et âme dans leur mission, ils n’en sont pas moins profondément divisés sur les politiques à adopter pour tenter de régler le conflit qui fait rage.,Ils devront surmonter leurs clivages et le chaos qui menace d’emporter le pays tout entier – sous peine de voir leur amour voler en éclats…",Sean Penn,Erin Dignam,"Charlize Theron,Javier Bardem,Adèle Exarchopoulos","1,1","2,1",U.S.A.,Mars Films,1 nomination,2016,Long métrage,Anglais,42 603 entrées
Devil,https://fr.web.img5.acsta.net/c_310_420/medias/nmedia/18/79/09/19/19584444.jpg,20 avril 2011,en salle,"Fantastique,Epouvante-horreur,Thriller",Tout public,"À Philadelphie, cinq individus débutent leur journée le plus banalement du monde. Ils pénètrent dans un immeuble de bureaux et montent dans l'ascenseur. Personne ne se connaît ni ne se salue. Ils n'auront à partager cet espace clos que pour un court instant. Mais, quand l'ascenseur reste bloqué, ce qui semblait aléatoire, s'avère vite parfaitement intentionnel, et leur sort ne leur appartient plus. Ces cinq inconnus vont voir leurs secrets exposés au grand jour, et chacun va devoir répondre de ses fautes. Doucement, méthodiquement, leur situation évolue de la simple contrariété à l'angoisse, puis à l'horreur totale. Un à un, l'adversité les frappe, alors que le doute quant à l'identité de l'auteur de ces terribles événements plane sur toutes les têtes... jusqu'à ce qu'ils comprennent la vérité : l'un d'eux est le diable en personne. Quand toute assistance venue de l'extérieur s'avère inutile, les passagers restants sont forcés de réaliser que leur seule chance de s'en sortir est de faire face aux crimes qui les ont menés là où ils sont aujourd'hui.",John Erick Dowdle,Brian Nelson,"Chris Messina,Logan Marshall-Green,Jenny O'Hara","1,7","2,3",U.S.A.,Universal Pictures International France,1 nomination,2010,Long métrage,Anglais,13 174 entrées
Les Runaways,https://fr.web.img6.acsta.net/c_310_420/medias/nmedia/18/78/66/16/19486521.jpg,15 septembre 2010,en salle,Biopic,Tout public,"Los Angeles, 1975. Joan Jett et Cherie Currie, deux adolescentes rebelles, se rencontrent et deviennent les figures emblématiques de ce qui se révélera être le plus célèbre des groupes de glam rock féminin, les Runaways. Après une irrésistible ascension dans une Californie en ébullition créative, ces deux jeunes stars légendaires vont ouvrir la voie aux générations futures de femmes musiciennes. Sous l’influence de leur imprésario, l’excentrique Kim Fowley, le groupe va vite s’imposer et déchaîner les foules. Au-delà d’une trajectoire unique, voici l’histoire vraie de jeunes filles qui en se cherchant, vont toucher leurs rêves et changer la musique pour toujours.",Floria Sigismondi,Floria Sigismondi,"Kristen Stewart,Dakota Fanning,Michael Shannon","3,6","3,7",U.S.A.,Metropolitan FilmExport,2 nominations,2010,Long métrage,Anglais,75 201 entrées
Piranhas,https://fr.web.img4.acsta.net/c_310_420/pictures/19/04/15/11/31/4741383.jpg,5 juin 2019,en salle,"Policier,Drame",Interdit - 12 ans,"Nicola et ses amis ont entre dix et quinze ans. Ils se déplacent à scooter, ils sont armés et fascinés par la criminalité. Ils ne craignent ni la prison ni la mort, seulement de mener une vie ordinaire comme leurs parents. Leurs modèles : les parrains de la Camorra. Leurs valeurs : l’argent et le pouvoir. Leurs règles : fréquenter les bonnes personnes, trafiquer dans les bons endroits, et occuper la place laissée vacante par les anciens mafieux pour conquérir les quartiers de Naples, quel qu’en soit le prix.",Claudio Giovannesi,"Claudio Giovannesi,Roberto Saviano","Francesco Di Napoli,Ar Tem,Viviana Aprea","3,6","3,5",Italie,Wild Bunch Distribution,2 prix et 1 nomination,2019,Long métrage,Italien,39 007 entrées
Corps et âme,https://fr.web.img2.acsta.net/c_310_420/pictures/17/09/08/14/27/3724713.jpg,25 octobre 2017,en salle,Drame,Tout public,"Mária, nouvelle responsable du contrôle de qualité et Endre, directeur financier de la même entreprise, vivent chaque nuit un rêve partagé, sous la forme d'un cerf et d'une biche qui lient connaissance dans un paysage enneigé. Lorsqu'ils découvrent ce fait extraordinaire, ils tentent de trouver dans la vie réelle le même amour que celui qui les unit la nuit sous une autre apparence...",Ildiko Enyedi,Ildiko Enyedi,"Alexandra Borbély,Morcsányi Géza,Réka Tenki","3,3","3,6",Hongrie,Le Pacte,1 prix et 5 nominations,2017,Long métrage,Hongrois,35 300 entrées
Plan de table,https://fr.web.img6.acsta.net/c_310_420/medias/nmedia/18/88/69/67/20000227.jpg,11 avril 2012,en salle,"Comédie,Romance",Tout public,"Suite à un câlin bref, mais intense, la table dressée pour la noce est en désordre. La mariée court se recoiffer, tandis que l’homme replace les cartons sans respecter le plan de table. Le hasard fera-t-il bien les choses ? Ou bien devra-t-il donner un coup de main au destin ?",Christelle Raynal,Francis Nief,"Elsa Zylberstein,Franck Dubosc,Audrey Lamy","1,9","2,6",France,ARP Sélection,1 prix et 3 nominations,2012,Long métrage,Français,253 339 entrées
Beur sur la ville,https://fr.web.img2.acsta.net/c_310_420/medias/nmedia/18/82/77/93/19806551.jpg,12 octobre 2011,en salle,"Comédie,Policier",Tout public,"A 25 ans, Khalid Belkacem avait tout raté : son BEPC, son code de la route, son BAFA, et même son BCG. Il ne s'attendait pas à devenir le premier ""discriminé positif"" de la police. Mais comme dit sa mère,",Djamel Bensalah,Djamel Bensalah," Booder,Issa Doumbia,Steve Tran","1,8","1,6",France,Paramount Pictures France,1 prix et 2 nominations,2010,Long métrage,Français,412 351 entrées
L'Homme qui rit,https://fr.web.img3.acsta.net/c_310_420/medias/nmedia/18/90/31/86/20258994.jpg,26 décembre 2012,en salle,"Drame,Romance",Tout public,"En pleine tourmente hivernale, Ursus, un forain haut en couleurs, recueille dans sa roulotte deux orphelins perdus dans la tempête : Gwynplaine, un jeune garçon marqué au visage par une cicatrice qui lui donne en permanence une sorte de rire, et Déa, une fillette aveugle.,Quelques années plus tard, ils sillonnent ensemble les routes et donnent un spectacle dont Gwynplaine, devenu adulte, est la vedette. Partout on veut voir ‘L’Homme qui rit’, il fait rire et émeut les foules. Ce succès ouvre au jeune homme les portes de la célébrité et de la richesse et l'éloigne des deux seuls êtres qui l’aient toujours aimé pour ce qu’il est : Déa et Ursus.",Jean-Pierre Améris,"Jean-Pierre Améris,Guillaume Laurant","Marc-André Grondin,Gérard Depardieu,Emmanuelle Seigner","2,6","2,5",France,EuropaCorp Distribution,1 prix et 6 nominations,2012,Long métrage,Français,244 708 entrées
Métamorphoses,https://fr.web.img6.acsta.net/c_310_420/pictures/14/09/05/15/52/597917.jpg,3 septembre 2014,en salle,Comédie dramatique,Tout public,"Devant son lycée, une fille se fait aborder par un garçon très beau mais étrange. Elle se laisse séduire par ses histoires. Des histoires sensuelles et merveilleuses où les dieux tombent amoureux de jeunes mortels. Le garçon propose à la fille de le suivre.",Christophe Honoré,Christophe Honoré,"Amira Akili,Sébastien Hirel,Mélodie Richard","3,2","2,2",France,Dulac Distribution,1 nomination,2014,Long métrage,Français,36 389 entrées
Going To Brazil,https://fr.web.img4.acsta.net/c_310_420/pictures/17/02/02/17/39/084543.jpg,22 mars 2017,en salle,Comédie,Tout public,"La folle aventure de trois copines invitées au mariage de leur meilleure amie au Brésil.,À peine arrivées à Rio, elles tuent accidentellement un jeune homme trop insistant.,Dès lors, tout s'emballe..!",Patrick Mille,"Patrick Mille,Julien Lambroschini","Vanessa Guide,Alison Wheeler,Margot Bancilhon","2,6","2,1",France,Océan Films,2 nominations,2016,Long métrage,Français,63 336 entrées
Gaspard va au mariage,https://fr.web.img6.acsta.net/c_310_420/pictures/17/11/20/12/06/0692248.jpg,31 janvier 2018,en salle,"Comédie,Famille",Tout public,"Après s'être tenu prudemment à l'écart pendant des années, Gaspard, 25 ans, doit renouer avec sa famille à l'annonce du remariage de son père. Accompagné de Laura, une fille fantasque qui accepte de jouer sa petite amie le temps du mariage, il se sent enfin prêt à remettre les pieds dans le zoo de ses parents et y retrouver les singes et les fauves qui l'ont vu grandir... Mais entre un père trop cavaleur, un frère trop raisonnable et une sœur bien trop belle, il n'a pas conscience qu'il s'apprête à vivre les derniers jours de son enfance.",Antony Cordier,Antony Cordier,"Félix Moati,Laetitia Dosch,Christa Théret","3,8","3,0",France,Pyramide Distribution,1 nomination,2017,Long métrage,Français,132 555 entrées
Wildlife - Une saison ardente,https://fr.web.img3.acsta.net/c_310_420/pictures/18/11/09/15/18/1070330.jpg,19 décembre 2018,en salle,Drame,Tout public,"Dans les sixties, Jerry et Jeannette déménagent dans le Montana en espérant s'intégrer à la bourgeoisie locale. Mais les choses ne se déroulent pas comme prévu. Tandis que Jerry, qui rêve de devenir golfeur professionnel, doit se contenter d'un emploi subalterne dans un club de golf, Jeannette s'ennuie dans son rôle de mère au foyer, et s'imagine une autre vie. Peu à peu, le couple se délite sous le regard médusé de leur fils Joe, 14 ans. Pour son premier film derrière la caméra, Paul Dano dépeint l'envers du décor de l'Amérique triomphante des années 60, bien secondé par le couple formé par Carey Mulligan et Jake Gyllenhaal. Une excellente surprise.",Paul Dano,"Zoe Kazan,Paul Dano","Carey Mulligan,Jake Gyllenhaal,Ed Oxenbould","3,9","3,5",U.S.A.,ARP Sélection,2 nominations,2018,Long métrage,Anglais,126 173 entrées
Sœurs,https://fr.web.img5.acsta.net/c_310_420/pictures/21/06/22/11/23/0700381.jpg,30 juin 2021,en salle,Drame,Tout public,"Depuis trente ans, trois sœurs franco-algériennes, Zorah, Nohra et Djamila vivent dans l'espoir de retrouver leur frère Rheda, enlevé par leur père et caché en Algérie. Alors qu'elles apprennent que ce père est mourant, elles décident de partir toutes les trois le retrouver en Algérie dans l'espoir qu'il leur révèle où est leur frère. Commence alors pour Zorah et ses sœurs une course contre la montre dans une Algérie où se lève le vent de la révolution.",Yamina Benguigui,"Yamina Benguigui,Abdel Raouf Dafri","Isabelle Adjani,Rachida Brakni, Maïwenn","2,5","2,6",France,Jour2fête,1 nomination,2019,Long métrage,Français,41 476 entrées
Deux fils,https://fr.web.img2.acsta.net/c_310_420/pictures/18/12/28/22/42/0598606.jpg,13 février 2019,en salle,"Comédie,Drame",Tout public,"Joseph et ses deux fils, Joachim et Ivan, formaient une famille très soudée. Mais Ivan, le plus jeune, collégien hors norme en pleine crise mystique, est en colère contre ses deux modèles qu’il voit s’effondrer. Car son grand frère Joachim ressasse inlassablement sa dernière rupture amoureuse, au prix de mettre en péril ses études de psychiatrie. Et son père a décidé de troquer sa carrière réussie de médecin pour celle d’écrivain raté. Pourtant, ces trois hommes ne cessent de veiller les uns sur les autres et de rechercher, non sans une certaine maladresse, de l’amour…",Félix Moati,Félix Moati,"Vincent Lacoste,Benoît Poelvoorde,Mathieu Capella","3,8","2,6",France,Le Pacte,1 nomination,2018,Long métrage,Français,93 711 entrées
Max,https://fr.web.img6.acsta.net/c_310_420/medias/nmedia/18/95/00/12/20376316.jpg,23 janvier 2013,en salle,Comédie,Tout public,"Max a 6 ans. Elle vit avec son père Toni, un petit voyou au grand cœur. Pour Noël, Max décide de lui offrir Rose, une fille de joie rencontrée dans la rue et qu’elle a prise en affection. Malgré la situation compliquée, Toni va avoir du mal à refuser le « cadeau » de sa fille et devoir cohabiter avec Rose.",Stéphanie Murat,"Stéphanie Murat,Vincent Cappello","Mathilde Seigner, JoeyStarr,Shana Castera","2,3","2,5",France,Warner Bros. France,# prix,2012,Long métrage,Français,495 795 entrées
L'Affaire Collini,https://fr.web.img6.acsta.net/c_310_420/pictures/19/10/15/14/39/4115884.jpg,27 avril 2022,en salle,"Drame,Judiciaire,Thriller",Tout public,"Pourquoi Fabrizio Collini a-t-il assassiné Hans Meyer, un industriel de la haute société allemande ? Comment défendre un accusé qui refuse de parler ? En enquêtant sur ce dossier, son avocat découvrira le plus gros scandale juridique de l’histoire allemande, et une vérité à laquelle personne ne veut se confronter.",Marco Kreuzpaintner,"Christian Zübert,Robert Gold","Elyas M'Barek,Alexandra Maria Lara,Heiner Lauterbach","3,0","4,1",Allemagne,ARP Sélection,1 nomination,2019,Long métrage,Allemand,45 258 entrées
Le Musée des merveilles,https://fr.web.img2.acsta.net/c_310_420/pictures/17/09/21/12/36/1624360.jpg,15 novembre 2017,en salle,Drame,Tout public,"Sur deux époques distinctes, les parcours de Ben et Rose. Ces deux enfants souhaitent secrètement que leur vie soit différente ; Ben rêve du père qu'il n'a jamais connu, tandis que Rose, isolée par sa surdité, se passionne pour la carrière d'une mystérieuse actrice. Lorsque Ben découvre dans les affaires de sa mère l’indice qui pourrait le conduire à son père et que Rose apprend que son idole sera bientôt sur scène, les deux enfants se lancent dans une quête à la symétrie fascinante qui va les mener à New York.",Todd Haynes,Brian Selznick,"Oakes Fegley,Millicent Simmonds,Julianne Moore","3,7","3,2",U.S.A.,Metropolitan FilmExport,1 nomination,2017,Long métrage,Anglais,115 102 entrées
Trop belle !,https://fr.web.img2.acsta.net/c_310_420/medias/nmedia/18/73/92/27/19442144.jpg,23 juin 2010,en salle,"Comédie,Romance",Tout public,"Un homme banal entame une relation avec une jeune femme extraordinairement belle. Il doit d'abord faire face à ses appréhensions et aux soupçons de sa famille avant de gâcher maladroitement son histoire avec la belle pour toujours...,",Jim Field Smith,"John Morris (IV),Sean Anders","Jay Baruchel,Alice Eve,T.J. Miller","2,6","2,8",U.S.A.,Paramount Pictures France,1 nomination,2010,Long métrage,Anglais,5 883 entrées
Une nuit,https://fr.web.img6.acsta.net/c_310_420/medias/nmedia/18/86/61/47/19850630.jpg,4 janvier 2012,en salle,Policier,Tout public,"Paris. Simon Weiss, commandant à la Brigade Mondaine, entreprend, comme chaque soir, sa tournée des établissements de nuit. Son métier. Une nuit, mais pas comme les autres… Très vite Weiss comprend qu’on veut le piéger. Pris en tenaille entre la police des polices et les voyous, Weiss va se défendre, affronter flics, hommes d’affaires et malfrats...",Philippe Lefebvre (II),"Simon Michaël,Philippe Isard","Roschdy Zem,Sara Forestier,Samuel Le Bihan","3,8","3,3",France,UGC Distribution,2 nominations,2011,Long métrage,Français,212 393 entrées
La Dernière leçon,https://fr.web.img3.acsta.net/c_310_420/pictures/15/07/16/14/28/223601.jpg,4 novembre 2015,en salle,"Drame,Famille",Tout public,"Madeleine, 92 ans, décide de fixer la date et les conditions de sa disparition. En l’annonçant à ses enfants et petits-enfants, elle veut les préparer aussi doucement que possible, à sa future absence. Mais pour eux, c’est le choc, et les conflits s’enflamment. Diane, sa fille, en respectant son choix, partagera dans l’humour et la complicité ces derniers moments.",Pascale Pouzadoux,"Pascale Pouzadoux,Laurent de Bartillat","Sandrine Bonnaire,Marthe Villalonga,Antoine Duléry","3,2","3,8",France,Wild Bunch Distribution,1 nomination,2015,Long métrage,Français,251 360 entrées
The Canyons,https://fr.web.img6.acsta.net/c_310_420/pictures/13/12/20/10/12/012586.jpg,19 mars 2014,en salle,Thriller,Interdit - 12 ans,"Christian, jeune producteur de films ambitieux, est amoureux fou de Tara, une actrice qu’il abrite sous son toit. Obsédé par l’idée qu’elle le trompe, Christian fait suivre Tara et découvre qu’elle entretient effectivement une liaison. Sa jalousie se fait d’autant plus grande que l’amant de Tara n’est autre que Ryan, ex petit-ami de cette dernière qu’elle a imposé sur le futur projet cinématographique de Christian.,Le producteur décide alors de les piéger tous les deux, sacrifiant au passage ce qui lui reste d’humanité dans des jeux pervers et violents…",Paul Schrader,Bret Easton Ellis,"Lindsay Lohan,James Deen,Nolan Gerard Funk","2,4","1,8",U.S.A.,Recidive,2 nominations,2013,Long métrage,Anglais,16 574 entrées
Les Boxtrolls,https://fr.web.img4.acsta.net/c_310_420/pictures/14/08/06/18/36/538573.jpg,15 octobre 2014,en salle,"Aventure,Animation,Famille,Fantastique",Tout public,"Les Boxtrolls est une fable qui se déroule à Cheesebridge, une ville huppée de l’époque victorienne, dont la principale préoccupation est le luxe, la distinction et la crème des fromages les plus puants. Sous le charme de ses rues pavées, se cachent les Boxtrolls, d’horribles monstres qui rampent hors des égouts la nuit pour dérober ce que les habitants ont de plus cher : leurs enfants et leurs fromages. C’est du moins la légende à laquelle les gens de Cheesebridge ont toujours cru. En réalité les Boxtrolls sont une communauté souterraine d’adorables et attachantes créatures excentriques qui portent des cartons recyclés comme les tortues leurs carapaces. Les Boxtrolls ont élevé depuis le berceau un petit humain orphelin OEuf, comme l’un  des leurs, explorateur de décharge et collectionneur de détritus mécaniques.,Ils deviennent soudainement la cible d’un infâme dératiseur Archibald Trappenard qui voit dans sa disposition à éradiquer les trolls son ticket d’entrée au sein de la bonne société de Cheesebridge. La bande de bricoleurs au grand coeur doit alors se tourner vers celui dont ils ont adopté la responsabilité, ainsi qu’une jeune fi lle de la haute qui n’a pas froid aux yeux, Winnie afin de concilier leurs deux mondes, au gré des vents du changement... et du fromage...","Graham Annable,Anthony Stacchi","Irena Brignull,Adam Pava","Isaac Hempstead Wright,Elle Fanning,Ben Kingsley","3,6","3,7",U.S.A.,Universal Pictures International France,6 nominations,2014,Long métrage,Anglais,473 026 entrées
The Disaster Artist,https://fr.web.img2.acsta.net/c_310_420/pictures/18/01/08/10/58/3892363.jpg,7 mars 2018,en salle,"Biopic,Comédie,Drame",Tout public,"En 2003, Tommy Wiseau, artiste passionné mais totalement étranger au milieu du cinéma, entreprend de réaliser un film. Sans savoir vraiment comment s'y prendre, il se lance … et signe THE ROOM, le plus grand nanar de tous les temps. Comme quoi, il n'y a pas qu'une seule méthode pour devenir une légende !",James Franco,"Scott Neustadter,Michael H. Weber","James Franco,Dave Franco,Seth Rogen","3,7","3,7",U.S.A.,Warner Bros. France,2 prix et 5 nominations,2017,Long métrage,Anglais,86 307 entrées
My Lady,https://fr.web.img5.acsta.net/c_310_420/pictures/18/06/26/11/54/3333197.jpg,1 août 2018,en salle,"Drame,Judiciaire",Tout public,"Faut-il obliger un adolescent à recevoir la transfusion qui pourrait le sauver ? Fiona Maye, Juge de la Haute Cour, décide de lui rendre visite, avant de trancher. Leur rencontre bouleversera le cours des choses.",Richard Eyre,Ian McEwan,"Emma Thompson,Stanley Tucci,Fionn Whitehead","3,4","3,9",Grande-Bretagne,ARP Sélection,1 nomination,2017,Long métrage,Anglais,416 447 entrées
Cherchez la femme,https://fr.web.img5.acsta.net/c_310_420/pictures/17/06/05/14/48/561786.jpg,28 juin 2017,en salle,Comédie,Tout public,"Armand et Leila, étudiants à Science Po, forment un jeune couple. Ils projettent de partir à New York faire leur stage de fin d’études aux Nations Unies. Mais quand Mahmoud, le grand frère de Leila, revient d'un long séjour au Yémen qui l’a radicalement transformé, il s’oppose à la relation amoureuse de sa sœur et décide de l’éloigner à tout prix d’Armand. Pour s’introduire chez Mahmoud et revoir Leila, Armand n’a pas le choix : il doit enfiler le voile intégral ! Le lendemain, une certaine Schéhérazade au visage voilé sonne à la porte de Leila, et elle ne va pas laisser Mahmoud indifférent…",Sou Abadi,Sou Abadi,"Félix Moati,Camélia Jordana,William Lebghil","3,4","3,3",France,Mars Films,1 nomination,2017,Long métrage,Français,171 346 entrées
Sleeping Beauty,https://fr.web.img2.acsta.net/c_310_420/medias/nmedia/18/83/94/11/19847763.jpg,16 novembre 2011,en salle,Drame,Interdit - 16 ans,"Ce que les hommes lui font la nuit, Elle l'a oublié au réveil. Une jeune étudiante qui a besoin d’argent multiplie les petits boulots. Suite à une petite annonce, elle intègre un étrange réseau de beautés endormies. Elle s’endort. Elle se réveille. Et c’est comme si rien ne s’était passé…",Julia Leigh,Julia Leigh,"Emily Browning,Rachael Blake,Ewen Leslie","3,3","2,0",Australie,ARP Sélection,5 nominations,2011,Long métrage,Anglais,27 236 entrées
Vincent n'a pas d'écailles,https://fr.web.img3.acsta.net/c_310_420/pictures/14/11/04/12/25/347644.jpg,18 février 2015,en salle,"Comédie dramatique,Fantastique",Tout public,"Vincent a un pouvoir extraordinaire : sa force et ses réflexes décuplent au contact de l’eau. Pour vivre pleinement ce don, il s’installe dans une région riche en lacs et rivières, et suffisamment isolée pour préserver sa tranquillité. Lors d’une escapade aquatique, il est surpris par Lucie dont il tombe amoureux.",Thomas Salvador,"Thomas Salvador,Thomas Cheysson","Thomas Salvador,Vimala Pons,Youssef Hajdi","3,9","2,8",France,Le Pacte,2 nominations,2014,Long métrage,Français,81 332 entrées
Queens,https://fr.web.img5.acsta.net/c_310_420/pictures/19/09/13/10/01/5395505.jpg,16 octobre 2019,en salle,"Biopic,Drame",Tout public,"Des stripteaseuses se lient d’amitié et décident de conjuguer leurs talents pour arnaquer et prendre leur revanche sur leurs riches clients de Wall Street. Leur plan fonctionne à merveille, mais argent et vie facile les poussent à prendre de plus en plus de risques…",Lorene Scafaria,Lorene Scafaria,"Constance Wu,Jennifer Lopez,Julia Stiles","2,9","2,8",U.S.A.,Metropolitan FilmExport,3 nominations,2019,Long métrage,Anglais,278 427 entrées
Lola et ses frères,https://fr.web.img6.acsta.net/c_310_420/pictures/18/10/29/10/46/2031759.jpg,28 novembre 2018,en salle,Comédie dramatique,Tout public,"Lola a deux frères : Benoit, qui se marie pour la 3ème fois, et Pierre, qui débarque en retard au mariage… Excuses, reproches, engueulades, brouilles, chacun essaye de vivre sa vie de son côté. Benoit va devenir père sans y être prêt. Lola fait la rencontre de Zoher alors qu’elle s'occupe de son divorce. Quant à Pierre, ses problèmes professionnels s'enveniment. Tout dans leur vie devrait les éloigner, mais ces trois-là sont inséparables.",Jean-Paul Rouve,"Jean-Paul Rouve,David Foenkinos","Ludivine Sagnier,José Garcia,Jean-Paul Rouve","3,4","3,5",France,UGC Distribution,1 nomination,2017,Long métrage,Français,319 237 entrées
Tracks,https://fr.web.img2.acsta.net/c_310_420/pictures/16/03/30/11/09/417666.jpg,27 avril 2016,en salle,"Aventure,Biopic",Tout public,"En 1975, Robyn Davidson, une jeune femme en quête de sens, abandonne sa vie urbaine pour traverser le désert Australien sur 3200 km. Sa solitude sera troublée par Rick Smolan, un photographe du National Geographic qui couvre son expédition. Inspiré d’une histoire vraie, son périple est jalonné de rencontres qui lui permettent de s’ouvrir au monde et de découvrir sa force intérieure.",John Curran,Marion Nelson,"Mia Wasikowska,Adam Driver,Rainer Bock","3,3","3,7",Australie,Septième Factory,1 nomination,2013,Long métrage,Anglais,13 999 entrées
Mais comment font les femmes ?,https://fr.web.img3.acsta.net/c_310_420/medias/nmedia/18/85/12/80/19799667.jpg,21 septembre 2011,en salle,Comédie,Tout public,"Kate est mariée, a deux enfants et un job épuisant.,Professionnelle jusqu’au bout des ongles, elle jongle avec un emploi du temps de ministre pour concilier son travail, l’éducation de ses enfants et sa vie de couple.,Sa vie est une succession de mini-cataclysmes auxquels elle doit trouver des solutions : comment réussir une conférence-call en préparant le diner de ses enfants ? Comment arriver à se faire des soirées entre copines quand le petit dernier est malade ? Comment être sexy avec son mari après 12h au bureau ?,Mais comment font les femmes ? Si c’était si simple, les hommes feraient pareil…",Douglas McGrath,Aline Brosh McKenna,"Sarah Jessica Parker,Pierce Brosnan,Greg Kinnear","3,3","2,2",U.S.A.,SND,1 nomination,2011,Long métrage,Anglais,229 954 entrées
Match retour,https://fr.web.img6.acsta.net/c_310_420/pictures/13/12/16/15/27/209115.jpg,22 janvier 2014,en salle,Comédie,Tout public,"Henry ""Razor"" Sharp et Billy ""The Kid"" McDonnen sont deux boxeurs de Pittsburgh propulsés sous le feu des projecteurs grâce à leur rivalité ancestrale. Chacun a eu l'occasion de battre son adversaire à l'époque de sa gloire, mais en 1983, alors qu'ils s'apprêtaient à disputer un troisième match décisif, Razor a soudain annoncé qu'il arrêtait la boxe : sans explication, il a ainsi brutalement mis fin à leur carrière à tous les deux.,Trente ans plus tard, le promoteur de boxe Dante Slate Jr., y voyant une occasion de gagner beaucoup d'argent, leur fait une offre irrésistible : monter sur le ring pour obtenir leur revanche une bonne fois pour toutes.,",Peter Segal,"Tim Kelleher,Rodney Rothman","Sylvester Stallone,Robert De Niro,Kevin Hart","2,1","3,3",U.S.A.,Warner Bros. France,1 nomination,2013,Long métrage,Anglais,135 126 entrées
L'Etoile de Noël,https://fr.web.img2.acsta.net/c_310_420/pictures/17/10/09/17/44/4320539.jpg,15 novembre 2017,en salle,"Aventure,Animation,Comédie,Famille,Fantastique",Tout public,"L’histoire d’un petit âne courageux, Bo, qui rêve d’une vie meilleure loin du train-train quotidien du moulin du village. Un jour, il trouve le courage de se libérer pour vivre enfin la grande aventure ! Sur sa route, il va faire équipe avec Ruth, une adorable brebis qui a perdu son troupeau, et Dave, une colombe aux nobles aspirations. Rejoint par trois chameaux déjantés et quelques animaux de la ferme plus excentriques les uns que les autres, Bo et ses nouveaux amis suivent l’Étoile… et vont devenir les héros méconnus de la plus belle histoire jamais contée : celle du premier Noël.",Timothy Reckart,Carlos Kotkin,"Steven Yeun,Keegan-Michael Key,Aidy Bryant","3,7",--,U.S.A.,Sony Pictures Releasing France,1 nomination,2017,Long métrage,Anglais,560 423 entrées
The Young Lady,https://fr.web.img6.acsta.net/c_310_420/pictures/17/03/20/14/53/142707.jpg,12 avril 2017,en salle,"Drame,Historique,Romance",Tout public,"1865, Angleterre rurale. Katherine mène une vie malheureuse d’un mariage sans amour avec un Lord qui a deux fois son âge. Un jour, elle tombe amoureuse d’un jeune palefrenier qui travaille sur les terres de son époux et découvre la passion. Habitée par ce puissant sentiment, Katherine est prête aux plus hautes trahisons pour vivre son amour impossible.",William Oldroyd,Alice Birch,"Florence Pugh,Cosmo Jarvis,Paul Hilton","3,5","3,2",Grande-Bretagne,KMBO,2 prix et 5 nominations,2016,Long métrage,Anglais,144 325 entrées
Leave No Trace,https://fr.web.img3.acsta.net/c_310_420/pictures/18/08/01/10/27/5847243.jpg,19 septembre 2018,en salle,Drame,Tout public,"Tom a 15 ans. Elle habite clandestinement avec son père dans la forêt qui borde Portland, Oregon. Limitant au maximum leurs contacts avec le monde moderne, ils forment une famille atypique et fusionnelle.,Expulsés soudainement de leur refuge, les deux solitaires se voient offrir un toit, une scolarité et un travail. Alors que son père éprouve des difficultés à s'adapter, Tom découvre avec curiosité cette nouvelle vie.,Le temps est-il venu pour elle de choisir entre l’amour filial et ce monde qui l'appelle ?,",Debra Granik,"Debra Granik,Anne Rosellini","Thomasin McKenzie,Ben Foster,Jeff Kober","3,7","4,0",U.S.A.,Condor Distribution,2 nominations,2018,Long métrage,Anglais,62 039 entrées
Cherchez Hortense,https://fr.web.img6.acsta.net/c_310_420/medias/nmedia/18/90/61/90/20104823.jpg,5 septembre 2012,en salle,Comédie,Tout public,"Damien, professeur de civilisation chinoise, vit avec sa femme, Iva, metteur en scène de théâtre, et leur fils Noé. Leur histoire d’amour s’est enlisée dans une routine empreinte de lassitude. Pour éviter à une certaine Zorica d’être expulsée, Damien se trouve un jour piégé par Iva, qui le somme de demander l’aide de son père, conseiller d’État, avec lequel il entretient une relation plus que distante. Cette mission hasardeuse plonge Damien dans une spirale qui va bouleverser sa vie…",Pascal Bonitzer,"Pascal Bonitzer,Agnès De Sacy","Jean-Pierre Bacri,Kristin Scott Thomas,Isabelle Carré","3,5","2,9",France,Le Pacte,3 nominations,2012,Long métrage,Français,508 652 entrées
Numéro Une,https://fr.web.img5.acsta.net/c_310_420/pictures/17/08/25/14/23/016113.jpg,11 octobre 2017,en salle,Comédie dramatique,Tout public,"Emmanuelle Blachey est une ingénieure brillante et volontaire, qui a gravi les échelons de son entreprise, le géant français de l'énergie, jusqu'au comité exécutif. Un jour, un réseau de femmes d'influence lui propose de l'aider à prendre la tête d'une entreprise du CAC 40. Elle serait la première femme à occuper une telle fonction. Mais dans des sphères encore largement dominées par les hommes, les obstacles d'ordre professionnel et intime se multiplient. La conquête s'annonçait exaltante, mais c'est d'une guerre qu'il s'agit.",Tonie Marshall,"Tonie Marshall,Marion Doussot","Emmanuelle Devos,Suzanne Clément,Richard Berry","3,3","3,2",France,Pyramide Distribution,2 nominations,2016,Long métrage,Français,183 218 entrées
Nous York,https://fr.web.img5.acsta.net/c_310_420/medias/nmedia/18/88/95/95/20225676.jpg,7 novembre 2012,en salle,Comédie,Tout public,"Michaël, Nabil et Sylvain, trois trentenaires de Nanterre, débarquent à New York par surprise à l'occasion de l’anniversaire de Samia, leur amie d'enfance. C'est Gabrielle, elle aussi une amie de toujours qui a tout organisé. Les deux copines ont quitté leur cité depuis deux ans pour tenter leurs chances aux États-Unis. Samia est l'assistante personnelle d'une célèbre comédienne avec qui elle partage un sublime appartement. Gabrielle, quant à elle, travaille dans une maison de retraite où elle a lié une relation tendre avec Mme Hazan, une Française placée ici par ses enfants.,Transposés à New York, les liens étroits tissés depuis toujours prennent un relief particulier, au rythme des péripéties de leur séjour, du quotidien new-yorkais des deux amies et de la découverte de la ville culte...","Géraldine Nakache,Hervé Mimran",Isabelle Querrioux,"Leïla Bekhti,Géraldine Nakache,Manu Payet","2,3","1,6",France,Pathé Films,3 nominations,2011,Long métrage,"Anglais, Français",614 302 entrées
Maryline,https://fr.web.img6.acsta.net/c_310_420/pictures/17/10/06/16/25/0276215.jpg,15 novembre 2017,en salle,Drame,Tout public,"Maryline a grandi dans un petit village. Ses parents ne recevaient jamais personne et vivaient les volets clos. À 20 ans, elle ""monte à Paris"" pour devenir comédienne. Mais, elle n'a pas les mots pour se défendre. Elle est confrontée à tout ce que ce métier et le monde peuvent avoir d'humiliant mais aussi de bienveillant. C'est l'histoire d'une femme, d'une femme modeste, d'une blessure.",Guillaume Gallienne,Guillaume Gallienne,"Adeline D'Hermy,Vanessa Paradis,Alice Pol","3,0","2,2",France,Gaumont Distribution,1 nomination,2017,Long métrage,Français,148 900 entrées
Mineurs 27,https://fr.web.img2.acsta.net/c_310_420/medias/nmedia/18/85/00/69/19797985.jpg,21 septembre 2011,en salle,"Policier,Thriller",Tout public,"Vincent Descharnes est un flic de province à l'allure ordinaire. Il y a dix ans, il a enterré une sale affaire pour sauver sa peau. Wilson et Stan ont en commun leur passion pour Déborah mais aussi un lourd secret. Il y a dix ans, ils ont subi un traumatisme dont aucun enfant ne peut se remettre. Wilson veut oublier. Stan veut parler, sans savoir qu'il met alors en marche une terrible machination…",Tristan Aurouet,Dominique Turin,"Jean-Hugues Anglade,Nassim Lyes,Marie-Ange Casta","2,1","1,8",France,Bac Films,1 nomination,2010,Long métrage,Français,6 967 entrées
Lovelace,https://fr.web.img6.acsta.net/c_310_420/pictures/210/580/21058017_20131114172015089.jpg,8 janvier 2014,en salle,"Biopic,Drame",Tout public,"A la fin des années 60, Linda étouffe au sein de sa famille que sa mère, aussi rigide que ses principes religieux, dirige d’une main de fer. C’est une belle fille de 20 ans, prête à embrasser la vie avec enthousiasme malgré sa timidité et sa naïveté.,Quand elle rencontre Chuck Traynor, elle ne résiste pas à son charisme viril, quitte le domicile familial pour l’épouser et fait auprès de lui l’apprentissage d’une liberté qu’elle soupçonnait à peine.,Chuck la persuade de ses multiples talents et l’incite à se laisser filmer lors de leurs ébats. Amoureuse et soumise, elle accepte de jouer quelques scènes d’un film pornographique.,Quelques mois plus tard, en juin 1972, la sortie sur les écrans de GORGE PROFONDE fait d’elle du jour au lendemain une star unique.,Vivement encouragée par Chuck, Linda saisit à bras-le-corps sa nouvelle identité de reine de la liberté sexuelle.,","Rob Epstein,Jeffrey Friedman",Andy Belling,"Amanda Seyfried,Peter Sarsgaard,Sharon Stone","2,2","2,8",U.S.A.,Hélios Films,3 nominations,2013,Long métrage,Anglais,4 719 entrées
La Femme De Mon Frère,https://fr.web.img4.acsta.net/c_310_420/pictures/19/06/03/10/33/5487390.jpg,26 juin 2019,en salle,Comédie,Tout public,"Montréal. Sophia, jeune et brillante diplômée sans emploi, vit chez son frère Karim. Leur relation fusionnelle est mise à l’épreuve lorsque Karim, séducteur invétéré, tombe éperdument amoureux d’Éloïse, la gynécologue de Sophia…",Monia Chokri,Monia Chokri,"Anne-Elisabeth Bossé,Patrick Hivon,Sasson Gabay","3,3","2,9",Canada,Memento,1 prix et 2 nominations,2019,Long métrage,Français,151 172 entrées
Notre petite soeur,https://fr.web.img6.acsta.net/c_310_420/pictures/15/05/11/17/20/566337.jpg,28 octobre 2015,en salle,Drame,Tout public,"Trois sœurs, Sachi, Yoshino et Chika, vivent ensemble à Kamakura. Par devoir, elles se rendent à l’enterrement de leur père, qui les avait abandonnées une quinzaine d’années auparavant. Elles font alors la connaissance de leur demi-sœur, Suzu, âgée de 14 ans. D’un commun accord, les jeunes femmes décident d’accueillir l’orpheline dans la grande maison familiale…",Hirokazu Kore-eda,Hirokazu Kore-eda,"Haruka Ayase,Masami Nagasawa, Kaho","3,6","4,1",Japon,Le Pacte,1 nomination,2014,Long métrage,Japonais,155 848 entrées
Rocks,https://fr.web.img2.acsta.net/c_310_420/pictures/20/07/28/10/54/2928844.jpg,9 septembre 2020,en salle,Drame,Tout public,"Shola, 15 ans, et son petit frère Emmanuel habitent à Londres, dans un quartier défavorisé, Du jour au lendemain, ils se retrouvent livrés à eux-mêmes quand la mère des enfants, renvoyée de son travail, décide de les abandonner. Grâce à l'aide de ses amies, Shola parvient à joindre les deux bouts et à s'occuper du petit. Sumaya lui conseille d'affronter tous ses problèmes au jour le jour. Mais Shola craint par dessus tout que les services sociaux ne découvrent la vérité. Ses pires craintes se réalisent un jour, quand on sonne à la porte. Si le scénario fait bien sûr penser à ""Nobody Knows"", de Hirokazu Kore-eda, la réalisatrice Sarah Gavron signe avec ""Rocks"" un grand film social, dans la tradition britannique.",Sarah Gavron,"Claire Wilson,Theresa Ikoko","Bukky Bakray,Kosar Ali,D'angelou Osei Kissiedu","3,5","2,5",Grande-Bretagne,Haut et Court,1 prix et 7 nominations,2019,Long métrage,Anglais,27 284 entrées
Rodin,https://fr.web.img2.acsta.net/c_310_420/pictures/17/04/14/14/10/296563.jpg,24 mai 2017,en salle,Drame,Tout public,"À Paris, en 1880, Auguste Rodin reçoit enfin à 40 ans sa première commande de l’Etat : ce sera La Porte de L’Enfer composée de figurines dont certaines feront sa gloire comme le Baiser et le Penseur. Il partage sa vie avec Rose, sa compagne de toujours, lorsqu’il rencontre la jeune Camille Claudel, son élève la plus douée qui devient vite son assistante, puis sa maîtresse. Dix ans de passion, mais également dix ans d’admiration commune et de complicité. Après leur rupture, Rodin poursuit son travail avec acharnement. Il fait face et au refus et à l’enthousiasme que la sensualité de sa sculpture provoque et signe avec son Balzac, rejeté de son vivant, le point de départ incontesté de la sculpture moderne.,À 60 ans, enfin reconnu, il devient le sculpteur le plus célèbre avec Michel-Ange.,",Jacques Doillon,Jacques Doillon,"Vincent Lindon,Izïa Higelin,Séverine Caneele","3,7","2,0",France,Wild Bunch Distribution,1 nomination,2017,Long métrage,Français,301 328 entrées
"A perfect day, un jour comme un autre",https://fr.web.img6.acsta.net/c_310_420/pictures/16/02/02/17/59/073244.jpg,16 mars 2016,en salle,Drame,Tout public,"Un groupe d’humanitaires est en mission dans une zone en guerre : Sophie, nouvelle recrue, veut absolument aider ; Mambru, désabusé, veut juste rentrer chez lui ; Katya, voulait Mambru ; Damir veut que le conflit se termine ; et B ne sait pas ce qu'il veut.",Fernando León de Aranoa,"Fernando León de Aranoa,Diego Farias","Benicio Del Toro,Tim Robbins,Mélanie Thierry","3,4","3,8",Espagne,UGC Distribution,1 prix et 1 nomination,2015,Long métrage,"Anglais, Portugais, Espagnol",68 923 entrées
Si Beale Street pouvait parler,https://fr.web.img6.acsta.net/c_310_420/pictures/19/01/25/16/31/3578765.jpg,30 janvier 2019,en salle,Drame,Tout public,"Harlem, dans les années 70. Tish et Fonny s'aiment depuis toujours et envisagent de se marier. Alors qu'ils s'apprêtent à avoir un enfant, le jeune homme, victime d'une erreur judiciaire, est arrêté et incarcéré. Avec l'aide de sa famille, Tish s'engage dans un combat acharné pour prouver l'innocence de Fonny et le faire libérer…",Barry Jenkins,Barry Jenkins,"KiKi Layne,Stephan James,Regina King","3,7","3,3",U.S.A.,Mars Films,2 prix et 8 nominations,2018,Long métrage,Anglais,110 991 entrées
The Birth of a Nation,https://fr.web.img6.acsta.net/c_310_420/pictures/16/11/04/21/16/565931.jpg,11 janvier 2017,en salle,"Biopic,Drame,Historique",Interdit - 12 ans,"Trente ans avant la guerre de Sécession, Nat Turner est un esclave cultivé et un prédicateur très écouté.,Son propriétaire, Samuel Turner, qui connaît des difficultés financières, accepte une offre visant à utiliser les talents de prêcheur de Nat pour assujettir des esclaves indisciplinés. Après avoir été témoin des atrocités commises à l’encontre de ses camarades opprimés, et en avoir lui-même souffert avec son épouse, Nat conçoit un plan qui peut conduire son peuple vers la liberté…",Nate Parker,Nate Parker,"Nate Parker,Armie Hammer,Mark Boone Junior","2,7","3,6",U.S.A.,Twentieth Century Fox France,1 prix et 1 nomination,2016,Long métrage,Anglais,94 088 entrées
Arbitrage,https://fr.web.img6.acsta.net/c_310_420/medias/nmedia/18/86/82/67/20292576.jpg,12 décembre 2012,en salle,"Drame,Thriller",Tout public,"Robert Miller est l’un des magnats les plus puissants de la finance new-yorkaise. Fort d’une réussite exemplaire, entouré de sa femme, Ellen, et de ses enfants – dont sa brillante fille, Brooke –, il incarne à lui seul le rêve américain. Pourtant, au-delà des apparences flamboyantes, Miller est piégé. Il doit à tout prix vendre son empire à une grande banque avant que l’on ne découvre l’ampleur de ses fraudes. La liaison qu’il entretient avec Julie, une jeune marchande d’art française, complique aussi sa vie privée… Alors qu’il est à deux doigts de conclure la transaction espérée, une erreur de trop va le mêler à une affaire criminelle. Pris à la gorge, cerné de toutes parts, Robert Miller va tout risquer pour sauver ce qui compte le plus pour lui. Encore doit-il choisir ce que c’est vraiment, et il ne pourra le découvrir qu’en affrontant les véritables limites de sa moralité.",Nicholas Jarecki,Nicholas Jarecki,"Richard Gere,Susan Sarandon,Tim Roth","3,2","2,7",U.S.A.,Metropolitan FilmExport,4 nominations,2012,Long métrage,Anglais,125 387 entrées
Tous les soleils,https://fr.web.img3.acsta.net/c_310_420/medias/nmedia/18/82/78/87/19670528.jpg,30 mars 2011,en salle,Comédie,Tout public,"Alessandro est un professeur italien de musique baroque qui vit à Strasbourg avec Irina, sa fille de 15 ans, en pleine crise, et son frère Crampone, un gentil fou anarchiste qui ne cesse de demander le statut de réfugié politique depuis que Berlusconi est au pouvoir.,Parfois, Alessandro a l'impression d'avoir deux adolescents à élever, alors qu'il ne se rend même pas compte qu'il est lui-même démuni face à l’existence. Voulant être un père modèle, il en a oublié de reconstruire sa vie amoureuse, d'autant plus qu'il est entouré d'une bande de copains dont la fantaisie burlesque l'empêche de se sentir seul.,Mais au moment où sa fille découvre les premiers émois de l’amour, sans qu’il s’y attende, tout va basculer pour Alessandro…",Philippe Claudel,Philippe Claudel,"Stefano Accorsi,Clotilde Courau,Neri Marcorè","2,9","3,6",France,UGC Distribution,1 prix et 2 nominations,2010,Long métrage,"Français, Italien",542 665 entrées
The Party,https://fr.web.img3.acsta.net/c_310_420/pictures/17/07/31/14/10/210018.jpg,13 septembre 2017,en salle,"Comédie,Drame",Tout public,"Janet vient d’être nommée ministre de la santé, l’aboutissement de toute une carrière. Elle réunit avec son époux Bill quelques amis proches. Mais la fête prend un tournant inattendu.",Sally Potter,Sally Potter,"Kristin Scott Thomas,Timothy Spall,Patricia Clarkson","3,0","3,1",Grande-Bretagne,Eurozoom,2 nominations,2017,Long métrage,Anglais,59 457 entrées
Amin,https://fr.web.img5.acsta.net/c_310_420/pictures/18/09/05/16/02/0893722.jpg,3 octobre 2018,en salle,Drame,Tout public,"Amin est venu du Sénégal pour travailler en France, il y a neuf ans. Il a laissé au pays sa femme Aïcha et leurs trois enfants. En France, Amin n’a d’autre vie que son travail, d’autres amis que les hommes qui résident au foyer.,Aïcha ne voit son mari qu’une à deux fois par an, pour une ou deux semaines, parfois un mois. Elle accepte cette situation comme une nécessité de fait : l’argent qu’Amin envoie au Sénégal fait vivre plusieurs personnes.,Un jour, en France, Amin rencontre Gabrielle et une liaison se noue. Au début, Amin est très retenu. Il y a le problème de la langue, de la pudeur. Jusque-là, séparé de sa femme, il menait une vie consacrée au devoir et savait qu’il fallait rester vigilant.",Philippe Faucon,"Philippe Faucon,Yasmina Nini-Faucon","Moustapha Mbengue,Emmanuelle Devos,Marème N'Diaye","3,7","2,8",France,Pyramide Distribution,1 nomination,2016,Long métrage,Français,70 012 entrées
Poetry,https://fr.web.img6.acsta.net/c_310_420/medias/nmedia/18/77/69/98/19482755.jpg,25 août 2010,en salle,Drame,Tout public,"Dans une petite ville de la province du Gyeonggi traversée par le fleuve Han, Mija vit avec son petit-fils, qui est collégien. C’est une femme excentrique, pleine de curiosité, qui aime soigner son apparence, arborant des chapeaux à motifs floraux et des tenues aux couleurs vives. Le hasard l’amène à suivre des cours de poésie à la maison de la culture de son quartier et, pour la première fois dans sa vie, à écrire un poème.,Elle cherche la beauté dans son environnement habituel auquel elle n’a pas prêté une attention particulière jusque-là. Elle a l’impression de découvrir pour la première fois les choses qu’elle a toujours vues, et cela la stimule. Cependant, survient un événement inattendu qui lui fait réaliser que la vie n’est pas aussi belle qu’elle le pensait.",Lee Chang-Dong,Lee Chang-Dong,"Jung-hee Yoon,Kim Hira,Ahn Naesang","4,1","3,8",Corée du Sud,Diaphana Distribution,1 prix et 5 nominations,2010,Long métrage,Coréen,191 941 entrées
La Dernière Piste,https://fr.web.img6.acsta.net/c_310_420/medias/nmedia/18/83/97/75/19730269.jpg,22 juin 2011,en salle,Western,Tout public,"1845, Oregon. Une caravane composée de trois familles engage le trappeur Stephen Meek pour les guider à travers les montagnes des Cascades. Parce qu'il prétend connaître un raccourci, Meek conduit le groupe sur une piste non tracée à travers les hauts plateaux désertiques. Ils se retrouvent perdus dans un désert de pierre.,La faim, la soif et le manque de confiance dans l'instinct de survie de chacun d'entre eux sont autant d'obstacles qui se dressent sur leur chemin.",Kelly Reichardt,Jonathan Raymond,"Michelle Williams,Paul Dano,Bruce Greenwood","4,2","3,0",U.S.A.,Pretty Pictures,1 prix et 2 nominations,2010,Long métrage,Anglais,55 028 entrées
A l'aveugle,https://fr.web.img4.acsta.net/c_310_420/medias/nmedia/18/86/88/87/19996336.jpg,7 mars 2012,en salle,Thriller,Tout public,"Le cadavre mutilé d’une jeune femme est retrouvé à son domicile. Pas d’effraction, pas de témoin : le crime est parfait. L’enquête est confiée au commandant Lassalle, un flic expérimenté et solitaire, détruit par la mort de sa femme. Alors que d’autres meurtres tout aussi sanglants sont perpétrés, Lassalle est intrigué par la personnalité d’un aveugle, Narvik. Mais l’alibi du suspect est plausible et son infirmité le met hors de cause. Un étrange duel, telle une partie d’échecs, s’engage alors entre les deux hommes.",Xavier Palud,Eric Besnard,"Jacques Gamblin,Lambert Wilson,Raphaëlle Agogué","2,4","2,7",France,EuropaCorp Distribution,1 nomination,2011,Long métrage,Français,230 441 entrées
Les Estivants,https://fr.web.img2.acsta.net/c_310_420/pictures/18/12/21/15/39/0328947.jpg,30 janvier 2019,en salle,Comédie dramatique,Tout public,"Une grande et belle propriété sur la Côte d’Azur. Un endroit qui semble hors du temps et protégé du monde. Anna arrive avec sa fille pour quelques jours de vacances. Au milieu de sa famille, de leurs amis, et des employés, Anna doit gérer sa rupture toute fraîche et l’écriture de son prochain film. Derrière les rires, les colères, les secrets, naissent des rapports de dominations, des peurs et des désirs. Chacun se bouche les oreilles aux bruits du monde et doit se débrouiller avec le mystère de sa propre existence.",Valeria Bruni Tedeschi,"Valeria Bruni Tedeschi,Agnès De Sacy","Valeria Bruni Tedeschi,Pierre Arditi,Valeria Golino","3,2","2,3",France,Ad Vitam,1 nomination,2018,Long métrage,Français,123 007 entrées
Belle et Sébastien 3: le dernier chapitre,https://fr.web.img6.acsta.net/c_310_420/pictures/17/12/12/13/22/3128259.jpg,14 février 2018,en salle,"Aventure,Famille",Tout public,"Deux ans ont passé. Sébastien est à l'aube de l'adolescence et Belle est devenue maman de trois adorables chiots. Pierre et Angelina sont sur le point de se marier et rêvent d'une nouvelle vie, ailleurs... Au grand dam de Sébastien qui refuse de quitter sa montagne.,Lorsque Joseph, l'ancien maître de Belle, ressurgit bien décidé à récupérer sa chienne, Sébastien se retrouve face à une terrible menace. Plus que jamais, il va devoir tout mettre en œuvre pour protéger son amie et ses petits...",Clovis Cornillac,"Juliette Sales,Fabien Suarez","Félix Bossuet,Tchéky Karyo,Clovis Cornillac","2,5","3,6",France,Gaumont Distribution,2 nominations,2017,Long métrage,Français,1 650 458 entrées
A la merveille,https://fr.web.img6.acsta.net/c_310_420/medias/nmedia/18/95/44/46/20416283.jpg,6 mars 2013,en salle,"Drame,Romance",Tout public,"Même s’ils se sont connus sur le tard, la passion qu’ont vécue Neil et Marina à la Merveille - Le Mont-Saint-Michel - efface les années perdues. Neil est certain d’avoir trouvé la femme de sa vie. Belle, pleine d’humour, originaire d’Ukraine, Marina est divorcée et mère d’une fillette de 10 ans, Tatiana.,Désormais, le couple est installé dans l’Oklahoma. Leur relation s’est fragilisée : Marina se sent piégée. Dans cette petite communauté américaine, elle cherche conseil auprès d’un autre expatrié, un prêtre catholique nommé Quintana. L’homme a ses propres problèmes : il doute de sa vocation…,Marina décide de retourner en France avec sa fille. Neil se console avec Jane, une ancienne amie à laquelle il s’attache de plus en plus. Lorsqu’il apprend que rien ne va plus pour Marina, il se retrouve écartelé entre les deux femmes de sa vie. Le père Quintana continue à lutter pour retrouver la foi. Face à deux formes d’amour bien différentes, les deux hommes sont confrontés aux mêmes questions.",Terrence Malick,Terrence Malick,"Ben Affleck,Olga Kurylenko,Rachel McAdams","2,8","2,3",U.S.A.,Metropolitan FilmExport,2 nominations,2012,Long métrage,"Anglais, Français, Italien, Espagnol",84 252 entrées
L'Étrange pouvoir de Norman,https://fr.web.img5.acsta.net/c_310_420/medias/nmedia/18/89/45/25/20135954.jpg,22 août 2012,en salle,"Aventure,Animation,Comédie",Tout public,Norman est un petit garçon qui a la capacité de parler aux morts. Celui-ci va devoir sauver sa ville d'une invasion de zombies.,"Sam Fell,Chris Butler",Chris Butler,"Kodi Smit-McPhee,Tucker Albrizzi,Anna Kendrick","3,8","3,7",U.S.A.,Universal Pictures International France,3 nominations,2012,Long métrage,Anglais,285 581 entrées
We Want Sex Equality,https://fr.web.img3.acsta.net/c_310_420/medias/nmedia/18/82/79/20/19637240.jpg,9 mars 2011,en salle,"Comédie,Drame,Historique",Tout public,"Au printemps 68 en Angleterre, une ouvrière découvre que, dans son usine, les hommes sont mieux payés que les femmes. En se battant pour elle et ses copines, elle va tout simplement changer le monde...",Nigel Cole,William Ivory,"Sally Hawkins,Bob Hoskins,Rosamund Pike","3,7","3,8",Grande-Bretagne,ARP Sélection,1 prix et 3 nominations,2010,Long métrage,Anglais,231 764 entrées
La Marche,https://fr.web.img4.acsta.net/c_310_420/pictures/210/537/21053769_20131029173428428.jpg,27 novembre 2013,en salle,Drame,Tout public,"En 1983, dans une France en proie à l’intolérance et aux actes de violence raciale, trois jeunes adolescents et le curé des Minguettes lancent une grande Marche pacifique pour l’égalité et contre le racisme, de plus de 1000 km entre Marseille et Paris. Malgré les difficultés et les résistances rencontrées, leur mouvement va faire naître un véritable élan d’espoir à la manière de Gandhi et Martin Luther King.,Ils uniront à leur arrivée plus de 100 000 personnes venues de tous horizons, et donneront à la France son nouveau visage.,",Nabil Ben Yadir,"Nabil Ben Yadir,Nadia Lakhdar","Olivier Gourmet,Tewfik Jallab,Vincent Rottiers","3,4","2,6",France,EuropaCorp Distribution,2 prix et 7 nominations,2013,Long métrage,Français,177 245 entrées
La Cité Rose,https://fr.web.img6.acsta.net/c_310_420/medias/nmedia/18/96/07/93/20448560.jpg,27 mars 2013,en salle,Comédie dramatique,Tout public,"""Mitraillette"" a 12 ans. Il vit à la Cité Rose, sa cité qu'il ne quitterait pour rien au monde. Son univers, c’est sa famille : Isma, son cousin de 16 ans, qui admire Narcisse, le caïd du quartier et prend un mauvais chemin. Son grand frère, Djibril, 22 ans, étudiant à La Sorbonne et qui rêve de devenir avocat. Mitraillette, lui, aimerait juste sortir avec Océane, la plus belle fille du collège... Leurs destins sont liés, au sein d'un quartier, au cœur de ses tours où les rêves, parfois, se payent cash.",Julien Abraham,"Zackarya DK,Jimmy Laporal-Tresor","Azize Diabate Abdoulaye,Idrissa Diabaté,Ismael Ouazzani","3,2","3,6",France,UGC Distribution,1 nomination,2011,Long métrage,Français,161 806 entrées
Toutes nos envies,https://fr.web.img6.acsta.net/c_310_420/medias/nmedia/18/84/55/90/19777518.jpg,9 novembre 2011,en salle,Drame,Tout public,"Claire, jeune juge au tribunal de Lyon, rencontre Stéphane, juge chevronné et désenchanté, qu'elle entraîne dans son combat contre le surendettement. Quelque chose naît entre eux, où se mêlent la révolte et les sentiments, et surtout l'urgence de les vivre.",Philippe Lioret,"Philippe Lioret,Emmanuel Courcol","Vincent Lindon,Marie Gillain,Amandine Dewasmes","3,6","3,7",France,Mars Films,2 prix et 11 nominations,2010,Long métrage,Français,354 752 entrées
L'Astragale,https://fr.web.img6.acsta.net/c_310_420/pictures/15/03/02/18/19/056060.jpg,8 avril 2015,en salle,"Drame,Romance",Tout public,"Une nuit d’avril 1957. Albertine, 19 ans, saute du mur de la prison où elle purge une peine pour hold-up. Dans sa chute, elle se brise l’os du pied : l’astragale. Elle est secourue par Julien, repris de justice, qui l’emmène et la cache chez une amie à Paris. Pendant qu’il mène sa vie de malfrat en province, elle réapprend à marcher dans la capitale. Julien est arrêté et emprisonné. Seule et recherchée par la police, elle se prostitue pour survivre et, de planque en planque, de rencontre en rencontre, lutte au prix de toutes les audaces pour sa fragile liberté et pour supporter la douloureuse absence de Julien…",Brigitte Sy,"Brigitte Sy,Serge Le Péron","Leïla Bekhti,Reda Kateb,Esther Garrel","3,4","3,3",France,Alfama Films,1 nomination,2015,Long métrage,Français,55 786 entrées
Joueurs,https://fr.web.img5.acsta.net/c_310_420/pictures/18/05/31/10/50/4030989.jpg,4 juillet 2018,en salle,"Drame,Thriller",Tout public,"Lorsqu'Ella rencontre Abel, sa vie bascule.,Dans le sillage de cet amant insaisissable, la jeune fille va découvrir le Paris cosmopolite et souterrain des cercles de jeux, où adrénaline et argent règnent.,D’abord un pari, leur histoire se transforme en une passion dévorante.",Marie Monge,"Marie Monge,Julien Guetta","Stacy Martin,Tahar Rahim,Karim Leklou","3,4","3,0",France,Bac Films,2 prix et 2 nominations,2017,Long métrage,Français,27 968 entrées
Corniche Kennedy,https://fr.web.img3.acsta.net/c_310_420/pictures/16/12/01/17/11/490483.jpg,18 janvier 2017,en salle,Drame,Tout public,"Corniche Kennedy. Dans le bleu de la Méditerranée, au pied des luxueuses villas, les minots de Marseille défient les lois de la gravité. Marco, Mehdi, Franck, Mélissa, Hamza, Mamaa, Julie : filles et garçons plongent, s'envolent, prennent des risques pour vivre plus fort. Suzanne les dévore des yeux depuis sa villa chic. Leurs corps libres, leurs excès. Elle veut en être. Elle va en être.",Dominique Cabrera,Dominique Cabrera,"Lola Creton,Aïssa Maïga,Moussa Maaskri","3,4","2,7",France,Jour2fête,# prix,2016,Long métrage,Français,43 935 entrées
Colorful,https://fr.web.img4.acsta.net/c_310_420/medias/nmedia/18/84/69/30/19816066.jpg,16 novembre 2011,en salle,"Animation,Drame,Fantastique",Tout public,"Un esprit gagne une deuxième chance de vivre à condition d'apprendre de ses erreurs. Il renait dans le corps de Makoto, un élève de 3ème qui vient de mettre fin à ses jours. L'esprit doit endurer la vie quotidienne de cet adolescent mal dans sa peau. Avançant à tâtons, s'efforçant de ne pas reproduire les fautes de Makoto, il va finalement découvrir une vérité qui va bouleverser son existence.",Keiichi Hara,Miho Maruo,"Kazato Tomizawa,Aoi Miyazaki,Akina Minami","3,6","4,1",Japon,Eurozoom,1 prix et 3 nominations,2010,Long métrage,Japonais,6 650 entrées
Tout nous sépare,https://fr.web.img4.acsta.net/c_310_420/pictures/17/10/23/17/23/0502730.jpg,8 novembre 2017,en salle,"Drame,Thriller",Tout public,Une maison bourgeoise au milieu de nulle part. Une cité à Sète. Une mère et sa fille. Deux amis d’enfance. Une disparition. Un chantage. La confrontation de deux mondes.,Thierry Klifa,"Thierry Klifa,Cédric Anger","Catherine Deneuve,Diane Kruger, Nekfeu","2,8","2,6",France,Mars Films,2 prix et 2 nominations,2016,Long métrage,Français,166 665 entrées
Elle s'appelle Ruby,https://fr.web.img3.acsta.net/c_310_420/medias/nmedia/18/92/31/04/20217764.jpg,3 octobre 2012,en salle,"Comédie,Fantastique,Romance",Tout public,"Calvin est un romancier à succès, qui peine à trouver un second souffle. Encouragé par son psychiatre à écrire sur la fille de ses rêves, Calvin voit son univers bouleversé par l’apparition littérale de Ruby dans sa vie, amoureuse de lui et exactement comme il l’a écrite et imaginée.","Jonathan Dayton,Valerie Faris",Zoe Kazan,"Paul Dano,Zoe Kazan,Chris Messina","2,7","3,8",U.S.A.,Twentieth Century Fox France,3 nominations,2012,Long métrage,"Anglais, Français",56 835 entrées
Boy Erased,https://fr.web.img2.acsta.net/c_310_420/pictures/19/03/14/10/52/2215747.jpg,27 mars 2019,en salle,Drame,Tout public,"L’histoire vraie du coming out de Jared Eamons, le fils d’un pasteur baptiste dans une petite commune rurale des États-Unis où son orientation sexuelle est brutalement dévoilée à ses parents à l’âge de 19 ans. Craignant le rejet de sa famille, de ses amis et de sa communauté religieuse, Jared est poussé à entreprendre une thérapie de conversion (aussi appelée thérapie réparatrice ou thérapie de réorientation sexuelle). Il y entre en conflit avec le thérapeute principal, découvrant et revendiquant progressivement sa réelle identité.,",Joel Edgerton,Joel Edgerton,"Lucas Hedges,Nicole Kidman,Joel Edgerton","2,7","3,6",U.S.A.,Universal Pictures International France,1 prix et 2 nominations,2018,Long métrage,Anglais,60 270 entrées
Joséphine s'arrondit,https://fr.web.img6.acsta.net/c_310_420/pictures/15/12/16/09/11/091367.jpg,10 février 2016,en salle,Comédie,Tout public,"Depuis deux ans, Gilles (homme-parfait-non-fumeur-bon-cuisinier-qui aime-les-chats) et Joséphine (fille-attachiante-bordélique-mais-sympathique) s’aiment. Tout est parfait. Jusqu'à une nouvelle inattendue : ils seront bientôt trois. Ne pas devenir comme sa mère, garder son mec et devenir une adulte responsable, tout un tas d'épreuves que Joséphine va devoir affronter, avec Gilles... à leur manière.",Marilou Berry,Samantha Mazeras,"Marilou Berry,Mehdi Nebbou,Medi Sadoun","3,2","3,2",France,UGC Distribution,1 nomination,2015,Long métrage,Français,881 290 entrées
Compliance,https://fr.web.img6.acsta.net/c_310_420/medias/nmedia/18/91/70/83/20199158.jpg,26 septembre 2012,en salle,"Drame,Judiciaire,Thriller",Interdit - 12 ans,"Lors d’une journée particulièrement chargée, Sandra, gérante d’un fast-food d’une banlieue de l’Ohio reçoit l’appel d’un policier accusant l’une de ses employées d’avoir volé un client. Le croyant sur parole, Sandra place Becky sous surveillance, entrant ainsi dans une situation qui va bientôt tous les dépasser.",Craig Zobel,Craig Zobel,"Dreama Walker,Ann Dowd,Matt Servitto","3,3","2,8",U.S.A.,Pretty Pictures,1 prix et 3 nominations,2012,Long métrage,Anglais,23 194 entrées
Un baiser papillon,https://fr.web.img4.acsta.net/c_310_420/medias/nmedia/18/82/69/47/19709803.jpg,1 juin 2011,en salle,Comédie dramatique,Tout public,"Billie et Louis ont la chance de s'aimer passionnément et d'avoir une famille. Jusqu'au jour où une terrible nouvelle vient faire basculer leur existence et celle de leurs proches. Marie, l'amie de Billie, sa confidente et comédienne reconnue, redouble d'acharnement pour donner la vie tandis qu'Alice son infirmière, combattante pour la liberté, lui maintient que la vie « c'est maintenant et dans l'instant ». C'est un film, sur l'amour, sur l'espoir et sur la certitude que la force de la vie, malgré les plus dures épreuves, reprendra toujours le dessus.",Karine Silla,Karine Silla,"Vincent Perez,Valeria Golino,Elsa Zylberstein","2,2","2,7",France,EuropaCorp Distribution,1 nomination,2010,Long métrage,Français,56 877 entrées
La Princesse de Montpensier,https://fr.web.img3.acsta.net/c_310_420/medias/nmedia/18/77/80/46/19448509.jpg,3 novembre 2010,en salle,"Drame,Historique,Romance",Tout public,"1562, la France est sous le règne de Charles IX, les guerres de religion font rage…,Depuis son plus jeune âge, Marie de Mézières aime Henri, Duc de Guise. Elle est contrainte par son père d’épouser le Prince de Montpensier. Son mari, appelé par Charles IX à rejoindre les princes dans leur guerre contre les protestants, la laisse en compagnie de son précepteur, le Comte de Chabannes, loin du monde, au château de Champigny.,Elle tente en vain d’y oublier sa passion pour Guise, mais devient malgré elle l’enjeu de passions rivales et violentes auxquelles vient aussi se mêler le Duc d’Anjou, futur Henri III.",Bertrand Tavernier,"Bertrand Tavernier,François-Olivier Rousseau","Mélanie Thierry,Lambert Wilson,Grégoire Leprince-Ringuet","3,4","3,1",France,Tamasa Distribution,1 prix et 15 nominations,2010,Long métrage,15/02/2023,740 898 entrées
Week-end,https://fr.web.img2.acsta.net/c_310_420/medias/nmedia/18/88/85/24/20012142.jpg,28 mars 2012,en salle,"Drame,Romance",Tout public,"Un vendredi soir, après une soirée arrosée chez ses amis, Russell décide de sortir dans un club gay. Juste avant la fermeture, il rencontre Glen et finit par rentrer avec lui. Mais ce qu'il avait pensé n'être qu'une aventure d'un soir va finalement se transformer en toute autre chose. Lors de ce week-end rythmé par les excès, les confidences et le sexe, les deux hommes vont peu à peu apprendre à se connaître. Une brève rencontre qui résonnera toute leur vie...",Andrew Haigh,Andrew Haigh,"Tom Cullen (III),Chris New,Jonathan Race","3,3","4,0",Grande-Bretagne,Outplay Films,4 prix et 7 nominations,2012,Long métrage,Anglais,22 907 entrées
Un Petit Boulot,https://fr.web.img3.acsta.net/c_310_420/pictures/16/07/07/15/25/184563.jpg,31 août 2016,en salle,Comédie,Tout public,"Jacques habite une petite ville dont tous les habitants ont été mis sur la paille suite à un licenciement boursier. L'usine a fermé, sa copine est partie et les dettes s’accumulent. Alors quand le bookmaker mafieux du coin, lui propose de tuer sa femme, Jacques accepte volontiers...",Pascal Chaumeil,Michel Blanc,"Romain Duris,Michel Blanc,Alice Belaïdi","3,5","3,6",France,Gaumont Distribution,1 nomination,2015,Long métrage,Français,395 311 entrées
Paperboy,https://fr.web.img2.acsta.net/c_310_420/medias/nmedia/18/92/38/64/20196843.jpg,17 octobre 2012,en salle,"Policier,Drame,Thriller",Interdit - 12 ans,"1969, Lately, Floride. Ward Jansen, reporter au Miami Times, revient dans sa ville natale, accompagné de son partenaire d’écriture Yardley Acheman. Venus à la demande de Charlotte, femme énigmatique qui entretient une correspondance avec des détenus dans le couloir de la mort, ils vont enquêter sur le cas Hillary Van Wetter, un chasseur d’alligators qui risque d’être exécuté sans preuves concluantes. Persuadés de tenir l’article qui relancera leur carrière, ils sillonnent la région, conduits par Jack Jansen, le jeune frère de Ward, livreur du journal local à ses heures perdues. Fasciné par la troublante Charlotte, Jack les emmène de la prison de Moat County jusqu’aux marais, où les secrets se font de plus en plus lourds. L’enquête avance au cœur de cette Floride moite et écrasante, et révèle que parfois, la poursuite de la vérité peut être source de bien des maux…",Lee Daniels,"Peter Dexter,Lee Daniels","Zac Efron,Matthew McConaughey,Nicole Kidman","2,6","2,5",U.S.A.,Metropolitan FilmExport,3 nominations,2012,Long métrage,Anglais,152 462 entrées
Dope,https://fr.web.img6.acsta.net/c_310_420/pictures/15/10/14/14/56/168375.jpg,4 novembre 2015,en salle,"Comédie,Policier,Drame",Tout public,"Malcolm, jeune geek fan de hip-hop des années 90 vit à Inglewood, un quartier chaud de Los Angeles. Avec ses deux amis Diggy et Jibs, ils jonglent entre musique, lycée et entretiens pour entrer à l'université. Une invitation à une soirée underground va entrainer Malcolm dans une aventure qui pourrait bien le faire passer du statut de « geek » à celui de mec cool, un « dope ».",Rick Famuyiwa,Rick Famuyiwa,"Shameik Moore,Tony Revolori,Kiersey Clemons","3,4","3,8",U.S.A.,Happiness Distribution,1 prix et 2 nominations,2015,Long métrage,Anglais,39 449 entrées
Quand on a 17 ans,https://fr.web.img4.acsta.net/c_310_420/pictures/16/02/26/16/30/162923.jpg,30 mars 2016,en salle,Drame,Tout public,"Damien, 17 ans, fils de militaire, vit avec sa mère médecin, pendant que son père est en mission. Au lycée, il est malmené par un garçon, Tom. La violence dont Damien et Tom font preuve l'un envers l'autre va évoluer quand la mère de Damien décide de recueillir Tom sous leur toit.",André Téchiné,"André Téchiné,Céline Sciamma","Sandrine Kiberlain,Kacey Mottet Klein,Corentin Fila","3,9","3,8",France,Wild Bunch Distribution,1 prix et 5 nominations,2016,Long métrage,Français,227 839 entrées
Pop Redemption,https://fr.web.img5.acsta.net/c_310_420/pictures/210/009/21000901_2013042317444331.jpg,5 juin 2013,en salle,Comédie,Tout public,"Chaque été, depuis leur adolescence, les Dead MaKabés se paient ce qu’ils appellent prétentieusement une ""tournée d’été"" - quelques concerts dans des festivals du fin fond de l’Europe.,Mais, pour ces quatre copains, la crise de la trentaine couve et cette semaine de récréation risque bien d’être la dernière.,Difficile de rester fidèle à ses idéaux quand on est membre d’un groupe de black metal…",Martin Le Gall,"Mark Eacersall,Martin Le Gall","Julien Doré,Grégory Gadebois,Jonathan Cohen","2,6","2,9",France,Gaumont Distribution,1 nomination,2012,Long métrage,Français,88 444 entrées
Marie Heurtin,https://fr.web.img5.acsta.net/c_310_420/pictures/14/12/05/17/30/124554.jpg,12 novembre 2014,en salle,"Biopic,Drame",Tout public,"Cette histoire est inspirée de faits réels qui se sont déroulés en France à la fin du 19ème siècle.,Née sourde et aveugle, Marie Heurtin, âgée de 14 ans, est incapable de communiquer avec le reste du monde.,Son père, modeste artisan, ne peut se résoudre à la faire interner dans un asile comme le lui conseille un médecin qui la juge « débile ».,En désespoir de cause, il se rend à l’institut de Larnay, près de Poitiers, où des religieuses prennent en charge des jeunes filles sourdes.,Malgré le scepticisme de la Mère supérieure, une jeune religieuse, Sœur Marguerite, se fait fort de s’occuper du « petit animal sauvage » qu’est Marie et de tout faire pour la sortir de sa nuit...",Jean-Pierre Améris,"Jean-Pierre Améris,Philippe Blasband","Isabelle Carré,Ariana Rivoire,Brigitte Catillon","3,7","4,1",France,Diaphana Distribution,# prix,2014,Long métrage,"Français, Langue des signes",258 852 entrées
Un balcon sur la mer,https://fr.web.img4.acsta.net/c_310_420/medias/nmedia/18/78/33/83/19559921.jpg,15 décembre 2010,en salle,Drame,Tout public,"Dans le sud de la France, Marc, marié et père de famille, mène une vie confortable d'agent immobilier. Au hasard d'une vente, il rencontre une femme au charme envoûtant dont le visage lui est familier. Il pense reconnaître Cathy, l'amour de ses 12 ans dans une Algérie violente, à la fin de la guerre d'indépendance. Après une nuit d'amour, la jeune femme disparaît. Au fil des jours un doute s'empare de Marc : qui est vraiment celle qui prétend s'appeler Cathy ? Une enquête commence.",Nicole Garcia,"Nicole Garcia,Jacques Fieschi","Jean Dujardin,Marie-Josée Croze,Sandrine Kiberlain","3,3","2,6",France,EuropaCorp Distribution,1 prix et 5 nominations,2010,Long métrage,Français,1 041 147 entrées
Night Moves,https://fr.web.img6.acsta.net/c_310_420/pictures/14/03/24/15/31/418492.jpg,23 avril 2014,en salle,"Drame,Thriller",Tout public,"Josh travaille dans une ferme biologique en Oregon. Au contact des activistes qu'il fréquente, ses convictions écologiques se radicalisent. Déterminé à agir, il s'associe à Dena, une jeune militante, et à Harmon, un homme au passé trouble. Ensemble, ils décident d'exécuter l'opération la plus spectaculaire de leur vie...",Kelly Reichardt,"Kelly Reichardt,Jonathan Raymond","Jesse Eisenberg,Dakota Fanning,Peter Sarsgaard","3,7","2,7",U.S.A.,Ad Vitam,1 prix et 1 nomination,2013,Long métrage,Anglais,55 726 entrées
Les Gardiennes,https://fr.web.img4.acsta.net/c_310_420/pictures/17/09/08/10/01/5139614.jpg,6 décembre 2017,en salle,Drame,Tout public,"1915. A la ferme du Paridier, les femmes ont pris la relève des hommes partis au front. Travaillant sans relâche, leur vie est rythmée entre le dur labeur et le retour des hommes en permission. Hortense, la doyenne, engage une jeune fille de l'assistance publique pour les seconder. Francine croit avoir enfin trouvé une famille...",Xavier Beauvois,"Xavier Beauvois,Frédérique Moreau","Nathalie Baye,Laura Smet,Iris Bry","3,5","3,1",France,Pathé Films,7 nominations,2016,Long métrage,Français,489 430 entrées
La Bataille de Solférino,https://fr.web.img4.acsta.net/c_310_420/pictures/23/09/12/18/00/0765819.jpg,18 septembre 2013,en salle,Drame,Tout public,"6 mai 2012, Solférino. Laetitia, journaliste télé, couvre les présidentielles. Mais débarque Vincent, l'ex, pour voir leurs filles. Gamines déchaînées, baby-sitter submergé, amant vaguement incrust, avocat misanthrope, France coupée en deux : c’est dimanche, tout s'emmêle, rien ne va plus !",Justine Triet,Justine Triet,"Laetitia Dosch,Vincent Macaigne,Arthur Harari","3,8","2,9",France,Shellac,2 prix et 2 nominations,2013,Long métrage,04/10/2023,36 594 entrées
SEA FOG - Les Clandestins,https://fr.web.img6.acsta.net/c_310_420/pictures/15/02/25/14/07/504259.jpg,1 avril 2015,en salle,Drame,Tout public,"Capitaine d’un bateau de pêche menacé d’être vendu par son propriétaire, Kang décide de racheter lui-même le navire pour sauvegarder son poste et son équipage. Mais la pêche est insuffisante, et l’argent vient à manquer. En désespoir de cause, il accepte de transporter des clandestins venus de Chine. Lors d’une nuit de tempête, tout va basculer et la traversée se transformer en véritable cauchemar…",Sung Bo Shim," Sung Bo Shim,Bong Joon Ho","Yun-seok Kim,Park Yu-chun,Ye-Ri Han","3,3","3,7",Corée du Sud,The Jokers / Le Pacte,1 nomination,2014,Long métrage,Coréen,10 043 entrées
Les Filles du soleil,https://fr.web.img3.acsta.net/c_310_420/pictures/18/10/17/10/34/1266095.jpg,21 novembre 2018,en salle,Drame,Tout public,"Au Kurdistan, Bahar, commandante du bataillon Les Filles du Soleil, se prépare à libérer sa ville des mains des extrémistes, avec l’espoir de retrouver son fils. Une journaliste française, Mathilde, vient couvrir l’offensive et témoigner de l’histoire de ces guerrières d’exception. Depuis que leur vie a basculé, toutes se battent pour la même cause : la femme, la vie, la liberté.,",Eva Husson,Eva Husson,"Golshifteh Farahani,Emmanuelle Bercot,Zübeyde Bulut","1,9","2,9",France,Wild Bunch Distribution,2 nominations,2018,Long métrage,"ARABIC, Anglais, Français, Kurde",30 884 entrées
Mon chien Stupide,https://fr.web.img3.acsta.net/c_310_420/pictures/19/08/21/13/26/5154289.jpg,30 octobre 2019,en salle,Comédie dramatique,Tout public,"Henri est en pleine crise de la cinquantaine. Les responsables de ses échecs, de son manque de libido et de son mal de dos ? Sa femme et ses quatre enfants, évidemment ! A l’heure où il fait le bilan critique de sa vie, de toutes les femmes qu’il n’aura plus, des voitures qu’il ne conduira pas, un énorme chien mal élevé et obsédé, décide de s’installer dans la maison, pour son plus grand bonheur mais au grand dam du reste de la famille et surtout de Cécile, sa femme dont l’amour indéfectible commence à se fissurer.",Yvan Attal,"Dean Graig,Yvan Attal","Yvan Attal,Charlotte Gainsbourg,Eric Ruf","3,3","3,2",France,StudioCanal,1 nomination,2018,Long métrage,Français,501 205 entrées
Sous le figuier,https://fr.web.img6.acsta.net/c_310_420/medias/nmedia/18/95/74/97/20463710.jpg,20 mars 2013,en salle,"Comédie,Drame",Tout public,"Nathalie, Christophe et Joëlle sont en pleine crise existentielle. Ils vont se retrouver réunis autour de Selma, 95 printemps et gravement malade, pour passer des vacances d’été mémorables au bord de la Moselle où ils comprendront que celle qu’ils pensaient aider à mourir, va les aider à vivre.",Anne-Marie Etienne,Anne-Marie Etienne,"Gisèle Casadesus,Anne Consigny,Jonathan Zaccaï","2,5","2,5",France,Océan Films,2 nominations,2011,Long métrage,Français,191 229 entrées
Ben Is Back,https://fr.web.img3.acsta.net/c_310_420/pictures/18/12/14/12/24/0717440.jpg,16 janvier 2019,en salle,Drame,Tout public,"La veille de Noël, Ben, 19 ans, revient dans sa famille après plusieurs mois d’absence. Sa mère, Holly, l’accueille à bras ouverts tout en redoutant qu’il ne cède une fois de plus à ses addictions. Commence alors une nuit qui va mettre à rude épreuve l’amour inconditionnel de cette mère prête à tout pour protéger son fils.",Peter Hedges,Peter Hedges,"Julia Roberts,Lucas Hedges,Courtney B. Vance","3,1","3,6",U.S.A.,Paramount Pictures France,1 nomination,2018,Long métrage,Anglais,132 013 entrées
Dirty Papy,https://fr.web.img4.acsta.net/c_310_420/pictures/16/01/15/10/05/232092.jpg,3 février 2016,en salle,Comédie,Tout public,"Jason Kelly, avocat un peu coincé, s'apprête à épouser la fille autoritaire de son patron. Autant dire qu'il est désormais bien parti pour devenir associé au sein du cabinet… Mais c'est sans compter sur son grand-père Dick, vieil obsédé sexuel, qui le convainc de l'accompagner en Floride pour quelques jours de vacances. Soudain, Jason voit la perspective de son mariage remise en question. Car son grand-père entend profiter de la vie au maximum et embarquer son petit-fils dans ses aventures rocambolesques. Du coup, entre les soirées arrosées, les bagarres dans les bars et une folle nuit passée au karaoké, Jason découvre des plaisirs de l'existence qu'il ne soupçonnait pas, tandis que Dick s'attache à ce garçon qu'il ne connaissait presque pas…",Dan Mazer,John M. Phillips,"Robert De Niro,Zac Efron,Aubrey Plaza","1,6","2,4",U.S.A.,Metropolitan FilmExport,5 nominations,2016,Long métrage,Anglais,220 927 entrées
La fille du 14 juillet,https://fr.web.img2.acsta.net/c_310_420/medias/nmedia/18/97/57/81/20537269.jpg,5 juin 2013,en salle,Comédie,Tout public,"Hector qui a rencontré Truquette au Louvre le 14 juillet, n’a qu’une préoccupation : séduire cette fille qui l’obsède. Le meilleur moyen c’est encore de foncer l’emmener voir la mer et Pator ne saurait lui donner tort, surtout si elle est accompagnée de sa copine Charlotte…,Flanqués de l’inévitable Bertier, ils empruntent les petites routes de France dont les caisses sont vides. Car c’est la crise ! Il faut remettre la France au boulot et, en plein été, le gouvernement décide d’avancer la rentrée d’un mois.,Un chamboule-tout et quelques liasses de billets plus tard, le groupe se disloque à l’image d’une France coupée en deux, entre juillettistes et aoûtiens jaloux. Mais rouler en sens inverse du travail n’effraie pas le trio restant, bien décidé à retrouver,et à vivre un été débraillé.",Antonin Peretjatko,Antonin Peretjatko,"Vimala Pons,Grégoire Tachnakian,Vincent Macaigne","3,8","3,1",France,Shellac,6 nominations,2013,Long métrage,Français,47 473 entrées
L'Oeuvre sans auteur - Partie 1,https://fr.web.img4.acsta.net/c_310_420/pictures/19/06/14/09/40/5848711.jpg,17 juillet 2019,en salle,"Drame,Thriller",Tout public,"À Dresde en 1937, le tout jeune Kurt Barnet visite, grâce à sa tante Elisabeth, l’exposition sur "" l’art dégénéré "" organisée par le régime nazi. Il découvre alors sa vocation de peintre.,Dix ans plus tard en RDA, étudiant aux Beaux-arts, Kurt peine à s'adapter aux diktats du "" réalisme socialiste "". Tandis qu'il cherche sa voie et tente d’affirmer son style, il tombe amoureux d'Ellie. Mais Kurt ignore que le père de celle-ci, le professeur Seeband, médecin influent, est lié à lui par un terrible passé.,Epris d’amour et de liberté, ils décident de passer à l’Ouest…",Florian Henckel von Donnersmarck,Florian Henckel von Donnersmarck,"Tom Schilling,Sebastian Koch,Paula Beer","2,9","4,2",Allemagne,Diaphana Distribution,4 nominations,2018,Long métrage,Allemand,47 048 entrées
Les Ogres,https://fr.web.img2.acsta.net/c_310_420/pictures/16/02/10/16/28/110649.jpg,16 mars 2016,en salle,Comédie dramatique,Tout public,"Ils vont de ville en ville, un chapiteau sur le dos, leur spectacle en bandoulière.,Dans nos vies ils apportent le rêve et le désordre.,Ce sont des ogres, des géants, ils en ont mangé du théâtre et des kilomètres.,Mais l’arrivée imminente d’un bébé et le retour d’une ancienne amante vont raviver des blessures que l’on croyait oubliées.,Alors que la fête commence !",Léa Fehner,"Léa Fehner,Catherine Paillé","Adèle Haenel,Marc Barbé,Lola Dueñas","3,8","3,6",France,Pyramide Distribution,1 prix et 3 nominations,2014,Long métrage,Français,114 266 entrées
Lost River,https://fr.web.img5.acsta.net/c_310_420/pictures/15/03/02/18/17/242531.jpg,8 avril 2015,en salle,"Drame,Fantastique,Thriller",Tout public,"Dans une ville qui se meurt, Billy, mère célibataire de deux enfants, est entraînée peu à peu dans les bas-fonds d’un monde sombre et macabre, pendant que Bones, son fils aîné, découvre une route secrète menant à une cité engloutie. Billy et son fils devront aller jusqu’au bout pour que leur famille s’en sorte.",Ryan Gosling,Ryan Gosling,"Christina Hendricks,Saoirse Ronan,Matt Smith (XI)","3,3","2,9",U.S.A.,The Jokers / Le Pacte,2 nominations,2014,Long métrage,Anglais,150 817 entrées
On a failli être amies,https://fr.web.img5.acsta.net/c_310_420/pictures/14/05/12/18/02/062595.jpg,25 juin 2014,en salle,Comédie,Tout public,"Marithé travaille dans un centre de formation pour adultes. Sa mission : aider les autres à changer de métier et à trouver leur vocation. Se présente alors Carole, qui vit et travaille dans l’ombre de Sam, son mari, énergique et talentueux chef étoilé. Ce n’est cependant pas tant de métier, dont Carole semble avoir besoin de changer, mais de mari. Marithé se donnera à fond pour aider Carole à se projeter dans une nouvelle vie. Mais quelle est la nature profonde de ce dévouement, quand Marithé ne semble pas insensible au charme de Sam, ni à sa cuisine ?",Anne Le Ny,Anne Le Ny,"Karin Viard,Emmanuelle Devos,Roschdy Zem","3,5","3,2",France,Mars Films,1 nomination,2013,Long métrage,Français,354 284 entrées
Avant que nous disparaissions,https://fr.web.img5.acsta.net/c_310_420/pictures/18/03/14/17/07/0474253.jpg,14 mars 2018,en salle,"Comédie,Drame,Science Fiction",Tout public,"Alors que Narumi et son mari Shinji traversent une mauvaise passe, Shinji disparaît soudainement et revient quelques jours plus tard, complètement transformé. Il semble être devenu un homme différent, tendre et attentionné. Au même moment, une famille est brutalement assassinée et de curieux phénomènes se produisent en ville. Le journaliste Sakurai va mener l’enquête sur cette mystérieuse affaire.",Kiyoshi Kurosawa,"Kiyoshi Kurosawa,Sachiko Tanaka","Masami Nagasawa,Ryuhei Matsuda,Hiroki Hasegawa","3,7","3,1",Japon,Eurozoom,1 nomination,2017,Long métrage,Japonais,12 544 entrées
Après la tempête,https://fr.web.img3.acsta.net/c_310_420/pictures/17/03/23/09/57/242604.jpg,26 avril 2017,en salle,Drame,Tout public,"Malgré un début de carrière d’écrivain prometteur, Ryota accumule les désillusions. Divorcé de Kyoko, il gaspille le peu d’argent que lui rapporte son travail de détective privé en jouant aux courses, jusqu’à ne plus pouvoir payer la pension alimentaire de son fils de 11 ans, Shingo. A présent, Ryota tente de regagner la confiance des siens et de se faire une place dans la vie de son fils. Cela semble bien mal parti jusqu’au jour où un typhon contraint toute la famille à passer une nuit ensemble…",Hirokazu Kore-eda,Hirokazu Kore-eda,"Hiroshi Abe,Yoko Maki,Yoshizawa Taiyo","3,9","3,6",Japon,Le Pacte,2 nominations,2016,Long métrage,Japonais,158 602 entrées
50/50,https://fr.web.img6.acsta.net/c_310_420/medias/nmedia/18/84/69/18/19830639.jpg,16 novembre 2011,en salle,Comédie dramatique,Tout public,"Le quotidien d'Adam, 27 ans, bascule le jour où il est diagnostiqué d'un cancer. Il l'annonce alors à sa petite amie, son meilleur ami et sa mère qui, tous trois, vont réagir différemment à la nouvelle et conduire le jeune homme à s'interroger sur la manière dont il veut vivre cette épreuve.",Jonathan Levine,Will Reiser,"Joseph Gordon-Levitt,Seth Rogen,Anna Kendrick","3,1","3,9",U.S.A.,Metropolitan FilmExport,2 prix et 8 nominations,2010,Long métrage,Anglais,18 249 entrées
Marguerite & Julien,https://fr.web.img3.acsta.net/c_310_420/pictures/15/10/16/11/29/283117.jpg,2 décembre 2015,en salle,"Drame,Romance",Tout public,"Julien et Marguerite de Ravalet, fils et fille du seigneur de Tourlaville, s’aiment d’un amour tendre depuis leur enfance. Mais en grandissant, leur tendresse se mue en passion dévorante. Leur aventure scandalise la société qui les pourchasse. Incapables de résister à leurs sentiments, ils doivent fuir…",Valérie Donzelli,"Jérémie Elkaïm,Valérie Donzelli","Anaïs Demoustier,Jérémie Elkaïm,Frédéric Pierrot","2,7","2,7",France,Wild Bunch Distribution,2 nominations,2015,Long métrage,Français,26 585 entrées
"Et soudain, tout le monde me manque",https://fr.web.img6.acsta.net/c_310_420/medias/nmedia/18/83/40/57/19722961.jpg,20 avril 2011,en salle,"Comédie,Comédie dramatique",Tout public,"La famille, c'est compliqué…,Surtout quand Eli, le père, bientôt 60 ans, attend un enfant de sa nouvelle femme. À l’annonce de la nouvelle, ses deux grandes filles, Dom, qui cherche a adopter, et Justine, qui passe d’un petit ami à un autre sans trop d’état d’âme, sont ébranlées.,Pour se rapprocher de Justine avec qui il n’a jamais pu s’entendre, Eli a la bonne idée de se lier d’amitié avec tous ses ex… A son insu.,Mais lorsque Justine tombe de nouveau amoureuse et qu’Eli s’apprête à tout gâcher, la famille est sur le point d’imploser. Est-ce que tout ce petit monde va parvenir à se réconcilier avant qu’il ne soit trop tard ?",Jennifer Devoldere,Jennifer Devoldere,"Mélanie Laurent,Michel Blanc,Géraldine Nakache","2,4","2,8",France,UGC Distribution,1 nomination,2010,Long métrage,Français,237 717 entrées
L'Atelier,https://fr.web.img6.acsta.net/c_310_420/pictures/17/08/29/17/48/353469.jpg,11 octobre 2017,en salle,Drame,Tout public,"La Ciotat, été 2016. Antoine a accepté de suivre un atelier d’écriture où quelques jeunes en insertion doivent écrire un roman noir avec l’aide d’Olivia, une romancière connue. Le travail d’écriture va faire resurgir le passé ouvrier de la ville, son chantier naval fermé depuis 25 ans, toute une nostalgie qui n'intéresse pas Antoine. Davantage connecté à l'anxiété du monde actuel, il va s’opposer rapidement au groupe et à Olivia, que la violence du jeune homme va alarmer autant que séduire.",Laurent Cantet,"Laurent Cantet,Robin Campillo","Marina Foïs,Matthieu Lucci,Warda Rammach","3,9","3,4",France,Diaphana Distribution,4 nominations,2017,Long métrage,Français,133 713 entrées
Bowling,https://fr.web.img6.acsta.net/c_310_420/medias/nmedia/18/88/96/08/20137041.jpg,18 juillet 2012,en salle,Comédie,Tout public,"L’histoire se passe à Carhaix. En plein coeur de la Bretagne. Un petit hôpital, une maternité paisible. Pas beaucoup d’accouchements. Mathilde, sage-femme, Firmine, puéricultrice, et Louise, propriétaire du Bowling de Carhaix y vivent, heureuses et amies. Catherine, DRH, y est envoyée pour restructurer l’hôpital et surtout fermer à terme la maternité qui perd de l’argent. Quatre femmes dont l’âge, la personnalité, les origines sont différentes et qui vont pourtant former un quatuor fort en humanité et en humour pour défendre cette maternité. La vie, l’amour, l’amitié, la Bretagne et... le bowling !",Marie-Castille Mention-Schaar,"Marie-Castille Mention-Schaar,Jean-Marie Duprez","Catherine Frot,Mathilde Seigner,Firmine Richard","2,3","2,5",France,Pathé Films,1 nomination,2012,Long métrage,Français,478 094 entrées
Gueule d'ange,https://fr.web.img2.acsta.net/c_310_420/pictures/18/04/23/15/38/3973207.jpg,23 mai 2018,en salle,Drame,Tout public,"Une jeune femme vit seule avec sa fille de huit ans. Une nuit, après une rencontre en boîte de nuit, la mère décide de partir, laissant son enfant livrée à elle-même.",Vanessa Filho,Vanessa Filho,"Marion Cotillard,Ayline Aksoy-Etaix,Alban Lenoir","3,0","2,9",France,Mars Films,2 nominations,2018,Long métrage,Français,107 437 entrées
Une famille très moderne,https://fr.web.img6.acsta.net/c_310_420/medias/nmedia/18/78/88/93/19485146.jpg,25 août 2010,en salle,Comédie,Tout public,"Kassie est une new-yorkaise célibataire, intelligente et dynamique. En dépit des avertissements de son meilleur ami, le sympathique mais légèrement névrosé Wally, elle décide qu’il est grand temps d’avoir un enfant – et cela même si aucun père n’est présent à l’horizon car elle a déjà sélectionné le donneur idéal : le charmant Roland. Alors que Kassie organise une grande soirée pour fêter sa future insémination, un Wally complètement ivre, va procéder à un échange de dernière minute qui va mettre à mal l’organisation parfaite de la future maman. Le lendemain, alors qu’il est victime d’une gueule de bois carabinée, Wally a tout oublié. Sept ans plus tard, lorsque Kassie revient à New York avec son fils, Wally va réaliser qu’il y a une troublante ressemblance entre le petit garçon et lui…","Josh Gordon,Will Speck",Allan Loeb,"Jennifer Aniston,Jason Bateman,Jeff Goldblum","1,9","2,3",U.S.A.,Metropolitan FilmExport,1 nomination,2010,Long métrage,Anglais,172 551 entrées
Les tribulations d'une caissière,https://fr.web.img2.acsta.net/c_310_420/medias/nmedia/18/86/40/12/19838816.jpg,14 décembre 2011,en salle,Comédie,Tout public,"La vie n’est pas rose tous les jours pour Solweig, caissière dans un supermarché. Mais elle garde le sourire, malgré les remarques souvent déplaisantes des clients et un chef teigneux. Peut-être grâce au blog qu’elle tient en secret, où elle s’épanche avec humour sur son quotidien difficile…,Un soir, sous la neige, son destin croise celui de Charles. Le jeune homme tombe aussitôt amoureux d’elle, sans se douter qu’ils ne sont pas du même monde.,Mais si un simple blog peut changer le sort de milliers de caissières, n’est-il pas permis de croire aux contes de fées ?",Pierre Rambaldi,Michel Siksik,"Déborah François,Elsa Zylberstein,Nicolas Giraud","2,3","2,1",France,Studio 37 / Rezo Films,1 prix et 2 nominations,2010,Long métrage,Français,87 844 entrées
La BM du Seigneur,https://fr.web.img5.acsta.net/c_310_420/medias/nmedia/18/82/01/15/19627905.jpg,26 janvier 2011,en salle,Drame,Tout public,"Chez les Yéniches, communauté de gens du voyage, le respect des aînés et la ferveur religieuse côtoient indifféremment le vandalisme. Fred Dorkel est l'un d'entre eux : craint et estimé par les siens, il vit du vol de voitures. Une nuit, sa vie bascule : un ange lui apparait. Pour Fred, c'est le signe d'une seconde chance qu'il doit saisir. Il décide de se ranger, mais ce choix va l'opposer à sa famille...",Jean-Charles Hue,Jean-Charles Hue,"Frédéric Dorkel,Angélina Dauber,Joseph Dorkel","3,5","2,8",France,Les Bookmakers / Capricci Films,2 nominations,2010,Long métrage,Français,10 560 entrées
Comme des garçons,https://fr.web.img6.acsta.net/c_310_420/pictures/18/02/13/13/57/0003969.jpg,25 avril 2018,en salle,Comédie,Tout public,"Reims, 1969. Paul Coutard, séducteur invétéré et journaliste sportif au quotidien Le Champenois, décide d’organiser un match de football féminin pour défier son directeur lors de la kermesse annuelle du journal. Sa meilleure ennemie, Emmanuelle Bruno, secrétaire de direction, se retrouve obligée de l’assister. Sans le savoir, ils vont se lancer ensemble dans la création de la première équipe féminine de football de France.",Julien Hallard,"Julien Hallard,Jean-Christophe Bouzy","Max Boublil,Vanessa Guide,Solène Rigot","3,8","3,1",France,Mars Films,2 nominations,2018,Long métrage,Français,87 582 entrées
Le Fils de l'autre,https://fr.web.img4.acsta.net/c_310_420/medias/nmedia/18/87/73/91/20017415.jpg,4 avril 2012,en salle,Drame,Tout public,"Alors qu’il s’apprête à intégrer l’armée israélienne pour effectuer son service militaire, Joseph découvre qu’il n’est pas le fils biologique de ses parents et qu’il a été échangé à la naissance avec Yacine, l’enfant d’une famille palestinienne de Cisjordanie. La vie de ces deux familles est brutalement bouleversée par cette révélation qui les oblige à reconsidérer leurs identités respectives, leurs valeurs et leurs convictions.",Lorraine Levy,"Nathalie Saugeon,Lorraine Levy","Emmanuelle Devos,Pascal Elbé,Jules Sitruk","2,9","3,8",France,Haut et Court,1 nomination,2012,Long métrage,"ARABIC, Anglais, Français, Hébreu",251 239 entrées
Drôles D'oiseaux,https://fr.web.img2.acsta.net/c_310_420/pictures/210/207/21020777_20130718120005932.jpg,14 août 2013,en salle,"Aventure,Animation,Comédie,Famille",Tout public,"Au cœur de l’Afrique, au bord des majestueuses chutes Victoria, se dresse l’étonnante Cité des Oiseaux, Zambezia, perchée sur un baobab géant.,C’est là que se rend Kai, un jeune faucon qui vit isolé avec son père dans la brousse et rêve de connaitre la ville. Débarquant en pleine effervescence des préparatifs de la Fête du printemps, il rencontre entre autres Jed, un oiseau oisif et farceur ainsi que la belle Zoe.,A eux trois, ils vont découvrir que la cité est sous la menace d’une attaque et qu’ils sont les seuls à pouvoir en sauver les habitants.",Wayne Thornley,"Andrew Cook,Anthony Silverston","Jeremy Suarez,Abigail Breslin,Jeff Goldblum","2,9","3,0",Afrique du Sud,Metropolitan FilmExport,1 nomination,2011,Long métrage,Anglais,330 646 entrées
Voir du Pays,https://fr.web.img6.acsta.net/c_310_420/pictures/16/06/14/17/30/162068.jpg,7 septembre 2016,en salle,Drame,Tout public,"Deux jeunes militaires, Aurore et Marine, reviennent d’Afghanistan. Avec leur section, elles vont passer trois jours à Chypre, dans un hôtel cinq étoiles, au milieu des touristes en vacances, pour ce que l’armée appelle un sas de décompression, où on va les aider à « oublier la guerre ». Mais on ne se libère pas de la violence si facilement…","Delphine Coulin,Muriel Coulin","Muriel Coulin,Delphine Coulin"," Soko,Ariane Labed,Ginger Romàn","3,5","2,9",France,Diaphana Distribution,1 prix et 1 nomination,2016,Long métrage,Français,30 377 entrées
Les Femmes du Bus 678,https://fr.web.img5.acsta.net/c_310_420/medias/nmedia/18/89/84/19/20086229.jpg,30 mai 2012,en salle,Drame,Tout public,"Fayza, Seba et Nelly, trois femmes d’aujourd’hui, aux vies totalement différentes, s’unissent pour combattre le machisme impuni qui sévit au Caire dans les rues, dans les bus et dans leurs maisons. Déterminées, elles vont dorénavant humilier ceux qui les humiliaient. Devant l’ampleur du mouvement, l’atypique inspecteur Essam mène l’enquête. Qui sont ces mystérieuses femmes qui ébranlent une société basée sur la suprématie de l’homme ?",Mohamed Diab,Mohamed Diab,"Nahed El Sebaï,Bushra Rozza,Nelly Karim","3,2","3,9",Egypte,Pyramide Distribution,1 prix et 2 nominations,2011,Long métrage,ARABIC,250 689 entrées
L'Angle Mort,https://fr.web.img4.acsta.net/c_310_420/pictures/19/08/28/16/52/3141803.jpg,16 octobre 2019,en salle,"Drame,Fantastique",Tout public,"Depuis son enfance, Dominick Brassan peut se rendre invisible, un don qu'il n'a jamais vraiment exploité. Devenu adulte, il a plus de mal à utiliser cette faculté extraordinaire, dont il n'a jamais touché un mot à Viveka, sa compagne. Il s'éprend d'Elham, une voisine mystérieuse, dont la cécité ne lui laisse pas deviner la particularité de Dominick. Lorsque son pouvoir lui échappe, ce dernier voit sa vie chamboulée, qu'il s'agisse de son travail ou de ses relations amicales ou amoureuses. Sur une idée d'Emmanuel Carrère, le duo de réalisateurs Patrick-Mario Bernard et Pierre Trividic signe un film fantastico-poétique qui multiplie les pistes de réflexion.","Patrick-Mario Bernard,Pierre Trividic","Patrick-Mario Bernard,Pierre Trividic","Jean-Christophe Folly,Isabelle Carré,Golshifteh Farahani","3,4","2,5",France,Rouge Distribution,2 nominations,2019,Long métrage,Français,10 835 entrées
This is not a love story,https://fr.web.img3.acsta.net/c_310_420/pictures/15/07/21/17/05/208022.jpg,18 novembre 2015,en salle,"Comédie,Drame",Tout public,"Greg est un lycéen introverti, adepte de l’autodérision, qui compte bien finir son année de Terminale le plus discrètement possible. Il passe la plupart de son temps avec son seul ami, Earl, à refaire ses propres versions de grands films classiques. Mais sa volonté de passer inaperçu est mise à mal lorsque sa mère le force à revoir Rachel, une ancienne amie de maternelle atteinte de leucémie.",Alfonso Gomez-Rejon,Jesse Andrews,"Thomas Mann (II),Olivia Cooke,RJ Cyler","3,8","4,1",U.S.A.,Twentieth Century Fox France,1 prix et 2 nominations,2015,Long métrage,Anglais,2 421 entrées
Beginners,https://fr.web.img2.acsta.net/c_310_420/medias/nmedia/18/83/45/46/19733147.jpg,15 juin 2011,en salle,Comédie dramatique,Tout public,"Oliver, illustrateur a Los Angeles, collectionne les ex et les déceptions amoureuses. Quand son père, Hal, tire sa révérence après avoir fait son coming-out a 75 ans et rejoint avec entrain la communauté homosexuelle, Oliver se penche sur ses relations familiales et ses échecs sentimentaux. Et il hérite d’un chien philosophe et bavard. La dépression guette. Jusqu’au jour où il rencontre Anna…",Mike Mills,Mike Mills,"Ewan McGregor,Mélanie Laurent,Christopher Plummer","3,5","3,3",U.S.A.,MK2 Diffusion,5 prix et 4 nominations,2010,Long métrage,Anglais,199 559 entrées
Samsam,https://fr.web.img6.acsta.net/c_310_420/pictures/19/12/17/11/40/0160354.jpg,5 février 2020,en salle,"Animation,Famille",Tout public,"SamSam, le plus petit des grands héros, n’a toujours pas découvert son premier super pouvoir, alors qu’à la maison et à l’école, tout le monde en a un ! Devant l’inquiétude de ses parents et les moqueries de ses camarades, il part à la recherche de ce pouvoir caché. Avec l’aide de Méga, la nouvelle élève mystérieuse de son école, Samsam se lance dans cette aventure pleine de monstres cosmiques...",Tanguy De Kermel,"Valérie Magis,Jean Regnaud","Isaac Lobé-Lebel,Lior Chabbat,Jérémy Prévost","3,3","1,8",France,StudioCanal,1 nomination,2019,Long métrage,Français,323 505 entrées
L'Affaire Rachel Singer,https://fr.web.img3.acsta.net/c_310_420/medias/nmedia/18/83/72/60/19704955.jpg,15 juin 2011,en salle,"Drame,Thriller",Tout public,"En 1965, trois jeunes agents du Mossad -Rachel Singer, David Peretz et Stephan Gold- orchestrent la traque et la capture du tristement célèbre ""chirurgien de Birkenau"" dans le but de le transférer en Israël où il sera jugé pour ses crimes passés. Mais le détenu tente de s’enfuir et la mission s’achève avec la mort du criminel nazi dans les rues de Berlin-Est. Les trois agents rentrent en Israël où ils sont accueillis en héros.,30 ans plus tard, Rachel est toujours célébrée dans son pays comme un modèle de dévouement et de courage. Et sa fille publie un livre qui relate toute la mission du trio, de l’identification à l’enlèvement, puis à la séquestration du médecin nazi à l’ombre du Mur de Berlin. Mais bien des choses se sont passées depuis. Rachel et Stephan ont été mariés et ont divorcé. Et David n’est toujours pas en paix avec lui-même ni avec Rachel. Un sentiment de doute et d’incertitude plane sur le trio.,Quand Stephan révèle à Rachel l’existence d’un vieil homme en Ukraine qui prétend être le véritable ""chirurgien de Birkenau"", la possibilité d’une compromission lors de la mission à Berlin-Est et d’un secret qui durerait depuis 30 ans émerge soudain. Rachel reprend le chemin de l’Europe de l’Est. Hantée par ses souvenirs, elle va devoir affronter les traumatismes du passé et enfin s’acquitter de la dette qu’elle a contractée tant d’années auparavant.",John Madden,"Matthew Vaughn,Jane Goldman","Helen Mirren,Sam Worthington,Tom Wilkinson","2,9","3,5",U.S.A.,Universal Pictures International France,1 prix et 1 nomination,2010,Long métrage,"Anglais, Allemand",163 431 entrées
Antiviral,https://fr.web.img5.acsta.net/c_310_420/medias/nmedia/18/90/22/10/20420547.jpg,13 février 2013,en salle,"Science Fiction,Thriller",Interdit - 12 ans,"La communion des fans avec leurs idoles ne connait plus de limites.,Syd March est employé d’une clinique spécialisée dans la vente et l’injection de virus ayant infecté des célébrités. Mais il vend aussi ces échantillons, pour son propre compte, à de puissantes organisations criminelles. Sa méthode pour déjouer les contrôles de la clinique : s’injecter les virus à lui-même...,Mais ce procédé va s’avérer doublement dangereux : porteur du germe mortel ayant contaminé la star Hannah Geist, Syd devient une cible pour les collectionneurs...",Brandon Cronenberg,Brandon Cronenberg,"Caleb Landry Jones,Sarah Gadon,Malcolm McDowell","2,7","2,4",Canada,UFO Distribution,1 prix et 4 nominations,2012,Long métrage,Anglais,13 829 entrées
Elle s'en va,https://fr.web.img2.acsta.net/c_310_420/pictures/210/329/21032927_20130829103737803.jpg,18 septembre 2013,en salle,Comédie dramatique,Tout public,"Bettie, la soixantaine, se voit soudain abandonnée par son amant et en péril financier avec le restaurant familial. Que faire de sa vie ? Elle prend sa voiture, croyant faire le tour du pâté de maison. Ce sera une échappée. Au fil de la route : des rencontres de hasard, un gala d’ex-miss France, le lien renoué avec sa fille, la découverte de son petit-fils, et peut-être l’amour au bout du voyage… Un horizon s’ouvre à elle.",Emmanuelle Bercot,"Emmanuelle Bercot,Jérôme Tonnerre","Catherine Deneuve,Nemo Schiffman,Gérard Garouste","4,1","3,3",France,Wild Bunch Distribution,7 nominations,2013,Long métrage,Français,391 697 entrées
Je fais le mort,https://fr.web.img6.acsta.net/c_310_420/pictures/14/05/22/11/23/155654.jpg,11 décembre 2013,en salle,"Comédie,Policier",Tout public,"A 40 ans, Jean, comédien, est dans le creux de la vague… Il court le cachet sans succès. Au pôle Emploi Spectacle, sa conseillère lui propose un job un peu particulier : prendre la place du mort pour permettre à la justice de reconstituer les scènes de crime.,Son obsession du détail bluffe les enquêteurs et va permettre à Jean de revenir sur le devant de la scène dans une affaire délicate à Megève, hors saison, suite à une série de meurtres…",Jean-Paul Salomé,Jean-Paul Salomé,"François Damiens,Géraldine Nakache,Lucien Jean-Baptiste","2,9","2,7",France,Diaphana Distribution,3 nominations,2013,Long métrage,Français,195 257 entrées
Benvenuti al Sud,https://fr.web.img6.acsta.net/c_310_420/medias/nmedia/18/79/86/49/19539783.jpg,24 novembre 2010,en salle,Comédie,Tout public,"Alberto, directeur d’une agence de la Poste dans une petite commune de la province de Brianza en Lombardie, est prêt à tout, sous la pression de sa femme Silvia, pour obtenir une mutation à Milan. Même à faire semblant d’être handicapé pour passer devant tout le monde. Mais le subterfuge ne fonctionne pas, et pour le punir on le mute dans un petit village de Campanie, dans la région de Naples, ce qui pour un habitant du nord de l’Italie est un vrai cauchemar.,Bourré de préjugés, Alberto part seul vers cette région qu’il se représente infestée de mafieux, d’ordures dans les rues et de “bouseux” fainéants. A sa grande surprise, il découvrira au contraire un endroit plein de charme, des collègues attachants, une population accueillante. Il se fera même un grand ami en la personne de Mattia, le facteur, à qui il donnera un coup de main pour reconquérir le coeur de la belle Maria. Mais il se retrouve face à un nouveau problème : comment le dire à Silvia ?",Luca Miniero,Massimo Gaudioso,"Claudio Bisio,Alessandro Siani,Angela Finocchiaro","1,7","1,8",Italie,Pathé Films,# prix,2010,Long métrage,Italien,23 083 entrées
All about Albert,https://fr.web.img4.acsta.net/c_310_420/pictures/210/530/21053020_20131025171524518.jpg,26 mars 2014,en salle,"Comédie,Romance",Tout public,"Mère divorcée, Eva se passionne pour son métier de masseuse. Très attachée à sa fille, elle redoute le jour – désormais imminent – où celle-ci va quitter la maison pour aller à l’université. A l’occasion d’une soirée, elle rencontre Albert, un homme doux, drôle et attachant qui partage les mêmes appréhensions qu’elle. Tandis qu’ils s’éprennent l’un de l’autre, Eva devient l’amie et confidente de Marianne, une nouvelle cliente, ravissante poète qui semblerait parfaite si seulement elle n’avait pas un énorme défaut : dénigrer sans cesse son ex-mari. Soudain Eva en vient à douter de sa propre relation avec Albert qu’elle fréquente depuis peu.",Nicole Holofcener,Nicole Holofcener,"Julia Louis-Dreyfus,James Gandolfini,Catherine Keener","3,2","3,3",U.S.A.,Twentieth Century Fox France,4 nominations,2013,Long métrage,Anglais,9 834 entrées
Machete Kills,https://fr.web.img4.acsta.net/c_310_420/pictures/210/384/21038411_20130910102740598.jpg,2 octobre 2013,en salle,Action,Interdit - 12 ans,"Le président des Etats-Unis confie une mission suicide à Machete : sauver le pays d'un redoutable chef de cartel mexicain, qui menace d'envoyer un missile nucléaire sur le sol américain... Machete Kills est le 2ème volet des aventures de Machete, après le succès du premier opus (""Machete""), qui a participé au renouveau du genre Grindhouse.",Robert Rodriguez,Kyle Ward,"Danny Trejo,Michelle Rodriguez,Mel Gibson","2,9","2,8",U.S.A.,Wild Bunch Distribution,1 nomination,2013,Long métrage,Anglais,141 166 entrées
Battleship Island,https://fr.web.img3.acsta.net/c_310_420/pictures/18/02/13/10/01/1789382.jpg,14 mars 2018,en salle,"Action,Drame",Interdit - 12 ans,"Pendant la Seconde Guerre mondiale, plusieurs centaines de Coréens sont emmenés de force sur l’île d’Hashima par les forces coloniales japonaises. L’île est un camp de travail où les prisonniers sont envoyés à la mine. Un résistant infiltré sur l’île élabore un plan d’évasion géant, afin sauver le plus grand nombre de prisonniers possible...",Seung-wan Ryoo,Seung-wan Ryoo,"Jung-Min Hwang,So Ji-Sub,Joong-ki Song","3,5","3,7",Corée du Sud,Metropolitan FilmExport,1 nomination,2017,Long métrage,Coréen,2 803 entrées
La Mélodie,https://fr.web.img2.acsta.net/c_310_420/pictures/17/08/10/14/06/500117.jpg,8 novembre 2017,en salle,Drame,Tout public,"A bientôt cinquante ans, Simon est un violoniste émérite et désabusé. Faute de mieux, il échoue dans un collège parisien pour enseigner le violon aux élèves de la classe de 6ème de Farid. Ses méthodes d’enseignement rigides rendent ses débuts laborieux et ne facilitent pas ses rapports avec des élèves difficiles. Arnold est fasciné par le violon, sa gestuelle et ses sons. Une révélation pour cet enfant à la timidité maladive. Peu à peu, au contact du talent brut d'Arnold et de l'énergie joyeuse du reste de la classe, Simon revit et renoue avec les joies de la musique. Aura-t-il assez d’énergie pour surmonter les obstacles et tenir sa promesse d’emmener les enfants jouer à la Philharmonie ?",Rachid Hami,"Rachid Hami,Guy Laurent","Kad Merad,Samir Guesmi,Renély Alfred","2,9","3,1",France,UGC Distribution,1 prix et 1 nomination,2016,Long métrage,Français,102 640 entrées
Charlie Mortdecai,https://fr.web.img3.acsta.net/c_310_420/pictures/15/01/09/18/01/101153.jpg,21 janvier 2015,en salle,"Comédie,Policier",Tout public,"Beaucoup de monde est à la poursuite de Charlie Mortdecai : des Russes fous furieux, les services secrets britanniques très remontés, un terroriste international et même sa somptueuse épouse… Pour se tirer des situations impossibles qui le guettent, l’élégant marchand d’art et escroc occasionnel n’a que son charme. Il va lui en falloir beaucoup s’il veut s’en sortir vivant et être le premier à retrouver le tableau volé qui conduit au trésor caché des nazis…",David Koepp,"Eric Aronson,David Koepp","Johnny Depp,Gwyneth Paltrow,Paul Bettany","2,4","2,2",U.S.A.,Metropolitan FilmExport,3 nominations,2015,Long métrage,Anglais,201 724 entrées
Heartstone - Un été islandais,https://fr.web.img4.acsta.net/c_310_420/pictures/17/12/05/10/13/0048674.jpg,27 décembre 2017,en salle,Drame,Tout public,"Un village isolé de pêcheurs en Islande. Deux adolescents, Thor et Christian, vivent un été mouvementé. Tandis que l’un tente de conquérir le coeur d’une fille, l’autre se découvre éprouver des sentiments pour son meilleur ami. À la fin de l’été, lorsque la nature sauvage reprend ses droits sur l’île, il est temps de quitter le terrain de jeu et de devenir adulte…,",Gudmundur Arnar Gudmundsson,Gudmundur Arnar Gudmundsson,"Baldur Einarsson,Blær Hinriksson,Diljá Valsdóttir","3,3","4,0",Islande,Outplay Films,13 prix et 2 nominations,2016,Long métrage,Islandais,12 093 entrées
Mange tes morts - Tu ne diras point,https://fr.web.img6.acsta.net/c_310_420/pictures/14/07/21/10/48/520713.jpg,17 septembre 2014,en salle,Drame,Tout public,"Jason Dorkel, 18 ans, appartient à la communauté des gens du voyage. Il s’apprête à célébrer son baptême chrétien alors que son demi-frère Fred revient après plusieurs années de prison. Ensemble, accompagnés de leur dernier frère, Mickael, un garçon impulsif et violent, les trois Dorkel partent en virée dans le monde des « gadjos » à la recherche d’une cargaison de cuivre.",Jean-Charles Hue,Jean-Charles Hue,"Jason François,Michaël Dauber,Frédéric Dorkel","4,0","3,0",France,Les Bookmakers / Capricci Films,2 prix et 1 nomination,2014,Long métrage,Français,41 860 entrées
Alex Cross,https://fr.web.img6.acsta.net/c_310_420/medias/nmedia/18/91/54/92/20297043.jpg,19 décembre 2012,en salle,"Action,Policier,Thriller",Interdit - 12 ans,"Inspecteur de police à Detroit, Alex Cross fait équipe avec son ami de toujours, Tommy Kane, et l’inspectrice Monica Ashe pour élucider une affaire de meurtres en série. Le tueur, surnommé Picasso, cherche à s’en prendre à un puissant industriel de la ville, Gilles Mercier. Mais dans cette affaire, les évidences cachent parfois des pièges et rien n’est vraiment ce qu’il paraît. Alors que Cross emploie toute son expertise psychologique à anticiper les actes du tueur, il doit aussi lutter contre les pulsions que Picasso a fait surgir en lui…",Rob Cohen,"Mark Moss,Kerry Williamson","Tyler Perry,Edward Burns,Matthew Fox","1,3","1,8",U.S.A.,Metropolitan FilmExport,1 nomination,2012,Long métrage,Anglais,112 495 entrées
Luna,https://fr.web.img6.acsta.net/c_310_420/pictures/18/03/09/15/39/5058298.jpg,11 avril 2018,en salle,Comédie dramatique,Tout public,"Luna vit près de Montpellier et travaille dans une exploitation maraîchère. Elle est belle, drôle, elle dévore la vie. Elle serait prête à tout pour garder l’amour de Ruben. Au cours d’une soirée trop arrosée avec ses amis, ils agressent un jeune inconnu. Quelques semaines plus tard, celui-ci réapparait dans la vie de Luna. Elle va devoir faire des choix.",Elsa Diringer,"Elsa Diringer,Claude Mouriéras","Laëtitia Clément,Rod Paradot,Lyna Khoudri","3,5","3,8",France,Pyramide Distribution,4 prix et 5 nominations,2017,Long métrage,Français,33 791 entrées
Cet été-là,https://fr.web.img2.acsta.net/c_310_420/pictures/210/419/21041941_20130920105737999.jpg,27 novembre 2013,en salle,Comédie dramatique,Tout public,"Pour Duncan, jeune garçon renfermé et mal dans sa peau, l’été ne s’annonçait pas terrible, coincé entre sa mère, Pam, le compagnon très autoritaire de celle-ci, Trent, et sa fille Steph. Mais heureusement, il y a aussi Owen, le directeur du parc de loisirs Water Wizz. Grâce à son amitié pleine de surprises et de spontanéité, Duncan va peu à peu s’ouvrir aux autres. Cet été-là, Duncan ne l’oubliera jamais…","Nat Faxon,Jim Rash","Nat Faxon,Jim Rash","Liam James,Steve Carell,Toni Collette","3,1","3,6",U.S.A.,Twentieth Century Fox France,1 nomination,2013,Long métrage,Anglais,486 entrées
